Shop Name,Software,SID,CID,WSID,WCID,MBdayMo,TBdayMo,First,Last,Address,Address2,City,St,Zip
B&L Whitehouse Auto Service,PRO,2bb37cdd6a1f40e893f27ee1cc7edb0a,0fb6b043-9bf8-46a4-b1fc-2286b1d4149d,1013,103,3,,Stephanie,Spencer,7826 BERKEY SOUTHERN RD,,WHITEHOUSE,OH,43571-9739
B&L Whitehouse Auto Service,PRO,2bb37cdd6a1f40e893f27ee1cc7edb0a,57a1789a-5853-4bc3-a956-cab22826c507,1013,103,3,,Megan,Krego,7260 CRABAPPLE CV,,WHITEHOUSE,OH,43571-9838
B&L Whitehouse Auto Service,PRO,2bb37cdd6a1f40e893f27ee1cc7edb0a,17b4b7a8-54fd-4c9c-b80a-cf41676431ae,1013,103,3,,Jenna,Herman,6830 MAUMEE WESTERN RD,,MAUMEE,OH,43537-9711
B&L Whitehouse Auto Service,PRO,2bb37cdd6a1f40e893f27ee1cc7edb0a,f8749474-2e41-47fa-9665-f5cf3e8bbaca,1013,103,3,,Justyn,Bobinski,384 S RIVER RD,,WATERVILLE,OH,43566-1523
B&L Whitehouse Auto Service,PRO,2bb37cdd6a1f40e893f27ee1cc7edb0a,771e40be-4e8b-475c-b8f2-b93af35d3909,1013,103,3,,Dana,Harris,6539 LENDERSON AVE,,WHITEHOUSE,OH,43571-9639
B&L Whitehouse Auto Service,PRO,2bb37cdd6a1f40e893f27ee1cc7edb0a,f0ae420e-a1c5-4495-bc03-d614cabb4aad,1013,103,3,,Josh,Garza,6650 PROVIDENCE ST,,WHITEHOUSE,OH,43571-9638
B&L Whitehouse Auto Service,PRO,2bb37cdd6a1f40e893f27ee1cc7edb0a,12eb4264-df2c-415c-a925-29ca175164b3,1013,103,3,,Josh,Hartle,109 BENTLEY DR,,PERRYSBURG,OH,43551-1775
B&L Whitehouse Auto Service,PRO,2bb37cdd6a1f40e893f27ee1cc7edb0a,f794cc7d-96e3-4641-8c2c-e37d672dd379,1013,103,3,,Pat,Zalewski,315 WILKSHIRE DR,,WATERVILLE,OH,43566-1250
B&L Whitehouse Auto Service,PRO,2bb37cdd6a1f40e893f27ee1cc7edb0a,f1e85bc7-9adb-45dc-9a3a-e0fc4c165475,1013,103,3,,Lori,King,10629 REED RD,,MONCLOVA,OH,43542-9667
B&L Whitehouse Auto Service,PRO,2bb37cdd6a1f40e893f27ee1cc7edb0a,4b44c5f2-7487-4c74-9f4d-c9e95ed0a189,1013,103,3,,Jim,Windom,4725 WATERVILLE MONCLOVA RD,,MONCLOVA,OH,43542-9771
B&L Whitehouse Auto Service,PRO,2bb37cdd6a1f40e893f27ee1cc7edb0a,1f263f32-ab5c-4362-9278-cbb22ef8cbb3,1013,103,3,,Jason,Pryer,872 OAK KNOLL DR,,PERRYSBURG,OH,43551-2910
B&L Whitehouse Auto Service,PRO,2bb37cdd6a1f40e893f27ee1cc7edb0a,fe14a7c2-52a2-4e73-b8f7-0c5c8502c25d,1013,103,3,,Irma,Burres,9617 HENRY LUCAS RD,,LIBERTY CENTER,OH,43532-9403
B&L Whitehouse Auto Service,PRO,2bb37cdd6a1f40e893f27ee1cc7edb0a,18525891-5e2e-41cb-bab7-18aca9ae63e3,1013,103,3,,Peggy,Ross,120 MOUNT VERNON DR,,WATERVILLE,OH,43566-1442
B&L Whitehouse Auto Service,PRO,2bb37cdd6a1f40e893f27ee1cc7edb0a,8e68cdb0-c086-4f96-b724-23a84f956a52,1013,103,3,,Kym,Campbell,6755 INDIANAPOLIS ST,,WHITEHOUSE,OH,43571-9680
B&L Whitehouse Auto Service,PRO,2bb37cdd6a1f40e893f27ee1cc7edb0a,ddc4d81d-b578-4c1b-bf68-3c5d53b3a330,1013,103,03,,Dorothy,Hiser,5850 WINSLOW RD,,WHITEHOUSE,OH,43571-9188
B&L Whitehouse Auto Service,PRO,2bb37cdd6a1f40e893f27ee1cc7edb0a,11f965e4-7564-44fd-9f07-6af1d36e8761,1013,103,3,,Whitney,Vincent,11143 TEMPERANCE AVE,,WHITEHOUSE,OH,43571-9620
B&L Whitehouse Auto Service,PRO,2bb37cdd6a1f40e893f27ee1cc7edb0a,5af80c4f-f043-46d8-ba78-00f6be622acc,1013,103,3,,Amy,Wolff,6409 SADDLE BRIDGE DR E,,WHITEHOUSE,OH,43571-9307
B&L Whitehouse Auto Service,PRO,2bb37cdd6a1f40e893f27ee1cc7edb0a,ab61fbec-6313-412d-987f-a663a26e628b,1013,103,3,,Tony,Garver,22 MATTATUCK WAY,,WATERVILLE,OH,43566-1130
B&L Whitehouse Auto Service,PRO,2bb37cdd6a1f40e893f27ee1cc7edb0a,8861f623-6d8b-49d7-8f88-9911a53b4285,1013,103,3,,Dean,Reichel,16 1/2 S 3RD ST,,WATERVILLE,OH,43566-1413
B&L Whitehouse Auto Service,PRO,2bb37cdd6a1f40e893f27ee1cc7edb0a,c3d48fb0-a6a7-49fb-8c12-93e2afe2356d,1013,103,3,,Kristine,Kaminski,5605 KEENER RD,,MONCLOVA,OH,43542-9790
B&L Whitehouse Auto Service,PRO,2bb37cdd6a1f40e893f27ee1cc7edb0a,228dfce7-5cd8-48c0-8819-85227a8af231,1013,103,3,,Ryan,Wikstrom,5916 ARROWHEAD DR,,WATERVILLE,OH,43566-9739
B&L Whitehouse Auto Service,PRO,2bb37cdd6a1f40e893f27ee1cc7edb0a,1c24fd6c-ec02-4c32-85f7-46f732f368f9,1013,103,3,,Jeff,Watson,11011 OAK POINTE DR,,WHITEHOUSE,OH,43571-9104
B&L Whitehouse Auto Service,PRO,2bb37cdd6a1f40e893f27ee1cc7edb0a,b3632a7e-97f9-4743-8167-d8d5ae5ca5f5,1013,103,3,,Justin,Swiger,5735 WECKERLY RD,,WHITEHOUSE,OH,43571-9763
B&L Whitehouse Auto Service,PRO,2bb37cdd6a1f40e893f27ee1cc7edb0a,2af47e3b-a236-4725-9052-c3d01edbde11,1013,103,03,,Paula,Brown,7730 JEFFERS RD,,WHITEHOUSE,OH,43571-9822
B&L Whitehouse Auto Service,PRO,2bb37cdd6a1f40e893f27ee1cc7edb0a,f721b228-07ea-40eb-857f-091033ed4de8,1013,103,3,,Stephanie,Phillips,6527 WECKERLY DR,,WHITEHOUSE,OH,43571-9694
B&L Whitehouse Auto Service,PRO,2bb37cdd6a1f40e893f27ee1cc7edb0a,fd3846e4-7a7e-432f-88ac-efc7cdea03e7,1013,103,3,,J.R.,Hernandez,8505 S DIXIE HWY,,RUDOLPH,OH,43462-9722
B&L Whitehouse Auto Service,PRO,2bb37cdd6a1f40e893f27ee1cc7edb0a,b622b24e-4477-4ff9-83e8-c7431d9e1a91,1013,103,03,,Mike,Biclawski,1035 MICHIGAN AVE,,MAUMEE,OH,43537-3046
B&L Whitehouse Auto Service,PRO,2bb37cdd6a1f40e893f27ee1cc7edb0a,5c5d1c6a-6198-4868-81b2-5d4abb8dafce,1013,103,3,,MaryAnn,Ankenbrandt,7905 YAWBERG RD,,WHITEHOUSE,OH,43571-9134
B&L Whitehouse Auto Service,PRO,2bb37cdd6a1f40e893f27ee1cc7edb0a,45875007-85fd-4277-b98e-cc820263cd05,1013,103,3,,Brian,Sroczynski,832 HERITAGE LN,,WATERVILLE,OH,43566-1214
B&L Whitehouse Auto Service,PRO,2bb37cdd6a1f40e893f27ee1cc7edb0a,d5904265-4639-4c3b-9985-3d954c5e46b3,1013,103,3,,Zach,Alvarez,13427 ROACHTON RD APT 8,,PERRYSBURG,OH,43551-1383
B&L Whitehouse Auto Service,PRO,2bb37cdd6a1f40e893f27ee1cc7edb0a,5ee28f73-6b54-490e-9a42-b2ff5a4d280d,1013,103,3,,Terry,Frampton,406 OVERLOOK DR,,WATERVILLE,OH,43566-1519
B&L Whitehouse Auto Service,PRO,2bb37cdd6a1f40e893f27ee1cc7edb0a,359120f6-e6be-4654-80e2-ce98b60f641b,1013,103,3,,Cindy,Puppos,1285 APPLEGATE ST,,WATERVILLE,OH,43566-1022
B&L Whitehouse Auto Service,PRO,2bb37cdd6a1f40e893f27ee1cc7edb0a,14e0fab6-0131-46d0-bca1-5c469e0a25cc,1013,103,03,,Jesse,Ellis,6929 HEATHER COVE PL,,MAUMEE,OH,43537-1062
B&L Whitehouse Auto Service,PRO,2bb37cdd6a1f40e893f27ee1cc7edb0a,867fabc9-a2a2-45fb-84fd-58e7f04bce84,1013,103,3,,George,Albert,10430 AIRPORT HWY LOT 46,,SWANTON,OH,43558-9481
B&L Whitehouse Auto Service,PRO,2bb37cdd6a1f40e893f27ee1cc7edb0a,c50cddfe-421f-4d66-a53f-f51ebddcce10,1013,103,03,,Michael,Troxell,7809 GREENVILLE XING,,WATERVILLE,OH,43566-9460
B&L Whitehouse Auto Service,PRO,2bb37cdd6a1f40e893f27ee1cc7edb0a,a3620a31-3a9b-428a-bc9a-d84c18bfa8ef,1013,103,3,,Brett,Lafaso,7308 JEFFERS RD,,WHITEHOUSE,OH,43571-9826
B&L Whitehouse Auto Service,PRO,2bb37cdd6a1f40e893f27ee1cc7edb0a,8282a1c0-23c5-4a51-852c-7e4729be02d8,1013,103,3,,Rick,Reed,7811 TOURNAMENT DR,,WATERVILLE,OH,43566-8716
B&L Whitehouse Auto Service,PRO,2bb37cdd6a1f40e893f27ee1cc7edb0a,89910134-38cd-4bbc-81e8-53fa0fd0b1f4,1013,103,3,,Tom,Pomeroy,1136 WATERVILLE MONCLOVA RD,,WATERVILLE,OH,43566-1064
B&L Whitehouse Auto Service,PRO,2bb37cdd6a1f40e893f27ee1cc7edb0a,4f000417-8141-4ce6-a7db-141c80d4651d,1013,103,3,,Terry,Rodebaugh,3726 WECKERLY RD,,MONCLOVA,OH,43542-9486
B&L Whitehouse Auto Service,PRO,2bb37cdd6a1f40e893f27ee1cc7edb0a,2c6d2117-63b5-4c62-a0c0-3eb5bd518e1d,1013,103,3,,Wes,Figy,7975 MEADOWVIEW LN,,WATERVILLE,OH,43566-1703
B&L Whitehouse Auto Service,PRO,2bb37cdd6a1f40e893f27ee1cc7edb0a,358f7254-a455-442e-b17c-73e5c118f594,1013,103,3,,Mary,McMillen,20 ZACHARY CIR,,WATERVILLE,OH,43566-1095
B&L Whitehouse Auto Service,PRO,2bb37cdd6a1f40e893f27ee1cc7edb0a,613deba8-5931-470b-9e11-b6b1fa4fec8c,1013,103,3,,David,Deakin,11025 OTSEGO ST APT 3,,WHITEHOUSE,OH,43571-9081
B&L Whitehouse Auto Service,PRO,2bb37cdd6a1f40e893f27ee1cc7edb0a,427184cc-88c1-4106-b8c7-2b6d4526c1b9,1013,103,03,,Janet,Bingham,211 N 2ND ST APT B,,WATERVILLE,OH,43566-2421
B&L Whitehouse Auto Service,PRO,2bb37cdd6a1f40e893f27ee1cc7edb0a,5b65df89-27ac-4bd7-ba23-395070733855,1013,103,3,,Nick,Sargent,439 N RIVER RD,,WATERVILLE,OH,43566-1456
B&L Whitehouse Auto Service,PRO,2bb37cdd6a1f40e893f27ee1cc7edb0a,7e555f69-13d8-47fa-a742-da8cfdb05f52,1013,103,3,,Chad,Born,10835 RAMM RD,,WHITEHOUSE,OH,43571-9384
B&L Whitehouse Auto Service,PRO,2bb37cdd6a1f40e893f27ee1cc7edb0a,81a37240-d08e-4d1a-babf-b506d9ba9081,1013,103,3,,Tom,Dippman,419 S RIVER RD,,WATERVILLE,OH,43566-1528
B&L Whitehouse Auto Service,PRO,2bb37cdd6a1f40e893f27ee1cc7edb0a,bb1d8692-4961-4db0-bb6e-15d073dc86cf,1013,103,3,,Kevin,Miller,3746 WECKERLY RD,,MONCLOVA,OH,43542-9486
B&L Whitehouse Auto Service,PRO,2bb37cdd6a1f40e893f27ee1cc7edb0a,0ba540eb-2cef-4ecd-8cd3-a52dcfcd1f4c,1013,103,3,,Jim,Pease,469 N RIVER RD,,WATERVILLE,OH,43566-1456
B&L Whitehouse Auto Service,PRO,2bb37cdd6a1f40e893f27ee1cc7edb0a,80f76ed8-4566-4b9b-87b8-f60adcc52e96,1013,103,03,,Don,Kenney,9745 DUTCH RD,,WHITEHOUSE,OH,43571-9756
B&L Whitehouse Auto Service,PRO,2bb37cdd6a1f40e893f27ee1cc7edb0a,d8d44288-30bd-4430-a9cc-6b45321ea6c1,1013,103,3,,Barbara,Roden,345 MARTELL DR,,BLOOMFIELD HILLS,MI,48304-3451
B&L Whitehouse Auto Service,PRO,2bb37cdd6a1f40e893f27ee1cc7edb0a,dfc5ae3f-f432-4009-92f4-5c2b4c04b9de,1013,103,3,,Tom,Kemmerley,4337 EBER RD,,MONCLOVA,OH,43542-9712
B&L Whitehouse Auto Service,PRO,2bb37cdd6a1f40e893f27ee1cc7edb0a,d778cdb6-64a0-4a0d-8b01-0612441d87ce,1013,103,3,,Bryon,Mccluer,6821 BERRIDGE RD,,WHITEHOUSE,OH,43571-9343
B&L Whitehouse Auto Service,PRO,2bb37cdd6a1f40e893f27ee1cc7edb0a,9a57dc43-9123-4908-b7a5-e52f3909df1a,1013,103,3,,Peter,Montion,12460 ARCHBOLD WHITEHOUSE RD,,WHITEHOUSE,OH,43571-9137
B&L Whitehouse Auto Service,PRO,2bb37cdd6a1f40e893f27ee1cc7edb0a,8ec75ea3-b021-44d6-9cbd-3a3299205788,1013,103,3,,Noah,Wood,11107 WATERVILLE ST,,WHITEHOUSE,OH,43571-9800
B&L Whitehouse Auto Service,PRO,2bb37cdd6a1f40e893f27ee1cc7edb0a,a282ae54-0e04-40c9-87ea-f4b12d2c71fe,1013,103,3,,Elliot,Metzger,11025 PRESERVE BLVD,,WHITEHOUSE,OH,43571-9836
B&L Whitehouse Auto Service,PRO,2bb37cdd6a1f40e893f27ee1cc7edb0a,20406122-2963-4600-b5f2-fd48c2cf638d,1013,103,3,,Jackie,Kane,817 ROCHE DE BOUEF CT,,WATERVILLE,OH,43566-1235
B&L Whitehouse Auto Service,PRO,2bb37cdd6a1f40e893f27ee1cc7edb0a,ff3c182a-8988-4dd3-a8d2-c6edae21c459,1013,103,3,,Kevin,Brackney,4733 COUNTY ROAD 1,,SWANTON,OH,43558-8841
B&L Whitehouse Auto Service,PRO,2bb37cdd6a1f40e893f27ee1cc7edb0a,87deeefd-aeee-452c-b53f-b315bfe5f172,1013,103,3,,Andrea,Mason,7065 FINZEL RD,,WHITEHOUSE,OH,43571-8711
B&L Whitehouse Auto Service,PRO,2bb37cdd6a1f40e893f27ee1cc7edb0a,46c43817-a13b-4d4d-8c74-e1956b741d38,1013,103,3,,Devin,East,34 N RIVER RD,,WATERVILLE,OH,43566-1448
B&L Whitehouse Auto Service,PRO,2bb37cdd6a1f40e893f27ee1cc7edb0a,79f240ec-0d57-4048-885e-aae66a548586,1013,103,3,,Scott,Peluso,5850 RED LEAF LN,,MONCLOVA,OH,43542-9610
B&L Whitehouse Auto Service,PRO,2bb37cdd6a1f40e893f27ee1cc7edb0a,7b1e8235-9cb3-4d7b-b6f6-e0293e80d095,1013,103,3,,Susan,Breymaier,6805 N RIVER RD,,WATERVILLE,OH,43566-9447
B&L Whitehouse Auto Service,PRO,2bb37cdd6a1f40e893f27ee1cc7edb0a,e2e7070c-569e-465a-9f28-d30c0af80e85,1013,103,3,,Jeff,Bender,PO BOX 2870,,WHITEHOUSE,OH,43571-0870
B&L Whitehouse Auto Service,PRO,2bb37cdd6a1f40e893f27ee1cc7edb0a,9608d633-5101-4042-bcf7-86d5fbca7f5e,1013,103,3,,David,Rahn,5125 EBER RD,,MONCLOVA,OH,43542-9676
B&L Whitehouse Auto Service,PRO,2bb37cdd6a1f40e893f27ee1cc7edb0a,b3541bbf-ebb5-44fc-96e7-edd2d8ed722c,1013,103,03,,Bill,Pizzifred,9440 BUCHER RD,,WHITEHOUSE,OH,43571-9461
B&L Whitehouse Auto Service,PRO,2bb37cdd6a1f40e893f27ee1cc7edb0a,42a41698-ea4f-4a43-8668-b737fd0eb994,1013,103,3,,Cory,Bogner,7117 GREENFIELD DR,,WHITEHOUSE,OH,43571-8205
B&L Whitehouse Auto Service,PRO,2bb37cdd6a1f40e893f27ee1cc7edb0a,da44db10-71ee-4aed-85ef-621b650103dc,1013,103,03,,Sandy,Bunde,PO BOX 2566,,WHITEHOUSE,OH,43571-0566
B&L Whitehouse Auto Service,PRO,2bb37cdd6a1f40e893f27ee1cc7edb0a,a283bb2f-4b2d-4f8d-a77c-b4a66069cbfc,1013,103,3,,Laurie,Sheidler,14205 HITE RD,,SWANTON,OH,43558-9575
B&L Whitehouse Auto Service,PRO,2bb37cdd6a1f40e893f27ee1cc7edb0a,e04b8bdc-0c26-400e-adb3-b43fa91c2f7f,1013,103,3,,Emma,Lowe,4905 WECKERLY RD,,MONCLOVA,OH,43542-9752
B&L Whitehouse Auto Service,PRO,2bb37cdd6a1f40e893f27ee1cc7edb0a,588ab457-9efe-4327-bff3-74a5c0bc341b,1013,103,3,,Ron,Stewart,12039 WATERVILLE SWANTON RD,,WHITEHOUSE,OH,43571-9747
B&L Whitehouse Auto Service,PRO,2bb37cdd6a1f40e893f27ee1cc7edb0a,cd6a141a-3b24-4e01-944b-360aebf4fbd5,1013,103,3,,James,Kasch,6921 HELLER RD APT 7,,WHITEHOUSE,OH,43571-9787
B&L Whitehouse Auto Service,PRO,2bb37cdd6a1f40e893f27ee1cc7edb0a,a4f9b7cb-7670-431e-963f-649632662d2f,1013,103,3,,Bill,Reiter,6003 KIRTLAND LN,,WHITEHOUSE,OH,43571-9106
B&L Whitehouse Auto Service,PRO,2bb37cdd6a1f40e893f27ee1cc7edb0a,8f326b8d-b551-438d-84b4-00debf905f49,1013,103,3,,Joan,Soldenwagner,10121 GROVER DR,,WHITEHOUSE,OH,43571-9659
B&L Whitehouse Auto Service,PRO,2bb37cdd6a1f40e893f27ee1cc7edb0a,f2d049e9-937b-4ea2-919c-cfc4f8b5ab1f,1013,103,3,,Cameron,Beadle,6650 N RIVER RD,,WATERVILLE,OH,43566-9443
B&L Whitehouse Auto Service,PRO,2bb37cdd6a1f40e893f27ee1cc7edb0a,f009619b-b645-4e5f-9745-354fd5d1ec82,1013,103,3,,Janice,McLaughlin,22867 KELLOGG RD,,GRAND RAPIDS,OH,43522-9718
B&L Whitehouse Auto Service,PRO,2bb37cdd6a1f40e893f27ee1cc7edb0a,a62caa46-6b8e-4b6c-b02e-0ded95b57789,1013,103,3,,Tom,Graven,1095 WESTRIDGE DR,,WATERVILLE,OH,43566-1625
B&L Whitehouse Auto Service,PRO,2bb37cdd6a1f40e893f27ee1cc7edb0a,f8909aa0-f3d9-46fa-809f-7331472767f8,1013,103,03,,Don,Duncan,6542 OAKBROOK DR,,WHITEHOUSE,OH,43571-9442
B&L Whitehouse Auto Service,PRO,2bb37cdd6a1f40e893f27ee1cc7edb0a,18be945e-f2c6-446e-b821-ae34cbf6c12e,1013,103,03,,Bob,Heckman,11170 ALSCOTT LN,,WHITEHOUSE,OH,43571-9398
B&L Whitehouse Auto Service,PRO,2bb37cdd6a1f40e893f27ee1cc7edb0a,0cacb96a-1014-4454-8bec-8b7ccb2d8bba,1013,103,3,,Deb,Buck,11610 MONCLOVA RD,,MONCLOVA,OH,43542-9656
B&L Whitehouse Auto Service,PRO,2bb37cdd6a1f40e893f27ee1cc7edb0a,055dd9d3-8f2b-46e0-ae03-70bb009fee09,1013,103,3,,Drew,Hertzfeld,3535 WECKERLY RD,,MONCLOVA,OH,43542-9482
B&L Whitehouse Auto Service,PRO,2bb37cdd6a1f40e893f27ee1cc7edb0a,57314392-a66e-448a-ac70-f318ae03b1a4,1013,103,3,,Jody,Haas,10536 RIVER OAKS DR,,PERRYSBURG,OH,43551-2699
B&L Whitehouse Auto Service,PRO,2bb37cdd6a1f40e893f27ee1cc7edb0a,86663033-c366-4aa8-b34e-bb00742eb818,1013,103,3,,Robert,Schlievert,6604 LONG RD,,WHITEHOUSE,OH,43571-9621
B&L Whitehouse Auto Service,PRO,2bb37cdd6a1f40e893f27ee1cc7edb0a,e6f38151-499b-421d-977f-2c5cb08f4386,1013,103,03,,Julie,Dickey,2660 S HILLSDALE RD,,HILLSDALE,MI,49242-9192
B&L Whitehouse Auto Service,PRO,2bb37cdd6a1f40e893f27ee1cc7edb0a,082f0409-9e31-4303-8f30-2e11c4b54812,1013,103,3,,Elisabeth,Lord,10844 CABLE AVE APT 22,,WHITEHOUSE,OH,43571-9607
B&L Whitehouse Auto Service,PRO,2bb37cdd6a1f40e893f27ee1cc7edb0a,9b286e2e-4f75-46d5-9710-7f39669a3914,1013,103,3,,Fred,Piercy,286 SHELBY CT,,SALINE,MI,48176-8012
B&L Whitehouse Auto Service,PRO,2bb37cdd6a1f40e893f27ee1cc7edb0a,4ae0c418-bae5-4fa7-ae59-bd90409ca809,1013,103,3,,Jeff,Szydlowski,10510 REED RD,,MONCLOVA,OH,43542-9664
B&L Whitehouse Auto Service,PRO,2bb37cdd6a1f40e893f27ee1cc7edb0a,49947adc-6a55-45eb-b529-2a379cabb176,1013,103,3,,Michael,Kass,11611 SAGER RD,,SWANTON,OH,43558-8958
B&L Whitehouse Auto Service,PRO,2bb37cdd6a1f40e893f27ee1cc7edb0a,05a9810e-e637-424e-b140-2fbd21fb0a4a,1013,103,3,,Clifford,McClain,425 ANTHONY WAYNE TRL APT 204,,WATERVILLE,OH,43566-1514
B&L Whitehouse Auto Service,PRO,2bb37cdd6a1f40e893f27ee1cc7edb0a,e7fa1614-a054-4f27-8a9d-12bcfa57d416,1013,103,3,,Robert,Sledge,7025 BERRIDGE RD,,WHITEHOUSE,OH,43571-9345
B&L Whitehouse Auto Service,PRO,2bb37cdd6a1f40e893f27ee1cc7edb0a,a53ec7e4-dcf5-4e93-aaaa-0257247d7dd9,1013,103,3,,Heather,Arquette,343 HICKORY LN,,WATERVILLE,OH,43566-1114
B&L Whitehouse Auto Service,PRO,2bb37cdd6a1f40e893f27ee1cc7edb0a,bbb817be-92ae-4d52-8f81-4be79a51190b,1013,103,3,,Jan,Robie,10116 BLUE CRK N,,WHITEHOUSE,OH,43571-9004
B&L Whitehouse Auto Service,PRO,2bb37cdd6a1f40e893f27ee1cc7edb0a,56908303-69e6-4c45-8809-e824b4535429,1013,103,3,,Alexander,Giest,11001 WILDFLOWER DR,,WHITEHOUSE,OH,43571-9472
B&L Whitehouse Auto Service,PRO,2bb37cdd6a1f40e893f27ee1cc7edb0a,6a5a095a-5d3c-411c-a46a-6cd384af5649,1013,103,03,,Dave,Woodward,12120 ARCHBOLD WHITEHOUSE RD,,WHITEHOUSE,OH,43571-9830
B&L Whitehouse Auto Service,PRO,2bb37cdd6a1f40e893f27ee1cc7edb0a,a14d8939-1a7d-4aa0-9f50-2c94120ed0f7,1013,103,03,,Lee,Wise,11320 DORAN RD,,WHITEHOUSE,OH,43571-9708
B&L Whitehouse Auto Service,PRO,2bb37cdd6a1f40e893f27ee1cc7edb0a,47f64123-656b-4ac4-90e5-9ef3e7083da2,1013,103,3,,Paul,Taylor,11039 OAK POINTE DR,,WHITEHOUSE,OH,43571-9104
B&L Whitehouse Auto Service,PRO,2bb37cdd6a1f40e893f27ee1cc7edb0a,8a3be97b-5265-44d5-8742-df8754c2c36b,1013,103,3,,Lauren,McDaniel,6867 WESTWYCK DR,,WHITEHOUSE,OH,43571-9267
B&L Whitehouse Auto Service,PRO,2bb37cdd6a1f40e893f27ee1cc7edb0a,02bcb0b2-181c-4f40-a1f1-426bfa435168,1013,103,3,,Ed,Lomont,3450 CEDAR CREEK CT,,MAUMEE,OH,43537-9132
B&L Whitehouse Auto Service,PRO,2bb37cdd6a1f40e893f27ee1cc7edb0a,c38034d2-854f-4127-a381-6640e51383c1,1013,103,3,,Rich,Gallagher,PO BOX 193,,WATERVILLE,OH,43566-0193
B&L Whitehouse Auto Service,PRO,2bb37cdd6a1f40e893f27ee1cc7edb0a,4a709086-6bcb-4097-b559-462cb4a330eb,1013,103,03,,Joe,Hunsberger,6225 WHITEHOUSE VALLEY DR,,WHITEHOUSE,OH,43571-9006
B&L Whitehouse Auto Service,PRO,2bb37cdd6a1f40e893f27ee1cc7edb0a,8e81633b-f0cc-4b68-a0ae-3fac61b91db9,1013,103,3,,Craig,Elton,4632 COUNTY ROAD FG,,DELTA,OH,43515-9675
B&L Whitehouse Auto Service,PRO,2bb37cdd6a1f40e893f27ee1cc7edb0a,eea2418b-4f24-4b83-9650-ceceed5128b2,1013,103,3,,Bill,Albert,875 MAPLE LN,,WATERVILLE,OH,43566-1126
B&L Whitehouse Auto Service,PRO,2bb37cdd6a1f40e893f27ee1cc7edb0a,ae18faa7-f73e-419f-a006-3049938e285f,1013,103,03,,Harold,Savage,6016 KATHY DR,,WHITEHOUSE,OH,43571-9658
B&L Whitehouse Auto Service,PRO,2bb37cdd6a1f40e893f27ee1cc7edb0a,6cb60ebf-f8f5-467e-9711-c46e83ed3653,1013,103,03,,Brian,Slagle,6336 WHITEHOUSE VALLEY DR,,WHITEHOUSE,OH,43571-9009
B&L Whitehouse Auto Service,PRO,2bb37cdd6a1f40e893f27ee1cc7edb0a,1aae37b8-45c7-43d2-b007-99887d2f1d8f,1013,103,03,,Megan,Beebe,20500 W STATE ROUTE 65,,GRAND RAPIDS,OH,43522-9810
B&L Whitehouse Auto Service,PRO,2bb37cdd6a1f40e893f27ee1cc7edb0a,6041b775-b1b2-4468-a247-d80be2921df1,1013,103,03,,Kevin,Kalb,10640 THAIS LN,,WHITEHOUSE,OH,43571-9012
B&L Whitehouse Auto Service,PRO,2bb37cdd6a1f40e893f27ee1cc7edb0a,afe1543d-fb23-40a7-94a6-2b04a1051ff2,1013,103,3,,Tom,Kuron,18495 W RIVER RD,,BOWLING GREEN,OH,43402-8668
B&L Whitehouse Auto Service,PRO,2bb37cdd6a1f40e893f27ee1cc7edb0a,2871fe78-1610-4a5f-969f-caf7f138e732,1013,103,03,,Larry,Nickoli,5106 SCENIC CIR,,DELTA,OH,43515-9669
B&L Whitehouse Auto Service,PRO,2bb37cdd6a1f40e893f27ee1cc7edb0a,5bdbd7e4-87d9-4a99-9d5e-de4b801b1f56,1013,103,03,,Nicole,Leuginbihl,7132 GREENFIELD DR,,WHITEHOUSE,OH,43571-8205
B&L Whitehouse Auto Service,PRO,2bb37cdd6a1f40e893f27ee1cc7edb0a,30d000c3-fd39-41c5-8ee1-980b9f63f2ad,1013,103,03,,Kirk,Ridley,11640 WATERVILLE SWANTON RD,,WHITEHOUSE,OH,43571-9356
B&L Whitehouse Auto Service,PRO,2bb37cdd6a1f40e893f27ee1cc7edb0a,5e5e9896-6f87-4b07-a515-706d0a53b950,1013,103,3,,Jeff,Besase,7550 YAWBERG RD,,WHITEHOUSE,OH,43571-9727
B&L Whitehouse Auto Service,PRO,2bb37cdd6a1f40e893f27ee1cc7edb0a,5d60a472-68ce-4811-a44e-40e36aa39675,1013,103,3,,Mona,Snyder,6444 WECKERLY DR,,WHITEHOUSE,OH,43571-9691
B&L Whitehouse Auto Service,PRO,2bb37cdd6a1f40e893f27ee1cc7edb0a,0db8bb4e-d222-41d5-8a67-93dbb1839e7a,1013,103,3,,Rick,Heyman,5956 LYNWOOD CT,,WHITEHOUSE,OH,43571-9524
B&L Whitehouse Auto Service,PRO,2bb37cdd6a1f40e893f27ee1cc7edb0a,9a60eb52-9360-40d8-a9c1-769b0ad61660,1013,103,03,,Ken,Wittes,7322 PROVIDENCE ST,,WHITEHOUSE,OH,43571-9272
B&L Whitehouse Auto Service,PRO,2bb37cdd6a1f40e893f27ee1cc7edb0a,7a394ebf-c759-4ca2-989a-841d6af3b375,1013,103,3,,Justin,Webb,14121 MONCLOVA RD,,SWANTON,OH,43558-9698
B&L Whitehouse Auto Service,PRO,2bb37cdd6a1f40e893f27ee1cc7edb0a,80babd46-dae9-4e57-ab4d-1cc1c733a905,1013,103,03,,Amanda,Kubista,7798 WELLSBURY DR,,WATERVILLE,OH,43566-1702
B&L Whitehouse Auto Service,PRO,2bb37cdd6a1f40e893f27ee1cc7edb0a,380a8678-7cfe-4c38-a708-d58e1508b05b,1013,103,03,,Chelsea,Depompei,7251 YAWBERG RD,,WHITEHOUSE,OH,43571-9410
B&L Whitehouse Auto Service,PRO,2bb37cdd6a1f40e893f27ee1cc7edb0a,9cf33224-7cae-49f5-af51-a65510514476,1013,103,3,,Larry,Barney,10843 LITTLE CREEK DR,,WHITEHOUSE,OH,43571-9516
B&L Whitehouse Auto Service,PRO,2bb37cdd6a1f40e893f27ee1cc7edb0a,adf27150-8271-46cf-a7f5-95aad8789650,1013,103,03,,Brad,Rohr,6425 LENDERSON AVE,,WHITEHOUSE,OH,43571-9225
B&L Whitehouse Auto Service,PRO,2bb37cdd6a1f40e893f27ee1cc7edb0a,2cf134f1-f337-4dd0-b27b-7a9e678ce110,1013,103,03,,Andrew,Nowicki,8720 HELLER RD,,WHITEHOUSE,OH,43571-9444
B&L Whitehouse Auto Service,PRO,2bb37cdd6a1f40e893f27ee1cc7edb0a,16551969-0006-458b-9856-11ac248b67d4,1013,103,03,,Georgia,Ritson,2141 HOLIDAY DR,,SWANTON,OH,43558-9706
B&L Whitehouse Auto Service,PRO,2bb37cdd6a1f40e893f27ee1cc7edb0a,b19fb418-a887-4fb6-ae5a-a71d62016d78,1013,103,3,,Erin,Donley,519 INDEPENDENCE DR,,WATERVILLE,OH,43566-1234
B&L Whitehouse Auto Service,PRO,2bb37cdd6a1f40e893f27ee1cc7edb0a,ad29f240-bc69-402d-86b5-9100a9d198de,1013,103,03,,Keith,Sechler,7350 MONCLOVA RD,,MAUMEE,OH,43537-9350
B&L Whitehouse Auto Service,PRO,2bb37cdd6a1f40e893f27ee1cc7edb0a,d05e94d8-c5d8-4e13-ae7f-0973881556a3,1013,103,3,,Brandon,Stotz,7918 YAWBERG RD,,WHITEHOUSE,OH,43571-9816
B&L Whitehouse Auto Service,PRO,2bb37cdd6a1f40e893f27ee1cc7edb0a,82aa0f12-26d7-47d4-8675-8e13de924b1e,1013,103,03,,Aimee,Fox,11131 WEST ST,,WHITEHOUSE,OH,43571-9628
B&L Whitehouse Auto Service,PRO,2bb37cdd6a1f40e893f27ee1cc7edb0a,4abff3a6-7b7a-4362-8551-fad4f1b3e198,1013,103,03,,Rebecca,Jaessing,7331 CODER RD,,MAUMEE,OH,43537-9756
B&L Whitehouse Auto Service,PRO,2bb37cdd6a1f40e893f27ee1cc7edb0a,b87d02d5-4677-426f-a3ca-47a1ad21b547,1013,103,3,,Tony,Lubinski,865 VILLAGE PKWY,,WATERVILLE,OH,43566-1239
B&L Whitehouse Auto Service,PRO,2bb37cdd6a1f40e893f27ee1cc7edb0a,eee84f75-a970-44ff-941f-a971165bce8d,1013,103,3,,John,Ritz,5544 WHITEHOUSE SPENCER RD,,WHITEHOUSE,OH,43571-9773
B&L Whitehouse Auto Service,PRO,2bb37cdd6a1f40e893f27ee1cc7edb0a,641c5444-7667-4f7f-82da-a7e1c0213f97,1013,103,03,,Judy,Mangold,10155 MONCLOVA RD,,MONCLOVA,OH,43542-9438
B&L Whitehouse Auto Service,PRO,2bb37cdd6a1f40e893f27ee1cc7edb0a,7941728e-06db-49fe-9386-2836bbb829c5,1013,103,03,,Dave,Cichocki,10955 WATERVILLE ST,,WHITEHOUSE,OH,43571-9805
B&L Whitehouse Auto Service,PRO,2bb37cdd6a1f40e893f27ee1cc7edb0a,d7ecdc2e-a191-4630-87f3-a372a341ad35,1013,103,03,,Jeff,Gordon,11025 VILLACOURT LN,,WHITEHOUSE,OH,43571-9844
B&L Whitehouse Auto Service,PRO,2bb37cdd6a1f40e893f27ee1cc7edb0a,eaa3fccd-b566-4bb3-ade5-26f6fb5a6ccd,1013,103,03,,Corbin,Fitzpatrick,7903 ROYAL HAMPTON LN,,WATERVILLE,OH,43566-1719
B&L Whitehouse Auto Service,PRO,2bb37cdd6a1f40e893f27ee1cc7edb0a,6c6c86f6-8543-4436-8821-2dc6c0c04e0b,1013,103,3,,Natalia,Hefko,6521 LENDERSON AVE,,WHITEHOUSE,OH,43571-9639
B&L Whitehouse Auto Service,PRO,2bb37cdd6a1f40e893f27ee1cc7edb0a,722544ff-94d9-40d3-9ecf-289f412c0ed1,1013,103,3,,Amy,Reed,209 N 2ND ST APT B,,WATERVILLE,OH,43566-2423
B&L Whitehouse Auto Service,PRO,2bb37cdd6a1f40e893f27ee1cc7edb0a,7318a423-13ee-4c08-901a-947b57711c8f,1013,103,03,,Greg,Schlechty,4419 BROOKSHIRE CIR,,FORT WAYNE,IN,46835-4436
B&L Whitehouse Auto Service,PRO,2bb37cdd6a1f40e893f27ee1cc7edb0a,359c9d9f-aca1-49ae-b345-75d36b09e62e,1013,103,3,,Jeff,Schwerer,10954 SPRINGBROOK CT,,WHITEHOUSE,OH,43571-9674
B&L Whitehouse Auto Service,PRO,2bb37cdd6a1f40e893f27ee1cc7edb0a,cbf8a285-6851-4c8f-bda2-ad4c3b70b5a4,1013,103,3,,Sandra,Smith,11129 OBEE RD,,WHITEHOUSE,OH,43571-9776
B&L Whitehouse Auto Service,PRO,2bb37cdd6a1f40e893f27ee1cc7edb0a,2d7d872e-35ef-4d35-a2cc-8ac7b639d8a4,1013,103,03,,Betsy,Fausnaugh,6936 BERKEY SOUTHERN RD,,WHITEHOUSE,OH,43571-9741
B&L Whitehouse Auto Service,PRO,2bb37cdd6a1f40e893f27ee1cc7edb0a,5a0845a7-2a1e-4145-b851-14d9f8f5aec8,1013,103,3,,Jeremy,Terwilliger,6327 SYDNEY DR,,WHITEHOUSE,OH,43571-8502
B&L Whitehouse Auto Service,PRO,2bb37cdd6a1f40e893f27ee1cc7edb0a,3e17c915-9129-4417-b993-73573aef2b99,1013,103,03,,Dylan,Knopp,6622 WECKERLY DR,,WHITEHOUSE,OH,43571-9695
B&L Whitehouse Auto Service,PRO,2bb37cdd6a1f40e893f27ee1cc7edb0a,d8a92c70-fe58-4a31-af56-ca5e6030170c,1013,103,03,,Renee,Hires,11143 OAK POINTE DR,,WHITEHOUSE,OH,43571-9104
B&L Whitehouse Auto Service,PRO,2bb37cdd6a1f40e893f27ee1cc7edb0a,47db86b1-c826-4062-b1ed-a852dc167274,1013,103,3,,Anthony,Raimonde,8538 HOSTA LN,,MONCLOVA,OH,43542-9802
B&L Whitehouse Auto Service,PRO,2bb37cdd6a1f40e893f27ee1cc7edb0a,b3344ac4-c1fb-4ef1-b440-7d056633e263,1013,103,03,,Heidi,Baker,7154 S WINNERS CIR,,PERRYSBURG,OH,43551-4596
B&L Whitehouse Auto Service,PRO,2bb37cdd6a1f40e893f27ee1cc7edb0a,8c4bc462-fe83-4751-97a0-e7409ef60fc3,1013,103,3,,Deb,Fisher,7856 MEADOWVIEW LN,,WATERVILLE,OH,43566-1709
B&L Whitehouse Auto Service,PRO,2bb37cdd6a1f40e893f27ee1cc7edb0a,d5b36b62-7357-46be-bfdd-9e16b92389d2,1013,103,3,,Mike,Henderly,11061 OAK POINTE DR,,WHITEHOUSE,OH,43571-9104
B&L Whitehouse Auto Service,PRO,2bb37cdd6a1f40e893f27ee1cc7edb0a,6c5a2ce3-497c-440a-a509-5752ad7c999a,1013,103,3,,Lee,Strickland,10050 RUPP RD,,WHITEHOUSE,OH,43571-9654
B&L Whitehouse Auto Service,PRO,2bb37cdd6a1f40e893f27ee1cc7edb0a,7b162cfb-e5fd-4e4e-bceb-7b864fb740ae,1013,103,03,,Philip,Gallup,1400 SOUTHRIDGE DR,,WATERVILLE,OH,43566-1620
B&L Whitehouse Auto Service,PRO,2bb37cdd6a1f40e893f27ee1cc7edb0a,34130e57-6a7b-4672-a273-42a23d148e51,1013,103,3,,Justin,Brown,2405 CHESHIRE WOODS RD,,TOLEDO,OH,43617-1204
B&L Whitehouse Auto Service,PRO,2bb37cdd6a1f40e893f27ee1cc7edb0a,9a1ecbf7-c1d4-4453-93c2-6b7df878b53b,1013,103,03,,Thomas,Leth,4730 S BERKEY SOUTHERN RD,,SWANTON,OH,43558-9632
B&L Whitehouse Auto Service,PRO,2bb37cdd6a1f40e893f27ee1cc7edb0a,9bf94cb6-94ef-4a2b-a12d-65ddeafea1b7,1013,103,03,,Robert,Tadayesky,825 WATERVILLE MONCLOVA RD,,WATERVILLE,OH,43566-1146
B&L Whitehouse Auto Service,PRO,2bb37cdd6a1f40e893f27ee1cc7edb0a,a97be92e-958e-4943-b49e-781668a6b5de,1013,103,3,,Angie,Collins,9030 S RIVER RD,,WATERVILLE,OH,43566-9516
B&L Whitehouse Auto Service,PRO,2bb37cdd6a1f40e893f27ee1cc7edb0a,d52dbeef-df01-47d0-ae0e-7aecb53556a0,1013,103,03,,Tom,Shadle,8709 SCHADEL RD,,WATERVILLE,OH,43566-9711
B&L Whitehouse Auto Service,PRO,2bb37cdd6a1f40e893f27ee1cc7edb0a,5e9f4ca1-db54-45ae-a7d6-9bbee103e9b2,1013,103,3,,Kelly,Norris,236 SHAWNEE DR,,METAMORA,OH,43540-9761
B&L Whitehouse Auto Service,PRO,2bb37cdd6a1f40e893f27ee1cc7edb0a,ed3ddbd9-1d6b-45d9-b6aa-ec8c00566615,1013,103,3,,Jake,Oleary,6509 FIELD AVE APT K,,WHITEHOUSE,OH,43571-8101
