Shop Name,Software,SID,CID,WSID,WCID,MBdayMo,TBdayMo,First,Last,Address,Address2,City,St,Zip
Toledo Auto Care,PRO,aad3590f79ac44aca4f16dc7cb1afedb,bc75b7c2-ce90-42c0-976a-8f29796c8ed5,1014,103,9,,Justin,Fujka,2366 CHEYENNE BLVD APT 9,,TOLEDO,OH,43614-1719
Toledo Auto Care,PRO,aad3590f79ac44aca4f16dc7cb1afedb,d6edc064-6036-40f9-a73a-5623671ce4fe,1014,103,09,,Tameka,Parcher,3332 ANDERSON PKWY,,TOLEDO,OH,43606-2001
Toledo Auto Care,PRO,aad3590f79ac44aca4f16dc7cb1afedb,c1d928f2-8d02-4bf9-a47d-2140074b0d10,1014,103,9,,Katrina,Edwards,11103 N SHERIDAN RD,,EDMORE,MI,48829-9601
Toledo Auto Care,PRO,aad3590f79ac44aca4f16dc7cb1afedb,ce6a761d-b7ca-450f-b5ed-1ff275aca32c,1014,103,09,,Denna,McCrandall,1333 KENYON DR,,TOLEDO,OH,43614-2948
Toledo Auto Care,PRO,aad3590f79ac44aca4f16dc7cb1afedb,8dedc22e-e3e4-4203-99a0-86cc3b645f00,1014,103,9,,Marvin,Neal,4913 CATALINA DR,,TOLEDO,OH,43615-6115
Toledo Auto Care,PRO,aad3590f79ac44aca4f16dc7cb1afedb,8b7ee105-1703-404c-9a65-e41d7e6af8e3,1014,103,9,,Francisco,Pallitta,530 HARRISON RD,,PERRYSBURG,OH,43551-6317
Toledo Auto Care,PRO,aad3590f79ac44aca4f16dc7cb1afedb,c08a74d3-5f19-4cc2-8498-8fd897a35cb3,1014,103,9,,Kevin,O'Reilly,1727 ORLEANS DR,,TOLEDO,OH,43614-2636
Toledo Auto Care,PRO,aad3590f79ac44aca4f16dc7cb1afedb,9dc3320b-85a0-4940-9151-5b6884ba22c4,1014,103,9,,Patti,Steinbauer,1840 BROWNSTONE BLVD APT A10,,TOLEDO,OH,43614-1334
Toledo Auto Care,PRO,aad3590f79ac44aca4f16dc7cb1afedb,1e04feaf-024b-4936-9927-7262f7c6f5fe,1014,103,09,,Sarah,Jones,1002 WRIGHT AVE,,TOLEDO,OH,43609-3026
Toledo Auto Care,PRO,aad3590f79ac44aca4f16dc7cb1afedb,c2c658ad-0df7-4c70-816f-c183f86b1d5d,1014,103,9,,Glen,Amstutz,10141 OLD STATE LINE RD,,SWANTON,OH,43558-9692
Toledo Auto Care,PRO,aad3590f79ac44aca4f16dc7cb1afedb,7ff8fd2f-66c8-4f66-bebf-006fbbb4b7f8,1014,103,9,,Michael,Johnson,3750 OAK FOREST DR,,TOLEDO,OH,43614-3441
Toledo Auto Care,PRO,aad3590f79ac44aca4f16dc7cb1afedb,ffb610ab-bcc5-4a19-8bff-16787fdb9c2b,1014,103,9,,James,Lucas,1120 BERNATH PKWY,,TOLEDO,OH,43615-6743
Toledo Auto Care,PRO,aad3590f79ac44aca4f16dc7cb1afedb,daa3e68f-4e6b-41b9-a456-253de2df0c4d,1014,103,9,,Jon,Kynard,1227 COLUMBUS ST,,HOLLAND,OH,43528-9678
Toledo Auto Care,PRO,aad3590f79ac44aca4f16dc7cb1afedb,689c3444-6a9c-4913-9df4-52e2b1b11511,1014,103,9,,Anamaria,Portillo,2582 BROADWAY ST,,TOLEDO,OH,43609-3117
Toledo Auto Care,PRO,aad3590f79ac44aca4f16dc7cb1afedb,38677c3c-271b-4f00-bb10-a13a18ee82e0,1014,103,09,,Steven,Watson,5636 RYEWYCK DR,,TOLEDO,OH,43614-4537
Toledo Auto Care,PRO,aad3590f79ac44aca4f16dc7cb1afedb,440fd7ff-155f-4a37-b8c0-d0e8dab345bb,1014,103,9,,Amanda,Boyd,6800 JACKMAN RD,,TEMPERANCE,MI,48182-1372
Toledo Auto Care,PRO,aad3590f79ac44aca4f16dc7cb1afedb,c24d7859-47bb-4874-b1d2-95bc60495946,1014,103,09,,Sarah,Rupert,5123 RYAN RD APT 48,,TOLEDO,OH,43614-2076
Toledo Auto Care,PRO,aad3590f79ac44aca4f16dc7cb1afedb,780f2712-b745-4812-9327-9ed496facdb0,1014,103,9,,Brittany,Gromley,2734 SANDALWOOD AVE,,TOLEDO,OH,43614-5539
Toledo Auto Care,PRO,aad3590f79ac44aca4f16dc7cb1afedb,a2b5a96e-303a-4cbd-819e-a2352d7d54e9,1014,103,9,,Patrick,Shekut,705 HARROW RD,,TOLEDO,OH,43615-4535
Toledo Auto Care,PRO,aad3590f79ac44aca4f16dc7cb1afedb,28f5afde-0c85-4e92-8e3d-c73b8dc3f850,1014,103,09,,Gary,Ross,4550 WELDWOOD LN,,SYLVANIA,OH,43560-2934
Toledo Auto Care,PRO,aad3590f79ac44aca4f16dc7cb1afedb,b01c7845-71d7-499b-8de1-3903fe5f7d70,1014,103,9,,Emilie,Awbrey,1737 GLEN VALLEY DR,,TOLEDO,OH,43614-1818
Toledo Auto Care,PRO,aad3590f79ac44aca4f16dc7cb1afedb,b1718371-aa50-4f52-9c91-198fdf4e3b7f,1014,103,09,,Jeremy,Myers,1201 N LATHROP RD,,SWANTON,OH,43558-9674
Toledo Auto Care,PRO,aad3590f79ac44aca4f16dc7cb1afedb,5a70c596-2e22-4c99-ab8b-e8e8bb680b12,1014,103,9,,Kerrie,Kohler,3160 ESTUARY PL,,MAUMEE,OH,43537-9434
Toledo Auto Care,PRO,aad3590f79ac44aca4f16dc7cb1afedb,3dda8ec9-28d4-4dda-bfde-62f5ea0a152a,1014,103,9,,Sam,Long,3047 CARSKADDON AVE APT C,,TOLEDO,OH,43606-1605
Toledo Auto Care,PRO,aad3590f79ac44aca4f16dc7cb1afedb,26bf8cff-aa00-4901-9700-0cc98fbc6af8,1014,103,9,,Morgan,Blake,4 HIDDEN VALLEY DR APT 10,,TOLEDO,OH,43615-5838
Toledo Auto Care,PRO,aad3590f79ac44aca4f16dc7cb1afedb,000ead9e-a49f-48c5-a790-5db76f7609da,1014,103,9,,Gerald,Hyslop,5751 RYEWYCK DR,,TOLEDO,OH,43614-4539
Toledo Auto Care,PRO,aad3590f79ac44aca4f16dc7cb1afedb,1702c827-2e24-4cf2-a59e-9f66c6b80dca,1014,103,9,,Tony,Martinovski,2588 W VILLAGE DR,,TOLEDO,OH,43614-4750
Toledo Auto Care,PRO,aad3590f79ac44aca4f16dc7cb1afedb,cfc4c636-57eb-46aa-aeba-af2df5369745,1014,103,9,,Marilee,Clunk,2556 W VILLAGE DR,,TOLEDO,OH,43614-4750
Toledo Auto Care,PRO,aad3590f79ac44aca4f16dc7cb1afedb,c46a6b65-63e6-4839-8183-660f61da2ee5,1014,103,09,,Sandra,Price,333 WREXHAM LN APT 3,,MAUMEE,OH,43537-4517
Toledo Auto Care,PRO,aad3590f79ac44aca4f16dc7cb1afedb,79457617-032f-4280-8115-01f69928ccee,1014,103,9,,Neil,Kuhl,1938 OAKLAWN DR,,TOLEDO,OH,43614-3527
Toledo Auto Care,PRO,aad3590f79ac44aca4f16dc7cb1afedb,50ecb5e3-bbfb-4082-9087-93447fbf9081,1014,103,9,,Tim,Posadny,818 ANDERSON ST,,NORTHWOOD,OH,43619-1704
Toledo Auto Care,PRO,aad3590f79ac44aca4f16dc7cb1afedb,2ac8332b-b957-4c21-b937-ba4d9edc23f5,1014,103,9,,Lou,Medved,PO BOX 875,,MAUMEE,OH,43537-0875
Toledo Auto Care,PRO,aad3590f79ac44aca4f16dc7cb1afedb,fd5eb2af-dfca-4f5d-80e2-730471feeddd,1014,103,9,,Lisa,Rocco,2632 KEYGATE DR APT 5,,TOLEDO,OH,43614-4845
Toledo Auto Care,PRO,aad3590f79ac44aca4f16dc7cb1afedb,5b78a41d-0eb3-4a8d-8e54-bdc9453d6c24,1014,103,09,,Sherrie,Givens,1013 RADCLIFFE DR,,TOLEDO,OH,43609-3145
Toledo Auto Care,PRO,aad3590f79ac44aca4f16dc7cb1afedb,0aee9b24-d0da-4598-99c0-e34f6132e24a,1014,103,9,,Dontell,Barton,333 E STREICHER ST,,TOLEDO,OH,43608-1917
Toledo Auto Care,PRO,aad3590f79ac44aca4f16dc7cb1afedb,a4538f43-244a-46e5-a13b-72578bdd2f57,1014,103,9,,Michelle,Zigray,2851 LONG VIEW DR,,MAUMEE,OH,43537-8703
Toledo Auto Care,PRO,aad3590f79ac44aca4f16dc7cb1afedb,f780378d-f084-4d7e-83cf-bfa9441c78d1,1014,103,9,,Mark,Lorenz,2589 W VILLAGE DR,,TOLEDO,OH,43614-4751
Toledo Auto Care,PRO,aad3590f79ac44aca4f16dc7cb1afedb,4d42b078-84cf-49a7-9bbd-620f69181004,1014,103,09,,Karl,Myers,417 KOPERNIK AVE,,TOLEDO,OH,43607-3646
Toledo Auto Care,PRO,aad3590f79ac44aca4f16dc7cb1afedb,b1bdc3fd-c5ae-44c6-ae18-5f8639018fe5,1014,103,9,,Brandi,Warner,2250 PERRYSBURG HOLLAND RD APT D8,,MAUMEE,OH,43537-1353
Toledo Auto Care,PRO,aad3590f79ac44aca4f16dc7cb1afedb,8ddd6ea5-25be-4790-8d42-08166e1c1102,1014,103,09,,Pete,VanNiel,7256 WOOD CREEK LN,,MAUMEE,OH,43537-9236
Toledo Auto Care,PRO,aad3590f79ac44aca4f16dc7cb1afedb,321f7df5-c406-4c27-8197-5a16fd8a5541,1014,103,9,,Cathryn,Alexander,2413 CHEYENNE BLVD APT 78,,TOLEDO,OH,43614-1739
Toledo Auto Care,PRO,aad3590f79ac44aca4f16dc7cb1afedb,42b7cf63-7ed1-4dad-b49e-46420d2d432d,1014,103,9,,Terrel,Jeanseldana,2741 STRAUSS AVE,,TOLEDO,OH,43606-2747
Toledo Auto Care,PRO,aad3590f79ac44aca4f16dc7cb1afedb,d82cd5ff-9a91-4173-874b-b9e69b997cc6,1014,103,09,,Jermaine,Logan,5661 RYEWYCK DR,,TOLEDO,OH,43614-4556
Toledo Auto Care,PRO,aad3590f79ac44aca4f16dc7cb1afedb,492d74db-6d7e-42be-9092-620831eecdde,1014,103,09,,Chris,Rutledge,4924 LAURENTIDE LN,,TOLEDO,OH,43614-2110
Toledo Auto Care,PRO,aad3590f79ac44aca4f16dc7cb1afedb,cb3be064-e18d-4106-9d82-d778e7e89537,1014,103,9,,Shane,Rodgers,5552 CRESTHAVEN LN APT 2,,TOLEDO,OH,43614-1238
Toledo Auto Care,PRO,aad3590f79ac44aca4f16dc7cb1afedb,74e96e09-282a-402b-9659-fab253f852ff,1014,103,9,,Mary,Houchins,2555 PLUM LEAF LN APT D,,TOLEDO,OH,43614-4525
Toledo Auto Care,PRO,aad3590f79ac44aca4f16dc7cb1afedb,c818ce06-2fc1-4aca-8fe6-9cd6ca29a990,1014,103,9,,Dana,Green,1121 WOODSTOCK AVE,,TOLEDO,OH,43607-3771
Toledo Auto Care,PRO,aad3590f79ac44aca4f16dc7cb1afedb,bff959c5-a34d-450a-90c1-b67c62c3613c,1014,103,09,,Logan,Davidson,3738 SECKINGER DR,,TOLEDO,OH,43613-4712
Toledo Auto Care,PRO,aad3590f79ac44aca4f16dc7cb1afedb,c5a3e885-381b-4701-b73f-a5142d71faa6,1014,103,9,,Kristina,Horner,4319 KEYGATE DR,,TOLEDO,OH,43614-4882
Toledo Auto Care,PRO,aad3590f79ac44aca4f16dc7cb1afedb,be2663cc-d01e-4bf8-b2df-51d69afe8c17,1014,103,09,,Erica,Ahiekpor,232 BONAPARTE DR,,TOLEDO,OH,43615-9012
Toledo Auto Care,PRO,aad3590f79ac44aca4f16dc7cb1afedb,2f8239ee-aad8-4dc8-85bb-1e25333d6346,1014,103,9,,Jeanne,Maurer,5770 STAGHORN DR,,TOLEDO,OH,43614-4561
Toledo Auto Care,PRO,aad3590f79ac44aca4f16dc7cb1afedb,5b68ffca-7dc3-40c9-b2ad-b2a58bbc6a58,1014,103,09,,Brent,Burgess,4884 S VILLAGE DR APT 7,,TOLEDO,OH,43614-4749
Toledo Auto Care,PRO,aad3590f79ac44aca4f16dc7cb1afedb,2fdccf37-6fc7-4323-ba76-f167302106cc,1014,103,9,,Patrick,Feeley,9201 BIG SPRING DR,,CRANBERRY TOWNSHIP,PA,16066-6566
Toledo Auto Care,PRO,aad3590f79ac44aca4f16dc7cb1afedb,b96794e4-bbd9-415b-8da4-6a426cf558e3,1014,103,9,,David,Rowlett,6503 SCARSDALE RD,,MAUMEE,OH,43537-1181
Toledo Auto Care,PRO,aad3590f79ac44aca4f16dc7cb1afedb,55e0e838-651a-464e-a234-80e4de50dcee,1014,103,9,,Julie,Oakley,6359 BRIXTON RD APT 1,,MAUMEE,OH,43537-4103
Toledo Auto Care,PRO,aad3590f79ac44aca4f16dc7cb1afedb,85b5d19b-32cb-4c8d-a5c4-2254de95f136,1014,103,9,,Marcus,Droll,2646 BOWOOD RD,,TOLEDO,OH,43617-1241
Toledo Auto Care,PRO,aad3590f79ac44aca4f16dc7cb1afedb,38f3fa1b-7542-4722-8637-c4667d9740bc,1014,103,9,,Joseph,Taylor,56 LAKEVIEW DR,,NORTH AUGUSTA,SC,29841-8760
Toledo Auto Care,PRO,aad3590f79ac44aca4f16dc7cb1afedb,4fbe1db6-489d-4765-a5bb-028c32e84102,1014,103,9,,Dave,Frantz,5752 CRESTHAVEN LN,,TOLEDO,OH,43614-1274
Toledo Auto Care,PRO,aad3590f79ac44aca4f16dc7cb1afedb,501af1d0-adb5-42bf-8ee9-d8e7c16c5ed9,1014,103,9,,Stewart,Pribe,3551 BEVERLY DR,,TOLEDO,OH,43614-4130
Toledo Auto Care,PRO,aad3590f79ac44aca4f16dc7cb1afedb,a584f17e-ce1c-4dd3-96a2-211e3873429c,1014,103,9,,Dawn,Sutton,760 CARLTON ST,,TOLEDO,OH,43609-2906
Toledo Auto Care,PRO,aad3590f79ac44aca4f16dc7cb1afedb,aededebe-6c17-475b-979a-890923d33ae7,1014,103,9,,Sheila,Spencer,747 PARKSIDE BLVD,,TOLEDO,OH,43607-3857
Toledo Auto Care,PRO,aad3590f79ac44aca4f16dc7cb1afedb,abf470ee-01a7-42eb-8f84-a228c2c34443,1014,103,09,,Jennifer,Zellner,765 BARCLAY DR,,TOLEDO,OH,43609-1539
Toledo Auto Care,PRO,aad3590f79ac44aca4f16dc7cb1afedb,873570da-ebb7-453b-b8b8-d7f52f841d70,1014,103,9,,Ammar,Blue,1842 BROWNSTONE BLVD,,TOLEDO,OH,43614-6303
Toledo Auto Care,PRO,aad3590f79ac44aca4f16dc7cb1afedb,075af9fc-5896-4382-aa29-938a636aeeae,1014,103,09,,Armea,Mack,5336 HILL AVE,,TOLEDO,OH,43615-5805
Toledo Auto Care,PRO,aad3590f79ac44aca4f16dc7cb1afedb,8b911e7d-19ee-4c4a-ab9b-5b2fe6db4e05,1014,103,9,,Don,Bennett,5525 KETUKKEE TRL,,TOLEDO,OH,43611-1632
Toledo Auto Care,PRO,aad3590f79ac44aca4f16dc7cb1afedb,da97fa21-ce3c-4e2f-ba96-7a54386aee82,1014,103,9,,Deborah,Spychalski,428 ORCHARD VIEW DR,,MAUMEE,OH,43537-2963
Toledo Auto Care,PRO,aad3590f79ac44aca4f16dc7cb1afedb,00b0fb3a-b27d-4547-a182-dfe397bf36e4,1014,103,9,,Mary,Krolak,1941 GLEN ARBOR DR,,TOLEDO,OH,43614-3206
Toledo Auto Care,PRO,aad3590f79ac44aca4f16dc7cb1afedb,ebdc642b-035d-46de-99b9-358b147f26ef,1014,103,9,,Keith,Poupard,229 MARIE PL,,PERRYSBURG,OH,43551-1729
Toledo Auto Care,PRO,aad3590f79ac44aca4f16dc7cb1afedb,6bc68bdb-d225-4c3f-9d30-7542cb13b75b,1014,103,09,,Steve,Arend,3727 HEATHERDOWNS BLVD,,TOLEDO,OH,43614-3558
Toledo Auto Care,PRO,aad3590f79ac44aca4f16dc7cb1afedb,7c21c8cf-1f27-45c6-9ebc-95bb05c71bca,1014,103,09,,Keith,Sortor,6016 JACKMAN RD,,TOLEDO,OH,43613-1734
Toledo Auto Care,PRO,aad3590f79ac44aca4f16dc7cb1afedb,5405a902-a9fe-493d-9b2e-46d7d0ad101a,1014,103,09,,Heather,Richardson,4550 N MAY AVE,,TOLEDO,OH,43614-5310
Toledo Auto Care,PRO,aad3590f79ac44aca4f16dc7cb1afedb,5cf4292c-ae18-4fa1-a0d7-f226f722bf9e,1014,103,9,,Jack,Fowler,7420 NIGHTINGALE DR APT 8,,HOLLAND,OH,43528-9338
Toledo Auto Care,PRO,aad3590f79ac44aca4f16dc7cb1afedb,0194e8d8-8102-4621-a741-52b2777d6573,1014,103,9,,Greg,Langsdorf,6661 BUCK CREEK DR,,MAUMEE,OH,43537-9557
Toledo Auto Care,PRO,aad3590f79ac44aca4f16dc7cb1afedb,cd4c2601-21fc-4e6a-90dc-e50cba4b90ac,1014,103,9,,Brian,Groch,3264 COLLINGWOOD BLVD,,TOLEDO,OH,43610-1203
Toledo Auto Care,PRO,aad3590f79ac44aca4f16dc7cb1afedb,21776c32-7255-4028-98e4-076f7f35afd7,1014,103,9,,Fatemeh,Hedayat,6201 GARDEN RD APT E76,,MAUMEE,OH,43537-1516
Toledo Auto Care,PRO,aad3590f79ac44aca4f16dc7cb1afedb,9f1931ba-a2b3-41a4-b051-aebfa71ba12e,1014,103,9,,Silvi,Bajrami,530 N EUCLID AVE APT 4,,PITTSBURGH,PA,15206-2463
Toledo Auto Care,PRO,aad3590f79ac44aca4f16dc7cb1afedb,5d9e9542-410a-4bf9-859f-e1d38b5db658,1014,103,09,,Taletha,Hicks,3309 MERCER CT,,TOLEDO,OH,43609-1126
Toledo Auto Care,PRO,aad3590f79ac44aca4f16dc7cb1afedb,024b1ef5-8de6-446d-b305-73b82ec06e3b,1014,103,9,,Courtney,Kolkemeyer,850 STATE ROUTE 300,,GIBSONBURG,OH,43431-9587
Toledo Auto Care,PRO,aad3590f79ac44aca4f16dc7cb1afedb,3da48220-1b19-4bf4-803c-2fa5dd5130fc,1014,103,9,,Jasman,Fletcher,6628 DORR ST APT 235,,TOLEDO,OH,43615-4242
Toledo Auto Care,PRO,aad3590f79ac44aca4f16dc7cb1afedb,1c4a5b7f-e520-4390-acf3-f45929dad288,1014,103,9,,William L,Metzler,1316 PENNELWOOD DR,,TOLEDO,OH,43614-2620
Toledo Auto Care,PRO,aad3590f79ac44aca4f16dc7cb1afedb,b4276455-625b-4225-8653-745f76903564,1014,103,9,,Michael,Zeman,512 THACKERAY RD,,MAUMEE,OH,43537-2359
Toledo Auto Care,PRO,aad3590f79ac44aca4f16dc7cb1afedb,ff9c87d5-6da1-437a-8418-c9b441b7f3df,1014,103,9,,Shawntae,Wellington,617 BURKE GLEN RD,,TOLEDO,OH,43607-2503
Toledo Auto Care,PRO,aad3590f79ac44aca4f16dc7cb1afedb,8817e668-07d9-4573-a2b8-3f97c4c986dd,1014,103,9,,Rick,Bryan,7100 PILLIOD RD,,HOLLAND,OH,43528-8617
Toledo Auto Care,PRO,aad3590f79ac44aca4f16dc7cb1afedb,4d09e5de-16ec-47cc-bb9a-36a8483503aa,1014,103,9,,Kaylie,Awbrey,1737 GLEN VALLEY DR,,TOLEDO,OH,43614-1818
Toledo Auto Care,PRO,aad3590f79ac44aca4f16dc7cb1afedb,16e1a134-099d-409d-951e-65a217a19ec2,1014,103,9,,Rick,Harmon,6909 N STATE ROUTE 66 LOT 72,,DEFIANCE,OH,43512-8636
Toledo Auto Care,PRO,aad3590f79ac44aca4f16dc7cb1afedb,6b763d99-cf1b-4d65-8d99-370e3921de13,1014,103,9,,Greg,Czarnecki,712 MICHIGAN AVE,,MAUMEE,OH,43537-3502
Toledo Auto Care,PRO,aad3590f79ac44aca4f16dc7cb1afedb,304ef423-7ec8-4b30-b670-71f79d57d19f,1014,103,09,,Angela,Tate,3538 GREENGATE DR,,TOLEDO,OH,43614-5115
Toledo Auto Care,PRO,aad3590f79ac44aca4f16dc7cb1afedb,2dd5cddd-4b57-4ba3-a8dc-a01f53718514,1014,103,9,,Calvin,Boateng,2544 EASTGATE RD APT 9,,TOLEDO,OH,43614-4908
Toledo Auto Care,PRO,aad3590f79ac44aca4f16dc7cb1afedb,8af26af9-3552-4a88-8ec1-348b9e369232,1014,103,9,,Jesus,Leon,2343 WINTERSET DR,,TOLEDO,OH,43614-1256
Toledo Auto Care,PRO,aad3590f79ac44aca4f16dc7cb1afedb,51e672eb-f864-4cdb-811a-46c4b4a8b945,1014,103,09,,Raquel,Ruiz,265 SOUTHWOOD DR,,PERRYSBURG,OH,43551-1844
Toledo Auto Care,PRO,aad3590f79ac44aca4f16dc7cb1afedb,e57957e7-b82d-401a-962e-ca404078aca9,1014,103,9,,Danny,Brown,6201 GARDEN RD APT A15,,MAUMEE,OH,43537-1508
Toledo Auto Care,PRO,aad3590f79ac44aca4f16dc7cb1afedb,6cc68b47-df83-4631-97c4-1b4576f6fadf,1014,103,09,,Emiliano,Greenwade,332 14TH ST APT 301,,TOLEDO,OH,43604-7705
Toledo Auto Care,PRO,aad3590f79ac44aca4f16dc7cb1afedb,daac8a34-4932-4382-bf41-5fab4cfb06d3,1014,103,9,,Tom,Cambisios,1120 CLARK ST,,HOLLAND,OH,43528-8766
Toledo Auto Care,PRO,aad3590f79ac44aca4f16dc7cb1afedb,07046c97-4d2d-46e0-88b4-31c42c1280ed,1014,103,9,,Roxanne,Gardner,11050 HAROLD DR,,LUNA PIER,MI,48157-9774
Toledo Auto Care,PRO,aad3590f79ac44aca4f16dc7cb1afedb,a17b8fa0-3ab9-4097-9929-5cf1e396b66c,1014,103,9,,Terrance,Cole,2519 GARDENGATE PL,,TOLEDO,OH,43614-4793
Toledo Auto Care,PRO,aad3590f79ac44aca4f16dc7cb1afedb,47f7a6f0-ce89-4031-8efa-5443260a34c6,1014,103,9,,Alexis,Allred,1395 GLENVIEW RD,,TOLEDO,OH,43614-2812
Toledo Auto Care,PRO,aad3590f79ac44aca4f16dc7cb1afedb,432bcbb8-551a-4174-b059-b2e42dcf94c0,1014,103,9,,Nya,Jerdine,840 6TH ST APT H,,BOWLING GREEN,OH,43402-4186
Toledo Auto Care,PRO,aad3590f79ac44aca4f16dc7cb1afedb,5685d27a-ade8-4997-ab31-17e9c4dec2b5,1014,103,9,,Will,Roberts,5555 RYEWYCK CT APT C,,TOLEDO,OH,43614-4536
Toledo Auto Care,PRO,aad3590f79ac44aca4f16dc7cb1afedb,5d2b38b1-de7f-496d-a3f4-f39942dd4b25,1014,103,9,,Kevin,Bradley,5028 CHATSWORTH RD,,TOLEDO,OH,43614-2011
Toledo Auto Care,PRO,aad3590f79ac44aca4f16dc7cb1afedb,bf89e297-6582-46fa-a5f9-11840b019359,1014,103,09,,Richard,Brown,6219 HENTHORNE DR,,MAUMEE,OH,43537-1308
Toledo Auto Care,PRO,aad3590f79ac44aca4f16dc7cb1afedb,495b3afd-92d7-4445-b7e2-9f84870e55d3,1014,103,9,,Mika,Handelman,3424 RIVER RD,,TOLEDO,OH,43614-4345
Toledo Auto Care,PRO,aad3590f79ac44aca4f16dc7cb1afedb,e9117802-1a1e-472f-9389-bede2b221eed,1014,103,9,,John,Daney,7345 NORTHQUAY CT,,HOLLAND,OH,43528-7708
Toledo Auto Care,PRO,aad3590f79ac44aca4f16dc7cb1afedb,c303e66b-a745-40b5-b496-d89fca2fc76f,1014,103,9,,Alake,Hughes,5375 CRESTHAVEN LN,,TOLEDO,OH,43614-1215
Toledo Auto Care,PRO,aad3590f79ac44aca4f16dc7cb1afedb,766992ca-640a-47eb-84c8-a8b14bac95e9,1014,103,09,,Mike,Mccollum,4522 HARBOUR CREEK CT,,MAUMEE,OH,43537-9229
Toledo Auto Care,PRO,aad3590f79ac44aca4f16dc7cb1afedb,bd449fab-9deb-4672-b2d2-3420ad8b297e,1014,103,9,,Bob,Francis,2400 STATE BLVD,,MAUMEE,OH,43537-3751
Toledo Auto Care,PRO,aad3590f79ac44aca4f16dc7cb1afedb,625a9890-09e1-466b-9271-b2f302fe4d5d,1014,103,9,,Francesca,Sinila,1169 PINEBROOK PKWY,,TOLEDO,OH,43615-7032
Toledo Auto Care,PRO,aad3590f79ac44aca4f16dc7cb1afedb,4ade1047-5f11-4961-a8bd-3609e7008349,1014,103,9,,Joe,Huber,528 BENNINGTON DR,,MAUMEE,OH,43537-2702
Toledo Auto Care,PRO,aad3590f79ac44aca4f16dc7cb1afedb,0ce79812-7708-43d8-b037-7342c021ecaa,1014,103,9,,Corey,McCaige,4492 COUNTY ROAD 47,,NEW RIEGEL,OH,44853-9771
Toledo Auto Care,PRO,aad3590f79ac44aca4f16dc7cb1afedb,89bf36c4-8b3e-4f9c-9420-0fd08b26d7c6,1014,103,9,,Shauntia,Tilman,2559 BRIAR LN APT A,,TOLEDO,OH,43614-4622
Toledo Auto Care,PRO,aad3590f79ac44aca4f16dc7cb1afedb,21f4a5eb-af8d-4c51-b53a-7508683bb125,1014,103,9,,Schmitt,Bob,4009 SECLUDED RAVINE CT,,MAUMEE,OH,43537-9283
Toledo Auto Care,PRO,aad3590f79ac44aca4f16dc7cb1afedb,f056dd46-2f67-4948-9d79-9263a8f87197,1014,103,9,,Daniel,Shaffer,6906 HEATHER COVE PL,,MAUMEE,OH,43537-1061
Toledo Auto Care,PRO,aad3590f79ac44aca4f16dc7cb1afedb,c1cfc0d2-1d0a-477d-b01f-3b4035024221,1014,103,9,,Dustin,Walker,6309 GLENHURST DR APT,,MAUMEE,OH,43537-4148
Toledo Auto Care,PRO,aad3590f79ac44aca4f16dc7cb1afedb,6d6dd1ee-61ba-4151-a444-9ee1b8600413,1014,103,9,,Rita,Bollinger,244 KNOWER ST,,TOLEDO,OH,43609-2824
Toledo Auto Care,PRO,aad3590f79ac44aca4f16dc7cb1afedb,02be468a-23e1-4834-b849-b5f72caa19e1,1014,103,9,,Shaun,Mitchell,931 CARVER BLVD,,TOLEDO,OH,43607-2248
Toledo Auto Care,PRO,aad3590f79ac44aca4f16dc7cb1afedb,2270c43a-0ad8-45af-98ac-221239541d60,1014,103,9,,Damon,Young,1134 FOUR SEASONS DR APT 6,,TOLEDO,OH,43615-9212
Toledo Auto Care,PRO,aad3590f79ac44aca4f16dc7cb1afedb,28cb436f-8f64-4163-9482-c3914db9b3e9,1014,103,9,,Wayne,Henderson,2637 W VILLAGE DR,,TOLEDO,OH,43614-4789
Toledo Auto Care,PRO,aad3590f79ac44aca4f16dc7cb1afedb,5f81ff84-6644-4ad6-b9c9-d215b55eeae1,1014,103,09,,David,Skergan,6153 GARDEN RD,,MAUMEE,OH,43537-1503
Toledo Auto Care,PRO,aad3590f79ac44aca4f16dc7cb1afedb,7400bbfb-b320-41b9-a763-1af65b2a93e6,1014,103,9,,Madelyn,Duhamel,11071 NEIDERHOUSE RD,,PERRYSBURG,OH,43551-9654
Toledo Auto Care,PRO,aad3590f79ac44aca4f16dc7cb1afedb,4eca86d7-d329-4727-baf3-4850ca70439d,1014,103,09,,Michael,Pommeranz,3189 DALEFORD DR,,TOLEDO,OH,43614-5465
Toledo Auto Care,PRO,aad3590f79ac44aca4f16dc7cb1afedb,af79b9bf-5443-42d2-8874-3cf58d2cc83f,1014,103,9,,Deidra,Stewart,2511 PLUM LEAF LN,,TOLEDO,OH,43614-4514
Toledo Auto Care,PRO,aad3590f79ac44aca4f16dc7cb1afedb,b8cc097a-de07-4bc1-9343-624a83d57b29,1014,103,9,,Matthew,Salisbury,2548 W VILLAGE DR,,TOLEDO,OH,43614-4750
Toledo Auto Care,PRO,aad3590f79ac44aca4f16dc7cb1afedb,c838b7fc-b3e4-48b5-bac7-a3c78d2ee760,1014,103,9,,Leon,Freeman,4189 BROGAN DR,,TOLEDO,OH,43614-4955
Toledo Auto Care,PRO,aad3590f79ac44aca4f16dc7cb1afedb,1327f71d-62cb-421a-92ca-e13e6d6ea823,1014,103,9,,Daniel,Steck,204 W CURTIS ST,,STRYKER,OH,43557-9526
Toledo Auto Care,PRO,aad3590f79ac44aca4f16dc7cb1afedb,e3e5a75b-b8de-4d5a-aa0b-53ffcc7d374f,1014,103,9,,Denise,Chamot,2360 CHEYENNE BLVD APT 7,,TOLEDO,OH,43614-1713
Toledo Auto Care,PRO,aad3590f79ac44aca4f16dc7cb1afedb,d9789028-fa65-48ab-b09d-3a75692c78fd,1014,103,9,,Sheryl,McKeown,325 E INDIANA AVE,,PERRYSBURG,OH,43551-2210
Toledo Auto Care,PRO,aad3590f79ac44aca4f16dc7cb1afedb,67d1755e-853d-4f57-a887-abc517f74b03,1014,103,9,,Michael,Kasprzak,2423 S HOLLAND SYLVANIA RD APT 6,,MAUMEE,OH,43537-1410
Toledo Auto Care,PRO,aad3590f79ac44aca4f16dc7cb1afedb,0ebd10cb-f469-4d38-bf4e-fe11a2f65f69,1014,103,9,,Mike,Kelly,2523 MARLBORO ST,,TOLEDO,OH,43609-3135
Toledo Auto Care,PRO,aad3590f79ac44aca4f16dc7cb1afedb,70ac9054-d06f-4f18-8aeb-3968764793a1,1014,103,9,,Cayla,Gillman,5726 RYEWYCK DR APT 1,,TOLEDO,OH,43614-4580
Toledo Auto Care,PRO,aad3590f79ac44aca4f16dc7cb1afedb,426e18ea-4edd-413d-a295-e4634bb65282,1014,103,9,,Jake,Coogan,3738 GLENDALE AVE,,TOLEDO,OH,43614-2217
Toledo Auto Care,PRO,aad3590f79ac44aca4f16dc7cb1afedb,5fd4ccb8-46d0-4129-9889-3eb52e2b0a00,1014,103,9,,Darren,Munn,7904 LOOKOUT CIR,,MONCLOVA,OH,43542-8313
Toledo Auto Care,PRO,aad3590f79ac44aca4f16dc7cb1afedb,2bed01bd-3a08-4bac-9857-77ddddc53463,1014,103,9,,Cheryl,Baker,2619 W VILLAGE DR,,TOLEDO,OH,43614-4786
Toledo Auto Care,PRO,aad3590f79ac44aca4f16dc7cb1afedb,0eb11efc-5ea7-4a33-9c66-8df93f90aa39,1014,103,9,,Stephanie,Scheid,3826 RUGBY DR,,TOLEDO,OH,43614-4431
Toledo Auto Care,PRO,aad3590f79ac44aca4f16dc7cb1afedb,b06f1428-77c0-4af7-bccf-d32f88b8f473,1014,103,09,,Timia,Hooks,5811 TROY VILLA BLVD,,DAYTON,OH,45424-2649
Toledo Auto Care,PRO,aad3590f79ac44aca4f16dc7cb1afedb,3cd4e987-4572-48eb-bdfa-fed8ebfdeb76,1014,103,9,,Allan,Hess,1378 IRONWOOD CT,,DEFIANCE,OH,43512-8544
Toledo Auto Care,PRO,aad3590f79ac44aca4f16dc7cb1afedb,b3a31907-0062-4d86-bceb-1acdd7589dca,1014,103,9,,Chris,Wilson,2555 PLUM LEAF LN APT A,,TOLEDO,OH,43614-4525
Toledo Auto Care,PRO,aad3590f79ac44aca4f16dc7cb1afedb,992831a1-4ba8-4ba8-b008-6a96240f1da8,1014,103,09,,Jillian,Ross,4153 BEVERLY DR,,TOLEDO,OH,43614-5656
Toledo Auto Care,PRO,aad3590f79ac44aca4f16dc7cb1afedb,afa8f897-a023-436a-ae1d-0e4b3d116544,1014,103,9,,Jennifer,Johnson,3148 COPLAND BLVD,,TOLEDO,OH,43614-5460
Toledo Auto Care,PRO,aad3590f79ac44aca4f16dc7cb1afedb,b133b77d-7b99-47c6-b351-00483c9d0726,1014,103,9,,Paul,Conrad,2344 HEATHERGLEN DR,,MAUMEE,OH,43537-1026
Toledo Auto Care,PRO,aad3590f79ac44aca4f16dc7cb1afedb,605094fd-a697-41a9-bae1-3cf7492fdfdf,1014,103,9,,Charles,Cobb,1505 WATOVA RD,,TOLEDO,OH,43614-4019
Toledo Auto Care,PRO,aad3590f79ac44aca4f16dc7cb1afedb,22682b1c-a8cd-44bc-94d4-4cada3e8e238,1014,103,09,,Sara,Ratliff,712 DORCAS ST,,HOLLAND,OH,43528-9636
Toledo Auto Care,PRO,aad3590f79ac44aca4f16dc7cb1afedb,3957ddae-579b-497b-b5d1-da3995f007be,1014,103,9,,Mike,Greely,2237 ROCKSPRING RD,,TOLEDO,OH,43614-1643
Toledo Auto Care,PRO,aad3590f79ac44aca4f16dc7cb1afedb,6a2a44d5-92cd-4ebf-9020-3cf8dbecd848,1014,103,9,,Shannon,Bedient,2574 BRIAR LN,,TOLEDO,OH,43614-4615
Toledo Auto Care,PRO,aad3590f79ac44aca4f16dc7cb1afedb,9d172478-b3d1-4dec-91ec-866d4b083149,1014,103,09,,Kelly,Kiss,5633 SECOR RD APT 110,,TOLEDO,OH,43623-1957
Toledo Auto Care,PRO,aad3590f79ac44aca4f16dc7cb1afedb,4da87538-c9aa-4a23-91f9-1eb35a73e9e6,1014,103,9,,LaShawna,Copeland,2620 EASTGATE RD APT 21,,TOLEDO,OH,43614-4923
Toledo Auto Care,PRO,aad3590f79ac44aca4f16dc7cb1afedb,639a3d24-d303-4bd5-8ceb-53029fb351f1,1014,103,9,,Jordan,Rucker,1020 STEEPLEBUSH DR,,TOLEDO,OH,43615-9248
Toledo Auto Care,PRO,aad3590f79ac44aca4f16dc7cb1afedb,d1aa73ed-4ff4-46ab-bad2-0a92cd910c73,1014,103,9,,Lauren,Pope,2004 CHERRYLAWN DR,,TOLEDO,OH,43614-3508
Toledo Auto Care,PRO,aad3590f79ac44aca4f16dc7cb1afedb,57467457-2ba4-45b9-a05e-4d37ad620785,1014,103,09,,Cindy,Lewis,2111 GLEN ARBOR DR,,TOLEDO,OH,43614-3210
Toledo Auto Care,PRO,aad3590f79ac44aca4f16dc7cb1afedb,c688eef2-b5fc-4fc2-90f8-33ca21407b4a,1014,103,9,,Lance,Runion,2560 KEY ST APT 6V,,TOLEDO,OH,43614-4815
Toledo Auto Care,PRO,aad3590f79ac44aca4f16dc7cb1afedb,de16652d-75c6-4160-b8d6-977277233059,1014,103,9,,Syed,Zafer,6554 MEADOWCROFT LN,,MAUMEE,OH,43537-1129
Toledo Auto Care,PRO,aad3590f79ac44aca4f16dc7cb1afedb,783dd815-23f4-42e6-a387-b0c1f5b98b2d,1014,103,9,,Darryl,Faison,3731 JACKMAN RD,,TOLEDO,OH,43612-1079
Toledo Auto Care,PRO,aad3590f79ac44aca4f16dc7cb1afedb,b70e4442-bc40-424a-a7b6-66294240f9b9,1014,103,9,,Ben,Keller,7033 SHADOWCREEK DR,,MAUMEE,OH,43537-1029
Toledo Auto Care,PRO,aad3590f79ac44aca4f16dc7cb1afedb,14bc9dd0-f3d1-4fec-8e1e-805ecde40f19,1014,103,09,,Sara,Keith,2731 GLENDALE AVE APT U,,TOLEDO,OH,43614-2670
Toledo Auto Care,PRO,aad3590f79ac44aca4f16dc7cb1afedb,0cb00b3d-1656-4c48-86ee-3087ba5ef6f9,1014,103,09,,Brian,Vohland,1121 WESTFIELD DR,,MAUMEE,OH,43537-2712
Toledo Auto Care,PRO,aad3590f79ac44aca4f16dc7cb1afedb,fb76c91e-80e7-49ec-be64-4c6adf79d10b,1014,103,9,,Shatara,Boone,5426 DORR ST APT 9K,,TOLEDO,OH,43615-3657
Toledo Auto Care,PRO,aad3590f79ac44aca4f16dc7cb1afedb,41bf9ce4-9747-43e8-819c-4eb2e40511dc,1014,103,9,,John,Dugan,1205 CASS RD APT 2,,MAUMEE,OH,43537-2745
Toledo Auto Care,PRO,aad3590f79ac44aca4f16dc7cb1afedb,99340139-666b-4afc-b6db-2f95438187be,1014,103,9,,Alison,Simon,12 ARBOR CT,,PERRYSBURG,OH,43551-3202
Toledo Auto Care,PRO,aad3590f79ac44aca4f16dc7cb1afedb,b6f958cd-83bf-490c-9781-288bc4cf74f9,1014,103,9,,Abdulmalik,Firdous,5718 RYEWYCK DR APT 3,,TOLEDO,OH,43614-4578
Toledo Auto Care,PRO,aad3590f79ac44aca4f16dc7cb1afedb,fc42b51b-f9a5-4b2d-b089-5cec730fa1c1,1014,103,09,,Haja,Dumbuya,503 DUNDAS CT,,CHESAPEAKE,VA,23322-7267
Toledo Auto Care,PRO,aad3590f79ac44aca4f16dc7cb1afedb,25771d94-d35a-4f8a-948f-f7caa88b26e8,1014,103,9,,Rod,Kinney,6617 GARDEN RD,,MAUMEE,OH,43537-1228
Toledo Auto Care,PRO,aad3590f79ac44aca4f16dc7cb1afedb,2945c397-45a6-4dc5-8345-679e478b9896,1014,103,9,,Ahmed,Griffin,6201 GARDEN RD APT D54,,MAUMEE,OH,43537-1511
Toledo Auto Care,PRO,aad3590f79ac44aca4f16dc7cb1afedb,9b41cf7d-f888-44be-a055-5c002d7eb159,1014,103,9,,Amanda,Derrington,1455 E 3RD AVE APT E318,,LONGMONT,CO,80501-8722
Toledo Auto Care,PRO,aad3590f79ac44aca4f16dc7cb1afedb,e44fdf6a-bf95-4611-840d-64eb8f9eeaa0,1014,103,9,,Dreafus,Woods,2260 GARDEN CREEK DR,,MAUMEE,OH,43537-1020
Toledo Auto Care,PRO,aad3590f79ac44aca4f16dc7cb1afedb,58cf44e5-a70c-45b5-82ba-e4a556bd2474,1014,103,9,,Mike,Matuszak,5526 HEATHERDOWNS BLVD,,TOLEDO,OH,43614-4611
Toledo Auto Care,PRO,aad3590f79ac44aca4f16dc7cb1afedb,30d9e2c0-9ec9-4259-8b70-8ef1acccfef2,1014,103,9,,Tessa,Tomosky,PO BOX 2651,,TOLEDO,OH,43606-0651
Toledo Auto Care,PRO,aad3590f79ac44aca4f16dc7cb1afedb,dc18c849-1e5f-4b30-8c96-bee8485a663b,1014,103,9,,Cole,Szymanski,6201 GARDEN RD APT C35,,MAUMEE,OH,43537-1546
Toledo Auto Care,PRO,aad3590f79ac44aca4f16dc7cb1afedb,47b6c9b2-e0b1-465f-bdcc-6b88329326c1,1014,103,9,,Paul,Spengler,5444 CRESTHAVEN LN,,TOLEDO,OH,43614-1218
Toledo Auto Care,PRO,aad3590f79ac44aca4f16dc7cb1afedb,0e0d2a21-597a-4c47-b913-56ed99c2622b,1014,103,09,,Kemonee,Gist,2364 CHEYENNE BLVD,,TOLEDO,OH,43614-1760
Toledo Auto Care,PRO,aad3590f79ac44aca4f16dc7cb1afedb,1ff54d88-2a04-4185-9069-b5c2b6d56f8d,1014,103,9,,Stacey,Parks,1942 PINELAWN DR,,TOLEDO,OH,43614-3533
Toledo Auto Care,PRO,aad3590f79ac44aca4f16dc7cb1afedb,8453ea32-168b-413b-ae4e-6ba99594152e,1014,103,09,,Julie,Spencer,7034 SHOOTERS HILL RD,,TOLEDO,OH,43617-1319
Toledo Auto Care,PRO,aad3590f79ac44aca4f16dc7cb1afedb,fee85532-f33b-4527-8f74-bab55328ab5e,1014,103,9,,Randy,Ward,725 GAWIL AVE,,TOLEDO,OH,43609-1117
Toledo Auto Care,PRO,aad3590f79ac44aca4f16dc7cb1afedb,ed9d5889-0e70-49e7-a3b8-907bf155e39e,1014,103,9,,Casey,Long,2514 HEATHERWYCK CT,,TOLEDO,OH,43614-4507
Toledo Auto Care,PRO,aad3590f79ac44aca4f16dc7cb1afedb,1adc8d22-fbd8-44e0-9bcf-6731d0f7fc8c,1014,103,09,,Randy,Wells,9502 MANDELL RD,,PERRYSBURG,OH,43551-3717
Toledo Auto Care,PRO,aad3590f79ac44aca4f16dc7cb1afedb,c5e86ec5-cdaa-4ebe-80a1-49795287f687,1014,103,9,,Joseph,Ringling,111 S SUMMIT ST APT 205,,TOLEDO,OH,43604-8755
Toledo Auto Care,PRO,aad3590f79ac44aca4f16dc7cb1afedb,cfb508c9-54d5-4882-b4d1-c72e74cb5bfc,1014,103,09,,Ahmed,Orra,6133 HENTHORNE DR,,MAUMEE,OH,43537-1306
Toledo Auto Care,PRO,aad3590f79ac44aca4f16dc7cb1afedb,13edb421-38ce-4761-9622-9404a0bf49f2,1014,103,9,,Robert,Osbourne,5142 BAINBRIDGE RD,,TOLEDO,OH,43623-2729
Toledo Auto Care,PRO,aad3590f79ac44aca4f16dc7cb1afedb,47c048b4-4d14-4c60-b985-4d649eeb95b6,1014,103,9,,Heather,Kessinger,4150 HURLEY DR,,TOLEDO,OH,43614-4948
Toledo Auto Care,PRO,aad3590f79ac44aca4f16dc7cb1afedb,4fdb3b7b-0b11-428c-a9a6-14c3e99b92d2,1014,103,09,,Charlene,May,1361 CADY ST,,MAUMEE,OH,43537-3131
Toledo Auto Care,PRO,aad3590f79ac44aca4f16dc7cb1afedb,d8cbc61c-cd66-4189-a0d2-0f09bd6c4396,1014,103,09,,Mitch,Heitmeyer,3926 FARMBROOK DR,,SYLVANIA,OH,43560-3515
Toledo Auto Care,PRO,aad3590f79ac44aca4f16dc7cb1afedb,b8a41f1f-0569-4ec3-9dac-cf70045d49f1,1014,103,9,,Chris,Allen,4921 HEATHERDOWNS BLVD APT 8,,TOLEDO,OH,43614-2170
Toledo Auto Care,PRO,aad3590f79ac44aca4f16dc7cb1afedb,76886153-9ced-436a-8066-247b8ff0e56e,1014,103,9,,Donna,Campbell,1668 PINELAWN DR,,TOLEDO,OH,43614-3359
Toledo Auto Care,PRO,aad3590f79ac44aca4f16dc7cb1afedb,9a0d465c-3bc1-42df-9db1-304873c29be1,1014,103,09,,Adam,Hill,1920 COLLINGWOOD BLVD,,TOLEDO,OH,43604-5097
Toledo Auto Care,PRO,aad3590f79ac44aca4f16dc7cb1afedb,13672726-a035-42df-98a8-b927cc55abec,1014,103,9,,Joy,Bush,5533 CRESTHAVEN LN APT 1B,,TOLEDO,OH,43614-1235
Toledo Auto Care,PRO,aad3590f79ac44aca4f16dc7cb1afedb,fb7e3b2f-40ee-4e22-8933-05620e254c72,1014,103,9,,Lynn,Bowman,1452 BENSCH DR,,TOLEDO,OH,43614-2503
Toledo Auto Care,PRO,aad3590f79ac44aca4f16dc7cb1afedb,2ab4e91a-6fff-4ffa-9ddb-13c1972ea50c,1014,103,9,,Morgan,Owens,3455 OAK ALLEY CT # 10,,TOLEDO,OH,43606-1342
Toledo Auto Care,PRO,aad3590f79ac44aca4f16dc7cb1afedb,74d198c6-233b-4362-a72a-c725f34818fc,1014,103,09,,David,Luce,701 SATIN LEAF DR,,TOLEDO,OH,43615-8327
Toledo Auto Care,PRO,aad3590f79ac44aca4f16dc7cb1afedb,71a24c40-6880-4261-8c1d-a287cb81e404,1014,103,9,,Dontae,Wynn,1057 SANCTUARY WAY,,TEMPERANCE,MI,48182-9183
Toledo Auto Care,PRO,aad3590f79ac44aca4f16dc7cb1afedb,cce4d530-c35d-464e-ac4b-2c4674c3e238,1014,103,9,,Clement,Duhmeh,3981 AIRPORT HWY APT 42,,TOLEDO,OH,43615-7143
Toledo Auto Care,PRO,aad3590f79ac44aca4f16dc7cb1afedb,1e179d02-b0d9-4106-befb-3dee607e74b3,1014,103,09,,Carly,Urbanski,5915 STAGHORN DR,,TOLEDO,OH,43614-4566
Toledo Auto Care,PRO,aad3590f79ac44aca4f16dc7cb1afedb,24ee1499-d243-4689-b986-ff356bbcc941,1014,103,9,,Ray,Miller,2239 RAGAN WOODS DR,,TOLEDO,OH,43614-1012
Toledo Auto Care,PRO,aad3590f79ac44aca4f16dc7cb1afedb,d5dc8fde-9238-47c0-83da-d6b5a01c236d,1014,103,9,,Mark,Masella,6149 FALLEN TIMBERS LN,,MAUMEE,OH,43537-9360
Toledo Auto Care,PRO,aad3590f79ac44aca4f16dc7cb1afedb,5880094c-16ac-407d-ab97-81e88019b794,1014,103,09,,John,Clarke,5562 HEATHERDOWNS BLVD APT 18,,TOLEDO,OH,43614-4641
Toledo Auto Care,PRO,aad3590f79ac44aca4f16dc7cb1afedb,42ca5ee3-bd11-4104-b839-41b5a30c7dd3,1014,103,9,,Jake,Sample,6026 321ST ST,,TOLEDO,OH,43611-2544
Toledo Auto Care,PRO,aad3590f79ac44aca4f16dc7cb1afedb,0111c6f3-1028-4e23-9eda-d09e4d92a11b,1014,103,09,,Frank,Johnson,2404 CHEYENNE BLVD APT 11,,TOLEDO,OH,43614-1726
Toledo Auto Care,PRO,aad3590f79ac44aca4f16dc7cb1afedb,19b69030-8c2b-4eee-bd59-b935e5240e31,1014,103,09,,Anna,Darnell,7265 WHITEFORD CENTER RD APT 205,,OTTAWA LAKE,MI,49267-9609
Toledo Auto Care,PRO,aad3590f79ac44aca4f16dc7cb1afedb,1d44585e-7101-4afa-b215-497690abb553,1014,103,9,,Asielle,Kaimari,1937 SUNNYLAWN DR,,TOLEDO,OH,43614-3544
Toledo Auto Care,PRO,aad3590f79ac44aca4f16dc7cb1afedb,0b766a2d-7b41-4acf-9026-91c5dc22cfab,1014,103,9,,Lew,Anderson,4321 N WATERCREST DR,,TOLEDO,OH,43614-3185
Toledo Auto Care,PRO,aad3590f79ac44aca4f16dc7cb1afedb,162dc2f4-7cd6-457a-b73e-1e1a6a148730,1014,103,9,,Greg,Reynolds,334 E CENTRAL AVE,,TOLEDO,OH,43608-1932
Toledo Auto Care,PRO,aad3590f79ac44aca4f16dc7cb1afedb,c81c6f59-ba6d-4eb7-ae2c-be49753797e0,1014,103,09,,Thomas,Carter,2314 WINTERSET DR,,TOLEDO,OH,43614-1255
Toledo Auto Care,PRO,aad3590f79ac44aca4f16dc7cb1afedb,a946f505-ffef-4cb6-b806-79b7a9037b12,1014,103,9,,ShaRay,Scott,2409 CHEYENNE BLVD APT 92,,TOLEDO,OH,43614-1734
Toledo Auto Care,PRO,aad3590f79ac44aca4f16dc7cb1afedb,1a4f90bb-0c33-40cc-a5e4-cc549c08684e,1014,103,09,,Michael,Birchfield,547 SCENIC CIR,,HOLLAND,OH,43528-8698
Toledo Auto Care,PRO,aad3590f79ac44aca4f16dc7cb1afedb,77d6070f-1206-4dab-bc1a-9c01343da0c7,1014,103,09,,John,Glick,2239 TANGLEWOOD DR,,TOLEDO,OH,43614-1028
Toledo Auto Care,PRO,aad3590f79ac44aca4f16dc7cb1afedb,97638968-5566-4c7b-9ad5-c630abab032b,1014,103,09,,Nanciann,Cherry,2110 EASTGATE RD,,TOLEDO,OH,43614-3040
Toledo Auto Care,PRO,aad3590f79ac44aca4f16dc7cb1afedb,075b0d34-bef8-4432-8c16-270fa0243e40,1014,103,9,,Lauren,Kurtz,6710 INGLEWOOD RD,,HOLLAND,OH,43528-9575
Toledo Auto Care,PRO,aad3590f79ac44aca4f16dc7cb1afedb,0fe39abc-7775-4527-9188-e7f44a7e504a,1014,103,9,,Thomas,Keller,2429 S REYNOLDS RD APT E124,,TOLEDO,OH,43614-1462
Toledo Auto Care,PRO,aad3590f79ac44aca4f16dc7cb1afedb,27b9df8f-7ffc-4023-a012-f256a1c901fb,1014,103,09,,Samantha,Preisner,1832 WILDWOOD RD,,TOLEDO,OH,43614-4029
Toledo Auto Care,PRO,aad3590f79ac44aca4f16dc7cb1afedb,fae8d00d-4d09-4e0c-9981-2c993726496c,1014,103,9,,Sheila,Johnson,1660 BROWNSTONE BLVD APT 222,,TOLEDO,OH,43614-1387
Toledo Auto Care,PRO,aad3590f79ac44aca4f16dc7cb1afedb,6487af13-ccd6-4d17-adf4-792078ac5835,1014,103,9,,Mark,Viers,2438 PLUM LEAF LN,,TOLEDO,OH,43614-1144
Toledo Auto Care,PRO,aad3590f79ac44aca4f16dc7cb1afedb,312ea26f-31ec-4144-afe9-6bfa595004a6,1014,103,9,,David,O'Neil,1962 CHERRYLAWN DR,,TOLEDO,OH,43614-3507
Toledo Auto Care,PRO,aad3590f79ac44aca4f16dc7cb1afedb,f595f150-6974-475e-84cd-07b24933bf86,1014,103,09,,Sarah,Couturier,2307 GRANTWOOD DR,,TOLEDO,OH,43613-3910
Toledo Auto Care,PRO,aad3590f79ac44aca4f16dc7cb1afedb,c500a4f6-6886-4e4d-92b5-9bffed3b9f1a,1014,103,9,,Vicky,Aldrich,1608 ARCHWOOD LN,,TOLEDO,OH,43614-3313
Toledo Auto Care,PRO,aad3590f79ac44aca4f16dc7cb1afedb,e4ea70ea-3277-48ce-86a2-e2730905a39a,1014,103,09,,Meadows,James,226 W MAIN ST,,OAK HARBOR,OH,43449-1323
Toledo Auto Care,PRO,aad3590f79ac44aca4f16dc7cb1afedb,d674feb7-1f9e-4abf-97a3-6f4d876a3cbb,1014,103,9,,Karen,Tehan,3113 DEEP WATER LN,,MAUMEE,OH,43537-9590
Toledo Auto Care,PRO,aad3590f79ac44aca4f16dc7cb1afedb,b3b7fd0e-70f0-48f0-93d6-4e44ad982654,1014,103,9,,Lisa,Faulkner,631 NICHOLAS ST,,TOLEDO,OH,43609-2919
Toledo Auto Care,PRO,aad3590f79ac44aca4f16dc7cb1afedb,16227ff4-3e99-4eee-a43b-0f2910cf17c9,1014,103,09,,William,Sellers,5743 RYEWYCK DR,,TOLEDO,OH,43614-4541
Toledo Auto Care,PRO,aad3590f79ac44aca4f16dc7cb1afedb,832f72fa-ee58-481a-9f26-66c3f488d052,1014,103,9,,Jaylen,Rucker,712 ANDORA DR,,TOLEDO,OH,43609-1716
Toledo Auto Care,PRO,aad3590f79ac44aca4f16dc7cb1afedb,c1b52e5f-21cb-4e61-8a3a-f26abf45d2e2,1014,103,09,,Stephen,Donald,4858 S VILLAGE DR APT 8,,TOLEDO,OH,43614-4726
Toledo Auto Care,PRO,aad3590f79ac44aca4f16dc7cb1afedb,a0e9813d-a1c0-4568-9621-3d4edac758b9,1014,103,9,,Roy,Poor,6715 BRICK YARD CT,,MAUMEE,OH,43537-9668
Toledo Auto Care,PRO,aad3590f79ac44aca4f16dc7cb1afedb,a75812c8-1d08-49a4-a46e-fca9e374ffb8,1014,103,9,,Glenn,Mohre,112 W COLONY DR,,WATERVILLE,OH,43566-8725
Toledo Auto Care,PRO,aad3590f79ac44aca4f16dc7cb1afedb,62ec3f90-55e7-485c-a482-5ec67406133c,1014,103,09,,Ralph,Hahn,7744 FOREST CREEK CT,,MAUMEE,OH,43537-9140
Toledo Auto Care,PRO,aad3590f79ac44aca4f16dc7cb1afedb,1cb019ec-047a-4863-a201-fcc355675fea,1014,103,9,,Lucretia,Ogden,1365 CRANBROOK DR,,MAUMEE,OH,43537-3062
Toledo Auto Care,PRO,aad3590f79ac44aca4f16dc7cb1afedb,eefe1043-7fbc-48a3-9f3c-6ae3628062c9,1014,103,9,,Kim,Evener,6022 CLOVER LN,,TOLEDO,OH,43623-1133
Toledo Auto Care,PRO,aad3590f79ac44aca4f16dc7cb1afedb,5562d817-900b-48db-a5f2-9f22c60587e9,1014,103,9,,Bob,Koehler,1031 CRAIG RD,,MAUMEE,OH,43537-3006
Toledo Auto Care,PRO,aad3590f79ac44aca4f16dc7cb1afedb,37bb733d-21fa-4f64-a88b-2250ad37ea81,1014,103,09,,Kyle,Sweeney,923 NATIONAL AVE,,TOLEDO,OH,43609-3015
Toledo Auto Care,PRO,aad3590f79ac44aca4f16dc7cb1afedb,d95e1d3a-80db-46b1-82ce-193095209ae5,1014,103,09,,Ken,Hahn,2033 KEY ST APT H,,MAUMEE,OH,43537-2523
Toledo Auto Care,PRO,aad3590f79ac44aca4f16dc7cb1afedb,500426c1-bb6f-449d-9bfa-d963223397eb,1014,103,09,,Brandon,Finley,6770 W MEADOWS LN,,MAUMEE,OH,43537-9565
Toledo Auto Care,PRO,aad3590f79ac44aca4f16dc7cb1afedb,51f887a1-4fa7-407f-be1c-e4b244083f15,1014,103,09,,Chrystal,Pettis,1003 E MANHATTAN BLVD,,TOLEDO,OH,43608-1476
Toledo Auto Care,PRO,aad3590f79ac44aca4f16dc7cb1afedb,856b67a1-477e-4022-b153-ecbeb85cfb75,1014,103,09,,Anthony,Goodwin,2127 RAGAN WOODS DR,,TOLEDO,OH,43614-1010
Toledo Auto Care,PRO,aad3590f79ac44aca4f16dc7cb1afedb,843b590b-699d-4e37-a1c5-dd10f2e42655,1014,103,9,,Ann,Maidment,2528 WEALDSTONE RD,,TOLEDO,OH,43617-1323
Toledo Auto Care,PRO,aad3590f79ac44aca4f16dc7cb1afedb,10d9557a-8467-4403-ab6a-175d15c05183,1014,103,09,,Qualanno,Stovall,2144 THORNAPPLE DR,,TOLEDO,OH,43614-3031
Toledo Auto Care,PRO,aad3590f79ac44aca4f16dc7cb1afedb,15a0d444-2b58-42be-98d7-1e6e454e8364,1014,103,9,,Paul,Wortman,2429 S REYNOLDS RD APT N108B,,TOLEDO,OH,43614-1472
Toledo Auto Care,PRO,aad3590f79ac44aca4f16dc7cb1afedb,e7cf8a1c-a9ec-4b9d-9f69-93fc4241eb40,1014,103,9,,Rebecca,Morganstern,549 NICHOLAS ST,,TOLEDO,OH,43609-2917
Toledo Auto Care,PRO,aad3590f79ac44aca4f16dc7cb1afedb,98cb9202-3bd4-4dc4-b235-8d67c9ab4045,1014,103,9,,Michael,Amato,2352 GARDEN CREEK DR,,MAUMEE,OH,43537-1054
Toledo Auto Care,PRO,aad3590f79ac44aca4f16dc7cb1afedb,b14b5c60-61b2-4327-975f-6005a82cb084,1014,103,9,,Rick,Petree,8324 ANGOLA RD,,HOLLAND,OH,43528-7832
Toledo Auto Care,PRO,aad3590f79ac44aca4f16dc7cb1afedb,9da8b8d3-fb39-4c1e-9846-88c26d881329,1014,103,09,,Mollie,Hojnicki,1831 STRATHMOOR AVE,,TOLEDO,OH,43614-3922
Toledo Auto Care,PRO,aad3590f79ac44aca4f16dc7cb1afedb,e4c5d60f-5b84-421f-af3d-538384bc461c,1014,103,09,,John,Szempias,1225 BERNATH PKWY,,TOLEDO,OH,43615-6741
Toledo Auto Care,PRO,aad3590f79ac44aca4f16dc7cb1afedb,aa4c8e41-ead7-4fda-a173-54c19f83b43e,1014,103,09,,Marsha,Taylor,87 W COLONY DR,,WATERVILLE,OH,43566-8726
Toledo Auto Care,PRO,aad3590f79ac44aca4f16dc7cb1afedb,7a9c8bf4-f61f-4f5d-9da6-edac684f6be5,1014,103,09,,Ray,Paulin,2741 TAMARACK DR,,TOLEDO,OH,43614-5544
Toledo Auto Care,PRO,aad3590f79ac44aca4f16dc7cb1afedb,4e347ca9-ee6b-47ef-b841-8d78ed145074,1014,103,09,,Kristen,Shiple,4639 S MAY AVE,,TOLEDO,OH,43614-5318
Toledo Auto Care,PRO,aad3590f79ac44aca4f16dc7cb1afedb,ba3f9ca9-df90-47de-bb47-245d0ccc7910,1014,103,9,,Taylor,Carrick,19 OTTAWA LANDINGS DR APT 303,,TOLEDO,OH,43607-2423
Toledo Auto Care,PRO,aad3590f79ac44aca4f16dc7cb1afedb,595566ab-20ba-46d5-8e0b-ec786c6767f6,1014,103,09,,Stuart,Jackson,3006 W COURSE RD,,MAUMEE,OH,43537-9709
Toledo Auto Care,PRO,aad3590f79ac44aca4f16dc7cb1afedb,06c81f03-6392-4977-8382-9bae33c6c806,1014,103,09,,Katrina,Bragg,1311 FITCHLAND AVE,,TOLEDO,OH,43606-4719
Toledo Auto Care,PRO,aad3590f79ac44aca4f16dc7cb1afedb,93a9b7db-a912-49d2-b996-e50a46809c87,1014,103,9,,David,Collins,4838 LAUREL HILL PL,,TOLEDO,OH,43614-3273
Toledo Auto Care,PRO,aad3590f79ac44aca4f16dc7cb1afedb,c340955b-5dd0-4001-bda1-f1f5dea6f781,1014,103,09,,Hannah,Allison,2719 MICHAM RD,,TOLEDO,OH,43615-1941
Toledo Auto Care,PRO,aad3590f79ac44aca4f16dc7cb1afedb,73bac773-147f-482c-b707-9f0a7b341ae0,1014,103,9,,Rob,Swartz,3312 BEVERLY DR,,TOLEDO,OH,43614-4103
Toledo Auto Care,PRO,aad3590f79ac44aca4f16dc7cb1afedb,b83480f0-4f8b-4ba6-8049-84347d1081bd,1014,103,9,,Keith,Kurtz,6710 INGLEWOOD RD,,HOLLAND,OH,43528-9575
Toledo Auto Care,PRO,aad3590f79ac44aca4f16dc7cb1afedb,a98a5b8c-8739-4c65-b98c-d37fed621b36,1014,103,9,,Matt,Woldenberg,110 ROCHELLE RD,,TOLEDO,OH,43615-9037
Toledo Auto Care,PRO,aad3590f79ac44aca4f16dc7cb1afedb,16f0d7df-38a8-4f53-abfe-ffcaea32e049,1014,103,9,,Lamar,Whitlock,5464 GLENRIDGE DR,,TOLEDO,OH,43614-1608
Toledo Auto Care,PRO,aad3590f79ac44aca4f16dc7cb1afedb,5c50c135-aa1e-489e-a6b5-81f6e13608a1,1014,103,9,,Yvette,Webb,4720 GLENDALE AVE APT 107,,TOLEDO,OH,43614-1922
Toledo Auto Care,PRO,aad3590f79ac44aca4f16dc7cb1afedb,1990332a-91b9-4d3c-bc5e-942c3ed716b9,1014,103,09,,Mark,Dwyer,1611 EATON DR,,TOLEDO,OH,43614-3429
Toledo Auto Care,PRO,aad3590f79ac44aca4f16dc7cb1afedb,a53eeafa-2b21-4d7d-a08b-8d8fbe2112c8,1014,103,09,,Mark,Keller,613 MCINTYRE LN,,MAUMEE,OH,43537-2425
Toledo Auto Care,PRO,aad3590f79ac44aca4f16dc7cb1afedb,6cf48b5f-634e-42c8-8ea6-b22827d9d252,1014,103,09,,Paul,Dye,4743 VILLAGE LN,,TOLEDO,OH,43614-1840
Toledo Auto Care,PRO,aad3590f79ac44aca4f16dc7cb1afedb,8aa485c3-f3ce-428d-8769-79114e5eb576,1014,103,9,,Jeannie,Sinila,3375 AIRPORT HWY APT 22,,TOLEDO,OH,43609-1464
Toledo Auto Care,PRO,aad3590f79ac44aca4f16dc7cb1afedb,0546dfb4-c9e6-4277-9cff-9f428055b69c,1014,103,09,,Steve,Palazzolo,2423 S HOLLAND SYLVANIA RD APT 176,,MAUMEE,OH,43537-1440
Toledo Auto Care,PRO,aad3590f79ac44aca4f16dc7cb1afedb,b2d699e7-4e59-4466-8f40-f283fee6abfb,1014,103,09,,Brian,Carder,2821 BYRNWYCK W,,MAUMEE,OH,43537-9719
Toledo Auto Care,PRO,aad3590f79ac44aca4f16dc7cb1afedb,0ba82d8a-15df-48ab-a674-91f8bbc05f25,1014,103,09,,Jack,Sevrence,9765 MAUMEE WESTERN RD,,MONCLOVA,OH,43542-9518
Toledo Auto Care,PRO,aad3590f79ac44aca4f16dc7cb1afedb,af2158ac-2f61-40fb-9bd6-3b4a354286ee,1014,103,9,,Margaret,Williams,2530 HEATHER HILLS RD APT A,,TOLEDO,OH,43614-4709
Toledo Auto Care,PRO,aad3590f79ac44aca4f16dc7cb1afedb,23f31dd2-29f5-4c8a-8ea3-b2b03daf5aee,1014,103,9,,Veronica,Blanchard,5431 CRESTHAVEN LN APT D3,,TOLEDO,OH,43614-1223
Toledo Auto Care,PRO,aad3590f79ac44aca4f16dc7cb1afedb,8306e503-4799-4f2d-8326-bd3bb096f802,1014,103,9,,Brittany,Wilkewitz,3028 PEMBERTON DR APT 2,,TOLEDO,OH,43606-2916
Toledo Auto Care,PRO,aad3590f79ac44aca4f16dc7cb1afedb,d9a350ce-c8d1-4730-9022-9bb2f873f4c1,1014,103,09,,Sean,Wernert,640 GREENFIELD DR,,MAUMEE,OH,43537-2414
Toledo Auto Care,PRO,aad3590f79ac44aca4f16dc7cb1afedb,65dd8d8d-1cb9-417e-aec3-017b3d5ac111,1014,103,9,,Kemontez,Collins,662 FEDERAL ST,,TOLEDO,OH,43605-2629
Toledo Auto Care,PRO,aad3590f79ac44aca4f16dc7cb1afedb,f7610140-0937-4035-a1ab-613da3ee642a,1014,103,9,,Nick,Neenan,1920 GARDEN RIDGE DR,,TOLEDO,OH,43614-3056
Toledo Auto Care,PRO,aad3590f79ac44aca4f16dc7cb1afedb,43dddbd9-1076-470a-ac5e-8e8478515313,1014,103,09,,Stephanie,Pedigo,2423 S HOLLAND SYLVANIA RD APT 10,,MAUMEE,OH,43537-1410
Toledo Auto Care,PRO,aad3590f79ac44aca4f16dc7cb1afedb,a7ed8fc6-778d-4ceb-a50d-56c5f7927c6c,1014,103,9,,Jim,Dennison,6543 DANNY LN,,MAUMEE,OH,43537-1218
Toledo Auto Care,PRO,aad3590f79ac44aca4f16dc7cb1afedb,ade3fdcf-3a94-4cdb-8db7-e5882a1014cc,1014,103,9,,Gloria,Cassity,3427 BEVERLY DR APT 2,,TOLEDO,OH,43614-4124
