Shop Name,Software,SID,CID,WSID,WCID,MBdayMo,TBdayMo,First,Last,Address,Address2,City,St,Zip
Toledo Auto Care,PRO,aad3590f79ac44aca4f16dc7cb1afedb,d87bdc2c-c39b-465a-8e5c-6f249f6db3a4,1014,103,3,,Doug,Greenoe,7813 WINTER SWEET DR,,HOLLAND,OH,43528-8345
Toledo Auto Care,PRO,aad3590f79ac44aca4f16dc7cb1afedb,25a3542d-ad0d-4063-b054-1c6738249a19,1014,103,3,,Karen,Runyon,2447 TIFFIN AVE,,FINDLAY,OH,45840-8672
Toledo Auto Care,PRO,aad3590f79ac44aca4f16dc7cb1afedb,480e7b70-25b2-46ed-ac3e-cbb460db9c3c,1014,103,3,,Deja,Jones,7533 178TH STREET CT E,,PUYALLUP,WA,98375-3305
Toledo Auto Care,PRO,aad3590f79ac44aca4f16dc7cb1afedb,a5c1eefd-12f8-44c2-a080-7d0845453b9c,1014,103,3,,Sandra,Lewis,2726 SANDALWOOD AVE,,TOLEDO,OH,43614-5539
Toledo Auto Care,PRO,aad3590f79ac44aca4f16dc7cb1afedb,3f7e79ad-de9b-46f3-8d6b-cbe91942406c,1014,103,03,,Glenn,Burel,5440 HEATHERDOWNS BLVD APT 13,,TOLEDO,OH,43614-4648
Toledo Auto Care,PRO,aad3590f79ac44aca4f16dc7cb1afedb,a6d8173d-a4e0-4a26-b4b1-8d6b42eb5a40,1014,103,3,,Taylor,Rife,7805 HARALSON CT,,HOLLAND,OH,43528-8084
Toledo Auto Care,PRO,aad3590f79ac44aca4f16dc7cb1afedb,70503fb3-ca93-4280-bd52-70fa243d9573,1014,103,3,,Korinn,Stork,4364 LYMAN AVE,,TOLEDO,OH,43612-2147
Toledo Auto Care,PRO,aad3590f79ac44aca4f16dc7cb1afedb,bdb7c48f-3d23-4d25-92c3-a221c015d39a,1014,103,03,,Andre,Cumberland,5702 ANGOLA RD LOT 239,,TOLEDO,OH,43615-6364
Toledo Auto Care,PRO,aad3590f79ac44aca4f16dc7cb1afedb,d673f3d5-23de-4833-b98c-d4704531170b,1014,103,3,,Richard,Elizondo,6638 SANTO LN,,MAUMEE,OH,43537-1249
Toledo Auto Care,PRO,aad3590f79ac44aca4f16dc7cb1afedb,3a8ecde9-c5f2-4a09-902c-2cd022e34aaf,1014,103,3,,Tim,Harris,6201 GARDEN RD,,MAUMEE,OH,43537-1533
Toledo Auto Care,PRO,aad3590f79ac44aca4f16dc7cb1afedb,7a8632e6-d243-4f87-accd-f60eca7ea575,1014,103,3,,Craig,Felzer,1721 HEATHERDOWNS BLVD,,TOLEDO,OH,43614-3935
Toledo Auto Care,PRO,aad3590f79ac44aca4f16dc7cb1afedb,19222ad6-6630-4d9d-abf3-9316bd1c8138,1014,103,3,,Mitchel,Horn,2960 W CENTRAL AVE APT 118,,TOLEDO,OH,43606-3028
Toledo Auto Care,PRO,aad3590f79ac44aca4f16dc7cb1afedb,3296a294-f680-4408-a2fe-1e49eee49164,1014,103,3,,Tiffany,Arnett,4311 DEERWOOD LN,,TOLEDO,OH,43615-5406
Toledo Auto Care,PRO,aad3590f79ac44aca4f16dc7cb1afedb,c3b02269-8698-44fc-9971-307e1bbaaaab,1014,103,3,,Martha,Evans,12165 SOUL RD,,SWANTON,OH,43558-9422
Toledo Auto Care,PRO,aad3590f79ac44aca4f16dc7cb1afedb,db4ac1f5-7a5d-4d5e-b9d9-63220c2c16c6,1014,103,3,,Jacob,Hodgson,28319 BROOKSIDE LN,,MILLBURY,OH,43447-9725
Toledo Auto Care,PRO,aad3590f79ac44aca4f16dc7cb1afedb,466bb7c7-0c96-4220-83bb-a08b19a4bd93,1014,103,3,,Aaron,Maassel,5713 COREY CV,,SYLVANIA,OH,43560-2734
Toledo Auto Care,PRO,aad3590f79ac44aca4f16dc7cb1afedb,1d66b4f1-5f01-4bd6-aa8d-ab75b74ba9a0,1014,103,03,,Ken,Salva,1065 GARDEN LAKE PKWY APT 116,,TOLEDO,OH,43614-2695
Toledo Auto Care,PRO,aad3590f79ac44aca4f16dc7cb1afedb,bb77fd8f-dde8-49bb-b3f3-82363a84edea,1014,103,3,,Charles,Morbeck,537 GREENFIELD DR,,MAUMEE,OH,43537-2353
Toledo Auto Care,PRO,aad3590f79ac44aca4f16dc7cb1afedb,f14820ab-4fb5-4993-ac42-c91ce0978dbe,1014,103,3,,David,Brown,2325 ROCKSPRING RD,,TOLEDO,OH,43614-1659
Toledo Auto Care,PRO,aad3590f79ac44aca4f16dc7cb1afedb,d8b27990-0286-4044-87c9-68c3077a2da5,1014,103,3,,Lester,Hankerson,637 W CENTRAL AVE,,TOLEDO,OH,43610-1609
Toledo Auto Care,PRO,aad3590f79ac44aca4f16dc7cb1afedb,33753262-5922-4e7f-991b-06fd8141dd94,1014,103,3,,Ed,Ball,PO BOX 313,,WATERVILLE,OH,43566-0313
Toledo Auto Care,PRO,aad3590f79ac44aca4f16dc7cb1afedb,5b718e65-9cb9-4c53-97fd-086fc797dc41,1014,103,3,,Maddison,Phillips,6226 W WYANDOTTE RD,,MAUMEE,OH,43537-1336
Toledo Auto Care,PRO,aad3590f79ac44aca4f16dc7cb1afedb,f9ee93f9-2f60-4f74-b497-253f8802f3c6,1014,103,3,,Nahla,Bittar,2151 MCINTOSH DR,,HOLLAND,OH,43528-7932
Toledo Auto Care,PRO,aad3590f79ac44aca4f16dc7cb1afedb,b88f952b-81af-4f08-a4b6-bb722ffa6a6d,1014,103,3,,Rachelle,Fane,129 MELODY LN,,TOLEDO,OH,43615-6009
Toledo Auto Care,PRO,aad3590f79ac44aca4f16dc7cb1afedb,578bfc59-014d-4002-ac42-e0a3af126b67,1014,103,3,,Mason,Jessing,5900 N RIVER RD APT 20,,WATERVILLE,OH,43566-9763
Toledo Auto Care,PRO,aad3590f79ac44aca4f16dc7cb1afedb,cd3f436e-8ab4-4c9f-ada8-4b877e59f53e,1014,103,3,,Robert,Abele,172 CHESTERFIELD LN APT 7,,MAUMEE,OH,43537-4302
Toledo Auto Care,PRO,aad3590f79ac44aca4f16dc7cb1afedb,9b8a69d7-b32c-4670-88ad-710e7eec9a0a,1014,103,03,,Fred,Pease,6818 FENWYCK RD APT 17,,MAUMEE,OH,43537-9009
Toledo Auto Care,PRO,aad3590f79ac44aca4f16dc7cb1afedb,19ecf94c-19eb-4b1a-ad76-e3f9e4bbbe46,1014,103,3,,Kelly,Easterwood,1434 PICADILLY LN APT C116,,MAUMEE,OH,43537-2236
Toledo Auto Care,PRO,aad3590f79ac44aca4f16dc7cb1afedb,9d200d02-b669-47a7-9813-dd5823d415cb,1014,103,3,,Diante,Bogan,6348 GLENHURST DR APT 5,,MAUMEE,OH,43537-4142
Toledo Auto Care,PRO,aad3590f79ac44aca4f16dc7cb1afedb,29e0d293-39e1-46b1-b88a-68875a7be480,1014,103,3,,Evan,Veler,4550 COPLAND BLVD,,TOLEDO,OH,43614-5205
Toledo Auto Care,PRO,aad3590f79ac44aca4f16dc7cb1afedb,935a8daf-88d5-4a53-bbbc-f161d519e16d,1014,103,3,,Phanthalasy,Dylan,5702 ANGOLA RD LOT 155,,TOLEDO,OH,43615-6357
Toledo Auto Care,PRO,aad3590f79ac44aca4f16dc7cb1afedb,3dafef47-e448-409c-9118-f4d0003db19c,1014,103,03,,Deon,Oglesby,2360 CHEYENNE BLVD APT 9,,TOLEDO,OH,43614-1713
Toledo Auto Care,PRO,aad3590f79ac44aca4f16dc7cb1afedb,d44ac1e7-96b1-42aa-8cd4-cf46afd05f8f,1014,103,3,,Shakiya,Simmons,407 W ABERDEEN DR,,HOLLAND,OH,43528-8120
Toledo Auto Care,PRO,aad3590f79ac44aca4f16dc7cb1afedb,d2ac5aab-b51d-43fe-b3a0-7268d49790ad,1014,103,03,,Debbie,Yager,1757 PARKWAY DR S,,MAUMEE,OH,43537-2618
Toledo Auto Care,PRO,aad3590f79ac44aca4f16dc7cb1afedb,a64d21c1-d146-4f8e-887c-9f274c4994d6,1014,103,3,,Brian,Engel,162 CHESTERFIELD LN,,MAUMEE,OH,43537-3854
Toledo Auto Care,PRO,aad3590f79ac44aca4f16dc7cb1afedb,43f998be-7af4-4e2f-9aca-c37f28ccccde,1014,103,3,,Kevin,Bowles,1142 FOUR SEASONS DR APT 2,,TOLEDO,OH,43615-9207
Toledo Auto Care,PRO,aad3590f79ac44aca4f16dc7cb1afedb,9a6ef964-4db6-4e20-a3f0-789a3f361b91,1014,103,3,,Mike,Williamson,2028 HUNTLEY ST,,HOLLAND,OH,43528-9607
Toledo Auto Care,PRO,aad3590f79ac44aca4f16dc7cb1afedb,227d1ac5-1a97-4361-bb72-bd762e5418a5,1014,103,3,,Dustin,Lundewall,6684 MILL RIDGE RD,,MAUMEE,OH,43537-9658
Toledo Auto Care,PRO,aad3590f79ac44aca4f16dc7cb1afedb,31eee127-c73c-47ea-89e6-02f53d765f60,1014,103,3,,Jay,Spooney,5123 RYAN RD APT 36,,TOLEDO,OH,43614-2074
Toledo Auto Care,PRO,aad3590f79ac44aca4f16dc7cb1afedb,dfc2c7de-e258-412b-a744-f2d905d86354,1014,103,03,,Tyler,Remer,1224 CUBA ST,,TOLEDO,OH,43615-4316
Toledo Auto Care,PRO,aad3590f79ac44aca4f16dc7cb1afedb,13724eb9-be41-4335-bf2c-4bb7c2281aa9,1014,103,3,,Paul,Barringer,4422 COPPER CREEK LN,,TOLEDO,OH,43615-7025
Toledo Auto Care,PRO,aad3590f79ac44aca4f16dc7cb1afedb,9e279cbc-f14c-4e13-a4ad-ca083d515d5c,1014,103,03,,Lashonda,Johnson,624 NESSLEWOOD AVE,,TOLEDO,OH,43610-1618
Toledo Auto Care,PRO,aad3590f79ac44aca4f16dc7cb1afedb,c5f9228c-1f2f-4c07-8093-673c964820cf,1014,103,3,,Rosemary,Smith,6902 KIPLING DR APT A,,HOLLAND,OH,43528-7516
Toledo Auto Care,PRO,aad3590f79ac44aca4f16dc7cb1afedb,18788c03-99f0-4366-b232-7b572de81e90,1014,103,3,,Heather,Barhorst,620 RIVERSIDE DR APT 300,,TOLEDO,OH,43605-2190
Toledo Auto Care,PRO,aad3590f79ac44aca4f16dc7cb1afedb,fa3486d5-fccc-4965-ab79-a5fb6fa558da,1014,103,3,,Theresa,Butler,2228 GARDEN CREEK DR,,MAUMEE,OH,43537-1020
Toledo Auto Care,PRO,aad3590f79ac44aca4f16dc7cb1afedb,fd07f635-6345-4b16-99fb-15f952d5615f,1014,103,3,,Kyran,Buie,4206 S DETROIT AVE,,TOLEDO,OH,43614-5365
Toledo Auto Care,PRO,aad3590f79ac44aca4f16dc7cb1afedb,b0509b68-e256-4b3f-8aa4-1cc87c585e9b,1014,103,3,,Gerard,Shanley,2423 S HOLLAND SYLVANIA RD APT 281,,MAUMEE,OH,43537-1455
Toledo Auto Care,PRO,aad3590f79ac44aca4f16dc7cb1afedb,2cc03b38-d59e-4f41-87a6-807c6ff6f00f,1014,103,3,,Catherine,Bondarenko,5420 HEATHERDOWNS BLVD APT 8,,TOLEDO,OH,43614-4646
Toledo Auto Care,PRO,aad3590f79ac44aca4f16dc7cb1afedb,e57614ae-d3a3-46f8-95e7-0e3a24b481fc,1014,103,3,,Tre,Simms,836 BERRY ST,,TOLEDO,OH,43605-3042
Toledo Auto Care,PRO,aad3590f79ac44aca4f16dc7cb1afedb,dba1e09b-f591-4241-a982-10473a686eed,1014,103,3,,Renee,Foels,1111 KURTZ ST,,MAUMEE,OH,43537-2946
Toledo Auto Care,PRO,aad3590f79ac44aca4f16dc7cb1afedb,f436e5b5-9158-4d93-b2f1-05271f0f2e4a,1014,103,03,,Shawn,Wandersee,222 LASALLE ST,,TOLEDO,OH,43611-3169
Toledo Auto Care,PRO,aad3590f79ac44aca4f16dc7cb1afedb,3848bb95-fad6-461f-b95f-759400b54312,1014,103,3,,Lawrence,McClorrine,2514 BRIAR LN,,TOLEDO,OH,43614-4609
Toledo Auto Care,PRO,aad3590f79ac44aca4f16dc7cb1afedb,0b7b1de2-9ef0-415b-8753-5ed080e7dbee,1014,103,3,,Johnnie,Frazier,4319 KEYGATE DR,,TOLEDO,OH,43614-4882
Toledo Auto Care,PRO,aad3590f79ac44aca4f16dc7cb1afedb,1d9240f0-a020-4afd-bb69-95fdf7a1e20a,1014,103,3,,Jeff,Klett,1071 SHOREWOOD DR,,FREMONT,OH,43420-9307
Toledo Auto Care,PRO,aad3590f79ac44aca4f16dc7cb1afedb,da5da160-3930-4c6b-8763-e6e0cfa5dd42,1014,103,3,,William,Otero,4868 S VILLAGE DR,,TOLEDO,OH,43614-4757
Toledo Auto Care,PRO,aad3590f79ac44aca4f16dc7cb1afedb,8be7c812-3fb4-4def-a54c-85bc9ef910ed,1014,103,03,,Terry,Disher,1402 WINNETTE DR,,TOLEDO,OH,43614-2558
Toledo Auto Care,PRO,aad3590f79ac44aca4f16dc7cb1afedb,40a33702-a8fd-4293-8666-710fe7a9c318,1014,103,3,,Bill,Francis,2400 STATE BLVD,,MAUMEE,OH,43537-3751
Toledo Auto Care,PRO,aad3590f79ac44aca4f16dc7cb1afedb,79574837-42be-43e3-918e-77b4091305a4,1014,103,3,,Mark,Anderson,4435 THACKERAY RD,,MAUMEE,OH,43537-2430
Toledo Auto Care,PRO,aad3590f79ac44aca4f16dc7cb1afedb,b9a6f760-1b10-4193-a481-706aad0e98ad,1014,103,03,,Willie,Vaughn,2355 PLUM LEAF LN,,TOLEDO,OH,43614-1142
Toledo Auto Care,PRO,aad3590f79ac44aca4f16dc7cb1afedb,1115c687-ffa4-4e4b-886f-dfb03e0a3234,1014,103,3,,Emily,Hensley,3827 E 14TH ST,,INDIANAPOLIS,IN,46201-1525
Toledo Auto Care,PRO,aad3590f79ac44aca4f16dc7cb1afedb,681a665a-26e2-404f-b48b-b15040a8044d,1014,103,3,,Jerrika,Jackson,325 CHAMPION ST,,TOLEDO,OH,43609-2012
Toledo Auto Care,PRO,aad3590f79ac44aca4f16dc7cb1afedb,a7032bda-efb0-4e4c-bc96-e36007bc5c92,1014,103,3,,Jim,Malcuit,3035 MUIRFIELD AVE,,TOLEDO,OH,43614-3750
Toledo Auto Care,PRO,aad3590f79ac44aca4f16dc7cb1afedb,1d529edd-f411-4ebe-9006-7db4ab8efbe6,1014,103,3,,Joseph,Forthome,6915 SOUTHPINE CT,,MAUMEE,OH,43537-8301
Toledo Auto Care,PRO,aad3590f79ac44aca4f16dc7cb1afedb,70f07318-4611-497c-bef4-aab3e22ceec5,1014,103,03,,Andrew,Batdorf,9903 CONNOR LAKE CIR,,PERRYSBURG,OH,43551-3005
Toledo Auto Care,PRO,aad3590f79ac44aca4f16dc7cb1afedb,fbe3be0d-d09b-4448-9c2a-0da53a1aa276,1014,103,3,,Becca,Cragin,219 W DUDLEY ST,,MAUMEE,OH,43537-2114
Toledo Auto Care,PRO,aad3590f79ac44aca4f16dc7cb1afedb,ead9abb7-8ebb-4bc1-a163-c9a8a3acd588,1014,103,3,,Mack,Garton,2208 ROCKSPRING RD APT C,,TOLEDO,OH,43614-1645
Toledo Auto Care,PRO,aad3590f79ac44aca4f16dc7cb1afedb,580262d5-29a0-4c4c-a120-196de3082475,1014,103,3,,Tom,Sturniolo,2532 HEATHER HILLS RD APT F,,TOLEDO,OH,43614-4711
Toledo Auto Care,PRO,aad3590f79ac44aca4f16dc7cb1afedb,e3dcc3a9-9dc2-4a0f-a53d-15195cc4426a,1014,103,3,,Ayat,Almansour,2460 OLD STONE CT APT 3,,TOLEDO,OH,43614-2145
Toledo Auto Care,PRO,aad3590f79ac44aca4f16dc7cb1afedb,dfb654bb-c620-4473-a871-be29c4acb40e,1014,103,3,,Mike,Files,4934 STENGEL AVE,,TOLEDO,OH,43614-5259
Toledo Auto Care,PRO,aad3590f79ac44aca4f16dc7cb1afedb,796a37ec-cf1b-462e-b881-fe6121e7439e,1014,103,3,,Shannon,Burks,540 WOODSDALE AVE,,TOLEDO,OH,43609-2960
Toledo Auto Care,PRO,aad3590f79ac44aca4f16dc7cb1afedb,9c5d15a5-d077-44e5-9a34-8e59b85d3868,1014,103,03,,Brian,Pero,1106 RICHLAND ST,,MAUMEE,OH,43537-3236
Toledo Auto Care,PRO,aad3590f79ac44aca4f16dc7cb1afedb,a81d2049-7a69-4dca-ad31-80d85524713a,1014,103,3,,Kevin,Kertesz,1632 ARCHWOOD LN,,TOLEDO,OH,43614-3313
Toledo Auto Care,PRO,aad3590f79ac44aca4f16dc7cb1afedb,d0788188-516f-4e28-977c-22cc8f14b00b,1014,103,3,,Tamara,Rome,3418 GIBRALTER HEIGHTS DR APT P4,,TOLEDO,OH,43609-1232
Toledo Auto Care,PRO,aad3590f79ac44aca4f16dc7cb1afedb,f3d86905-8ac7-4b75-8877-1f30ef807871,1014,103,03,,Willie,Harris,924 PINEWOOD AVE,,TOLEDO,OH,43607-2055
Toledo Auto Care,PRO,aad3590f79ac44aca4f16dc7cb1afedb,f8f44b35-14b5-4d23-a653-0b2129865098,1014,103,3,,Odie,Smith,4719 CHICORY DR,,TOLEDO,OH,43615-9249
Toledo Auto Care,PRO,aad3590f79ac44aca4f16dc7cb1afedb,46d7162d-6f12-4ae5-9e11-97b61b9c87b9,1014,103,3,,Abdulhamid,Alabdullah,1926 N HOLLAND SYLVANIA RD APT 49,,TOLEDO,OH,43615-8004
Toledo Auto Care,PRO,aad3590f79ac44aca4f16dc7cb1afedb,b9995850-c8f3-4c19-8094-df75489f4cdc,1014,103,3,,Praise,Lewis,2584 BRIAR LN,,TOLEDO,OH,43614-4615
Toledo Auto Care,PRO,aad3590f79ac44aca4f16dc7cb1afedb,14ea9899-02bc-400d-9371-0136157c135c,1014,103,3,,Becky,Huebner,1818 GREEN VALLEY DR,,TOLEDO,OH,43614-3216
Toledo Auto Care,PRO,aad3590f79ac44aca4f16dc7cb1afedb,d2cfa10d-6b67-41b1-af24-6206e49ca1cd,1014,103,03,,Rachel,Smith,744 BUTTERFIELD DR,,TOLEDO,OH,43615-6518
Toledo Auto Care,PRO,aad3590f79ac44aca4f16dc7cb1afedb,64fb0e2e-f716-4b39-a885-92034125bc82,1014,103,03,,Chris,Osment,2071 THORNAPPLE DR,,TOLEDO,OH,43614-3067
Toledo Auto Care,PRO,aad3590f79ac44aca4f16dc7cb1afedb,bbf66de6-842f-4f4e-af2f-7514fddfb3ce,1014,103,3,,Jordan,Hanna,3519 ALMEDA DR,,TOLEDO,OH,43612-1048
Toledo Auto Care,PRO,aad3590f79ac44aca4f16dc7cb1afedb,743df9cb-ddfe-4f62-b4cc-06be71cef43f,1014,103,3,,Audrey,Ellis,5429 GLENRIDGE DR,,TOLEDO,OH,43614-1609
Toledo Auto Care,PRO,aad3590f79ac44aca4f16dc7cb1afedb,e0ecffad-2175-463b-91fc-cb992ba3227b,1014,103,3,,Dijon,Greenwade,332 14TH ST APT 301,,TOLEDO,OH,43604-7705
Toledo Auto Care,PRO,aad3590f79ac44aca4f16dc7cb1afedb,79ab5107-7200-4c0e-90e3-6423e663044b,1014,103,03,,Jalen,Phelps,4829 VILLAGE LN APT 22,,TOLEDO,OH,43614-1852
Toledo Auto Care,PRO,aad3590f79ac44aca4f16dc7cb1afedb,cc707b91-aff4-45ce-bba2-728f2c77dcae,1014,103,3,,Raymond,Schneider,4917 HEATHERDOWNS BLVD APT 8,,TOLEDO,OH,43614-2168
Toledo Auto Care,PRO,aad3590f79ac44aca4f16dc7cb1afedb,9ca6c603-aa8c-487c-887c-4ea6a9ea3852,1014,103,03,,Tom,Rosenbalm,2174 CHADBURY LN,,TOLEDO,OH,43614-1120
Toledo Auto Care,PRO,aad3590f79ac44aca4f16dc7cb1afedb,15f5fa7f-cc19-486f-8540-6aceb443bfe2,1014,103,3,,Telshia,Chestnutt,5825 SPRING HOLLOW DR,,TOLEDO,OH,43615-7906
Toledo Auto Care,PRO,aad3590f79ac44aca4f16dc7cb1afedb,681f08ee-aead-4c34-8722-8a01c80caed7,1014,103,03,,Andy,Leemaster,6424 GLENHURST DR APT 8,,MAUMEE,OH,43537-4135
Toledo Auto Care,PRO,aad3590f79ac44aca4f16dc7cb1afedb,f7d8848e-5f4d-4a37-a926-bcd22ccb7910,1014,103,3,,Arun,Rawat,521 GREENFIELD DR,,MAUMEE,OH,43537-2353
Toledo Auto Care,PRO,aad3590f79ac44aca4f16dc7cb1afedb,1b8ba289-090b-489b-95b5-265d6d14971e,1014,103,3,,Joshua,Moore,3165 BRIGHAM ST,,TOLEDO,OH,43608-2121
Toledo Auto Care,PRO,aad3590f79ac44aca4f16dc7cb1afedb,9dd0081f-6fdb-4899-ba79-057d54e6510a,1014,103,3,,Fred,Figy,7730 PILLIOD RD,,HOLLAND,OH,43528-8077
Toledo Auto Care,PRO,aad3590f79ac44aca4f16dc7cb1afedb,194476f2-686d-42b0-8bd1-e765df78e0e3,1014,103,3,,Nora,Evarts,PO BOX 895,,SYLVANIA,OH,43560-0895
Toledo Auto Care,PRO,aad3590f79ac44aca4f16dc7cb1afedb,a4767953-f52a-4ae5-a516-f53ed3eb32c5,1014,103,3,,Lamont,Russell,3810 REVERE DR,,TOLEDO,OH,43612-1108
Toledo Auto Care,PRO,aad3590f79ac44aca4f16dc7cb1afedb,e151c4f0-46eb-4697-8855-ef798c847d7f,1014,103,3,,Stephanie,Brown,86 W FOXRUN ST,,HOLLAND,OH,43528-9340
Toledo Auto Care,PRO,aad3590f79ac44aca4f16dc7cb1afedb,ba004f15-8168-4e0a-9eaf-6ed0d252b95c,1014,103,3,,Cindy,Schirack,1961 FIRLAWN DR,,TOLEDO,OH,43614-3519
Toledo Auto Care,PRO,aad3590f79ac44aca4f16dc7cb1afedb,b142e437-a18c-4392-b94a-cb224a087bca,1014,103,3,,John,Meyer,918 SIBLEY RD,,TOLEDO,OH,43615-4655
Toledo Auto Care,PRO,aad3590f79ac44aca4f16dc7cb1afedb,81e2a806-3724-4db7-9111-e7aa9e5328fb,1014,103,3,,Stephen,Simkus,175 NISSEN RD,,GENOA,OH,43430-9795
Toledo Auto Care,PRO,aad3590f79ac44aca4f16dc7cb1afedb,fafdafdc-3e33-4f75-a36a-ff0c199237ea,1014,103,3,,Zakiyyah,Muhammad,2364 CHEYENNE BLVD APT 6,,TOLEDO,OH,43614-1716
Toledo Auto Care,PRO,aad3590f79ac44aca4f16dc7cb1afedb,8e02679a-a2b5-43bb-bc18-88894a4f7f42,1014,103,3,,Robert,Bundy,3817 TALL OAKS RD,,TOLEDO,OH,43614-5019
Toledo Auto Care,PRO,aad3590f79ac44aca4f16dc7cb1afedb,05056c1c-f7e7-4fbf-8cb6-024c9b5866c2,1014,103,3,,Carl,Martin,4929 HEATHERDOWNS BLVD APT 2,,TOLEDO,OH,43614-2173
Toledo Auto Care,PRO,aad3590f79ac44aca4f16dc7cb1afedb,142b8fc6-a768-4ece-927e-ed48b3c8a4b7,1014,103,03,,Roger,Kwapich,4014 SECLUDED RAVINE CT,,MAUMEE,OH,43537-9282
Toledo Auto Care,PRO,aad3590f79ac44aca4f16dc7cb1afedb,93d4a83e-88be-4277-8ad9-d9962d56ee3d,1014,103,3,,Frank,Stocum,6413 GLENHURST DR APT 1,,MAUMEE,OH,43537-4131
Toledo Auto Care,PRO,aad3590f79ac44aca4f16dc7cb1afedb,0a06a6c2-5bb8-4b94-abf7-68745d6ec369,1014,103,3,,Sandra,Tripp,5651 BROOK CLIFFE RD,,TOLEDO,OH,43614-1114
Toledo Auto Care,PRO,aad3590f79ac44aca4f16dc7cb1afedb,1434e9c6-4bb2-4208-b4db-229d42694a11,1014,103,03,,Perce,Gist,2362 EASTGATE RD,,TOLEDO,OH,43614-3046
Toledo Auto Care,PRO,aad3590f79ac44aca4f16dc7cb1afedb,6060c7bb-517e-4762-8b59-6b9a6316a5d1,1014,103,03,,Dawn,Williams,3259 MAETERLINCK AVE,,TOLEDO,OH,43614-3841
Toledo Auto Care,PRO,aad3590f79ac44aca4f16dc7cb1afedb,d7945b51-c0ac-48ad-8aa1-ab8ad72123f8,1014,103,03,,Mark,Vantress,5430 HEATHERDOWNS BLVD APT 1,,TOLEDO,OH,43614-4647
Toledo Auto Care,PRO,aad3590f79ac44aca4f16dc7cb1afedb,7abbafb5-886e-4138-b234-f6b6621a0469,1014,103,3,,Jesse,Almazni,2658 ARLETTA ST,,TOLEDO,OH,43613-2616
Toledo Auto Care,PRO,aad3590f79ac44aca4f16dc7cb1afedb,2ca8651a-dd17-4e44-af1b-bef01035bd9c,1014,103,3,,Carl,Beckman,5365 GLENRIDGE DR APT 201,,TOLEDO,OH,43614-1604
Toledo Auto Care,PRO,aad3590f79ac44aca4f16dc7cb1afedb,6635578c-4f51-416e-8413-447116c3a092,1014,103,03,,Jordan,Karl,1713 CASS RD,,MAUMEE,OH,43537-2330
Toledo Auto Care,PRO,aad3590f79ac44aca4f16dc7cb1afedb,e43d7391-e0cb-4614-ada7-2c975e0389e7,1014,103,3,,Danny,Witcher,1938 CALUMET AVE,,TOLEDO,OH,43607-1605
Toledo Auto Care,PRO,aad3590f79ac44aca4f16dc7cb1afedb,9c3bb0f8-12a2-435f-9530-5b4c2b536508,1014,103,3,,Charles,Buchanan,524 NIAGARA AVE,,HOLLAND,OH,43528-7885
Toledo Auto Care,PRO,aad3590f79ac44aca4f16dc7cb1afedb,1ff64705-a04a-4757-9025-fbcfe6de9c0d,1014,103,3,,Jo,Lewis,2571 BRIAR LN APT A,,TOLEDO,OH,43614-4625
Toledo Auto Care,PRO,aad3590f79ac44aca4f16dc7cb1afedb,9dc08af8-0d02-44ad-83d4-14edac9f182c,1014,103,03,,Tasia,Allen,2323 CHEYENNE BLVD APT 1,,TOLEDO,OH,43614-1704
Toledo Auto Care,PRO,aad3590f79ac44aca4f16dc7cb1afedb,c07d2eb8-5f83-42c4-9076-787690b417ef,1014,103,03,,John,Gunn,1121 SLATER ST,,TOLEDO,OH,43612-2805
Toledo Auto Care,PRO,aad3590f79ac44aca4f16dc7cb1afedb,954fbc1e-f874-4dd8-96a3-fa59a151d55f,1014,103,3,,Marcus,Shockley,5464 HEATHERDOWNS BLVD APT 4,,TOLEDO,OH,43614-4651
Toledo Auto Care,PRO,aad3590f79ac44aca4f16dc7cb1afedb,c042ffbc-6c5e-4cdc-96b9-22e7f79c8838,1014,103,3,,Natalie,Rosas,908 HARDING DR,,TOLEDO,OH,43609-3212
Toledo Auto Care,PRO,aad3590f79ac44aca4f16dc7cb1afedb,b2813adc-7b1a-4cdd-8d6d-b406753d8bb5,1014,103,3,,Zara,Akkuly,3907 AIRPORT HWY APT 37,,TOLEDO,OH,43615-7135
Toledo Auto Care,PRO,aad3590f79ac44aca4f16dc7cb1afedb,254f1253-42d8-42a5-ad52-8b00c590e884,1014,103,3,,Will,Smith,6201 GARDEN RD APT A5,,MAUMEE,OH,43537-1507
Toledo Auto Care,PRO,aad3590f79ac44aca4f16dc7cb1afedb,d67ef1e1-57f6-4bae-9151-c5dbbd5001cc,1014,103,3,,Elijah,Staton,118 EMERY ST,,TOLEDO,OH,43609-2023
Toledo Auto Care,PRO,aad3590f79ac44aca4f16dc7cb1afedb,f58f2ca6-2e86-4483-9624-ea568fff9fb9,1014,103,3,,Brittney,Loya,265 SOUTHWOOD DR,,PERRYSBURG,OH,43551-1844
Toledo Auto Care,PRO,aad3590f79ac44aca4f16dc7cb1afedb,d624e3aa-8e14-45f7-8f78-d237768f22be,1014,103,3,,Bontia,Adams,1707 WATKINS DR,,TOLEDO,OH,43614-2646
Toledo Auto Care,PRO,aad3590f79ac44aca4f16dc7cb1afedb,eeb80275-fa2e-489c-aa13-bd5ec806a4ba,1014,103,3,,Alicia,Fiaher,135 SUNSET BLVD,,TOLEDO,OH,43612-2523
Toledo Auto Care,PRO,aad3590f79ac44aca4f16dc7cb1afedb,f796794f-bce3-4032-bac2-f11e9f3e238f,1014,103,03,,Mike,Sifuentes,3741 OAK FOREST DR,,TOLEDO,OH,43614-3442
Toledo Auto Care,PRO,aad3590f79ac44aca4f16dc7cb1afedb,ff4a2d7e-846e-4163-bacd-a7566bf500ba,1014,103,3,,Alexa,Fisher,4864 S VILLAGE DR APT 5,,TOLEDO,OH,43614-4755
Toledo Auto Care,PRO,aad3590f79ac44aca4f16dc7cb1afedb,016e3801-ea57-404c-b4b8-1821bac0a6e6,1014,103,3,,Adam,Smith,660 ASHBURY DR,,PERRYSBURG,OH,43551-2971
Toledo Auto Care,PRO,aad3590f79ac44aca4f16dc7cb1afedb,38980516-2920-4057-aeb0-cacb3b89e7c8,1014,103,3,,Lorenda,Schrickel,1841 WINSTON BLVD,,TOLEDO,OH,43614-3931
Toledo Auto Care,PRO,aad3590f79ac44aca4f16dc7cb1afedb,705c3b99-47b2-4b47-bb15-9551084472a6,1014,103,3,,Sheronda,Haynes,2254 WINTERSET DR,,TOLEDO,OH,43614-1253
Toledo Auto Care,PRO,aad3590f79ac44aca4f16dc7cb1afedb,ebbb1493-506a-4bb6-be0e-6114891dd73a,1014,103,3,,Ray,Oberhauser,6639 WILLOWOOD AVE,,MAUMEE,OH,43537-1142
Toledo Auto Care,PRO,aad3590f79ac44aca4f16dc7cb1afedb,02a7c700-2490-4b3d-b6e9-73629c3b6c08,1014,103,3,,Brenda,Jones,2008 COPLEY DR,,TOLEDO,OH,43615-3706
Toledo Auto Care,PRO,aad3590f79ac44aca4f16dc7cb1afedb,dd207fc5-4aa1-424f-8f1f-317a9c4a0d9b,1014,103,03,,Amanda,Verheeck,4 PARK LN,,BEAUMONT,TX,77706-7800
Toledo Auto Care,PRO,aad3590f79ac44aca4f16dc7cb1afedb,5484fb87-2173-41a9-8751-5cbe81f203b6,1014,103,3,,Justin,Lopez,6141 REO ST,,TOLEDO,OH,43615-5718
Toledo Auto Care,PRO,aad3590f79ac44aca4f16dc7cb1afedb,fc9b1476-855c-4b9a-a262-b2f2b3a3e1b1,1014,103,3,,Jessica,Griffin,1539 MILBURN AVE,,TOLEDO,OH,43606-4413
Toledo Auto Care,PRO,aad3590f79ac44aca4f16dc7cb1afedb,e98e4413-1a6f-44dd-bc39-3102b4f887c3,1014,103,3,,Lindsay,Akens,3254 KILBURN RD,,BERKEY,OH,43504-9631
Toledo Auto Care,PRO,aad3590f79ac44aca4f16dc7cb1afedb,06a21ce2-7b70-4aff-98e3-46ad17cc59cf,1014,103,3,,Torie,Wright,5749 SWAN CREEK DR,,TOLEDO,OH,43614-1105
Toledo Auto Care,PRO,aad3590f79ac44aca4f16dc7cb1afedb,dd493142-9b3e-49bf-87cf-bc36ff7944bb,1014,103,3,,Jacob,Clough,102 COVE LN APT 27,,ROSSFORD,OH,43460-1426
Toledo Auto Care,PRO,aad3590f79ac44aca4f16dc7cb1afedb,4f6ce75c-35ac-40c9-9da6-2dee909c8a58,1014,103,3,,Josh,Jordan,2423 KENMOORE RD,,MAUMEE,OH,43537-1120
Toledo Auto Care,PRO,aad3590f79ac44aca4f16dc7cb1afedb,30fcbc86-1590-410c-ac72-b2b4150e9cb1,1014,103,3,,Jennifer,Blackman,5431 GLENRIDGE DR,,TOLEDO,OH,43614-1609
Toledo Auto Care,PRO,aad3590f79ac44aca4f16dc7cb1afedb,2011502a-a0d7-4372-80cf-fda2af4429b6,1014,103,03,,Walter,Hardy,680 SOUTHFIELD DR,,MAUMEE,OH,43537-2710
Toledo Auto Care,PRO,aad3590f79ac44aca4f16dc7cb1afedb,a265e3a0-73c5-4263-a419-1af66fbf2533,1014,103,03,,Pat,Piper,6645 ECHO VLY,,MAUMEE,OH,43537-9669
Toledo Auto Care,PRO,aad3590f79ac44aca4f16dc7cb1afedb,43dbf0e4-fc7b-4195-839d-9273de66974e,1014,103,3,,Emmanuel,Goytia,6364 GLENHURST DR APT 2,,MAUMEE,OH,43537-4144
Toledo Auto Care,PRO,aad3590f79ac44aca4f16dc7cb1afedb,36fe3a8c-ada5-4685-82dd-cae6bd11171e,1014,103,3,,Garry,Favro,2122 SHERWOOD AVE,,TOLEDO,OH,43614-4349
Toledo Auto Care,PRO,aad3590f79ac44aca4f16dc7cb1afedb,60f09d77-ef78-4eda-9262-e95609626f53,1014,103,03,,Bryan,Hardy,20601 CARIS RD,,BOWLING GREEN,OH,43402-9637
Toledo Auto Care,PRO,aad3590f79ac44aca4f16dc7cb1afedb,fe614e93-3e3d-4474-80e4-fa7ad07ad6cb,1014,103,3,,Kelly,Thomson,6447 BRIXTON RD APT 1,,MAUMEE,OH,43537-1168
Toledo Auto Care,PRO,aad3590f79ac44aca4f16dc7cb1afedb,8adde18a-7e92-4345-9683-037119bd5938,1014,103,3,,Natalie,Zerucha,2359 BELVEDERE DR,,TOLEDO,OH,43614-3010
Toledo Auto Care,PRO,aad3590f79ac44aca4f16dc7cb1afedb,920ead70-547a-488c-a3fe-89f2db2874ae,1014,103,3,,Zach,Feit,7024 ADDISON PL,,TOLEDO,OH,43617-1440
Toledo Auto Care,PRO,aad3590f79ac44aca4f16dc7cb1afedb,8d5c0375-38b9-4b09-9c46-be147869208b,1014,103,3,,Roseann,Lustic,4845 VENTURA DR,,TOLEDO,OH,43615-6135
Toledo Auto Care,PRO,aad3590f79ac44aca4f16dc7cb1afedb,103fa733-71b8-4612-b12c-c9df7357974c,1014,103,3,,Kevin,Brodine,5379 CRESTHAVEN LN,,TOLEDO,OH,43614-1215
Toledo Auto Care,PRO,aad3590f79ac44aca4f16dc7cb1afedb,801d2396-8ef9-447b-8d6d-89ed830f24be,1014,103,03,,Curtis,Turner,5559 CRESTHAVEN LN,,TOLEDO,OH,43614-1212
Toledo Auto Care,PRO,aad3590f79ac44aca4f16dc7cb1afedb,0665d487-76e5-4ab0-9a76-53dbf3313172,1014,103,3,,Tonya,Ruttley,240 21ST ST,,TOLEDO,OH,43604-5137
Toledo Auto Care,PRO,aad3590f79ac44aca4f16dc7cb1afedb,961ea67d-c36f-42f4-a1eb-8e47d2c51317,1014,103,3,,Barry,Ellison,5050 LARKHAVEN DR,,TOLEDO,OH,43623-2056
Toledo Auto Care,PRO,aad3590f79ac44aca4f16dc7cb1afedb,24fa671a-412a-4547-90e8-a33a417145e2,1014,103,03,,John,Mussery,2432 MORNINGDEW BLVD,,MAUMEE,OH,43537-1049
Toledo Auto Care,PRO,aad3590f79ac44aca4f16dc7cb1afedb,07f805e5-d093-4e2f-b0b9-578b237d2f72,1014,103,3,,Glen,Shields,1438 APPOMATTOX DR,,MAUMEE,OH,43537-2602
Toledo Auto Care,PRO,aad3590f79ac44aca4f16dc7cb1afedb,ec94bb7b-dba1-43f4-b711-10cc49524c33,1014,103,3,,Latoya,Jones,2428 OLD STONE CT APT 9,,TOLEDO,OH,43614-2136
Toledo Auto Care,PRO,aad3590f79ac44aca4f16dc7cb1afedb,65bbd027-6662-4df5-ab72-a70e5fdeb17c,1014,103,3,,Matt,Alessi,5883 RYEWYCK DR,,TOLEDO,OH,43614-4549
Toledo Auto Care,PRO,aad3590f79ac44aca4f16dc7cb1afedb,fb442b1f-3dab-42c2-8137-e79e2165973e,1014,103,3,,Karen,Barhite,4106 GRANDE LAKE DR,,MAUMEE,OH,43537-8303
Toledo Auto Care,PRO,aad3590f79ac44aca4f16dc7cb1afedb,91195120-ad17-462d-a704-6836e02b6552,1014,103,3,,Brian,Pesuit,1501 MONROE ST,,TOLEDO,OH,43604-5760
Toledo Auto Care,PRO,aad3590f79ac44aca4f16dc7cb1afedb,e3564a87-fef1-4070-b615-241b51d53384,1014,103,03,,Brian,Middleton,6611 W BANCROFT ST,,TOLEDO,OH,43615-3153
Toledo Auto Care,PRO,aad3590f79ac44aca4f16dc7cb1afedb,cbc079f2-ff42-4c31-a74c-d959d296788c,1014,103,3,,Josh,VonDerohe,1923 KEY ST APT I,,MAUMEE,OH,43537-2511
Toledo Auto Care,PRO,aad3590f79ac44aca4f16dc7cb1afedb,5ceee8fa-bb50-4042-8632-a0a590713a40,1014,103,3,,Patty,Rutter,1009 BOWLES CT APT 4,,MAUMEE,OH,43537-2872
Toledo Auto Care,PRO,aad3590f79ac44aca4f16dc7cb1afedb,ca41117f-45ff-4c37-bf53-4a3e3bc8a11d,1014,103,03,,Myrna,Parker,4616 S PARK LN,,TOLEDO,OH,43614-3164
Toledo Auto Care,PRO,aad3590f79ac44aca4f16dc7cb1afedb,bc96aa06-c194-40fc-a9dc-acd2c789616d,1014,103,3,,Victoria,Raber,5900 N RIVER RD APT 27,,WATERVILLE,OH,43566-9763
Toledo Auto Care,PRO,aad3590f79ac44aca4f16dc7cb1afedb,191d22d9-67e7-432f-9213-c76e29bde658,1014,103,03,,Anthony,Duncan,2138 CHADBURY LN,,TOLEDO,OH,43614-1120
Toledo Auto Care,PRO,aad3590f79ac44aca4f16dc7cb1afedb,7bf553fb-f4e9-4284-9ca3-bbc88a24916c,1014,103,3,,Dimitri,Baumberger,2423 S HOLLAND SYLVANIA RD APT 171,,MAUMEE,OH,43537-1440
Toledo Auto Care,PRO,aad3590f79ac44aca4f16dc7cb1afedb,86591715-80cd-4068-b46c-2c85671f1e3a,1014,103,03,,Laura,Tagle,5427 HEATHERDOWNS BLVD,,TOLEDO,OH,43614-4605
Toledo Auto Care,PRO,aad3590f79ac44aca4f16dc7cb1afedb,90d22c1b-4612-492a-8427-75709b0fe7e5,1014,103,03,,Anthony,Short,5600 CRESTHAVEN LN,,TOLEDO,OH,43614-1261
Toledo Auto Care,PRO,aad3590f79ac44aca4f16dc7cb1afedb,b8ec33ba-ed1e-4f10-afcc-aa05260d7bdd,1014,103,3,,Darnell,Corbitt,PO BOX 10,,TOLEDO,OH,43697-0010
Toledo Auto Care,PRO,aad3590f79ac44aca4f16dc7cb1afedb,9c3f64e3-bd43-46b6-97a3-2e23ff747fec,1014,103,03,,Charletta,Slaughter,1133 BUCKINGHAM ST,,TOLEDO,OH,43607-4415
Toledo Auto Care,PRO,aad3590f79ac44aca4f16dc7cb1afedb,a231616d-fee0-48ba-9c4a-06a0795a977b,1014,103,3,,Jeanine,Visuue,6652 JANEL LN,,MAUMEE,OH,43537-1231
Toledo Auto Care,PRO,aad3590f79ac44aca4f16dc7cb1afedb,54507bd3-57b8-412a-bcef-00108e581b4d,1014,103,03,,Scott,Ammons,7651 BALDWIN CT,,HOLLAND,OH,43528-7933
Toledo Auto Care,PRO,aad3590f79ac44aca4f16dc7cb1afedb,95e4b5d4-9add-482d-ac4b-5d6d9fc1422f,1014,103,03,,Alaina,Ziegler,5955 SWEETWATER CT,,TOLEDO,OH,43614-1023
Toledo Auto Care,PRO,aad3590f79ac44aca4f16dc7cb1afedb,5a72fbd4-5641-4a39-9d8b-67793264a9f7,1014,103,3,,Hudson,McGeorge,5033 LYNBRIDGE LN,,TOLEDO,OH,43614-2042
Toledo Auto Care,PRO,aad3590f79ac44aca4f16dc7cb1afedb,3ff57265-bc1f-4fc4-bf0b-1abb271a7dbb,1014,103,03,,Josh,Winright,2715 GREEN VALLEY DR,,TOLEDO,OH,43614-4986
Toledo Auto Care,PRO,aad3590f79ac44aca4f16dc7cb1afedb,c8b3f215-dfbf-4493-bc4d-4ce6ecd23138,1014,103,03,,David,Leon,2343 WINTERSET DR,,TOLEDO,OH,43614-1256
Toledo Auto Care,PRO,aad3590f79ac44aca4f16dc7cb1afedb,3ce7548d-8179-4dac-8d6c-bfee1a8a6062,1014,103,3,,Kenzie,Crossman,5130 FOXBOURNE RD APT 16,,TOLEDO,OH,43614-2033
Toledo Auto Care,PRO,aad3590f79ac44aca4f16dc7cb1afedb,ff9006b7-bfa3-4226-a3bb-8e34fc5911b0,1014,103,03,,Rich,Roman,24870 PRAIRIE CROSSING LN,,PERRYSBURG,OH,43551-8853
Toledo Auto Care,PRO,aad3590f79ac44aca4f16dc7cb1afedb,44ee4f51-af83-40fd-a0f9-2d13050259e4,1014,103,03,,Linda,Bryant,2 HIDDEN VALLEY DR APT 9,,TOLEDO,OH,43615-5844
Toledo Auto Care,PRO,aad3590f79ac44aca4f16dc7cb1afedb,217ea950-8cd4-42fe-83e9-42b85a05b815,1014,103,03,,Gerald,Loth,5001 SOUTH AVE LOT 236,,TOLEDO,OH,43615-6458
Toledo Auto Care,PRO,aad3590f79ac44aca4f16dc7cb1afedb,6045f057-971d-43d9-b914-558bd862308e,1014,103,3,,Nicole,Whetstone,1354 JUNIOR DR,,MAUMEE,OH,43537-3067
Toledo Auto Care,PRO,aad3590f79ac44aca4f16dc7cb1afedb,16f3effc-da96-43c6-9e7a-9e1129cfa2d7,1014,103,3,,Mike,Linenkugel,7242 COMPASS POINT CT,,MAUMEE,OH,43537-8696
Toledo Auto Care,PRO,aad3590f79ac44aca4f16dc7cb1afedb,38292885-e1b1-40b9-a13f-878c235207aa,1014,103,03,,Kareeme,Webb,6133 HENTHORNE DR,,MAUMEE,OH,43537-1306
Toledo Auto Care,PRO,aad3590f79ac44aca4f16dc7cb1afedb,21d0a80b-ac99-49f4-8d67-d626d2354bea,1014,103,03,,Tyler,Baker,6693 EMBASSY CT,,MAUMEE,OH,43537-9648
Toledo Auto Care,PRO,aad3590f79ac44aca4f16dc7cb1afedb,075534b0-8b86-418b-b494-4e4977e0e50b,1014,103,03,,Sandra,Cvetinovic,5727 TIBARON LN APT 202,,TOLEDO,OH,43615-9257
Toledo Auto Care,PRO,aad3590f79ac44aca4f16dc7cb1afedb,376b2468-e262-4cd4-8ad6-02da530dbc1d,1014,103,3,,Anthony,Collins,6725 W CENTRAL AVE,,TOLEDO,OH,43617-1148
Toledo Auto Care,PRO,aad3590f79ac44aca4f16dc7cb1afedb,a0097649-7aa1-4436-a33c-6c8d94c215d7,1014,103,03,,John,Heinl,1029 SCRIBNER ST,,MAUMEE,OH,43537-3050
Toledo Auto Care,PRO,aad3590f79ac44aca4f16dc7cb1afedb,0f75b77c-f5f7-4382-be4d-91d755f648c7,1014,103,03,,Demarea,Douglas,2262 ROCKSPRING RD APT 26,,TOLEDO,OH,43614-1657
Toledo Auto Care,PRO,aad3590f79ac44aca4f16dc7cb1afedb,4afc7d1a-25c4-4405-9494-b90bf47731c1,1014,103,03,,Marilyn,Krueger,754 E CARISBROOK DR,,MAUMEE,OH,43537-3705
Toledo Auto Care,PRO,aad3590f79ac44aca4f16dc7cb1afedb,a70cbdb7-9d84-4ba0-b3da-88ade644b5e6,1014,103,03,,Diane,Sanzenbacher,2314 WHITECHAPEL DR,,TOLEDO,OH,43614-1156
Toledo Auto Care,PRO,aad3590f79ac44aca4f16dc7cb1afedb,1149aab0-180c-4ffa-b8dd-cd8390e2b4e2,1014,103,3,,Dave,Moyer,2335 GLENROSE LN,,MAUMEE,OH,43537-1112
Toledo Auto Care,PRO,aad3590f79ac44aca4f16dc7cb1afedb,49b36caa-a1b9-4a91-a931-641583070b0c,1014,103,3,,Thomas,Montrie,1936 BRENT VALLEY RD,,HOLLAND,OH,43528-8621
Toledo Auto Care,PRO,aad3590f79ac44aca4f16dc7cb1afedb,5f0ca4df-045f-447e-85e6-edc521467f1e,1014,103,03,,Troy,Zmuda,1326 STANWIX DR,,TOLEDO,OH,43614-2625
Toledo Auto Care,PRO,aad3590f79ac44aca4f16dc7cb1afedb,507641fe-443d-4cf7-a78f-22f4fbf58bb7,1014,103,3,,John,Gray,1929 PORT CLINTON RD,,FREMONT,OH,43420-1315
Toledo Auto Care,PRO,aad3590f79ac44aca4f16dc7cb1afedb,b04c18b7-d8ba-49ed-a430-c941a0c44c6d,1014,103,03,,Alma,Payne,2449 RAGAN WOODS DR,,TOLEDO,OH,43614-1018
Toledo Auto Care,PRO,aad3590f79ac44aca4f16dc7cb1afedb,2f6fbc39-c93f-4391-ac4f-53767156fc12,1014,103,3,,Diane,Kurfis,2432 OLD STONE CT,,TOLEDO,OH,43614-2160
Toledo Auto Care,PRO,aad3590f79ac44aca4f16dc7cb1afedb,f25633fe-aead-4e6b-931b-f13cf2faf1cc,1014,103,3,,Joseph,Cowley,2204 CENTRAL GRV,,TOLEDO,OH,43614-4318
Toledo Auto Care,PRO,aad3590f79ac44aca4f16dc7cb1afedb,fd386c0b-3ec4-4c6b-922c-99dae310fbd5,1014,103,03,,Cheryl,Leonard,7130 ANGOLA RD,,HOLLAND,OH,43528-9631
Toledo Auto Care,PRO,aad3590f79ac44aca4f16dc7cb1afedb,d0ca563d-258e-4358-a493-629ec492e094,1014,103,03,,Kevin,Firsdon,14317 GEORGETOWN DR,,BOWLING GREEN,OH,43402-9338
Toledo Auto Care,PRO,aad3590f79ac44aca4f16dc7cb1afedb,bd019083-190f-4488-a00b-1d9f0ba6bbcb,1014,103,03,,Robert,Herroon,2404 WHITECHAPEL DR,,TOLEDO,OH,43614-1158
Toledo Auto Care,PRO,aad3590f79ac44aca4f16dc7cb1afedb,1d915c13-1a6b-40fd-a13d-04ecc7b19f91,1014,103,03,,David,Eureste,1358 WILDWOOD RD,,TOLEDO,OH,43614-2818
Toledo Auto Care,PRO,aad3590f79ac44aca4f16dc7cb1afedb,3be5e448-8084-4137-a98b-160978382540,1014,103,03,,KeRon,Jones,4858 S VILLAGE DR,,TOLEDO,OH,43614-4752
Toledo Auto Care,PRO,aad3590f79ac44aca4f16dc7cb1afedb,556dba03-2fb0-4501-9ede-c7325745d7a1,1014,103,3,,Edwin,Rivera,3921 AZALEA CIR,,MAUMEE,OH,43537-9191
Toledo Auto Care,PRO,aad3590f79ac44aca4f16dc7cb1afedb,19fb3d8b-24a3-49de-a384-4e10bd2b96dc,1014,103,03,,Rodney,Rhoden,11033 BAYS RD,,CYGNET,OH,43413-9744
Toledo Auto Care,PRO,aad3590f79ac44aca4f16dc7cb1afedb,0f8bc202-5b0d-4e0d-8dc3-7cf0989084da,1014,103,3,,John,Navarre,1763 FALLBROOK RD,,TOLEDO,OH,43614-3251
Toledo Auto Care,PRO,aad3590f79ac44aca4f16dc7cb1afedb,b1ea9ab9-0ccf-4018-9818-b8de1d621f88,1014,103,03,,Jackie,Kessler,1047 GORDON ST,,TOLEDO,OH,43609-2342
Toledo Auto Care,PRO,aad3590f79ac44aca4f16dc7cb1afedb,e82c2864-ef44-460e-a26e-5ccb9801f3ca,1014,103,3,,Joey,Oiler,1305 N HAVEN RD,,TOLEDO,OH,43615-4732
Toledo Auto Care,PRO,aad3590f79ac44aca4f16dc7cb1afedb,abfcca86-26f9-40c1-b8ef-9870fcdf7169,1014,103,3,,Shanesha,McCadney,5904 STAGHORN DR,,TOLEDO,OH,43614-4565
Toledo Auto Care,PRO,aad3590f79ac44aca4f16dc7cb1afedb,15d234d2-c83e-4c6e-9a19-a3ba0b007b5d,1014,103,03,,Glenda,Gabriel,2230 ROCKSPRING RD,,TOLEDO,OH,43614-1642
Toledo Auto Care,PRO,aad3590f79ac44aca4f16dc7cb1afedb,5e98abb1-04d6-43c8-b58a-ddc399360e75,1014,103,03,,Andrea,Fabris,2514 GREENLAWN DR,,TOLEDO,OH,43614-5128
Toledo Auto Care,PRO,aad3590f79ac44aca4f16dc7cb1afedb,19e8ab97-ee7b-4401-b123-eb0dfb6a6bbb,1014,103,03,,Shalon,Carr,1377 PICADILLY LN APT 3,,MAUMEE,OH,43537-3879
Toledo Auto Care,PRO,aad3590f79ac44aca4f16dc7cb1afedb,3e7b51b5-a553-48d4-ba36-d119a1051744,1014,103,3,,Tina,McDermott,1614 RIDGE CROSS RD,,PERRYSBURG,OH,43551-9058
Toledo Auto Care,PRO,aad3590f79ac44aca4f16dc7cb1afedb,6e168bb0-af38-407c-a645-04517c691d8d,1014,103,03,,Sandra,Tucker,2229 MARYANN PL,,TOLEDO,OH,43614-2044
Toledo Auto Care,PRO,aad3590f79ac44aca4f16dc7cb1afedb,66d1d244-5bfd-42e0-a997-8e087b273abb,1014,103,03,,Ruby,Ruiz,910 HARDING DR,,TOLEDO,OH,43609-3212
Toledo Auto Care,PRO,aad3590f79ac44aca4f16dc7cb1afedb,b956b9ba-b396-4e58-bb58-0af5fd320e52,1014,103,3,,Kevin,Kreiner,1735 CHRISTOPHER LN,,MAUMEE,OH,43537-2213
Toledo Auto Care,PRO,aad3590f79ac44aca4f16dc7cb1afedb,0fe3eeaf-3334-4ac8-8818-b3bda27c5484,1014,103,3,,Amber,Walker,818 S 14TH ST,,TOLEDO,OH,43604-8238
Toledo Auto Care,PRO,aad3590f79ac44aca4f16dc7cb1afedb,4fa386a6-4f0b-4db1-8fab-5be77d94f4af,1014,103,3,,Jan,Mills,3218 PENROSE AVE,,TOLEDO,OH,43614-5338
Toledo Auto Care,PRO,aad3590f79ac44aca4f16dc7cb1afedb,732fcad7-7316-49af-acf7-363e19c95567,1014,103,03,,Anna,Price,2342 ROCKSPRING RD,,TOLEDO,OH,43614-1658
Toledo Auto Care,PRO,aad3590f79ac44aca4f16dc7cb1afedb,10b8a4a2-679a-4a10-bac6-1a702820b09f,1014,103,03,,Jenet,Hepler,2215 WHITECHAPEL DR,,TOLEDO,OH,43614-1109
Toledo Auto Care,PRO,aad3590f79ac44aca4f16dc7cb1afedb,8554a804-bc50-43fc-a4e5-1093534f52f7,1014,103,03,,Regina,Culp,1922 FIRLAWN DR,,TOLEDO,OH,43614-3518
Toledo Auto Care,PRO,aad3590f79ac44aca4f16dc7cb1afedb,afeab724-7ec5-4446-be0f-0c360fe646bf,1014,103,3,,Steve,Bell,2230 WILLOWTREE LN,,MAUMEE,OH,43537-2364
Toledo Auto Care,PRO,aad3590f79ac44aca4f16dc7cb1afedb,60b26e60-f86c-4be1-8164-105fc555eac4,1014,103,3,,Marlena,Graves,309 W SOUTH BOUNDARY ST,,PERRYSBURG,OH,43551-1761
Toledo Auto Care,PRO,aad3590f79ac44aca4f16dc7cb1afedb,db141b25-f6fe-41d5-8aca-60f6a9f260bb,1014,103,3,,Chuck,Diegel,405 KENT CT,,MAUMEE,OH,43537-2221
Toledo Auto Care,PRO,aad3590f79ac44aca4f16dc7cb1afedb,0bced386-9075-4d53-bafe-3f4de47ff657,1014,103,03,,Jeff,MacKenzie,5651 KNIGHTSBRIDGE DR,,TOLEDO,OH,43614-1133
Toledo Auto Care,PRO,aad3590f79ac44aca4f16dc7cb1afedb,f07884a5-41db-4ebc-bd4e-533be047e026,1014,103,3,,Ryan,Bell,2258 TANGLEWOOD DR,,TOLEDO,OH,43614-1029
