Shop Name,Software,SID,CID,WSID,WCID,MBdayMo,TBdayMo,First,Last,Address,Address2,City,St,Zip
Toledo Auto Care - Monroe,PRO,3d5591b2efc94b73b7daac6525004764,6275df91-797f-47b2-b9b5-a534acb64f4c,1015,103,3,,Stacey,Macklin,3554 GRANTLEY RD,,TOLEDO,OH,43606-1912
Toledo Auto Care - Monroe,PRO,3d5591b2efc94b73b7daac6525004764,37254bdc-7ec8-46f3-b74f-f1180c23f04b,1015,103,3,,Ken,Franzen,131 REFLECTION CT,,PETERSBURG,MI,49270-9438
Toledo Auto Care - Monroe,PRO,3d5591b2efc94b73b7daac6525004764,cca5e3ff-6dc3-47b7-900d-db0b15050b9b,1015,103,3,,Jay,Cok,706 KINGS ROW AVE,,DAYTON,OH,45429-5908
Toledo Auto Care - Monroe,PRO,3d5591b2efc94b73b7daac6525004764,af4b8ad4-d066-4454-83bf-b8feba0671df,1015,103,3,,Mckayla,Booth,3531 SECOR RD APT 124,,TOLEDO,OH,43606-1529
Toledo Auto Care - Monroe,PRO,3d5591b2efc94b73b7daac6525004764,63ab0fbf-2420-49f4-bdd8-fc90e1626a05,1015,103,3,,Celina,Stevens,3404 MIDDLESEX DR,,TOLEDO,OH,43606-1620
Toledo Auto Care - Monroe,PRO,3d5591b2efc94b73b7daac6525004764,f02548cb-af52-40a3-81f3-850615ba4b88,1015,103,3,,Charles,Hooper,5123 SECOR RD,,TOLEDO,OH,43623-2367
Toledo Auto Care - Monroe,PRO,3d5591b2efc94b73b7daac6525004764,1cc5283b-1107-4d4c-a7df-9cadf7824052,1015,103,3,,Danny,Harris,3544 GRANTLEY RD APT 3,,TOLEDO,OH,43606-1915
Toledo Auto Care - Monroe,PRO,3d5591b2efc94b73b7daac6525004764,0fee5fb2-45ea-445f-8290-b9a4ae6c969c,1015,103,3,,Cole,Council,2647 MEADOWWOOD DR,,TOLEDO,OH,43606-3064
Toledo Auto Care - Monroe,PRO,3d5591b2efc94b73b7daac6525004764,5fbd7eb8-1312-4e34-a548-9af7c1f64362,1015,103,3,,Derick,Newlan,1803 BERKSHIRE PL,,TOLEDO,OH,43613-4623
Toledo Auto Care - Monroe,PRO,3d5591b2efc94b73b7daac6525004764,945650b9-2a9d-4385-a12f-c3b9fd1b6c2d,1015,103,3,,Jordan,Pinardo,1265 GRASSY LN,,ROSSFORD,OH,43460-1525
Toledo Auto Care - Monroe,PRO,3d5591b2efc94b73b7daac6525004764,ccdd741a-4587-4686-bf68-086052b3a3d6,1015,103,3,,Jaymar,Allen,41 OTTAWA LANDINGS DR APT 303,,TOLEDO,OH,43607-2427
Toledo Auto Care - Monroe,PRO,3d5591b2efc94b73b7daac6525004764,dc0b038a-650c-4d82-9bae-4c121026ab0a,1015,103,3,,Jordan,Barnett,2549 REINHARDT RD,,MONROE,MI,48162-9225
Toledo Auto Care - Monroe,PRO,3d5591b2efc94b73b7daac6525004764,1d484886-9322-48ba-82bb-db8c3706ccc7,1015,103,3,,Willy,Hinton,185 PONDEROSA DR,,OREGON,OH,43616-2222
Toledo Auto Care - Monroe,PRO,3d5591b2efc94b73b7daac6525004764,d89a8a66-3c18-43f2-a012-14c2078660d3,1015,103,3,,Dolly,Young,2010 HEATHERWOOD DR,,TOLEDO,OH,43614-3235
Toledo Auto Care - Monroe,PRO,3d5591b2efc94b73b7daac6525004764,0376dc22-b218-41b0-9825-c8b87a865231,1015,103,3,,Jackie,Graham,3645 WILLOW RUN DR,,TOLEDO,OH,43607-2646
Toledo Auto Care - Monroe,PRO,3d5591b2efc94b73b7daac6525004764,7f825a1d-1744-460c-b651-d6e6a14236b5,1015,103,3,,Donna,Deloney,3527 NORTHWOOD AVE,,TOLEDO,OH,43613-5138
Toledo Auto Care - Monroe,PRO,3d5591b2efc94b73b7daac6525004764,a3552572-8faf-4f3d-a303-92d18a818c86,1015,103,3,,Dan,Stewart,3834 LEYBOURN AVE,,TOLEDO,OH,43612-1140
Toledo Auto Care - Monroe,PRO,3d5591b2efc94b73b7daac6525004764,2e80f17e-97b1-4f10-9718-6b19ac85043b,1015,103,3,,Tim,Mooney,4132 GRANTLEY RD,,TOLEDO,OH,43613-3734
Toledo Auto Care - Monroe,PRO,3d5591b2efc94b73b7daac6525004764,ee6aa36c-59d8-45c0-95ce-121fd97cd90f,1015,103,3,,Nicole,Luginbihl,7132 GREENFIELD DR,,WHITEHOUSE,OH,43571-8205
Toledo Auto Care - Monroe,PRO,3d5591b2efc94b73b7daac6525004764,4ad13e70-31cf-4920-9d00-577d0d151a7b,1015,103,3,,William,Collar Sr.,5046 COURVILLE AVE,,TOLEDO,OH,43623-2923
Toledo Auto Care - Monroe,PRO,3d5591b2efc94b73b7daac6525004764,4ee4ad64-98f5-4e57-86e7-a19c291a0ac0,1015,103,3,,Dennis,Mims,444 CRITTENDEN AVE,,TOLEDO,OH,43609-2818
Toledo Auto Care - Monroe,PRO,3d5591b2efc94b73b7daac6525004764,67b1285f-8536-4327-9987-3398b49c68d5,1015,103,3,,Stephine,Bacon,4127 SECOR RD APT 105,,TOLEDO,OH,43623-4201
Toledo Auto Care - Monroe,PRO,3d5591b2efc94b73b7daac6525004764,e31dd01b-76f7-4bdf-97de-7eeb208bc56a,1015,103,3,,Esther,Lee,3301 DRUMMOND RD,,TOLEDO,OH,43606-1672
Toledo Auto Care - Monroe,PRO,3d5591b2efc94b73b7daac6525004764,8b0beda4-2c04-4195-bd17-bb941e932d4e,1015,103,3,,Aliyah,Polster,23766 W MEADOW DR,,GENOA,OH,43430-1028
Toledo Auto Care - Monroe,PRO,3d5591b2efc94b73b7daac6525004764,f232e9b3-2f9a-41cc-850b-e4499d0774ee,1015,103,3,,Mitchel,Horn,2960 W CENTRAL AVE,,TOLEDO,OH,43606-3077
Toledo Auto Care - Monroe,PRO,3d5591b2efc94b73b7daac6525004764,7c6a19f8-e2fc-4eff-9d1b-58e46d86cd2c,1015,103,3,,Sydney,Pfeiffer,2303 SAINT ROBERTS LN,,TOLEDO,OH,43617-2220
Toledo Auto Care - Monroe,PRO,3d5591b2efc94b73b7daac6525004764,9d38d82f-2891-4362-bdd2-435e1ef06131,1015,103,3,,Andrea,Reid,172 METTLER ST,,TOLEDO,OH,43608-2358
Toledo Auto Care - Monroe,PRO,3d5591b2efc94b73b7daac6525004764,3e00bb7f-daaa-4f48-bf25-60a12c9da10c,1015,103,3,,Golden,Woody,2125 MARLOW RD,,TOLEDO,OH,43613-5134
Toledo Auto Care - Monroe,PRO,3d5591b2efc94b73b7daac6525004764,851c756e-9e0e-440f-b2dc-a634feb8416d,1015,103,3,,John,Gray,5644 FAIRVIEW DR,,SYLVANIA,OH,43560-1926
Toledo Auto Care - Monroe,PRO,3d5591b2efc94b73b7daac6525004764,ada2ba3a-a545-4c2e-a3ae-b1dc25d75ea7,1015,103,3,,Tedd,Meyers,3470 GODDARD RD,,TOLEDO,OH,43606-1832
Toledo Auto Care - Monroe,PRO,3d5591b2efc94b73b7daac6525004764,b66988b0-d387-4405-8f68-4e371027bac4,1015,103,3,,Alan,Johnson,7227 GRENLOCK DR,,SYLVANIA,OH,43560-1168
Toledo Auto Care - Monroe,PRO,3d5591b2efc94b73b7daac6525004764,b1c42259-cc18-476e-bd85-50b4d5ae8bef,1015,103,3,,Nicholas,Domschot,4050 ASBURY DR,,TOLEDO,OH,43612-1802
Toledo Auto Care - Monroe,PRO,3d5591b2efc94b73b7daac6525004764,e832cd80-9b64-4308-a131-757d5ee3b964,1015,103,3,,Ryan,Gaines,907 PAXTON ST,,TOLEDO,OH,43608-2564
Toledo Auto Care - Monroe,PRO,3d5591b2efc94b73b7daac6525004764,cf897135-af2d-4eee-8718-c7d5c867d8a9,1015,103,3,,Bob,Lorenz,3838 LOCKWOOD AVE,,TOLEDO,OH,43612-1211
Toledo Auto Care - Monroe,PRO,3d5591b2efc94b73b7daac6525004764,fa5faf56-46fd-4635-8276-ff188f329c3b,1015,103,3,,Andre,Jones,1245 FERNWOOD AVE,,TOLEDO,OH,43607-1872
Toledo Auto Care - Monroe,PRO,3d5591b2efc94b73b7daac6525004764,c924feb7-c17a-45d4-850e-218017f3d2c4,1015,103,3,,Marlene,Brecht,2257 FOUNTAIN CIR,,LAMBERTVILLE,MI,48144-8703
Toledo Auto Care - Monroe,PRO,3d5591b2efc94b73b7daac6525004764,cbe686af-c576-492f-b295-9c166c5422f0,1015,103,3,,Michelle,Force,2333 CASTLEWOOD DR,,TOLEDO,OH,43613-3922
Toledo Auto Care - Monroe,PRO,3d5591b2efc94b73b7daac6525004764,5b9f4542-3d04-46fb-a009-4c9521986c3d,1015,103,03,,Caitlynn,Venis,2756 KENWOOD BLVD APT 204,,TOLEDO,OH,43606-3221
Toledo Auto Care - Monroe,PRO,3d5591b2efc94b73b7daac6525004764,342dfd27-c96f-4975-8575-dd19cf007dd4,1015,103,3,,Sherryl,Klosowski,5549 305TH ST,,TOLEDO,OH,43611-2351
Toledo Auto Care - Monroe,PRO,3d5591b2efc94b73b7daac6525004764,5ae1779b-ca01-4674-9f9e-f3bc168c2a00,1015,103,3,,Kayla,Wright,2080 EASTBROOK DR,,TOLEDO,OH,43613-3965
Toledo Auto Care - Monroe,PRO,3d5591b2efc94b73b7daac6525004764,a541d0b7-f214-457b-92c3-df12044e6225,1015,103,3,,Stacey,Kiprotich,3357 EDGEVALE RD,,TOLEDO,OH,43606-2634
Toledo Auto Care - Monroe,PRO,3d5591b2efc94b73b7daac6525004764,c93b4845-784f-4088-a4b6-33a9594ce772,1015,103,3,,Andrea,Gentry,2033 GLEN ARBOR DR,,TOLEDO,OH,43614-3208
Toledo Auto Care - Monroe,PRO,3d5591b2efc94b73b7daac6525004764,1acb32c1-ad8d-44f7-9f33-cc633a746992,1015,103,3,,Brandon,Hukalo,4059 CLOVER RIDGE CT,,TOLEDO,OH,43623-1240
Toledo Auto Care - Monroe,PRO,3d5591b2efc94b73b7daac6525004764,4ea7c225-7842-48ff-af6a-874b73df23d0,1015,103,3,,Bob,McCarthy,2403 CHELTENHAM RD,,TOLEDO,OH,43606-3202
Toledo Auto Care - Monroe,PRO,3d5591b2efc94b73b7daac6525004764,c41e50d4-558a-45d4-a283-3cedf01ccaa9,1015,103,3,,Emily,Leach,4903 NAOMI DR,,TOLEDO,OH,43623-3844
Toledo Auto Care - Monroe,PRO,3d5591b2efc94b73b7daac6525004764,38de6110-4d02-4a46-b519-7178032dcaa8,1015,103,3,,Sherman,Powell,9445 HILL AVE,,HOLLAND,OH,43528-9763
Toledo Auto Care - Monroe,PRO,3d5591b2efc94b73b7daac6525004764,0c530355-5a44-41f7-8e71-3e7e05188399,1015,103,3,,Edward,Coleman,4153 W CENTRAL AVE,,TOLEDO,OH,43606-2206
Toledo Auto Care - Monroe,PRO,3d5591b2efc94b73b7daac6525004764,2be1d946-cea9-4a41-9ee3-a28916817485,1015,103,3,,Marques,Narciese,2327 BERDAN AVE,,TOLEDO,OH,43613-4921
Toledo Auto Care - Monroe,PRO,3d5591b2efc94b73b7daac6525004764,019df7ea-366c-4d29-bf9b-87232141c3b1,1015,103,3,,Keira,Murray,342 FIELD AVE,,TOLEDO,OH,43609-2765
Toledo Auto Care - Monroe,PRO,3d5591b2efc94b73b7daac6525004764,ca2dfc54-7efd-4e0a-8cb2-28a04ec141c3,1015,103,3,,Rokesha,Fitch,630 CARLTON ST,,TOLEDO,OH,43609-2904
Toledo Auto Care - Monroe,PRO,3d5591b2efc94b73b7daac6525004764,39448788-6d04-4129-b31d-11e332815fa5,1015,103,3,,Vanessa,Jones,4242 N TERRACE VIEW ST,,TOLEDO,OH,43607-1046
Toledo Auto Care - Monroe,PRO,3d5591b2efc94b73b7daac6525004764,828379c4-b222-4832-a667-44a7efc680b1,1015,103,3,,Jack,Dickason,4830 BOWSER DR,,TOLEDO,OH,43613-3004
Toledo Auto Care - Monroe,PRO,3d5591b2efc94b73b7daac6525004764,611af6af-164a-4c2d-bb65-05b209ecc805,1015,103,3,,Thomas,Blevins,4741 VIOLET RD,,TOLEDO,OH,43623-4393
Toledo Auto Care - Monroe,PRO,3d5591b2efc94b73b7daac6525004764,399f77bf-1324-46cb-88ad-0dc557d6e918,1015,103,3,,Heidi,Altomare,3736 MAXWELL RD,,TOLEDO,OH,43613-4815
Toledo Auto Care - Monroe,PRO,3d5591b2efc94b73b7daac6525004764,8ab1f847-6ff6-4b0f-8b44-e099fe481a85,1015,103,3,,Katherine,Barnett,1944 BALKAN PL,,TOLEDO,OH,43613-5002
Toledo Auto Care - Monroe,PRO,3d5591b2efc94b73b7daac6525004764,4c7e5aef-e6ed-447c-b275-578ebc35e44c,1015,103,3,,Scott,Dunlap,1316 CRAIGWOOD RD,,TOLEDO,OH,43612-2220
Toledo Auto Care - Monroe,PRO,3d5591b2efc94b73b7daac6525004764,1f6d7740-d9f8-4f30-89c6-bf9815dafba2,1015,103,3,,Duane,Peoples,550 E WEBER ST,,TOLEDO,OH,43608-1928
Toledo Auto Care - Monroe,PRO,3d5591b2efc94b73b7daac6525004764,4dcf7719-2a38-4c0f-b2dc-4456fec03246,1015,103,3,,Zein,Moussa,3608 W BANCROFT ST,,OTTAWA HILLS,OH,43606-2628
Toledo Auto Care - Monroe,PRO,3d5591b2efc94b73b7daac6525004764,528a610c-1b15-4d93-9d70-ab27c254a0bf,1015,103,3,,Chris,Windom,53 SANDY TRL,,WILLARD,OH,44890-9678
Toledo Auto Care - Monroe,PRO,3d5591b2efc94b73b7daac6525004764,0951a0df-277c-4ffe-9f96-ea57cc4e497f,1015,103,3,,Garrett,Reighard,2120 ROOD ST,,TOLEDO,OH,43613-3539
Toledo Auto Care - Monroe,PRO,3d5591b2efc94b73b7daac6525004764,cba77621-f082-4a11-b65e-180bfd40383f,1015,103,3,,David,Lowry,3212 GODDARD RD,,TOLEDO,OH,43606-1828
Toledo Auto Care - Monroe,PRO,3d5591b2efc94b73b7daac6525004764,57639c14-556b-4f03-9530-d25dc9519358,1015,103,3,,Dan,Rasanow,4422 286TH ST,,TOLEDO,OH,43611-1913
Toledo Auto Care - Monroe,PRO,3d5591b2efc94b73b7daac6525004764,dda2acd9-6c76-4c96-8686-189c275e0f2f,1015,103,3,,Susan,Wisda,4704 VIOLET RD,,TOLEDO,OH,43623-4316
Toledo Auto Care - Monroe,PRO,3d5591b2efc94b73b7daac6525004764,9cd33c8c-1f19-4e08-acb3-e1e0cef58523,1015,103,3,,Steve,Hayes,3717 HARLEY RD,,TOLEDO,OH,43613-4810
Toledo Auto Care - Monroe,PRO,3d5591b2efc94b73b7daac6525004764,403bdabc-11c0-4374-a14c-76cb5f34291f,1015,103,3,,Andrew,Black,14221 NEW ROCHESTER RD,,PEMBERVILLE,OH,43450-9787
Toledo Auto Care - Monroe,PRO,3d5591b2efc94b73b7daac6525004764,cc2a06d2-2f03-42ac-b86a-c74c9086c623,1015,103,3,,Mike,Girard,2658 CHELTENHAM RD,,TOLEDO,OH,43606-3035
Toledo Auto Care - Monroe,PRO,3d5591b2efc94b73b7daac6525004764,2c97a06d-82a5-4ccd-8183-49aa1927fcc9,1015,103,3,,Patric,Ferguson,3438 BELLEVUE RD,,TOLEDO,OH,43606-2054
Toledo Auto Care - Monroe,PRO,3d5591b2efc94b73b7daac6525004764,0a959d61-8297-4325-8898-fac7c6e0a4a8,1015,103,3,,Andy,Laranga,1145 ELCO AVE,,MAUMEE,OH,43537-2938
Toledo Auto Care - Monroe,PRO,3d5591b2efc94b73b7daac6525004764,ab0d9dc8-89b9-475c-b991-0a5e8520b8d9,1015,103,3,,Nathan,Woll,1960 CHARLOTTE,,TEMPERANCE,MI,48182-1570
Toledo Auto Care - Monroe,PRO,3d5591b2efc94b73b7daac6525004764,6275fece-62a2-4379-be1f-dc2492bd65cb,1015,103,3,,Breanna,Harrison,5140 ESTESS AVE,,SYLVANIA,OH,43560-1615
Toledo Auto Care - Monroe,PRO,3d5591b2efc94b73b7daac6525004764,a3461763-00ba-4f5a-87d7-60481df4d6dc,1015,103,3,,Steve,McLaughlin,2303 W SYLVANIA AVE,,TOLEDO,OH,43613-4428
Toledo Auto Care - Monroe,PRO,3d5591b2efc94b73b7daac6525004764,1f234dc8-b649-4edc-a2fd-80fcbe4f83cb,1015,103,3,,Charles,Rowan,2508 DENSMORE DR,,TOLEDO,OH,43606-3101
Toledo Auto Care - Monroe,PRO,3d5591b2efc94b73b7daac6525004764,390b4271-6853-4885-b1ac-0dbd69e4764f,1015,103,3,,Dr.Raymond,Buganski,3006 GODDARD RD,,TOLEDO,OH,43606-3061
Toledo Auto Care - Monroe,PRO,3d5591b2efc94b73b7daac6525004764,98a09fd0-0e92-441b-85bf-6a2cc0ff63f8,1015,103,3,,Eli,McDivitt,2567 GRANTWOOD DR,,TOLEDO,OH,43613-3808
Toledo Auto Care - Monroe,PRO,3d5591b2efc94b73b7daac6525004764,96a031e1-a159-45af-89b1-116e0d1f9a57,1015,103,3,,Bonnie,Bartlett,5556 BLUEWATER LN,,SYLVANIA,OH,43560-8002
Toledo Auto Care - Monroe,PRO,3d5591b2efc94b73b7daac6525004764,aca9a6ee-a460-4ccb-9fdd-5f2033810bce,1015,103,3,,Samuel,Ghencian,902 PLUM PARK DR,,MONROE,MI,48161-9676
Toledo Auto Care - Monroe,PRO,3d5591b2efc94b73b7daac6525004764,23a97ccc-8c4a-4045-85c5-41f2d1a36884,1015,103,3,,Chris,Hupp,4712 WELDWOOD LN,,SYLVANIA,OH,43560-2939
Toledo Auto Care - Monroe,PRO,3d5591b2efc94b73b7daac6525004764,9dde55ab-7559-4aa6-8c2d-44402a1176b3,1015,103,03,,Monica,Triplett,701 GENEVA AVE,,TOLEDO,OH,43609-2949
Toledo Auto Care - Monroe,PRO,3d5591b2efc94b73b7daac6525004764,ca6536b6-6f85-41f5-90dc-31eae67d67df,1015,103,3,,Alex,Garza,2104 WESTBROOK DR,,TOLEDO,OH,43613-3949
Toledo Auto Care - Monroe,PRO,3d5591b2efc94b73b7daac6525004764,7753389c-a9d0-4c9f-ab19-4f407401512f,1015,103,3,,Mark,Droz,4526 MCKAIN DR,,TOLEDO,OH,43623-3836
Toledo Auto Care - Monroe,PRO,3d5591b2efc94b73b7daac6525004764,534dcaa8-0a15-4d0c-ad08-ad5ee16a31fb,1015,103,3,,Kaylah,Hartman,2703 GRACEWOOD RD,,TOLEDO,OH,43613-3342
Toledo Auto Care - Monroe,PRO,3d5591b2efc94b73b7daac6525004764,2f2388d2-316c-4de2-8b81-a87a902f2ca8,1015,103,3,,Joe,Tyburski Sr,8127 ROCKY PATH LN,,LAMBERTVILLE,MI,48144-9379
Toledo Auto Care - Monroe,PRO,3d5591b2efc94b73b7daac6525004764,5444e7e1-ee5a-49df-ad25-f6ea9a077dfb,1015,103,3,,Gary,Smith,PO BOX 815,,HOLLAND,OH,43528-0815
Toledo Auto Care - Monroe,PRO,3d5591b2efc94b73b7daac6525004764,2baa3b43-6985-49c2-91b7-ced1e493ba64,1015,103,3,,Jeremy,Carlson,2407 CHARLESTOWN AVE,,TOLEDO,OH,43613-4424
Toledo Auto Care - Monroe,PRO,3d5591b2efc94b73b7daac6525004764,14d75b98-f83d-4a56-a350-8947e16db03f,1015,103,3,,Jason,Woodcock,3352 HUGHES BLVD,,TOLEDO,OH,43606-2865
Toledo Auto Care - Monroe,PRO,3d5591b2efc94b73b7daac6525004764,13cabc65-7b82-44a6-bea4-e42664bbe3cf,1015,103,3,,Tom,Dalton,5665 SORBY RD,,ADDISON,MI,49220-9771
Toledo Auto Care - Monroe,PRO,3d5591b2efc94b73b7daac6525004764,ebbe5b2b-7c2f-4aa5-bedc-722cfa523eed,1015,103,3,,Amber,Britton,1391 W SYLVANIA AVE APT 7,,TOLEDO,OH,43612-1655
Toledo Auto Care - Monroe,PRO,3d5591b2efc94b73b7daac6525004764,4f24ce46-7a6d-4b78-ba36-7b9013a7d77c,1015,103,3,,Jim,Weisz,8055 HOLSTEIN RD,,TOLEDO,OH,43617-1627
Toledo Auto Care - Monroe,PRO,3d5591b2efc94b73b7daac6525004764,909fdebc-b4d5-4428-a607-03e156ac132a,1015,103,3,,Jeff,Nelson,2134 FORDWAY ST,,TOLEDO,OH,43606-2548
Toledo Auto Care - Monroe,PRO,3d5591b2efc94b73b7daac6525004764,8083b8cc-c044-4fc7-b3f7-cc9bb5178d16,1015,103,3,,Scott,Coleman,1000 LOBER DR,,PERRYSBURG,OH,43551-1664
Toledo Auto Care - Monroe,PRO,3d5591b2efc94b73b7daac6525004764,9eb064b9-3964-4eee-8bb8-22b1e8f1eb50,1015,103,3,,Tony,Drakeford,2055 PARKDALE AVE,,TOLEDO,OH,43607-1635
Toledo Auto Care - Monroe,PRO,3d5591b2efc94b73b7daac6525004764,08e79bce-19ae-4bec-bb04-edfa4d5c7fa5,1015,103,3,,Sam,Nassar,6158 OUTPOST RD,,SYLVANIA,OH,43560-2273
Toledo Auto Care - Monroe,PRO,3d5591b2efc94b73b7daac6525004764,b88e9ae6-2966-414d-a910-322b97e2b78e,1015,103,3,,Jeremy,Gordon,5850 FOTH DR,,TOLEDO,OH,43613-1532
Toledo Auto Care - Monroe,PRO,3d5591b2efc94b73b7daac6525004764,26c88ec7-992d-4b99-8860-5cb7df3864cd,1015,103,3,,Shawn,Wandersee,1735 PENN RD,,TOLEDO,OH,43615-4013
Toledo Auto Care - Monroe,PRO,3d5591b2efc94b73b7daac6525004764,4f285601-8401-4039-949a-8a90a6682354,1015,103,3,,Chase,Gareau,3634 GARRISON RD,,TOLEDO,OH,43613-4726
Toledo Auto Care - Monroe,PRO,3d5591b2efc94b73b7daac6525004764,f014a6ab-edb1-4727-a1ae-8238f7e457fe,1015,103,3,,Denise,Morris,1416 BELMONT AVE,,TOLEDO,OH,43607-4109
Toledo Auto Care - Monroe,PRO,3d5591b2efc94b73b7daac6525004764,03c7f451-c87d-4eb3-a123-cb4d0556d918,1015,103,3,,Patricia,Fuire,1603 IRONWOOD AVE,,TOLEDO,OH,43605-3605
Toledo Auto Care - Monroe,PRO,3d5591b2efc94b73b7daac6525004764,d279d6aa-a9f7-4e88-ac06-e10e5ed98c4d,1015,103,3,,George,Besase,3541 BOWEN RD APT 1,,TOLEDO,OH,43606-1908
Toledo Auto Care - Monroe,PRO,3d5591b2efc94b73b7daac6525004764,98d33b68-d283-47f7-b940-67c7ac8393a3,1015,103,3,,Michael,Cole,3883 VOGEL DR,,TOLEDO,OH,43613-4124
Toledo Auto Care - Monroe,PRO,3d5591b2efc94b73b7daac6525004764,13ec8430-af3c-419f-9d58-6fddea2f1e26,1015,103,3,,Laura,Fye,4103 HARVEST LN APT 10,,TOLEDO,OH,43623-4358
Toledo Auto Care - Monroe,PRO,3d5591b2efc94b73b7daac6525004764,6e2e8056-7eb2-4960-9568-f4e2ed9e053b,1015,103,3,,Alfredo,Escalera,3223 MAPLE ST,,TOLEDO,OH,43608-1805
Toledo Auto Care - Monroe,PRO,3d5591b2efc94b73b7daac6525004764,0b55c947-fdb0-4eea-ae08-db469557b3e1,1015,103,3,,Veshaun,Campbell,4620 PLUMBROOK DR,,TOLEDO,OH,43623-3231
Toledo Auto Care - Monroe,PRO,3d5591b2efc94b73b7daac6525004764,959d956d-d325-4860-a3d6-1921ae762e07,1015,103,3,,Brittany,Kipplen,3707 ELMHURST RD,,TOLEDO,OH,43613-4721
Toledo Auto Care - Monroe,PRO,3d5591b2efc94b73b7daac6525004764,178893ba-a957-4cd5-a82c-2851832636d1,1015,103,03,,Jeff,Winterfield,218 LINCOLN AVE,,SWANTON,OH,43558-1020
Toledo Auto Care - Monroe,PRO,3d5591b2efc94b73b7daac6525004764,68dc2c30-ad7c-4977-917e-62a728f149b9,1015,103,3,,Victoria,Eastep,2520 MONROE ST APT 606,,TOLEDO,OH,43620-1559
Toledo Auto Care - Monroe,PRO,3d5591b2efc94b73b7daac6525004764,07dc1092-04ab-4942-812c-111dee62395d,1015,103,3,,Sue,Goulet,2556 116TH ST,,TOLEDO,OH,43611-2121
Toledo Auto Care - Monroe,PRO,3d5591b2efc94b73b7daac6525004764,a83d3127-65d9-4e19-aa86-d15839bd6054,1015,103,3,,Manuel,Pena,4316 BELMAR AVE,,TOLEDO,OH,43612-2035
Toledo Auto Care - Monroe,PRO,3d5591b2efc94b73b7daac6525004764,74e0e490-076f-4dd1-ac8f-38627b6b1a43,1015,103,3,,Daniel,Fisher,4326 HARVEST LN,,TOLEDO,OH,43623-4130
Toledo Auto Care - Monroe,PRO,3d5591b2efc94b73b7daac6525004764,c7512d63-0883-41c5-b08c-fa9f154e4d1b,1015,103,3,,Raja,Bruce,1114 BROOKVIEW DR APT 24,,TOLEDO,OH,43615-7270
Toledo Auto Care - Monroe,PRO,3d5591b2efc94b73b7daac6525004764,2b97dcdb-1a65-4e49-951c-ceadf2084fb0,1015,103,3,,Steven,Jones,3650 VICTORY AVE,,TOLEDO,OH,43607-2564
Toledo Auto Care - Monroe,PRO,3d5591b2efc94b73b7daac6525004764,04c1a34e-8e88-4ae6-81fc-d9b5bcf89089,1015,103,3,,Ben,Drake,4358 BROMFIELD CIR,,TOLEDO,OH,43623-2660
Toledo Auto Care - Monroe,PRO,3d5591b2efc94b73b7daac6525004764,43b363a9-2a8d-46cb-8a7a-7adcc01a7fdb,1015,103,3,,Fred,Smith,1723 PERTH ST,,TOLEDO,OH,43607-1414
Toledo Auto Care - Monroe,PRO,3d5591b2efc94b73b7daac6525004764,9351a43b-8e31-403b-acfa-ca45eed70384,1015,103,3,,David,Stark,3636 BERKELEY DR,,TOLEDO,OH,43612-1225
Toledo Auto Care - Monroe,PRO,3d5591b2efc94b73b7daac6525004764,03424a77-87c8-41f7-8e9b-d65a131ad41e,1015,103,3,,Monique,Newsome,1935 NEVADA ST,,TOLEDO,OH,43605-2829
Toledo Auto Care - Monroe,PRO,3d5591b2efc94b73b7daac6525004764,1c0c551e-8f3b-4d15-8aae-20668e4f75b1,1015,103,3,,Jennifer,Burnell,310 RIDGEPOINT CIR,,WATERVILLE,OH,43566-1604
Toledo Auto Care - Monroe,PRO,3d5591b2efc94b73b7daac6525004764,d7e887b7-a9b1-4378-be6b-a7703599285b,1015,103,3,,Anthony,Parella,3831 BUELL AVE,,TOLEDO,OH,43613-4301
Toledo Auto Care - Monroe,PRO,3d5591b2efc94b73b7daac6525004764,bf7ed1f6-883c-433e-8e26-69dc91bc1b7d,1015,103,3,,Jeremey,Wingate,4249 CLEGG RD,,LAMBERTVILLE,MI,48144-9739
Toledo Auto Care - Monroe,PRO,3d5591b2efc94b73b7daac6525004764,58b66b25-e8e7-4287-b23d-7d29ab347e28,1015,103,3,,Angelica,Plummer,2630 JODORE AVE,,TOLEDO,OH,43606-2768
Toledo Auto Care - Monroe,PRO,3d5591b2efc94b73b7daac6525004764,133e1476-c02f-4a1f-aaca-a1b3a722e502,1015,103,3,,Ariel,Barr,2045 PENN RD,,TOLEDO,OH,43615-3929
Toledo Auto Care - Monroe,PRO,3d5591b2efc94b73b7daac6525004764,ab884c6b-241f-4b40-8f3a-ea12740bb97f,1015,103,3,,Myron,Payne,529 1/2 KNOWER ST,,TOLEDO,OH,43609-2848
Toledo Auto Care - Monroe,PRO,3d5591b2efc94b73b7daac6525004764,0fd09c4f-c17d-40b8-9062-cd38994436e0,1015,103,3,,Anna,Drouillard,3745 DOTY DR,,TOLEDO,OH,43613-4705
Toledo Auto Care - Monroe,PRO,3d5591b2efc94b73b7daac6525004764,81283e0c-d054-4750-b5b9-56a93d5a2add,1015,103,3,,Robert,Clegg,4335 WILLIS BLVD,,TOLEDO,OH,43623-4137
Toledo Auto Care - Monroe,PRO,3d5591b2efc94b73b7daac6525004764,d7fffa10-52e9-431a-b14a-5e262dc5db74,1015,103,3,,Jacques,Amar,2606 EMMICK DR,,TOLEDO,OH,43606-2701
