Shop Name,Software,SID,CID,WSID,WCID,MBdayMo,TBdayMo,First,Last,Address,Address2,City,St,Zip
AG Automotive,PRO,1614ec5b5c234361976ae718729a9119,330feb89-085e-4bc8-9744-5c68a0744fe2,1016,,3,,Jason,Tillett,1204 SE 176TH CT,,VANCOUVER,WA,98683-9596
AG Automotive,PRO,1614ec5b5c234361976ae718729a9119,da99cd45-ef80-4eeb-b6ff-d8546c564c3c,1016,,03,,Bryant,Howard,15647 SE BYBEE DR,,PORTLAND,OR,97236-7836
AG Automotive,PRO,1614ec5b5c234361976ae718729a9119,42455cdd-029a-44e9-afad-66f62c7d7004,1016,,3,,Zack,Swanson,1790 SW LILLYBEN AVE,,GRESHAM,OR,97080-9728
AG Automotive,PRO,1614ec5b5c234361976ae718729a9119,e83c9c1c-a584-442a-a068-4eddd53c44f2,1016,,3,,Michael,Lyons,400 NE 100TH AVE APT 402,,PORTLAND,OR,97220-4680
AG Automotive,PRO,1614ec5b5c234361976ae718729a9119,a57a0a06-1c15-4724-9933-ebf1ca7fe4af,1016,,3,,Kevin,Fitzgerald,7404 SE 19TH AVE,,PORTLAND,OR,97202-6203
AG Automotive,PRO,1614ec5b5c234361976ae718729a9119,3c8c5f6b-64d8-4a1e-9ed9-ab2eb51e8277,1016,,3,,Richard,Tautuaa,51 NE 143RD AVE,,PORTLAND,OR,97230-3335
AG Automotive,PRO,1614ec5b5c234361976ae718729a9119,08261bd3-9ee7-4a8a-b519-54c0eb0fb87b,1016,,03,,Sabrina,Chicks,4312 NE 58TH CIR,,VANCOUVER,WA,98661-2199
AG Automotive,PRO,1614ec5b5c234361976ae718729a9119,2eab148b-8e7b-4e3a-bc39-203a905b83ca,1016,,3,,Thomas,Carr,167 HALTON LN,,WATSONVILLE,CA,95076-9624
AG Automotive,PRO,1614ec5b5c234361976ae718729a9119,e25bff7f-f4e8-4937-86d7-8f5162bb7098,1016,,3,,Scott,Shropshire,2505 SW WILLOWBROOK AVE,,GRESHAM,OR,97080-8547
AG Automotive,PRO,1614ec5b5c234361976ae718729a9119,62e0309d-c5d8-4fed-9acf-11ceaa398312,1016,,03,,Corey,Osman,6206 NE 17TH AVE,,PORTLAND,OR,97211-4818
AG Automotive,PRO,1614ec5b5c234361976ae718729a9119,fb5dce65-74cd-4c78-9c79-16716eaec0d2,1016,,3,,Ray,Brown,17125 NW SAINT HELENS RD,,PORTLAND,OR,97231-1724
AG Automotive,PRO,1614ec5b5c234361976ae718729a9119,676cf675-821f-4098-b5ef-80e90c2c2358,1016,,3,,Jeff,Parsons,880 NW 8TH ST,,GRESHAM,OR,97030-6939
AG Automotive,PRO,1614ec5b5c234361976ae718729a9119,52c77b96-ebdf-4eb5-822a-c5bdfa1a4504,1016,,3,,John,Torsey,22707 NE 7TH CT,,RIDGEFIELD,WA,98642-8233
AG Automotive,PRO,1614ec5b5c234361976ae718729a9119,c8d7450b-1b88-47d8-bb1e-f17ed619d4b2,1016,,3,,Mark,Martin,1640 SE 148TH AVE,,PORTLAND,OR,97233-2632
AG Automotive,PRO,1614ec5b5c234361976ae718729a9119,73b4f709-296e-4989-9554-ee503201d98f,1016,,3,,Ron,Edgerton,176 SW TUALATIN LOOP,,WEST LINN,OR,97068-9733
AG Automotive,PRO,1614ec5b5c234361976ae718729a9119,0c14c3a9-680a-4c66-bf24-ed6eaa5e2faa,1016,,3,,Kaylee,Deegan,17029 NE 113TH CT,,REDMOND,WA,98052-2315
AG Automotive,PRO,1614ec5b5c234361976ae718729a9119,3caa98fe-9805-44a7-898b-7f0d0010eb22,1016,,3,,David,Roberts,14203 NW 23RD CT,,VANCOUVER,WA,98685-1857
AG Automotive,PRO,1614ec5b5c234361976ae718729a9119,d33e705b-b174-4046-affc-7c55b2957d8b,1016,,3,,Lisa,Begg,15721 SE MILL ST,,PORTLAND,OR,97233-3659
AG Automotive,PRO,1614ec5b5c234361976ae718729a9119,da1f205e-4821-4f59-80c5-67247647fcae,1016,,03,,Brian,Webber,1872 SW HASKINS CT,,TROUTDALE,OR,97060-4117
AG Automotive,PRO,1614ec5b5c234361976ae718729a9119,90f8f0de-11ab-4c41-af78-efcde12fb623,1016,,3,,Richard,Hauser,12216 NE CASSADY CT,,VANCOUVER,WA,98685-3267
AG Automotive,PRO,1614ec5b5c234361976ae718729a9119,1ea3ce7b-dac3-40d9-9d02-f2d59027e9e7,1016,,3,,Norma,Jensen,13840 NE KNOTT ST,,PORTLAND,OR,97230-3823
AG Automotive,PRO,1614ec5b5c234361976ae718729a9119,5a2d6fba-a570-4558-8063-33362dda93be,1016,,3,,Cole,Cabler,8815 N SEWARD AVE,,PORTLAND,OR,97217-7351
AG Automotive,PRO,1614ec5b5c234361976ae718729a9119,5b8d11af-aacc-4e8f-ab17-b2d21c6e4b96,1016,,03,,Ron,Curtis,3215 SE 131ST AVE,,PORTLAND,OR,97236-3229
AG Automotive,PRO,1614ec5b5c234361976ae718729a9119,0ec5b148-f98f-41a2-8d4a-940a64092b07,1016,,3,,George,Vanhouten,504 NE BASSEL RD,,VANCOUVER,WA,98685-3949
AG Automotive,PRO,1614ec5b5c234361976ae718729a9119,6149e117-862e-445b-b1d7-a4e972f958c0,1016,,3,,James,Moodie,2827 SE 109TH AVE,,PORTLAND,OR,97266-1220
AG Automotive,PRO,1614ec5b5c234361976ae718729a9119,5118b2e6-c194-4981-a449-d8f49fe08df5,1016,,3,,Annett,Pickett,2225 E 5TH ST,,VANCOUVER,WA,98661-7747
AG Automotive,PRO,1614ec5b5c234361976ae718729a9119,ba1d1633-b1c8-44fa-b2d6-60bc9987bacc,1016,,03,,Howard,Huff,21292 S BEAVERCREEK RD,,OREGON CITY,OR,97045-7502
AG Automotive,PRO,1614ec5b5c234361976ae718729a9119,b0033b5c-cf55-4d49-b679-407267df7112,1016,,03,,Owen,Hughes,245 E FOOTHILL BLVD,,SAN LUIS OBISPO,CA,93405-1539
AG Automotive,PRO,1614ec5b5c234361976ae718729a9119,711b0df2-64ec-4db7-8da4-b34994f46e00,1016,,3,,Manuel,Cabrera,18702 LELAND RD,,OREGON CITY,OR,97045-8915
AG Automotive,PRO,1614ec5b5c234361976ae718729a9119,daa399c1-9d0d-4d8d-92e7-324435dae2c4,1016,,3,,Hailey,Knepper,15314 NE 107TH ST,,VANCOUVER,WA,98682-2054
AG Automotive,PRO,1614ec5b5c234361976ae718729a9119,3f882a15-c717-4502-936e-b14ceceb70b9,1016,,3,,Brandon,Acheson,4626 NE 99TH AVE,,PORTLAND,OR,97220-3303
AG Automotive,PRO,1614ec5b5c234361976ae718729a9119,e7080ba7-afaa-4e96-bd5d-59c02aae7af4,1016,,3,,Mary,Wulzen,1604B SE BELMONT ST,,PORTLAND,OR,97214-2644
AG Automotive,PRO,1614ec5b5c234361976ae718729a9119,4f06bd15-25de-4e35-a5c9-d635902e1b9c,1016,,3,,Alex,Foy,6860 N HUDSON ST,,PORTLAND,OR,97203-6228
AG Automotive,PRO,1614ec5b5c234361976ae718729a9119,2fae6d91-4903-4103-bdfd-5af8a30ecb93,1016,,03,,Steve,Walker,5246 NE ALAMEDA ST,,PORTLAND,OR,97213-2546
AG Automotive,PRO,1614ec5b5c234361976ae718729a9119,3ad09e32-aefc-4dea-b72b-d77f3a2cfeda,1016,,03,,Audra,Osborne,8415 N DRUMMOND AVE,,PORTLAND,OR,97217-6157
AG Automotive,PRO,1614ec5b5c234361976ae718729a9119,72db500c-8d13-4501-875a-a11d49745d27,1016,,3,,Maritza,Sazo,8011 NE FOURTH PLAIN BLVD APT E8,,VANCOUVER,WA,98662-7275
AG Automotive,PRO,1614ec5b5c234361976ae718729a9119,dce20840-2b60-45bb-b6ac-69dc5c8b69b2,1016,,3,,Marti,Mayhew,13932 NE KNOTT ST,,PORTLAND,OR,97230-3825
AG Automotive,PRO,1614ec5b5c234361976ae718729a9119,fcd45ff2-78d1-4db0-9208-a8cf88a5ac0e,1016,,3,,Michael,Darmstadt,606 NE MORRIS ST,,PORTLAND,OR,97212-3161
AG Automotive,PRO,1614ec5b5c234361976ae718729a9119,188a5489-90ce-4914-877e-8453c53ee8d3,1016,,3,,Monica,Robbins,10814 W MONROE ST,,AVONDALE,AZ,85323-6892
AG Automotive,PRO,1614ec5b5c234361976ae718729a9119,45b76771-3981-4462-8d28-b39d1efe1bcb,1016,,3,,Brad,Swan,7225 SE BARBARA WELCH RD,,PORTLAND,OR,97236-4803
AG Automotive,PRO,1614ec5b5c234361976ae718729a9119,932cecbf-c157-4b52-94a9-f22c924f566d,1016,,3,,Ignacio,Ocampo,2050 W GUADALUPE RD STE 2,,MESA,AZ,85202-7373
AG Automotive,PRO,1614ec5b5c234361976ae718729a9119,4c4a6bce-770b-4a00-b75c-e1d1a947ed98,1016,,3,,Scott,Wellman,3510 NE HENDERSON RD,,CORBETT,OR,97019-8609
AG Automotive,PRO,1614ec5b5c234361976ae718729a9119,a7db3c88-ad60-41cc-9242-ba72900b1425,1016,,3,,Taylor,Jones,11100 SE SAINT LUCY LN,,PORTLAND,OR,97086-9727
AG Automotive,PRO,1614ec5b5c234361976ae718729a9119,be13411e-e6fa-4ceb-b9ea-567494d0cd41,1016,,3,,Elizabeth,Yemane,4236 NE 125TH PL,,PORTLAND,OR,97230-1342
AG Automotive,PRO,1614ec5b5c234361976ae718729a9119,65e382a2-b564-478b-b9e3-db44a709b1fc,1016,,3,,Mike,Wallace,805 SE JACKSON PARK RD,,TROUTDALE,OR,97060-2113
AG Automotive,PRO,1614ec5b5c234361976ae718729a9119,67392215-575c-49c2-9389-c837d81b5727,1016,,3,,Andrew,Speer,3145 NE 133RD AVE,,PORTLAND,OR,97230-2807
AG Automotive,PRO,1614ec5b5c234361976ae718729a9119,b27fec31-019b-4240-817c-efd79284722f,1016,,03,,Spencer,Heine,5801 N WARREN ST,,PORTLAND,OR,97203-5635
AG Automotive,PRO,1614ec5b5c234361976ae718729a9119,aa12a5ab-fbad-4f34-afc0-2ec089f69ae6,1016,,3,,Don,Black,17031 SE RHONE ST,,PORTLAND,OR,97236-1264
AG Automotive,PRO,1614ec5b5c234361976ae718729a9119,14d0e267-682d-4c1a-b216-57bd86e35e53,1016,,3,,Robert,Price,1251 N BRONCO LN,,GILBERT,AZ,85233-2042
AG Automotive,PRO,1614ec5b5c234361976ae718729a9119,5a66c919-f751-45c9-8349-efb7541d70c6,1016,,03,,Corazon,Lettenmaier,3235 NE 141ST AVE,,PORTLAND,OR,97230-3704
AG Automotive,PRO,1614ec5b5c234361976ae718729a9119,e8374d45-3ac8-48bd-b0f2-3088b6d988ae,1016,,03,,Jessika,Willis,1340 N RECKER RD UNIT 148,,MESA,AZ,85205-4428
AG Automotive,PRO,1614ec5b5c234361976ae718729a9119,a72043db-be00-4da3-9c82-30e84a112882,1016,,3,,Ryan,Johnson,2318 S COUNTRY CLUB DR APT 1143,,MESA,AZ,85210-8659
AG Automotive,PRO,1614ec5b5c234361976ae718729a9119,a9c12973-a4d3-412b-969a-b2a00e48d2c3,1016,,03,,Elizabeth,Garcia,1265 S LESUEUR,,MESA,AZ,85204-5750
AG Automotive,PRO,1614ec5b5c234361976ae718729a9119,2e6c00f7-d9c9-42de-84e7-e9d3cd26172c,1016,,3,,John,Shrein,1032 S CAPE CT,,GILBERT,AZ,85233-7960
AG Automotive,PRO,1614ec5b5c234361976ae718729a9119,25e03996-fa10-4d23-95fe-aebc103ca7b8,1016,,03,,Julianne,Searing,212 BYARS ST,,GREER,SC,29651-6902
AG Automotive,PRO,1614ec5b5c234361976ae718729a9119,2eeb8dda-6d29-4fa6-99ef-5cc45bd36771,1016,,3,,Bryce,Bisching,1145 E LOWELL AVE,,GILBERT,AZ,85295-7107
AG Automotive,PRO,1614ec5b5c234361976ae718729a9119,adf564e5-3248-4432-a2a8-89fd18188167,1016,,3,,Cass,Carter,806 W HARVARD AVE,,GILBERT,AZ,85233-3102
AG Automotive,PRO,1614ec5b5c234361976ae718729a9119,dbb65877-f661-4567-b2a8-c785ce5fa44c,1016,,3,,Simon,Martin,4548 NE SIMPSON ST,,PORTLAND,OR,97218-1448
AG Automotive,PRO,1614ec5b5c234361976ae718729a9119,1a95c4fd-320b-46c3-9d35-198067be8ee5,1016,,3,,Nem,Stojanovic,7231 W PONTIAC DR,,GLENDALE,AZ,85308-9627
AG Automotive,PRO,1614ec5b5c234361976ae718729a9119,988aef4b-e8f7-4c46-804a-70adcef94984,1016,,3,,Norman,Kramm,30 SE 9TH CIR,,BATTLE GROUND,WA,98604-8929
AG Automotive,PRO,1614ec5b5c234361976ae718729a9119,a4d8dcf8-c6fd-4c9e-b420-e10f23d407ea,1016,,03,,James,Daniel,1890 LANE CREEK RD,,BOGART,GA,30622-2631
AG Automotive,PRO,1614ec5b5c234361976ae718729a9119,c9a33789-4684-436d-8e9c-0a4beec9c861,1016,,3,,Morgan,Reynolds,8525 NE WYGANT ST,,PORTLAND,OR,97220-4772
AG Automotive,PRO,1614ec5b5c234361976ae718729a9119,5e16ac29-e014-4a61-8e3a-d68b55fcf343,1016,,03,,James,Thorp,23200 NE SANDY BLVD UNIT 39,,TROUTDALE,OR,97060-9608
AG Automotive,PRO,1614ec5b5c234361976ae718729a9119,358d592b-a829-4b6a-98e0-10bb4a8b7c77,1016,,03,,Bruce,Boland,5736 N HAIGHT AVE,,PORTLAND,OR,97217-2411
AG Automotive,PRO,1614ec5b5c234361976ae718729a9119,5b30665e-4035-4fac-8512-269a885e84aa,1016,,3,,Chris,Macleod,8405 NE 316TH ST,,LA CENTER,WA,98629-2874
AG Automotive,PRO,1614ec5b5c234361976ae718729a9119,33cf2fd8-f61b-49be-a5bc-10b5214d2ab1,1016,,3,,Jason,Thomas,1724 NE 48TH AVE,,PORTLAND,OR,97213-2018
AG Automotive,PRO,1614ec5b5c234361976ae718729a9119,1605a4da-f028-43d5-93ec-d59599141122,1016,,03,,Acacia,Phillips,12824 NE AIRPORT WAY,,PORTLAND,OR,97230-1029
AG Automotive,PRO,1614ec5b5c234361976ae718729a9119,775a337a-8606-4baf-82fa-c67e7b24cb27,1016,,3,,Ed,Page,1611 SE BEAVER CREEK LN,,TROUTDALE,OR,97060-2230
AG Automotive,PRO,1614ec5b5c234361976ae718729a9119,ea910605-e41a-40e2-ad2d-ffda5a7b8b20,1016,,03,,Daniel,Powell,2369 N TILLIE LN,,FLAGSTAFF,AZ,86001-0714
AG Automotive,PRO,1614ec5b5c234361976ae718729a9119,20a57d72-896f-4c61-87c5-dae7e6bf8908,1016,,03,,Dillon,Rivera,PO BOX 395,,SHERIDAN,OR,97378-0395
AG Automotive,PRO,1614ec5b5c234361976ae718729a9119,21fbe668-10bc-46ba-8173-0297a05bf3f7,1016,,03,,Fred,Ciccotelli,449 SW ALDERWOOD DR,,WEST LINN,OR,97068-9102
AG Automotive,PRO,1614ec5b5c234361976ae718729a9119,393ea204-124b-4d65-bd51-b99aae6a1ce2,1016,,3,,Maurice,Merriweather,8604 N SWIFT WAY APT 77,,PORTLAND,OR,97203-1158
AG Automotive,PRO,1614ec5b5c234361976ae718729a9119,bc41a578-0695-4614-95e5-12cd5a6ea159,1016,,03,,Greg,Cooper,10240 NE MARX ST STE A,,PORTLAND,OR,97220-1190
AG Automotive,PRO,1614ec5b5c234361976ae718729a9119,1f4f984e-2619-47fd-9d97-7b0ed33c9368,1016,,03,,Joel,Spector,3 S ADELAIDE AVE,,HIGHLAND PARK,NJ,08904-1601
AG Automotive,PRO,1614ec5b5c234361976ae718729a9119,fa25bce0-0ceb-437c-92e4-e55acbe0bde4,1016,,3,,Judith,Jeffries,1536 NE 157TH AVE,,PORTLAND,OR,97230-5325
AG Automotive,PRO,1614ec5b5c234361976ae718729a9119,51257f9d-79a8-4bba-90bb-a3e9051572dd,1016,,03,,Amber,Hakkinen,PO BOX 266,,KELSO,WA,98626-0023
AG Automotive,PRO,1614ec5b5c234361976ae718729a9119,ec4697a8-8a81-4979-904a-9b890bf43ef1,1016,,3,,Sergey,Dengub,11328 NE SCHUYLER ST,,PORTLAND,OR,97220-1942
AG Automotive,PRO,1614ec5b5c234361976ae718729a9119,46b6fa29-5ff0-471f-8055-88c295aa46cb,1016,,3,,Spencer,Rebagliati,1815 NE 114TH AVE,,PORTLAND,OR,97220-1914
AG Automotive,PRO,1614ec5b5c234361976ae718729a9119,ec5d8813-2866-4bfe-9ed3-8b2ea88c8160,1016,,03,,Kirk,Erickson,507 FINN HALL RD,,WOODLAND,WA,98674-8262
