Shop Name,Software,SID,CID,WSID,WCID,MBdayMo,TBdayMo,First,Last,Address,Address2,City,St,Zip
Sours Automotive,PRO,,be3ff69a-cd63-4ee5-8f1b-8931ee838670,1017,,3,,DAVID,SLOOPE,2225 FOREST DR,,WAYNESBORO,VA,22980-2013
Sours Automotive,PRO,,c385237d-6ac2-4d84-b915-d521426982a6,1017,,3,,TIM,SIMMERS,223 VISTA LN,,CLIFTON FORGE,VA,24422-3039
Sours Automotive,PRO,,f8f5e711-cf7f-458b-8580-55646c43c2a4,1017,,3,,JASON,CRISPIN,357 WINDIGROVE DR APT 932,,WAYNESBORO,VA,22980-7597
Sours Automotive,PRO,,e9b9cc78-0e5e-4f55-9521-08c3070cf7e2,1017,,3,,KIM,BEYELER,1021 E MAIN ST TRLR 39,,WAYNESBORO,VA,22980-5862
Sours Automotive,PRO,,fa108860-c679-4682-af27-2ad6995deede,1017,,3,,KATHERINE,LOTTS,225 EDWARD AVE,,WAYNESBORO,VA,22980-2604
Sours Automotive,PRO,,e7e14443-e3b3-440b-9324-e2d9658a080f,1017,,03,,HEATHER,WHITE,1521 SPRING HILL RD,,STAUNTON,VA,24401-1921
Sours Automotive,PRO,,f8b95042-cfe4-4a1b-baf0-aa91de6c8aec,1017,,3,,FRED,BIGGERS,1192 TINKLING SPRING RD,,STAUNTON,VA,24401-6822
Sours Automotive,PRO,,22244d97-474e-4c74-8ef1-422ac72b9e35,1017,,3,,BRAXTON,NAGLE,17 N WASHINGTON ST,,STAUNTON,VA,24401-4217
Sours Automotive,PRO,,ea988168-62bb-4a2f-b9c2-ffc4617f8074,1017,,3,,KATHERINE,DEGNER,1709 JORDANS PARISH PL,,VIRGINIA BEACH,VA,23455-7025
Sours Automotive,PRO,,54734e4d-728e-4640-899a-337587eebe57,1017,,3,,PAT,BAILEY,279 FOREST SPRINGS DR,,STUARTS DRAFT,VA,24477-2912
Sours Automotive,PRO,,95ae511a-6c36-429a-9941-1d045eee2cf9,1017,,3,,WAYLON,COFFEY,40 MOUNTAIN RIDGE LN,,WAYNESBORO,VA,22980-8307
Sours Automotive,PRO,,70e57feb-4b2d-4461-b131-fac94657d771,1017,,3,,KEVIN,LINK,8 VIRGINIA AVE,,STUARTS DRAFT,VA,24477-2760
Sours Automotive,PRO,,b85e9354-e0b4-4435-8718-b57b2265417f,1017,,3,,BRITTANY,GREAVER,1080 LAUREL HILL RD,,VERONA,VA,24482-2701
Sours Automotive,PRO,,9eed6abb-cc62-44de-9885-80a2cc01ab85,1017,,03,,Angela,Lauterback,205 MIKES KNOB LN,,WAYNESBORO,VA,22980-8975
Sours Automotive,PRO,,15b589ac-c51f-4eac-8f62-4ba15573ca8d,1017,,3,,H.B.,GRAVES,PO BOX 417,,NELLYSFORD,VA,22958-0417
Sours Automotive,PRO,,7c3f547a-5ff1-4958-a524-3e63803f1fc2,1017,,3,,JUDY,TALBOT,PO BOX 897,,STUARTS DRAFT,VA,24477-0897
Sours Automotive,PRO,,eeba9da0-252a-4516-ac2d-8d9b5cf0de5f,1017,,03,,KYLE,WAX,26 GRANDVIEW MANOR CT APT 304,,WAYNESBORO,VA,22980-7467
Sours Automotive,PRO,,762cb231-bce6-48bf-b24d-38461524633b,1017,,3,,JARED,BISSINGER,708 MAPLE AVE,,WAYNESBORO,VA,22980-4904
Sours Automotive,PRO,,6f984ff9-1c3a-4e57-b8ee-3cfc8dd0cadc,1017,,3,,JONATHAN,LOWDER,44 GEORGANNA DR,,LYNDHURST,VA,22952-2507
Sours Automotive,PRO,,c004e1a3-da91-43a2-aa60-83bf92f76933,1017,,3,,RANDY,STANSFIELD,1801 LYNDHURST RD,,WAYNESBORO,VA,22980-5222
Sours Automotive,PRO,,815fd27c-a307-4729-ac2c-1bf95cc3cfc2,1017,,3,,ALAN,BYERS,202 CEOCIA LN,,STUARTS DRAFT,VA,24477-2945
Sours Automotive,PRO,,93fac42a-d444-4db8-8f25-6ff14b7d3b58,1017,,3,,BOB,SHORT,381 MT HERMON RD,,MIDDLEBROOK,VA,24459-2351
Sours Automotive,PRO,,b0aedda7-c38c-4428-b9fc-fff9ef471e60,1017,,03,,Tanya,Bealor,1853 HOWARDSVILLE TPKE,,STUARTS DRAFT,VA,24477-2508
Sours Automotive,PRO,,7726b1f7-7901-4f9f-aa1c-df5f0cfe4257,1017,,3,,JACK,HAYTHORN,105 MANCHESTER DR APT 107,,STAUNTON,VA,24401-5557
Sours Automotive,PRO,,ed7d1685-db2e-47ef-b88d-d962f064fcfc,1017,,3,,NICOLE,CARR,19 FARMSIDE ST APT A11,,WAYNESBORO,VA,22980-9065
Sours Automotive,PRO,,7aa4bfd8-fdea-4c07-96c0-63802b02ef55,1017,,3,,JERMEY,ROUSE,194 CAMBRIDGE DR,,STUARTS DRAFT,VA,24477-3303
Sours Automotive,PRO,,ddebc3d2-f1ee-4a30-a4a1-9c6346a36896,1017,,3,,KATIE,HARPER,2887 OLD GREENVILLE RD,,STAUNTON,VA,24401-5666
Sours Automotive,PRO,,c8d3d799-dd1f-4891-a6d9-dbf4e20905f5,1017,,3,,MAITLYN,HEALY,5828 WYANT LN,,CHARLOTTESVILLE,VA,22903-7328
Sours Automotive,PRO,,d1eb422d-32d5-408d-a755-177971afb65a,1017,,3,,LYNNETTE,SWOOPE,5282 ROCKFISH VALLEY HWY,,FABER,VA,22938-4001
Sours Automotive,PRO,,2869cfc8-6dfc-41f7-aae3-32a4f53b70d5,1017,,3,,MIRANDA,STANSFIELD,1801 LYNDHURST RD,,WAYNESBORO,VA,22980-5222
Sours Automotive,PRO,,a36bc959-cdf3-48d2-b9d7-ae1ce229e403,1017,,3,,SUE,WALTERS,108 MILLER ST APT 49,,STAUNTON,VA,24401-8844
Sours Automotive,PRO,,a24788d6-6998-47d4-a4d5-ed8d4aa23d71,1017,,3,,CASSIE,GIBSON,436 MT TORREY RD,,LYNDHURST,VA,22952-2515
Sours Automotive,PRO,,7d219cbe-f7e4-41e1-9029-c7cf8e724269,1017,,3,,EMILIE,HEWITT,88 PILSON RD,,GREENVILLE,VA,24440-1911
Sours Automotive,PRO,,581aee4c-82bf-40a0-b977-11482f203763,1017,,3,,TERI,FULWIDER,1476 OAK AVE,,BUENA VISTA,VA,24416-2516
Sours Automotive,PRO,,9ac832ab-71ec-4a9e-b1e5-51aea47b48fd,1017,,3,,ORLANDO,FLORES,834 AUGUSTA FARMS RD,,WAYNESBORO,VA,22980-9222
Sours Automotive,PRO,,07bbe711-0956-4e3f-b367-a9af4d63ab4d,1017,,3,,DANIEL,AYERS,1024 BRIDGE AVE,,WAYNESBORO,VA,22980-2707
Sours Automotive,PRO,,59bc9510-09cd-407d-91a0-b782e1f4c2a9,1017,,3,,JOHN,BUSH,252 FLINT MOUNTAIN DR,,STUARTS DRAFT,VA,24477-2935
Sours Automotive,PRO,,057cbb86-0b28-4152-8b13-cc7e3925718a,1017,,3,,ALLIE,MELADY,1012 MIDDLEBROOK AVE,,STAUNTON,VA,24401-4541
Sours Automotive,PRO,,dab8c069-76af-45fe-a855-fe462c936e01,1017,,3,,CURTIS,FOLTZ,160 RED FOX LN,,WAYNESBORO,VA,22980-6477
Sours Automotive,PRO,,43326b88-1307-4140-a83c-125a33d34872,1017,,3,,RONNIE,HARRELL,119 STONE DR,,STUARTS DRAFT,VA,24477-2855
Sours Automotive,PRO,,4b5552f5-6c23-4e2f-8677-6341f20dfce6,1017,,3,,GARLAND,EUSTLER,760 BUTTERMILK SPRING RD,,STAUNTON,VA,24401-5200
Sours Automotive,PRO,,997c6d88-e818-4826-8749-84a4eec42e6f,1017,,3,,PETER,AVELLONE,246 HAMPTON DR,,STUARTS DRAFT,VA,24477-2637
Sours Automotive,PRO,,6b8cd922-5608-40d0-984b-feee9bf99307,1017,,3,,JACQUELYNN,SLUSHER,312 CROMPTON RD,,WAYNESBORO,VA,22980-2306
Sours Automotive,PRO,,7d6dd4c8-15f8-4030-b0c3-74cfeb7553fc,1017,,3,,RICHARD,OWEN,37 MIDWAY LN,,FISHERSVILLE,VA,22939-2204
Sours Automotive,PRO,,ac917ef2-0dc7-45c7-b22f-5a056213e004,1017,,3,,RUSSELL,MUNCY,243 EQUESTRIAN DR,,STAUNTON,VA,24401-5468
Sours Automotive,PRO,,93d4ad65-1771-4db8-b6dd-6b76d48012a0,1017,,3,,JULIA,PERRY,PO BOX 882,,WAYNESBORO,VA,22980-0652
Sours Automotive,PRO,,a8d5e74e-65da-4082-8875-fcb093722aa9,1017,,3,,WAYNE,PETTWAY,571 HOWARDSVILLE TPKE,,STUARTS DRAFT,VA,24477-2801
Sours Automotive,PRO,,92013de0-c738-4918-b411-21edd479cbda,1017,,3,,JOSH,ARTHUR,165 THOROUGHBRED CIR,,LEXINGTON,VA,24450-3675
Sours Automotive,PRO,,3bb04e28-6d29-45b2-bbf8-7d4f81d51499,1017,,3,,DENNIS,DOLYE,2180 STUARTS DRAFT HWY,,STUARTS DRAFT,VA,24477-3102
Sours Automotive,PRO,,631eefc7-ea9b-4d86-b9d6-e100a603f96f,1017,,3,,KERVIN,YODER,709 CHURCHMANS MILL RD,,STUARTS DRAFT,VA,24477-3178
Sours Automotive,PRO,,364f2b09-913d-42f3-bb4f-633710217ea8,1017,,3,,LAURIE,MOSS,720 KING AVE APT 3,,WAYNESBORO,VA,22980-2700
Sours Automotive,PRO,,8dcde4eb-ed1f-4a64-9c36-2da7340634db,1017,,3,,LINDA,CHRISTENSEN,57 JESTER CT,,STUARTS DRAFT,VA,24477-2641
Sours Automotive,PRO,,a46fabb1-03c2-4ed0-a549-10896ee31260,1017,,3,,MAYNARD,TISDALE,33 DALES RD,,CRIMORA,VA,24431-2300
Sours Automotive,PRO,,1eeb155a-62cb-4db4-bb4e-57ff68e58189,1017,,3,,JEFF,YOUNG,114 WHITE OAK GAP RD,,STAUNTON,VA,24401-5674
Sours Automotive,PRO,,ed89cd5d-85fb-4c56-9763-01deefb3f845,1017,,3,,MARK,BURFORD,59 MEADOW VIEW LN,,STUARTS DRAFT,VA,24477-9026
Sours Automotive,PRO,,fea95073-f716-483b-8454-3ca171e86185,1017,,3,,JENNIFER,JONES,26 BRITTANY LN APT 110,,STUARTS DRAFT,VA,24477-9721
Sours Automotive,PRO,,dd9bd369-d5e3-47fc-b39d-8d8cfa8db262,1017,,3,,BRENDA,SUEVER,19 HEATWOLE DR,,WAYNESBORO,VA,22980-7483
Sours Automotive,PRO,,dec0a00f-516d-42c4-9929-eb0bb33c38ba,1017,,3,,EUGENE,DETWEILER,1659 COLD SPRINGS RD,,STUARTS DRAFT,VA,24477-3024
Sours Automotive,PRO,,d38cb0f1-c9ed-4ed0-b37b-d8365386e95d,1017,,3,,DALE,RAYMOND,1945 FREDERICKSBURG RD,,ROCKBRIDGE BATHS,VA,24473-2534
Sours Automotive,PRO,,0d79f65e-c7d2-4f0b-bcfe-7eb6cb8a76bd,1017,,3,,NORMAN,NEUFELD,1446 ROCKFISH RD,,WAYNESBORO,VA,22980-6309
Sours Automotive,PRO,,8bfe42bb-094a-4017-8daa-e95cf9d60f5d,1017,,3,,ANNA,MANIKUS,229 DUPONT CIR,,WAYNESBORO,VA,22980-2311
Sours Automotive,PRO,,a7247900-65e2-4e9c-a40f-c3a9611e1f57,1017,,3,,CAROL,ABINETTE,72 BRIDLEWOOD DR,,PALMYRA,VA,22963-2634
Sours Automotive,PRO,,16aef51d-8619-4c4c-b894-32c73b699f8b,1017,,3,,Maria,Wade,92 PROVENCE DR APT 102,,STUARTS DRAFT,VA,24477-2789
Sours Automotive,PRO,,258cab61-0967-4171-92d0-6dbc9d78eeaf,1017,,3,,GREGGORY,SMITH,2 WOODVIEW CT,,STUARTS DRAFT,VA,24477-2757
Sours Automotive,PRO,,0f25089f-f7ec-459a-839a-a4066366c5b5,1017,,3,,ROBERT,BOCOCK,3183 BARTERBROOK RD,,STAUNTON,VA,24401-6828
Sours Automotive,PRO,,3f382910-c1f4-4207-80e3-ccb7c02099d5,1017,,3,,DAVID,BERRY,354 NATIONAL AVE,,STAUNTON,VA,24401-9108
Sours Automotive,PRO,,a9f1f195-4947-4855-a683-65a0ef466a1c,1017,,3,,DOUG,PUCKETT,2373 BARTERBROOK RD,,STAUNTON,VA,24401-6841
Sours Automotive,PRO,,191a53d9-c62d-4fe9-b9b3-5d99d3e2d302,1017,,3,,SUSAN,PATTERSON,1417 AIKEN ST,,STAUNTON,VA,24401-2001
Sours Automotive,PRO,,ddfc60b7-3edb-4779-a3d8-4dc91cf4db0b,1017,,3,,GARY,BEAVER,9943 OLD TURNPIKE RD,,AFTON,VA,22920-2219
Sours Automotive,PRO,,f0a76152-42a6-4ad4-80c3-b992b9a231b0,1017,,3,,JAMES,QUICK,772 DOOMS CROSSING RD,,WAYNESBORO,VA,22980-8951
Sours Automotive,PRO,,af760ae1-6481-4496-8be8-163bb45c3b9d,1017,,3,,MIKE,BATEMAN,122 VIRGINIA AVE,,STUARTS DRAFT,VA,24477-2761
Sours Automotive,PRO,,ff30fb75-bd7b-425c-b812-c3c930dbf378,1017,,3,,ROD,BOSTIC,201 FILLMORE ST,,STAUNTON,VA,24401-3318
Sours Automotive,PRO,,c8936603-9ee1-4f4c-8b64-2e2fafd5da0a,1017,,3,,ELISABETH,COPP,716 RANDOLPH AVE,,WAYNESBORO,VA,22980-2370
Sours Automotive,PRO,,fe7d9898-c143-4db5-8bf1-1ce07e5c497c,1017,,3,,RONALD,HEARN,129 OLD WHITE HILL RD,,STAUNTON,VA,24401-6901
Sours Automotive,PRO,,07d69451-a1b5-45bd-8038-68df6940d9b4,1017,,3,,MARK,GLOVER,176 ABNER LN,,WAYNESBORO,VA,22980-7342
Sours Automotive,PRO,,0b4ee00f-ea8b-4ca2-b567-7e03128cc343,1017,,3,,MATTHEW,KURZ,143 PROVIDENCE LN,,WAYNESBORO,VA,22980-9432
Sours Automotive,PRO,,70183497-d7da-47dd-af2b-b885c3e6335c,1017,,3,,FRANK,WASHINGTON,1 SOLUTION WAY,,WAYNESBORO,VA,22980-1971
Sours Automotive,PRO,,8450a2af-9944-4ba8-96ec-e8826b446940,1017,,3,,JIMMY,DEPOY,1377 HOWARDSVILLE TPKE,,STUARTS DRAFT,VA,24477-2525
Sours Automotive,PRO,,7e0c8863-1b68-45fb-a10c-f457906d557a,1017,,3,,BRANDI,WALLACE,266 ARROWHEAD LN,,STUARTS DRAFT,VA,24477-2964
Sours Automotive,PRO,,c1fdc773-c21f-43f7-a39e-0dedc88bd9ef,1017,,3,,JULIA,RUELL,7800 MONTANE RUN CT,,WAXHAW,NC,28173-7365
Sours Automotive,PRO,,a6607d1d-23e2-4d86-8a2b-f63f05089918,1017,,3,,JOAN,WARD,131 OLD WHITE HILL RD,,STAUNTON,VA,24401-6901
Sours Automotive,PRO,,cb48e10a-566e-46d4-9667-ffc8c7875fd7,1017,,3,,MATT,BIHL,1595 DUKE RD,,WAYNESBORO,VA,22980-6300
Sours Automotive,PRO,,df643e6b-f0a6-480e-b38e-3d48170eebb2,1017,,3,,TRAVIS,GRIMM,300 ELM ST,,STAUNTON,VA,24401-1832
Sours Automotive,PRO,,ea83e22f-e40f-428e-843e-0870fe1268d8,1017,,03,,Beth,White,235 VELMAR LN,,LYNDHURST,VA,22952-2204
Sours Automotive,PRO,,6c20f5da-231c-44d3-98ca-d1a8f082d281,1017,,03,,Kristy,Baber,87 WATERFORD LOOP APT 202,,STAUNTON,VA,24401-6352
Sours Automotive,PRO,,d74fbe0c-3732-4075-b291-18583e091c88,1017,,3,,MARSHALL,REED,130 AERO DR,,WAYNESBORO,VA,22980-6521
Sours Automotive,PRO,,2fd123ad-efb1-4e3b-a0f5-d49284548c22,1017,,03,,Nathan,Castello,40 OAK ST,,FISHERSVILLE,VA,22939-2234
Sours Automotive,PRO,,e7ec8141-dd31-426f-9d5c-5866622af1cf,1017,,3,,DEBRA,BILLINGS,399 ROUND HILL DR,,STUARTS DRAFT,VA,24477-3211
Sours Automotive,PRO,,ff1dc837-d51b-4aef-80d2-75c80a3f957a,1017,,03,,Erin,Moore,17 CREEKSIDE CIR,,LYNDHURST,VA,22952-2201
Sours Automotive,PRO,,c067c185-c017-4aca-8913-ac6f6648784a,1017,,03,,Bob,Gomez,PO BOX 669,,FISHERSVILLE,VA,22939-0669
Sours Automotive,PRO,,3e5ae09d-a709-4e15-95ab-181e89bf1e5c,1017,,03,,Jada,Lyburn,1210 PENDLETON LN,,STRASBURG,VA,22657-2191
Sours Automotive,PRO,,cdc8f722-e071-41b9-9e61-a62342c5c630,1017,,03,,Matt,Haught,59 TORRY LN,,STUARTS DRAFT,VA,24477-2934
Sours Automotive,PRO,,9ba9c2d7-f743-4968-9490-763ae1d95ced,1017,,3,,BRYAN,HUPMAN,714 NEW HOPE AND CRIMORA RD,,FORT DEFIANCE,VA,24437-2120
Sours Automotive,PRO,,7e3587d0-050f-4af2-9a7c-c07f79fcc087,1017,,3,,GREG,SMITH,2 WOODVIEW CT,,STUARTS DRAFT,VA,24477-2757
Sours Automotive,PRO,,73b48c27-9b80-4e71-a35d-af104435f25e,1017,,3,,HEATHER,RAMSEY,2331 LYNDHURST RD,,WAYNESBORO,VA,22980-9414
Sours Automotive,PRO,,b6ed039b-6148-49bf-9cf3-f973b6fbf067,1017,,3,,ROBERT,TYSON,299 WAYNE AVE,,STUARTS DRAFT,VA,24477-2703
Sours Automotive,PRO,,ff5d8623-0f10-4f20-b7ba-28c338933206,1017,,3,,NAOMI,BECERRA,22 BANGOR HL LOT 133,,STAUNTON,VA,24401-8430
Sours Automotive,PRO,,d4aab835-6f74-401e-b993-0221d868eee8,1017,,3,,DEBRA,WHEELER,6 EATON PL,,FISHERSVILLE,VA,22939-2172
Sours Automotive,PRO,,30679a3e-764b-43a7-8cb9-f11b13ae356f,1017,,3,,Lynette,Swope,PO BOX 184,,NEW HOPE,VA,24469-0184
Sours Automotive,PRO,,de785783-b0b3-4df6-b420-22e7b832561f,1017,,3,,Justin,Tidd,87 STUBBLEFIELD RD,,WAYNESBORO,VA,22980-9239
Sours Automotive,PRO,,aadd3938-bf4f-488e-8ca6-7bb2e11801ca,1017,,03,,John,Huff,353 COOPER DR,,STUARTS DRAFT,VA,24477-2923
Sours Automotive,PRO,,65b5710b-0393-442b-b932-7d8ed24f9d92,1017,,03,,Rachel,Hall,1940 SALEM RD,,SCHUYLER,VA,22969-2221
Sours Automotive,PRO,,5ad22899-31ec-4b39-9468-dcf59be61a32,1017,,3,,Suzanna,Walters,2310 LYNDHURST RD,,WAYNESBORO,VA,22980-9414
Sours Automotive,PRO,,aef1e119-687c-4b9a-bb5e-9b20dcc1028c,1017,,03,,Bethanne,Wheeler,21 FAIRFIELD DR,,STAUNTON,VA,24401-5594
Sours Automotive,PRO,,d3c19ec0-0b4a-4c27-9448-c51cee25ff9d,1017,,03,,Susan,Shifflett,11 TISBROOK DR,,STUARTS DRAFT,VA,24477-3126
Sours Automotive,PRO,,11739b2e-c293-4013-988a-c484080f37f8,1017,,03,,Alice,Urquhart,348 LAKE RD,,STUARTS DRAFT,VA,24477-9429
Sours Automotive,PRO,,ae99e223-e231-4827-b57e-b0713f017e01,1017,,3,,Benny,Shoemaker,139 BACK CREEK LN,,LYNDHURST,VA,22952-2701
Sours Automotive,PRO,,e5e7a9b8-d165-472e-aa34-dca541e78f7d,1017,,3,,Dick,Freed,136 COURT RD,,WAYNESBORO,VA,22980-5504
Sours Automotive,PRO,,f58f91bf-740d-4a01-8d74-1beb6e0eb2de,1017,,03,,Serena,Rawson,24 FREEDOM PL,,WAYNESBORO,VA,22980-9257
Sours Automotive,PRO,,6d8e09b7-eaab-4ebb-94c8-d5fda7044987,1017,,3,,Leah,Oneal,1194 UNION CHURCH RD,,CHURCHVILLE,VA,24421-2221
Sours Automotive,PRO,,28758ed4-a238-425c-8fd1-8e3c73eb6a3a,1017,,3,,Sarah,Eavers,51 WOODLAND DR,,STAUNTON,VA,24401-2367
Sours Automotive,PRO,,b7a27fa6-fe6f-4339-93c2-ef0d6a4875f0,1017,,3,,Debra,Lovell,2522 MILLWOOD LOOP,,HARRISONBURG,VA,22801-4596
Sours Automotive,PRO,,ad075054-5c65-4c42-a7aa-02fe7c221308,1017,,3,,Una,Liptrap,1142 HOWARDSVILLE TPKE,,STUARTS DRAFT,VA,24477-2538
Sours Automotive,PRO,,36f4a0c2-51df-49d3-916e-e9f5e1ee984e,1017,,3,,Karen,Boseck,123 WOODVIEW CT,,STUARTS DRAFT,VA,24477-2758
Sours Automotive,PRO,,66309c90-6814-4642-aec0-fd18547dc64f,1017,,3,,Mary,Cox,47 STUART AVE,,STUARTS DRAFT,VA,24477-2766
Sours Automotive,PRO,,47613878-e24f-4d2b-8e2d-3dbfaef3c162,1017,,3,,Alex,Evarts,PO BOX 76,,MIDDLEBROOK,VA,24459-0076
Sours Automotive,PRO,,5eb327a1-2504-4a6c-aaaf-e6f5be47b46b,1017,,3,,Steven,Bland,57 EDGEWOOD LN,,STUARTS DRAFT,VA,24477-2908
Sours Automotive,PRO,,f342170d-bd5e-4188-a611-b51d420cc933,1017,,3,,Dawn,Locklair,158 FOREST DR,,STUARTS DRAFT,VA,24477-2933
Sours Automotive,PRO,,6a292e66-59cb-4bd3-8bfc-02f20646f7e8,1017,,03,,Gary,Davis,25 FALLING ROCK DR,,STUARTS DRAFT,VA,24477-2925
Sours Automotive,PRO,,c9bbba20-9580-4b57-aebe-dbff13319a55,1017,,3,,Jonathan,Lowder,44 GEORGANNA DR,,LYNDHURST,VA,22952-2507
Sours Automotive,PRO,,b6b0ca5e-ddce-4b56-b7d9-092a6d8f5e56,1017,,3,,Neil,Wagner,1354 MT TORREY RD,,LYNDHURST,VA,22952-2105
Sours Automotive,PRO,,45ae8dd6-3676-447a-98ab-02c3c0ff44d7,1017,,3,,Roy,Massie,3193 STUARTS DRAFT HWY,,STUARTS DRAFT,VA,24477-2784
