Shop Name,Software,SID,CID,WSID,WCID,MBdayMo,TBdayMo,First,Last,Address,Address2,City,St,Zip
Sours Automotive,PRO,,197ea2b1-f2b8-4e27-a1ce-9ef014d69f5f,1017,,,3,LOGAN,SHIFFLETT,347 COFFMAN RD,,WEYERS CAVE,VA,24486-2110
Sours Automotive,PRO,,66da377b-9931-435d-9102-fe37c8706415,1017,,,9,MATTHEW,JACKSON,704 CHESTNUT AVE,,WAYNESBORO,VA,22980-4918
Sours Automotive,PRO,,a6a92f6f-d291-4ab9-9762-b10bc2c7af53,1017,,,3,ANDRES,VILLEGAS,615 BULL RUN,,STAUNTON,VA,24401-1897
Sours Automotive,PRO,,f78818e7-3182-40a6-8770-8e902c824008,1017,,,3,ASTON,BROWN,45 BRITTANY LN APT 111,,STUARTS DRAFT,VA,24477-9781
Sours Automotive,PRO,,bc98ea0e-522b-476b-8b0a-3184531eba5e,1017,,,3,WAYNE,LOCKLEAR,621 KIDDSVILLE RD,,WAYNESBORO,VA,22980-6439
Sours Automotive,PRO,,b771a17f-1b1f-4c7b-b943-177eceba89f7,1017,,,9,Jeff,Wood,PO BOX 444,,FISHERSVILLE,VA,22939-0444
Sours Automotive,PRO,,595beaab-f6a8-44fc-9716-9b1f6926431d,1017,,,9,CURTIS,JOHNSON,761 HOWARDSVILLE TPKE,,STUARTS DRAFT,VA,24477-2811
Sours Automotive,PRO,,74f17ce9-8259-4fd5-9865-2fd5c731b7d7,1017,,,3,Ray W.,Wright,972 LEAPORT RD,,VERONA,VA,24482-2922
Sours Automotive,PRO,,793270a2-2e3e-414c-8f67-e8ea165ba8cc,1017,,,3,JONATHAN,LOPEZ,131 HERMITAGE RD,,STAUNTON,VA,24401-9249
Sours Automotive,PRO,,37c07cee-5c16-4399-bb2f-ffc909619b78,1017,,,3,Ron,Allen,72 MIKE MOUNTAIN LN,,WAYNESBORO,VA,22980-7013
Sours Automotive,PRO,,7be4a918-5e47-4b44-9fa3-f4b07d4a6767,1017,,,9,HUNTER,FITZGERALD,6009 BROAD ST,,MOUNT JACKSON,VA,22842-9307
Sours Automotive,PRO,,f6d2a4bc-b02d-4648-854f-fe76c3817957,1017,,,3,HELMICK,SCAMP,187 DODGE ST,,STUARTS DRAFT,VA,24477-2834
Sours Automotive,PRO,,d6cc3b81-5e50-4a92-9525-4740a1dafd2d,1017,,,3,TRACY,RYAN,1720 LAFAYETTE BLVD APT C,,FREDERICKSBURG,VA,22401-7063
Sours Automotive,PRO,,d3ed6578-af1b-4453-878a-41e961d4f895,1017,,,3,CHARLIE,CAMPBELL,147 TORRY LN,,STUARTS DRAFT,VA,24477-2932
Sours Automotive,PRO,,cc5f8bf0-7ef1-4da4-8409-2c6bd5052295,1017,,,9,GAIL,DAVIS,387 KIDDSVILLE RD,,FISHERSVILLE,VA,22939-2403
Sours Automotive,PRO,,098a70f4-6772-46fb-bded-7e4102f6e366,1017,,,9,THOMAS,OCHELTREE,1758 MT TORREY RD,,LYNDHURST,VA,22952-2302
Sours Automotive,PRO,,ab4be4a6-efde-4be1-b58c-19163b187e61,1017,,,3,AMANDA,LORETI,1865 BORDEN GRANT TRL,,FAIRFIELD,VA,24435-2224
Sours Automotive,PRO,,5fde62fe-95c4-4e9b-b85d-fd6ec820c4b8,1017,,,9,BETH,BURDICK,39 PRINCESS ANN LN,,STUARTS DRAFT,VA,24477-3327
Sours Automotive,PRO,,72e7ef2a-db4b-43be-b4f0-917e93177c3b,1017,,,9,LEO,JUICO,31 BRIARWOOD ONE APT 111,,STAUNTON,VA,24401-6664
Sours Automotive,PRO,,4c0505b4-68cf-476b-b1a7-8823e545a765,1017,,,9,Eric,Martinez,78 LOCUST ST,,VERONA,VA,24482-2606
Sours Automotive,PRO,,5cf96fa4-bd35-414e-bca5-3a60ff3d2408,1017,,,3,SAM,ZEWIL,106 COMMUNITY WAY APT 826,,STAUNTON,VA,24401-5100
Sours Automotive,PRO,,ba388f36-0541-4e03-a154-54b82225f652,1017,,,3,JACINTO,LOYA,2150 CORTLAND ST,,WAYNESBORO,VA,22980-2112
Sours Automotive,PRO,,75226d2a-2055-4ea2-9529-cb18c4d5257c,1017,,,3,DAVID,VAUGHN,2400 INDIAN RIDGE RD,,STUARTS DRAFT,VA,24477-3040
Sours Automotive,PRO,,e74ed33f-74cd-4294-b3c6-23d703d13333,1017,,,9,ISSABELLA,INGHAM,102 SUMMERCREST AVE APT 37,,WAYNESBORO,VA,22980-2055
Sours Automotive,PRO,,9c5de797-7c4d-403d-bfab-e86b218fa801,1017,,,9,ROB,MAXWELL,4958 FROST LAKE DR,,JACKSONVILLE,FL,32258-1287
Sours Automotive,PRO,,46621ee0-2290-489f-927a-5b197a6c5240,1017,,,9,JANET,GRIFFIN,739 LOVE RD,,LYNDHURST,VA,22952-2816
Sours Automotive,PRO,,7df166f2-7db1-453c-a3e1-9a6e8d581109,1017,,,3,BUDDY,JONES,19 PEBBLE CT,,STUARTS DRAFT,VA,24477-2974
Sours Automotive,PRO,,f80d5701-9c95-4613-a5a1-2a12297be592,1017,,,9,MATTHEW,JOYNER,410 MCMAHON ST,,STAUNTON,VA,24401-4534
Sours Automotive,PRO,,2f29bacb-04df-4af8-a564-45514952d826,1017,,,9,DON,KISER,48 AUGUSTA CT,,WAYNESBORO,VA,22980-9248
Sours Automotive,PRO,,19bb9f84-bf76-4cb5-a7f6-c2dd27cd27a2,1017,,,9,BRITTANY,ANDERSON,726 MINEOLA ST,,STAUNTON,VA,24401-4547
Sours Automotive,PRO,,4c24273d-e55f-4b9b-9bc2-e2e9f7dd1217,1017,,,9,RACHEL,KEATON,39030 MOUNT GILEAD RD,,LEESBURG,VA,20175-6723
Sours Automotive,PRO,,acdb7da9-0aa0-4142-b607-631ddc6f55a8,1017,,,9,ERINE,CUTCHIN,159 WOODSIDE DR,,WAYNESBORO,VA,22980-8366
Sours Automotive,PRO,,d7e90e39-7862-4838-92f0-9c59825bbe40,1017,,,9,NATHAN,RODEFFER,25 SUFFOLK LN,,BRIDGEWATER,VA,22812-2730
Sours Automotive,PRO,,266ca6dc-d075-46c7-8d4d-feabfe286e01,1017,,,9,PHIL,LEHMAN,5919 MOUNT CLINTON PIKE,,ROCKINGHAM,VA,22802-0149
Sours Automotive,PRO,,0e97f55d-9e6b-4e66-a5a2-1374694279cc,1017,,,9,RAYMOND,MONK,5353 LEE JACKSON HWY,,GREENVILLE,VA,24440-1848
Sours Automotive,PRO,,0f4b915f-5102-4167-9aa3-8ed4c64a7cd0,1017,,,3,Ben,Schumin,3355 HEWITT AVE,,SILVER SPRING,MD,20906-5439
Sours Automotive,PRO,,ed2adb03-ba02-4af7-aff2-5019b309da01,1017,,,3,JACK,GARRISON,565 DOOMS CROSSING RD,,WAYNESBORO,VA,22980-8949
Sours Automotive,PRO,,a846534c-32b1-4cab-8f62-5a8edfb0c787,1017,,,3,Jackie,Bingler,2046 HOWARDSVILLE TPKE,,STUARTS DRAFT,VA,24477-2540
Sours Automotive,PRO,,d829270a-cdd9-4594-b891-b2aa19f395b3,1017,,,3,Cathrine,Fretwell,1458 INDIAN RIDGE RD,,STUARTS DRAFT,VA,24477-3006
Sours Automotive,PRO,,817a5b38-5e36-4462-8ba5-e10b784bd3ee,1017,,,3,JESSICA,FOREHAND,31318 COUNTRYSIDE LN,,CASTAIC,CA,91384-2568
Sours Automotive,PRO,,b9155f76-ee6e-4bad-b627-78ea9b1b525a,1017,,,9,Phil,Zehr,723 INDIAN TRL,,MARTINSVILLE,VA,24112-4504
Sours Automotive,PRO,,43068095-ea4a-4b13-a0ea-f0b3b4445b14,1017,,,3,NICOLE,CROMBIE,5635 UPLAND DR,,CROZET,VA,22932-3383
Sours Automotive,PRO,,d3d13314-a0e5-4fc7-9025-93ba2f790dbe,1017,,,9,Jeffrey,Miller,1162 CHRISTIANS CREEK RD,,STAUNTON,VA,24401-6813
Sours Automotive,PRO,,8c7e237f-3141-41b9-b751-f5c2bf07251f,1017,,,9,Walter,Peterson,7707 BIERSTON ST,,CITRUS HEIGHTS,CA,95621-1718
Sours Automotive,PRO,,4548c457-1076-40d8-acba-ed5cc7b45e71,1017,,,3,Bailey,Sprouse,499 AUGUSTA FARMS RD,,WAYNESBORO,VA,22980-9259
Sours Automotive,PRO,,7b172f11-f757-4edd-a7d5-a86446a59c1d,1017,,,9,Robert,Brooks,482 OLD WHITE HILL RD,,STUARTS DRAFT,VA,24477-3119
Sours Automotive,PRO,,537f953e-91b8-4396-abb5-4b2d975c232f,1017,,,9,Barbi,Moon Theado,216 WAYNE AVE,,STUARTS DRAFT,VA,24477-2703
Sours Automotive,PRO,,46eec102-9370-49ed-a166-8c50b02981ec,1017,,,9,Dean,Zullig,4084 LYNDHURST RD,,STUARTS DRAFT,VA,24477-2619
Sours Automotive,PRO,,c500c89e-ab67-4f18-bdd9-894871da99ec,1017,,,3,Matthew,Covell,18 HESTON FARM LN,,WAYNESBORO,VA,22980-7358
Sours Automotive,PRO,,849b3b9b-265f-4e72-b169-5622bd512eee,1017,,,3,Tyler,Newman,PO BOX 814,,CHURCHVILLE,VA,24421-0814
Sours Automotive,PRO,,3dac2d25-0a3a-4035-bb74-483a7e45baef,1017,,,3,Ruth,Puffenbarger,66 CHURCHMANS MILL RD,,STAUNTON,VA,24401-6801
Sours Automotive,PRO,,e2e78ba4-ea89-4907-bef3-115f40a1de6a,1017,,,3,Gary,Taylor,22 NAN LN,,WAYNESBORO,VA,22980-6363
Sours Automotive,PRO,,317cb7e7-4e57-4579-bb33-439be770e7e5,1017,,,3,Jacob,Anderson,231 SUNNYSIDE ST,,STAUNTON,VA,24401-3450
