Shop Name,Software,SID,CID,WSID,WCID,MBdayMo,TBdayMo,First,Last,Address,Address2,City,St,Zip
Highline Car Care,PRO,6962e4ee2c0a4d189f4c521270c80a7b,3e1c66e5-54dd-4b30-b925-33f87c42cf5c,1018,,3,,Adam,Byler,3704 W COLORADO AVE # S03,,COLORADO SPRINGS,CO,80904-1916
Highline Car Care,PRO,6962e4ee2c0a4d189f4c521270c80a7b,6753a922-b68f-45d0-9a3d-1f377d5b2024,1018,,3,,Leif,Johansson,434 E SARATOGA ST,,GILBERT,AZ,85296-2336
Highline Car Care,PRO,6962e4ee2c0a4d189f4c521270c80a7b,2ac4b0ae-5d00-47a7-a7e6-2f1b30512dbe,1018,,3,,Christoper,Bryan,1420 BROOKGREEN DR,,NORTH AUGUSTA,SC,29841-6004
Highline Car Care,PRO,6962e4ee2c0a4d189f4c521270c80a7b,f0d79af9-8134-4bdb-9612-a43f15d46e50,1018,,3,,Patricia,Greene,170 W CULLUMBER AVE APT 3055,,GILBERT,AZ,85233-4916
Highline Car Care,PRO,6962e4ee2c0a4d189f4c521270c80a7b,5cbb6bb6-c4dc-4b34-96bc-90fdf1a378a3,1018,,3,,Doug,Crocker,169 S ORANGE AVE,,BREA,CA,92821-4953
Highline Car Care,PRO,6962e4ee2c0a4d189f4c521270c80a7b,4ac1aa7a-83e8-4cf0-bbec-abe27b843dfa,1018,,03,,Ryan,Gatewood,432 PARKVIEW MANOR LN,,WENTZVILLE,MO,63385-4992
Highline Car Care,PRO,6962e4ee2c0a4d189f4c521270c80a7b,80458f0a-6dab-4fa8-8063-8438ea68f6c6,1018,,3,,Laura,Riccobono,23304 S 223RD PL,,QUEEN CREEK,AZ,85142-5988
Highline Car Care,PRO,6962e4ee2c0a4d189f4c521270c80a7b,986d25e2-91e0-4ca3-861f-fadddad9e9a3,1018,,3,,Matt,Rogers,1205 GIBSON AVE,,OGDEN,UT,84404-5527
Highline Car Care,PRO,6962e4ee2c0a4d189f4c521270c80a7b,31474dd2-9151-4dea-b678-2a6187dcfdad,1018,,03,,David,King,6650 N ACADEMY BLVD,,COLORADO SPRINGS,CO,80918-1205
Highline Car Care,PRO,6962e4ee2c0a4d189f4c521270c80a7b,1838b621-c20a-4409-aad6-f1ae4caf794d,1018,,3,,Tom,Borkowski,21 N SANDSTONE ST,,GILBERT,AZ,85234-9010
Highline Car Care,PRO,6962e4ee2c0a4d189f4c521270c80a7b,f95ba03a-0032-4d0b-bac2-43fa49a81ab6,1018,,03,,Matthew,Haley,4021 BROWNSBORO RD,,WINSTON SALEM,NC,27106-3427
Highline Car Care,PRO,6962e4ee2c0a4d189f4c521270c80a7b,65c7d3e1-887a-4f07-8d96-440e6b4d1b8a,1018,,3,,Sheldon,Olson,32500 TELEGRAPH RD STE 200,,BINGHAM FARMS,MI,48025-2463
Highline Car Care,PRO,6962e4ee2c0a4d189f4c521270c80a7b,58321a20-fa9b-4f28-aaa9-785eefea8a9e,1018,,3,,Robert,Greer,800 W QUEEN CREEK RD APT 2069,,CHANDLER,AZ,85248-3314
Highline Car Care,PRO,6962e4ee2c0a4d189f4c521270c80a7b,3dbf5867-55b8-40e8-ab07-2efb04ff8a6f,1018,,3,,Thomas,Garrett,6141 SOLOMONS ISLAND RD,,TRACYS LANDING,MD,20779-9704
Highline Car Care,PRO,6962e4ee2c0a4d189f4c521270c80a7b,92718c98-df2a-40a2-a5f1-b686a9f218d8,1018,,3,,Claudia,lara,1290 S EUCALYPTUS PL,,CHANDLER,AZ,85286-1269
Highline Car Care,PRO,6962e4ee2c0a4d189f4c521270c80a7b,0b7ac7fe-f7e3-4404-b45a-d08629d63d76,1018,,03,,Joshua,Schminky,4944 MARINERS POINT DR,,JACKSONVILLE,FL,32225-1108
Highline Car Care,PRO,6962e4ee2c0a4d189f4c521270c80a7b,392e6653-61a2-4611-88c6-afde328b6d10,1018,,3,,Farasat,Chaudhry,1955 N VAL VISTA DR STE 110,,MESA,AZ,85213-3218
Highline Car Care,PRO,6962e4ee2c0a4d189f4c521270c80a7b,7b2709a6-04f7-4073-9683-06fdb4a026ee,1018,,03,,Brad,Yoder,2782 HIGHWAY 72 E,,ABBEVILLE,SC,29620-5256
Highline Car Care,PRO,6962e4ee2c0a4d189f4c521270c80a7b,207e80af-3924-4f74-bf04-b87115f43d98,1018,,3,,Roy,Glaze,PO BOX 164,,BLESSING,TX,77419-0164
Highline Car Care,PRO,6962e4ee2c0a4d189f4c521270c80a7b,3247d40c-f8be-4618-b215-d710bc824d8e,1018,,3,,Joel,Van Over,697 W SAN PEDRO ST,,GILBERT,AZ,85233-2634
Highline Car Care,PRO,6962e4ee2c0a4d189f4c521270c80a7b,0d7c37c7-c46f-41fc-8bd5-154140949b2f,1018,,03,,Teddy,Rumzek,2228 W PIMA AVE,,COOLIDGE,AZ,85128-3292
Highline Car Care,PRO,6962e4ee2c0a4d189f4c521270c80a7b,ca51ccc7-8ec9-4eb7-9075-b3f32fd2dc54,1018,,03,,Anjuan,Robison,2585 LOTUS CREEK DR,,VIRGINIA BEACH,VA,23456-6450
Highline Car Care,PRO,6962e4ee2c0a4d189f4c521270c80a7b,6e2915ac-1921-4282-8d3c-a9f2de15f272,1018,,3,,Justin,Schmid,7534 E HUBBELL ST,,SCOTTSDALE,AZ,85257-1566
Highline Car Care,PRO,6962e4ee2c0a4d189f4c521270c80a7b,eb1453ee-ad28-4681-a034-1b06c066078b,1018,,3,,Prayag,Patel,1023 W GRAND CAYMEN DR,,GILBERT,AZ,85233-7580
Highline Car Care,PRO,6962e4ee2c0a4d189f4c521270c80a7b,013da0f9-32f7-480a-9637-a62e0cd55dd3,1018,,3,,Jim,Corley,33897 N WASH VIEW RD,,SAN TAN VALLEY,AZ,85142-3000
Highline Car Care,PRO,6962e4ee2c0a4d189f4c521270c80a7b,c912ce25-4051-4393-a836-9a9e50820565,1018,,03,,Dustyn,Davis,3596 E WATERMAN ST,,GILBERT,AZ,85297-7730
Highline Car Care,PRO,6962e4ee2c0a4d189f4c521270c80a7b,264315aa-0c5c-4479-bbf2-3f2e35da0ce9,1018,,3,,Makenna,Miller,950 S TERRACE RD,,TEMPE,AZ,85281-3865
Highline Car Care,PRO,6962e4ee2c0a4d189f4c521270c80a7b,15fe722b-5ba7-499f-88f2-bca9f7e9f5ce,1018,,3,,Corey,Carruthers,621 E 7TH DR,,MESA,AZ,85204-3339
Highline Car Care,PRO,6962e4ee2c0a4d189f4c521270c80a7b,cb307a82-211b-4186-92d6-6f07d3fa11da,1018,,03,,Freddy,Ayala,6410 SONTERRA CT,,RANCHO CUCAMONGA,CA,91737-6983
Highline Car Care,PRO,6962e4ee2c0a4d189f4c521270c80a7b,879b7087-c3dc-4de5-925a-2304371dd511,1018,,3,,Marrissa,Nutter,2811 W DEER VALLEY RD APT 2011,,PHOENIX,AZ,85027-2381
Highline Car Care,PRO,6962e4ee2c0a4d189f4c521270c80a7b,8123be8d-d1fb-4230-b529-6f4f237d6178,1018,,3,,Kyle,Burtch,1362 S VINEYARD APT 2052,,MESA,AZ,85210-8962
Highline Car Care,PRO,6962e4ee2c0a4d189f4c521270c80a7b,9bcd3013-e3fe-45c1-a94e-995a384c110d,1018,,03,,Katelynn,Payne,13 MULBERRY ST,,CHETOPA,KS,67336-8936
Highline Car Care,PRO,6962e4ee2c0a4d189f4c521270c80a7b,ae84d81c-bc00-4268-b334-82a80768f8c0,1018,,03,,Joseph,Tardif,5793 S GATE DR,,AUBURN,NY,13021-5336
Highline Car Care,PRO,6962e4ee2c0a4d189f4c521270c80a7b,73ee4ca1-9912-4a1a-8720-7415df7c19fb,1018,,03,,Robert,Davey,28082 CALLE ESTRELLA,,TEMECULA,CA,92592-3022
Highline Car Care,PRO,6962e4ee2c0a4d189f4c521270c80a7b,be7dd954-94b6-4e58-be79-6b92b0537dd6,1018,,03,,Raymond,Mendoza,1933 CONCOURSE DR,,SAN JOSE,CA,95131-1708
Highline Car Care,PRO,6962e4ee2c0a4d189f4c521270c80a7b,bf061463-85f1-4472-8a21-0ab4787591d2,1018,,3,,Madison,Smith,2281 SOUCHAK DR,,LAKE HAVASU CITY,AZ,86406-8330
Highline Car Care,PRO,6962e4ee2c0a4d189f4c521270c80a7b,31eca683-5f89-4efd-aaed-e680c8b06c4a,1018,,03,,Stephen,Israel,2284 WALLACES BRIDGE RD,,LUNENBURG,VA,23952-2002
Highline Car Care,PRO,6962e4ee2c0a4d189f4c521270c80a7b,92f5925a-f3d1-4008-9e47-eea263c85560,1018,,3,,Sean,Brees,10619 E OLLA AVE,,MESA,AZ,85212-1810
Highline Car Care,PRO,6962e4ee2c0a4d189f4c521270c80a7b,4bddf848-ec61-4eb9-ac10-3b3c97d572d9,1018,,3,,Pat,Hillard,3700 S IRONWOOD DR LOT 182,,APACHE JUNCTION,AZ,85120-7133
Highline Car Care,PRO,6962e4ee2c0a4d189f4c521270c80a7b,1e6e0798-7bf0-47a4-bca5-b4b1d03571d8,1018,,03,,David,Perez,9009 1ST AVE,,NORTH BERGEN,NJ,07047-5205
Highline Car Care,PRO,6962e4ee2c0a4d189f4c521270c80a7b,3e0ed3fe-2384-4cc7-a08e-120ae6e878a1,1018,,03,,Michael,Cohen,8 OLD ORCHARD LN,,EAST HAMPTON,NY,11937-3911
Highline Car Care,PRO,6962e4ee2c0a4d189f4c521270c80a7b,205ec191-4fc1-4345-adbe-445265ba2b75,1018,,03,,Justin,Beebe,735 HARRISON AVE,,TONAWANDA,NY,14223-1801
Highline Car Care,PRO,6962e4ee2c0a4d189f4c521270c80a7b,34f2da85-cbcb-4916-906e-7760162d52cc,1018,,3,,Lisa,Williams,1228 N ITHICA ST,,GILBERT,AZ,85233-1732
Highline Car Care,PRO,6962e4ee2c0a4d189f4c521270c80a7b,7c1d5cb6-23f3-45b4-acb3-bf7fd17c948c,1018,,3,,David,Kole,8395 SWEET WATER RD,,LONE TREE,CO,80124-3019
Highline Car Care,PRO,6962e4ee2c0a4d189f4c521270c80a7b,709f6bdd-7b86-478a-ad93-74bd46ddc128,1018,,3,,Adrean,Vera,1307 FAIRY CHASM RD,,KETCHIKAN,AK,99901-6280
Highline Car Care,PRO,6962e4ee2c0a4d189f4c521270c80a7b,faa2fece-db86-4978-9af7-699a57bc7448,1018,,3,,Stacey,Chambers,111 N REDROCK ST,,GILBERT,AZ,85234-1042
Highline Car Care,PRO,6962e4ee2c0a4d189f4c521270c80a7b,232dbb48-aba2-4260-9171-ae0a1f3170ce,1018,,3,,Jim,Clarkson,10903 S FOREST RIDGE RD,,OREGON CITY,OR,97045-9740
Highline Car Care,PRO,6962e4ee2c0a4d189f4c521270c80a7b,36519dbf-d815-4fde-9c3a-76733d634777,1018,,3,,Marner,Torio,9630 TWIN RIVERS CT,,LAS VEGAS,NV,89139-7528
Highline Car Care,PRO,6962e4ee2c0a4d189f4c521270c80a7b,d5a74f31-431e-4173-b736-1cb610ea2924,1018,,3,,Antonio,Woodards,424 W BROWN RD UNIT 104,,MESA,AZ,85201-3312
Highline Car Care,PRO,6962e4ee2c0a4d189f4c521270c80a7b,924eb593-50db-4709-a29e-9f5b8112b5e0,1018,,03,,Fahim,Sunka,12829 CHITTAMWOOD TRL,,EULESS,TX,76040-7134
Highline Car Care,PRO,6962e4ee2c0a4d189f4c521270c80a7b,3ee4e3c7-79ab-4aa5-bdaf-a869766b52c5,1018,,03,,Gregory,White,2614 DOVE CREEK DR,,ROWLETT,TX,75088-2448
Highline Car Care,PRO,6962e4ee2c0a4d189f4c521270c80a7b,cb7e02de-bc3f-401d-b26f-c820566e8b66,1018,,3,,Paul,Bates,22001 N 45TH PL,,PHOENIX,AZ,85050-6842
Highline Car Care,PRO,6962e4ee2c0a4d189f4c521270c80a7b,4cad14d2-4770-402c-ae51-1940b9fcbb0a,1018,,3,,John,Mazzochi,1892 W SPRINGFIELD WAY,,CHANDLER,AZ,85286-0960
Highline Car Care,PRO,6962e4ee2c0a4d189f4c521270c80a7b,8118609c-bfd3-47f3-b3ac-99e4d0c37f15,1018,,03,,Luke,Lamberth,4737 STATE HIGHWAY 97 E,,FLORESVILLE,TX,78114-3704
Highline Car Care,PRO,6962e4ee2c0a4d189f4c521270c80a7b,27fe0cb7-3a20-4a6c-adc7-f2c42a3e76b5,1018,,03,,Jim,Rector,104 E 1ST AVE,,MESA,AZ,85210-1404
Highline Car Care,PRO,6962e4ee2c0a4d189f4c521270c80a7b,419d0a11-831e-4e9c-983a-3ce221814965,1018,,3,,Marie,Nugent,6321 E CASPER ST,,MESA,AZ,85205-7564
Highline Car Care,PRO,6962e4ee2c0a4d189f4c521270c80a7b,5d4356e3-0d15-4c66-a68e-0f89fa9459b8,1018,,3,,Patrick,Arnold,1329 S QUINN AVE,,GILBERT,AZ,85296-8947
Highline Car Care,PRO,6962e4ee2c0a4d189f4c521270c80a7b,bb6af1b2-8247-40ac-952f-18103e0afa06,1018,,3,,Veronica,Rosenquist,29582 NOVACELLA,,LAGUNA NIGUEL,CA,92677-7901
Highline Car Care,PRO,6962e4ee2c0a4d189f4c521270c80a7b,f23b63b3-6eb7-4671-bce7-1d605f3a78b7,1018,,3,,Suzanne,Tate,2105 E SAN CARLOS PL,,CHANDLER,AZ,85249-3276
Highline Car Care,PRO,6962e4ee2c0a4d189f4c521270c80a7b,ffcc25c9-1a3e-47f7-84bb-76d7f64fa78e,1018,,3,,Lacie,Rowell,881 E HEATHER DR,,QUEEN CREEK,AZ,85140-5675
Highline Car Care,PRO,6962e4ee2c0a4d189f4c521270c80a7b,30f88a54-4443-4a8b-84a3-d2fe5af2e9d7,1018,,3,,Scott,Hartmann,2247 E POWELL PL,,CHANDLER,AZ,85249-3272
Highline Car Care,PRO,6962e4ee2c0a4d189f4c521270c80a7b,7f3dd8d1-7d5b-4be2-b155-1a49f5e77436,1018,,03,,Travis,Tucker,3813 SUMMERSVILLE LN,,FORT WORTH,TX,76244-5756
Highline Car Care,PRO,6962e4ee2c0a4d189f4c521270c80a7b,80f174a4-5ade-4c3e-8b12-e094918e27fa,1018,,3,,Charity,Stewart,8617 W APACHE ST,,TOLLESON,AZ,85353-8934
Highline Car Care,PRO,6962e4ee2c0a4d189f4c521270c80a7b,4ef6fe3d-5aa2-4100-8775-0b42f2da8c1e,1018,,3,,Glenn,Cunningham,1262 E SARAGOSA ST,,CHANDLER,AZ,85225-2091
Highline Car Care,PRO,6962e4ee2c0a4d189f4c521270c80a7b,d4015baa-a04a-4167-91ed-29627057cc89,1018,,03,,Joe,Wilkinson,2650 E SOUTH FORK DR,,PHOENIX,AZ,85048-8976
Highline Car Care,PRO,6962e4ee2c0a4d189f4c521270c80a7b,13e7ae38-ab15-4e42-b3af-b1ec744e1bb2,1018,,3,,Heather,Key,137 E ELLIOT RD # 3735,,GILBERT,AZ,85234-6729
Highline Car Care,PRO,6962e4ee2c0a4d189f4c521270c80a7b,5b1bbb44-fd62-4b65-9665-da7148ca1bcd,1018,,3,,Kayla,Simoncini,827 E ELGIN ST,,CHANDLER,AZ,85225-6408
Highline Car Care,PRO,6962e4ee2c0a4d189f4c521270c80a7b,a85ce427-d07e-4b95-81f7-e1f1e71659ba,1018,,3,,Albert,Kan,2401 E BASELINE RD,,GILBERT,AZ,85234-2407
Highline Car Care,PRO,6962e4ee2c0a4d189f4c521270c80a7b,85f55256-e93d-414b-b1d9-916bbd8a9bf3,1018,,3,,Hunter,Mattocks,4110 S CAMINO DE VIDA,,GOLD CANYON,AZ,85118-2969
Highline Car Care,PRO,6962e4ee2c0a4d189f4c521270c80a7b,9981cde5-5a01-4311-aa6b-f13f710a536d,1018,,3,,Chris,Lamson,815 W 12TH ST,,TEMPE,AZ,85281-5461
Highline Car Care,PRO,6962e4ee2c0a4d189f4c521270c80a7b,278dc792-6832-4bcc-8c92-5951ddc66d15,1018,,03,,Karrie,Ryan,1704 E HOPE ST,,MESA,AZ,85203-3925
Highline Car Care,PRO,6962e4ee2c0a4d189f4c521270c80a7b,520a917e-f7e8-44b8-8357-adbbe60c7c92,1018,,03,,Alex,Chambers,2806 CORTEZ RD,,JACKSONVILLE,FL,32246-3718
Highline Car Care,PRO,6962e4ee2c0a4d189f4c521270c80a7b,ec79f59e-5fdc-4269-8c86-3005b04c2842,1018,,3,,Bryan,Dyson,1062 W TREMAINE AVE,,GILBERT,AZ,85233-3736
Highline Car Care,PRO,6962e4ee2c0a4d189f4c521270c80a7b,1c97f706-7d0a-4d76-92c5-3f74342b1a96,1018,,3,,Nick,Brumfield,11663 SW LEMON AVE,,ARCADIA,FL,34269-6692
Highline Car Care,PRO,6962e4ee2c0a4d189f4c521270c80a7b,09183e63-b5ec-4432-8f5d-6a12e4eb2838,1018,,3,,Gary,Jetter,6924 NE BERWICK DR,,ANKENY,IA,50021-9256
Highline Car Care,PRO,6962e4ee2c0a4d189f4c521270c80a7b,f7ae2afa-d484-4631-98f4-f6ff90d6c4c0,1018,,3,,Phoebe,Swan,43282 N PLUM ST,,SAN TAN VALLEY,AZ,85140-3909
Highline Car Care,PRO,6962e4ee2c0a4d189f4c521270c80a7b,4371c46b-987c-4538-b969-29770b16ab21,1018,,3,,Edward,Guerrero,479 S DALEY,,MESA,AZ,85204-2709
Highline Car Care,PRO,6962e4ee2c0a4d189f4c521270c80a7b,900a54ed-fde4-4c54-8e1a-f3a0d155feb7,1018,,3,,Justin,Storm,189 JEFFERSON DR,,HILLSBOROUGH,NH,03244-5344
Highline Car Care,PRO,6962e4ee2c0a4d189f4c521270c80a7b,558f6439-390c-4618-89f0-a3da723e7715,1018,,03,,Mary,Elsenburg,621 REGINA DR,,HEWITT,TX,76643-3910
Highline Car Care,PRO,6962e4ee2c0a4d189f4c521270c80a7b,86c5c2d3-b510-4387-93f1-63fe330f7083,1018,,3,,Anna,Thompson,9646 N WOODGATE LN,,BYRON,IL,61010-9556
Highline Car Care,PRO,6962e4ee2c0a4d189f4c521270c80a7b,30e05e26-b5f2-40a7-94a1-2218247504a7,1018,,3,,Dale,Marshall,129 W MERRILL CT,,GILBERT,AZ,85233-2116
Highline Car Care,PRO,6962e4ee2c0a4d189f4c521270c80a7b,61307c5c-5812-4b95-bdb2-cf406540146d,1018,,3,,Jayme,Ambrose,1935 E SAN MIGUEL AVE,,PHOENIX,AZ,85016-3027
Highline Car Care,PRO,6962e4ee2c0a4d189f4c521270c80a7b,81ed02a1-c1f0-4729-937a-203780dc5def,1018,,03,,Lauren,Poulignot,29306 METCALF RD,,LOUISBURG,KS,66053-7211
Highline Car Care,PRO,6962e4ee2c0a4d189f4c521270c80a7b,2bcedd1d-4ac6-4a9c-a0f6-f39644e7b217,1018,,3,,Cheri,Minauri,713 W SHERRI DR,,GILBERT,AZ,85233-8046
Highline Car Care,PRO,6962e4ee2c0a4d189f4c521270c80a7b,f7f4d9a2-b6c7-4d2f-878d-91ba1ef4d5a3,1018,,03,,Jessie,Puga,3509 LAVERNE AVE,,BAKERSFIELD,CA,93309-7332
Highline Car Care,PRO,6962e4ee2c0a4d189f4c521270c80a7b,b4357e2b-15c6-4f56-a36b-dfe9bfcb6b46,1018,,3,,Rick,Mandel,312 W ENSUENO ST,,GILBERT,AZ,85233-7320
Highline Car Care,PRO,6962e4ee2c0a4d189f4c521270c80a7b,ba01006c-1dd4-4633-830d-e1b771542c5a,1018,,3,,Brandon,Sexton,1523 W WINTER DR,,PHOENIX,AZ,85021-7165
Highline Car Care,PRO,6962e4ee2c0a4d189f4c521270c80a7b,8a054917-22c7-45d0-b393-8c98b4e06a7c,1018,,03,,Jim,Pilditch,5905 THISTLE DR,,SAGINAW,MI,48638-4365
Highline Car Care,PRO,6962e4ee2c0a4d189f4c521270c80a7b,156f2e39-345a-4568-846e-0d239d613f3e,1018,,3,,Brianna,Green,507 E 10TH AVE APT 21,,APACHE JUNCTION,AZ,85119-3329
Highline Car Care,PRO,6962e4ee2c0a4d189f4c521270c80a7b,7f0c2b29-909f-4527-93a7-2e15caad2aaf,1018,,3,,Tom,Sciubba,960 S OLIVE,,MESA,AZ,85204-4133
Highline Car Care,PRO,6962e4ee2c0a4d189f4c521270c80a7b,cd6186e1-b865-48b1-a956-b31b4f938f5b,1018,,03,,Lee,Estes,2002 GLENWOOD DR,,OPELIKA,AL,36801-2408
Highline Car Care,PRO,6962e4ee2c0a4d189f4c521270c80a7b,1db55ce8-370b-4daa-af21-59a01a3a50ca,1018,,3,,Ben,Mackowski,1022 W JUANITA AVE,,GILBERT,AZ,85233-2558
Highline Car Care,PRO,6962e4ee2c0a4d189f4c521270c80a7b,0c7d070f-76fc-4daa-acc2-b03444ba26ff,1018,,03,,Joshua,Norman,46 KINGS WAY UNIT 904C,,WALTHAM,MA,02451-9035
Highline Car Care,PRO,6962e4ee2c0a4d189f4c521270c80a7b,bba93335-b74e-4d53-b0db-9c6ed3f487d9,1018,,3,,Nick,Narducci,4396 E HOUSTON AVE,,GILBERT,AZ,85234-0150
Highline Car Care,PRO,6962e4ee2c0a4d189f4c521270c80a7b,7e8ae39a-f0d3-48e6-8fa6-ce175874a6d4,1018,,03,,Zalen,Ellison,4230 SUMMER WIND DR,,CORPUS CHRISTI,TX,78413-3041
Highline Car Care,PRO,6962e4ee2c0a4d189f4c521270c80a7b,2cef7600-dac4-479e-af32-bcd88ca2ca25,1018,,3,,Jim,Corbett,3164 E CACTUS WREN ST,,APACHE JUNCTION,AZ,85119-2201
Highline Car Care,PRO,6962e4ee2c0a4d189f4c521270c80a7b,5e5814c8-7919-4c1d-9ba5-f0ae84b5b8fa,1018,,03,,Eusau,Laguerre,2529 AUTUMN GROVE CIR,,AURORA,IL,60504-5876
Highline Car Care,PRO,6962e4ee2c0a4d189f4c521270c80a7b,cf508217-5245-4cf8-bf85-7316a70d46c3,1018,,03,,Joshua,Dekle,3085 RED FERN RD,,CANTONMENT,FL,32533-4845
Highline Car Care,PRO,6962e4ee2c0a4d189f4c521270c80a7b,cc63a851-e085-4504-863b-48f4f798de76,1018,,03,,Walt,Tranmer,22788 W LA PASADA BLVD,,BUCKEYE,AZ,85326-8794
Highline Car Care,PRO,6962e4ee2c0a4d189f4c521270c80a7b,feb3fcb4-5836-474c-bd99-46dfeec073fe,1018,,3,,Jessica,Lamartiniere,445 W FABENS LN,,GILBERT,AZ,85233-5315
Highline Car Care,PRO,6962e4ee2c0a4d189f4c521270c80a7b,c133b1c3-8051-442a-9598-7100a755b9c4,1018,,03,,John,Novak,9423 N 375 W,,MICHIGAN CITY,IN,46360-9719
Highline Car Care,PRO,6962e4ee2c0a4d189f4c521270c80a7b,e6fa852c-25b5-42db-a44e-a6493889f2d3,1018,,03,,Jason,Caro,7402 BORDWINE DR,,ORLANDO,FL,32818-3063
Highline Car Care,PRO,6962e4ee2c0a4d189f4c521270c80a7b,7e48f2c8-b95a-4fad-a201-50399af6b9ba,1018,,03,,Brent,Roberts,3010 W ELBERG AVE,,APPLETON,WI,54914-5733
Highline Car Care,PRO,6962e4ee2c0a4d189f4c521270c80a7b,2c7b7af7-66f3-4405-b89b-63dd59941fdc,1018,,3,,Nikki,Luke,2070 E ARABIAN DR,,GILBERT,AZ,85296-3333
Highline Car Care,PRO,6962e4ee2c0a4d189f4c521270c80a7b,4a6550ce-5dc0-4921-8c15-df61f24c9b3e,1018,,3,,Ed,Davenport,1226 E OXFORD LN,,GILBERT,AZ,85295-4939
Highline Car Care,PRO,6962e4ee2c0a4d189f4c521270c80a7b,5bb32ebc-4920-4539-8404-49c4900f0791,1018,,3,,Brandon,Bellerson,1601 E INVERNESS AVE,,MESA,AZ,85204-6852
Highline Car Care,PRO,6962e4ee2c0a4d189f4c521270c80a7b,0ed8ec1b-ccbb-420b-b3fb-949b6b0e6f54,1018,,3,,Kevin,Bird,706 W MELODY AVE,,GILBERT,AZ,85233-1404
Highline Car Care,PRO,6962e4ee2c0a4d189f4c521270c80a7b,32eb5b36-ddc0-4729-b0af-37a6e9c29af1,1018,,03,,Madison,Merchel,31 LAFLIN RD,,WILKES BARRE,PA,18702-7213
Highline Car Care,PRO,6962e4ee2c0a4d189f4c521270c80a7b,f44e0ccc-8ab4-4e0d-ae7f-be73166fd464,1018,,03,,Nathan,Phan,7915 IDYLWOOD RD,,DUNN LORING,VA,22027-1105
Highline Car Care,PRO,6962e4ee2c0a4d189f4c521270c80a7b,0aeca9e3-e3a0-41fc-bedc-cec9a382c83e,1018,,3,,Irene,Geeraths,106 E MARILYN AVE,,MESA,AZ,85210-8530
Highline Car Care,PRO,6962e4ee2c0a4d189f4c521270c80a7b,00c6006d-80ae-4297-97a4-7bf03efe468d,1018,,03,,Christopher,Vuong,13202 HOOVER ST SPC 80,,WESTMINSTER,CA,92683-2382
Highline Car Care,PRO,6962e4ee2c0a4d189f4c521270c80a7b,acd2a17c-c6a5-434a-bbd0-204204d612a7,1018,,03,,Dave,Lee,100 LISMORE ST,,HUTTO,TX,78634-5685
Highline Car Care,PRO,6962e4ee2c0a4d189f4c521270c80a7b,e6aadf91-1ad1-4b03-9230-7aa3376912f7,1018,,03,,Rich,Woyak,1032 W STARWARD CT,,GILBERT,AZ,85233-7548
Highline Car Care,PRO,6962e4ee2c0a4d189f4c521270c80a7b,6e70a337-299c-4e79-96c1-d98e4773eb1b,1018,,03,,Nik,Bordak,28128 N MILL LN,,DEER PARK,WA,99006-8473
Highline Car Care,PRO,6962e4ee2c0a4d189f4c521270c80a7b,7c36b8c8-cec4-48cd-ace2-4d5890ac7ad4,1018,,3,,Todd,Welch,435 E PHELPS ST,,GILBERT,AZ,85295-1593
Highline Car Care,PRO,6962e4ee2c0a4d189f4c521270c80a7b,162cf02d-fdae-4926-830d-93796eb0a19a,1018,,3,,Jody,Schauer,2343 E KELLY DR,,GILBERT,AZ,85298-1121
Highline Car Care,PRO,6962e4ee2c0a4d189f4c521270c80a7b,4a36d90b-d20e-4998-8afb-8902a6dc0000,1018,,3,,Cory,Gould,1460 N RACINE LN,,GILBERT,AZ,85234-1445
Highline Car Care,PRO,6962e4ee2c0a4d189f4c521270c80a7b,afbdc9a7-1cd8-4cca-91e3-09b10313b3ca,1018,,03,,Alex,Dang,101 MIA RAE CT,,WARNER ROBINS,GA,31088-3193
Highline Car Care,PRO,6962e4ee2c0a4d189f4c521270c80a7b,81742d05-4389-46b1-b44d-360a2f16601f,1018,,03,,Jessica,Czajka,913 W COOLEY DR,,GILBERT,AZ,85233-2529
Highline Car Care,PRO,6962e4ee2c0a4d189f4c521270c80a7b,f1d813e0-f18f-432d-a9ac-f2b365647d45,1018,,03,,Dee,Conaway,99 N COOPER RD UNIT 159,,CHANDLER,AZ,85225-5867
Highline Car Care,PRO,6962e4ee2c0a4d189f4c521270c80a7b,b51c74c8-3005-4cd0-a4d4-d004eb80ffa8,1018,,03,,Jerry,Atchison,9578 RIDGEVIEW ST,,TULSA,OK,74131-6206
Highline Car Care,PRO,6962e4ee2c0a4d189f4c521270c80a7b,321903c7-5e55-478f-8008-bc633341383e,1018,,3,,Jennifer,Herrera,7316 E EDGEWOOD AVE,,MESA,AZ,85208-2723
Highline Car Care,PRO,6962e4ee2c0a4d189f4c521270c80a7b,44102229-4379-47fd-b088-246ee6c56c4c,1018,,03,,Carlos,Rojo,1259 W PICO AVE,,EL CENTRO,CA,92243-1315
Highline Car Care,PRO,6962e4ee2c0a4d189f4c521270c80a7b,400276b1-7ed5-4dee-aee2-780c39865ce2,1018,,3,,Alan,Saunders,337 W MERRILL AVE,,GILBERT,AZ,85233-2133
Highline Car Care,PRO,6962e4ee2c0a4d189f4c521270c80a7b,adc5c751-a919-4d11-8985-8a5c8f388b3f,1018,,03,,Norris,Prayoonto,441 VICTORY RD,,WINCHESTER,VA,22602-4567
Highline Car Care,PRO,6962e4ee2c0a4d189f4c521270c80a7b,bc9f0485-7010-487b-9c09-8593dca4d421,1018,,3,,Emily,Nicoll,688 W JUANITA AVE,,GILBERT,AZ,85233-2627
Highline Car Care,PRO,6962e4ee2c0a4d189f4c521270c80a7b,cf0811f8-5b86-4cb6-aa00-64f8eb4908fd,1018,,3,,Zaron,Welch,5831 S COUNTRY CLUB WAY,,TEMPE,AZ,85283-2444
Highline Car Care,PRO,6962e4ee2c0a4d189f4c521270c80a7b,d3711768-b742-4f96-ab8d-75bb6ad843ba,1018,,3,,Angelica,Vega,20264 E MOCKINGBIRD DR,,QUEEN CREEK,AZ,85142-3472
Highline Car Care,PRO,6962e4ee2c0a4d189f4c521270c80a7b,b1f089db-8343-47f0-88b0-49a03cc9a510,1018,,3,,Brittney,Burns,301 W BETSY LN,,GILBERT,AZ,85233-8513
Highline Car Care,PRO,6962e4ee2c0a4d189f4c521270c80a7b,899f110a-ed67-442c-b743-979d81cc126b,1018,,03,,Robert,Jr,1235 W BASELINE RD APT 277,,TEMPE,AZ,85283-1167
Highline Car Care,PRO,6962e4ee2c0a4d189f4c521270c80a7b,ca8ad56c-6975-4af2-bef2-c2bff5c42f5d,1018,,3,,Pam,Schultz,1119 E BALBOA DR,,TEMPE,AZ,85282-3906
Highline Car Care,PRO,6962e4ee2c0a4d189f4c521270c80a7b,4f26e2b9-e728-44de-a59f-09d16d23809b,1018,,03,,Tajay,Simon,52 S HILLSIDE AVE,,ELMSFORD,NY,10523-3618
Highline Car Care,PRO,6962e4ee2c0a4d189f4c521270c80a7b,f1000aa7-88b9-4ab0-b0d3-8d6df7574bcf,1018,,3,,Leland,Sevilleja,726 N CAMBRIDGE ST,,GILBERT,AZ,85233-3712
Highline Car Care,PRO,6962e4ee2c0a4d189f4c521270c80a7b,aa32b8f4-7687-4cda-ae3f-e11206a8b5cb,1018,,3,,Jarrett,Schulz,865 W LAREDO AVE,,GILBERT,AZ,85233-6204
Highline Car Care,PRO,6962e4ee2c0a4d189f4c521270c80a7b,29fa4e98-33af-491b-b6cd-93203b5901c0,1018,,3,,Steven,Coffey,3544 E HOPKINS RD,,GILBERT,AZ,85295-2122
Highline Car Care,PRO,6962e4ee2c0a4d189f4c521270c80a7b,6c397d7f-4aa6-4284-b338-5e224595692a,1018,,3,,Brian,Walker,19904 S 198TH ST,,QUEEN CREEK,AZ,85142-8656
Highline Car Care,PRO,6962e4ee2c0a4d189f4c521270c80a7b,bce04ee9-85f6-42ce-8cf7-291769ebcd32,1018,,3,,Katie,Romaine,9706 E IMPALA AVE,,MESA,AZ,85209-7043
