Shop Name,Software,SID,CID,WSID,WCID,MBdayMo,TBdayMo,First,Last,Address,Address2,City,St,Zip
Absolute Auto Repair Center - Shirley 2955,SWA,2955,4397631,1020,105,03,,Kelley,Heinle,39 SHAKER RD,,SHIRLEY,MA,01464-2541
Absolute Auto Repair Center - Shirley 2955,SWA,2955,4397632,1020,105,03,,Karlee,Harris,133 BALDWINVILLE RD,,TEMPLETON,MA,01468-1442
Absolute Auto Repair Center - Shirley 2955,SWA,2955,4397671,1020,105,03,,Joey,Manisy,13 MAIN ST,,BALDWINVILLE,MA,01436-1108
Absolute Auto Repair Center - Shirley 2955,SWA,2955,4396572,1020,105,03,,Cliff,Shipton,3 BENJAMIN RD,,SHIRLEY,MA,01464-2601
Absolute Auto Repair Center - Shirley 2955,SWA,2955,4397736,1020,105,03,,Brandon,Meadows,7 TEXAS RD,,WESTFORD,MA,01886-4303
Absolute Auto Repair Center - Shirley 2955,SWA,2955,4397747,1020,105,03,,Margaret,Leclair,28 NOTRE DAME ST APT D,,LEOMINSTER,MA,01453-2233
Absolute Auto Repair Center - Shirley 2955,SWA,2955,4397802,1020,105,03,,Makenzie,Flagg,76 CLARK RD,,SHIRLEY,MA,01464-2636
Absolute Auto Repair Center - Shirley 2955,SWA,2955,4396395,1020,105,03,,Gary,Gionet,PO BOX 871,,SHIRLEY,MA,01464-0871
Absolute Auto Repair Center - Shirley 2955,SWA,2955,4397946,1020,105,03,,Samuel,Garcia,136 HIGH ST,,FITCHBURG,MA,01420-2408
Absolute Auto Repair Center - Shirley 2955,SWA,2955,4398001,1020,105,03,,Kristen,Sears,37 LANTERN WAY,,SHIRLEY,MA,01464-2137
Absolute Auto Repair Center - Shirley 2955,SWA,2955,4398025,1020,105,03,,Jacob,Delaney,39 BARROWS ST,,NORTON,MA,02766-3121
Absolute Auto Repair Center - Shirley 2955,SWA,2955,4397795,1020,105,03,,Ellen,Pillman,153 BURRAGE ST,,LUNENBURG,MA,01462-2103
Absolute Auto Repair Center - Shirley 2955,SWA,2955,4398045,1020,105,03,,Keleigh,Doherty,PO BOX 334,,SHIRLEY,MA,01464-0334
Absolute Auto Repair Center - Shirley 2955,SWA,2955,4398049,1020,105,03,,Jillian,Perry,9 VALLEY VIEW WAY,,SHIRLEY,MA,01464-2432
Absolute Auto Repair Center - Shirley 2955,SWA,2955,4396299,1020,105,03,,Monica,Walker,227 PLEASANT ST,,LUNENBURG,MA,01462-1910
Absolute Auto Repair Center - Shirley 2955,SWA,2955,4397998,1020,105,03,,Vincent,Doiron,16 TOLMAN AVE,,SHIRLEY,MA,01464-2528
Absolute Auto Repair Center - Shirley 2955,SWA,2955,4396404,1020,105,03,,Hannah,Donell,75 GROTON SCHOOL RD,,AYER,MA,01432-1041
Absolute Auto Repair Center - Shirley 2955,SWA,2955,4396427,1020,105,03,,Chris,Tremblay,11 MELVIN AVE,,BRIGHTON,MA,02135-7436
Absolute Auto Repair Center - Shirley 2955,SWA,2955,4396438,1020,105,03,,Jennifer,Lachance,476 OTTER RIVER RD,,TEMPLETON,MA,01468-1427
Absolute Auto Repair Center - Shirley 2955,SWA,2955,4397156,1020,105,03,,Robert,Richard,3 ANDOVER ST,,LEOMINSTER,MA,01453-3917
Absolute Auto Repair Center - Shirley 2955,SWA,2955,4396806,1020,105,03,,Melanie,Pierce,198 AYER RD,,SHIRLEY,MA,01464-2518
Absolute Auto Repair Center - Shirley 2955,SWA,2955,4396382,1020,105,03,,Shaun,Mccann,150 WILLARD ST,,AYER,MA,01432-1737
Absolute Auto Repair Center - Shirley 2955,SWA,2955,4397627,1020,105,03,,Keith,Goodlett,129 CENTER RD,,SHIRLEY,MA,01464-2126
Absolute Auto Repair Center - Shirley 2955,SWA,2955,4396559,1020,105,03,,Patrick,Houston,28 WATER ST,,ASHBURNHAM,MA,01430-1261
Absolute Auto Repair Center - Shirley 2955,SWA,2955,4396291,1020,105,03,,Darlene,Conti,91 UNION ST,,LEOMINSTER,MA,01453-3873
Absolute Auto Repair Center - Shirley 2955,SWA,2955,4397508,1020,105,03,,Sheldon,Shea,PO BOX 490,,CHARLOTTE COURT HOUSE,VA,23923-0490
Absolute Auto Repair Center - Shirley 2955,SWA,2955,4397497,1020,105,03,,Cherie,Atwater,PO BOX 864,,SHIRLEY,MA,01464-0864
Absolute Auto Repair Center - Shirley 2955,SWA,2955,4396748,1020,105,03,,Stephen,Doiron,16 TOLMAN AVE,,SHIRLEY,MA,01464-2528
Absolute Auto Repair Center - Shirley 2955,SWA,2955,4398014,1020,105,03,,Leila,Morales,8 MYLES LN,,SHIRLEY,MA,01464-2622
Absolute Auto Repair Center - Shirley 2955,SWA,2955,4396794,1020,105,03,,Dwinell,Louis,13819 AZALEA CIR APT 202,,TAMPA,FL,33613-5965
Absolute Auto Repair Center - Shirley 2955,SWA,2955,4396865,1020,105,03,,Mary,Beach,421 KING ST APT 1H,,LITTLETON,MA,01460-1264
Absolute Auto Repair Center - Shirley 2955,SWA,2955,4396863,1020,105,03,,Thomas,Fitzgerald,29 LANCASTER RD,,SHIRLEY,MA,01464-2443
Absolute Auto Repair Center - Shirley 2955,SWA,2955,4396875,1020,105,03,,Patrick,Campbell,70 PROSPECT AVE,,QUINCY,MA,02170-4037
Absolute Auto Repair Center - Shirley 2955,SWA,2955,4397784,1020,105,03,,Nicole,Bergeron Laws,47 SHAKER RD,,SHIRLEY,MA,01464-2511
Absolute Auto Repair Center - Shirley 2955,SWA,2955,4397011,1020,105,03,,Richard,Jellyman,PO BOX 963,,SHIRLEY,MA,01464-0963
Absolute Auto Repair Center - Shirley 2955,SWA,2955,4397426,1020,105,03,,Michael,Stay,153 MECHANIC ST # 3L,,LEOMINSTER,MA,01453-5778
Absolute Auto Repair Center - Shirley 2955,SWA,2955,4397042,1020,105,03,,Angela,Figueroa,40 MEDFORD ST # 1,,CHELSEA,MA,02150-2615
Absolute Auto Repair Center - Shirley 2955,SWA,2955,4397725,1020,105,03,,Carmen,Bonilla,27 CENTURY WAY,,GARDNER,MA,01440-1268
Absolute Auto Repair Center - Shirley 2955,SWA,2955,4397276,1020,105,03,,Michal,Janczewski,17 FARRAGUT WAY,,HOLDEN,MA,01520-2630
Absolute Auto Repair Center - Shirley 2955,SWA,2955,4397317,1020,105,03,,Stephen,Lohman,302 CHENORA CT,,CINCINNATI,OH,45215-4107
Absolute Auto Repair Center - Shirley 2955,SWA,2955,4397313,1020,105,03,,Kengy Prince,Crawford,37 ORCHARD ST APT 1,,LEOMINSTER,MA,01453-0348
Absolute Auto Repair Center - Shirley 2955,SWA,2955,4397326,1020,105,03,,Matthew,Goodwin,16 SHAKER RD,,SHIRLEY,MA,01464-2513
Absolute Auto Repair Center - Shirley 2955,SWA,2955,4397332,1020,105,03,,Joseph,Bradish,182 AYER RD,,SHIRLEY,MA,01464-2518
Absolute Auto Repair Center - Shirley 2955,SWA,2955,4397349,1020,105,03,,Yang,Cherwa,25 MOUNT VERNON ST,,FITCHBURG,MA,01420-9000
Absolute Auto Repair Center - Shirley 2955,SWA,2955,4397363,1020,105,03,,Marianne,Alexander,32 HARVARD RD APT 6H,,SHIRLEY,MA,01464-2440
Absolute Auto Repair Center - Shirley 2955,SWA,2955,4397370,1020,105,03,,Kevin,Holmes,42 NORCROSS RD,,ROYALSTON,MA,01368-9273
Absolute Auto Repair Center - Shirley 2955,SWA,2955,4397379,1020,105,03,,Michelle,Holman,1480 LANCASTER AVE,,LUNENBURG,MA,01462-1692
Absolute Auto Repair Center - Shirley 2955,SWA,2955,4397382,1020,105,03,,Julie,Michaud,53 LEOMINSTER RD,,SHIRLEY,MA,01464-2007
Absolute Auto Repair Center - Shirley 2955,SWA,2955,4397398,1020,105,03,,Jan,Gardiner,22 LEXINGTON RD,,WELLESLEY,MA,02482-2313
Absolute Auto Repair Center - Shirley 2955,SWA,2955,4396283,1020,105,03,,David,Oakman,PO BOX 79,,SHIRLEY,MA,01464-0079
Absolute Auto Repair Center - Shirley 2955,SWA,2955,4397411,1020,105,03,,Patrick,Desaulnier,16 ABENAKI ST,,HUBBARDSTON,MA,01452-1541
Absolute Auto Repair Center - Shirley 2955,SWA,2955,4397717,1020,105,03,,Sam,Robinson,124 BENJAMIN RD,,SHIRLEY,MA,01464-2618
Absolute Auto Repair Center - Shirley 2955,SWA,2955,4396684,1020,105,03,,Dimitra,Dimitrakakis,27 SACRAMENTO DR,,LEOMINSTER,MA,01453-3069
Absolute Auto Repair Center - Shirley 2955,SWA,2955,4396359,1020,105,03,,Jeremy,Bergeron,78 PELLEY ST,,GARDNER,MA,01440-1936
Absolute Auto Repair Center - Shirley 2955,SWA,2955,4396859,1020,105,03,,Annabelle,Proulx,21 PLEASANT PL,,LEOMINSTER,MA,01453-5622
Absolute Auto Repair Center - Shirley 2955,SWA,2955,4397127,1020,105,03,,Amy,Rosas,PO BOX 1001,,SHIRLEY,MA,01464-1001
Absolute Auto Repair Center - Shirley 2955,SWA,2955,4396848,1020,105,03,,Stacy,Gerace,64 CHAPEL ST,,SHIRLEY,MA,01464-2533
Absolute Auto Repair Center - Shirley 2955,SWA,2955,4396724,1020,105,03,,Jim,Sheehan,64 SPRING STREET EXT,,LUNENBURG,MA,01462-1571
Absolute Auto Repair Center - Shirley 2955,SWA,2955,4397302,1020,105,03,,Sharon,Dodge,140 AYER RD,,SHIRLEY,MA,01464-2518
Absolute Auto Repair Center - Shirley 2955,SWA,2955,4396487,1020,105,03,,Luann,Cormier,183 BOYCE ST,,AUBURN,MA,01501-1718
Absolute Auto Repair Center - Shirley 2955,SWA,2955,4393853,1020,105,03,,Brittany,Pretzer,89 ISAAC FRYE HWY,,WILTON,NH,03086-5933
Absolute Auto Repair Center - Shirley 2955,SWA,2955,5763269,1020,105,03,,Alberto,Tobar,205 TILDEN WAY,,EDGEWATER,MD,21037-2624
Absolute Auto Repair Center - Shirley 2955,SWA,2955,5974615,1020,105,03,,Dennis,LaBranche,617 RESERVOIR RD,,LUNENBURG,MA,01462-1540
Absolute Auto Repair Center - Shirley 2955,SWA,2955,4396867,1020,105,03,,David,Vailette,196 UNION ST,,LEOMINSTER,MA,01453-4128
Absolute Auto Repair Center - Shirley 2955,SWA,2955,4397402,1020,105,03,,Joe,Stanislaw,PO BOX 11,,SHIRLEY,MA,01464-0011
Absolute Auto Repair Center - Shirley 2955,SWA,2955,7993121,1020,105,03,,Daniel,Flemming,125 TOWNSEND RD,,SHIRLEY,MA,01464-2302
Absolute Auto Repair Center - Shirley 2955,SWA,2955,4396378,1020,105,03,,Kim,Holloway,12 OLD SANDY POND RD,,AYER,MA,01432-1444
Absolute Auto Repair Center - Shirley 2955,SWA,2955,8185532,1020,105,03,,Ben,Eramo,PO BOX 59,,SHIRLEY,MA,01464-0059
Absolute Auto Repair Center - Shirley 2955,SWA,2955,8593965,1020,105,03,,David,Boynton,6 MAPLE ST,,SHIRLEY,MA,01464-2420
Absolute Auto Repair Center - Shirley 2955,SWA,2955,9353722,1020,105,03,,Sidney,Collier,28 CLARK RD,,SHIRLEY,MA,01464-2619
Absolute Auto Repair Center - Shirley 2955,SWA,2955,4397044,1020,105,03,,George,Burden,39 CORTLAND CIR,,LUNENBURG,MA,01462-1494
Absolute Auto Repair Center - Shirley 2955,SWA,2955,10732515,1020,105,03,,David,Parsons,75 GROTON SCHOOL RD APT G10,,AYER,MA,01432-1032
Absolute Auto Repair Center - Shirley 2955,SWA,2955,10737957,1020,105,03,,Jay,Patel,141 GRANT WAY,,LANCASTER,MA,01523-3110
Absolute Auto Repair Center - Shirley 2955,SWA,2955,4397566,1020,105,03,,Doris M.,Champagne,83 CLARK RD UNIT 46,,SHIRLEY,MA,01464-2639
Absolute Auto Repair Center - Shirley 2955,SWA,2955,8715751,1020,105,03,,Ronnie,Cunningham,18 WILLIAMS ST,,AYER,MA,01432-1364
Absolute Auto Repair Center - Shirley 2955,SWA,2955,4396682,1020,105,03,,Yong,Hsiu,36 WALNUT ST,,DEVENS,MA,01434-5074
Absolute Auto Repair Center - Shirley 2955,SWA,2955,4396361,1020,105,03,,Nambiuur,Vidyashanker,21 LITTLE TURNPIKE RD,,SHIRLEY,MA,01464-2804
Absolute Auto Repair Center - Shirley 2955,SWA,2955,4397892,1020,105,03,,Michelle,Hathaway,6 AUGUST LN,,SHIRLEY,MA,01464-2633
Absolute Auto Repair Center - Shirley 2955,SWA,2955,4397519,1020,105,03,,Russell,Schick,239 AYER RD,,LITTLETON,MA,01460-1009
Absolute Auto Repair Center - Shirley 2955,SWA,2955,15028370,1020,105,03,,Luke,Mccaffrey,129 CASTERBRIDGE LN,,BALDWINSVILLE,NY,13027-1065
Absolute Auto Repair Center - Shirley 2955,SWA,2955,4397734,1020,105,03,,Ruth,Schulz,17 TAFT ST,,AYER,MA,01432-1133
Absolute Auto Repair Center - Shirley 2955,SWA,2955,16982495,1020,105,03,,Myles,Donell,15 MYLES LN,,SHIRLEY,MA,01464-2624
Absolute Auto Repair Center - Shirley 2955,SWA,2955,18265182,1020,105,03,,Bill,Southworth,64 HORSE POND RD,,SHIRLEY,MA,01464-2714
Absolute Auto Repair Center - Shirley 2955,SWA,2955,18799990,1020,105,03,,Ben,Goldberg,35 HAZEN RD APT F4,,SHIRLEY,MA,01464-2722
Absolute Auto Repair Center - Shirley 2955,SWA,2955,19161357,1020,105,03,,Jack,McKillop,14 BOUCHER RD,,LUNENBURG,MA,01462-1751
Absolute Auto Repair Center - Shirley 2955,SWA,2955,20091525,1020,105,03,,Mike,Hampson,6 WARREN RD,,SHIRLEY,MA,01464-2718
Absolute Auto Repair Center - Shirley 2955,SWA,2955,4396496,1020,105,03,,Letha,Chemmalil,27A ELM RD,,DEVENS,MA,01434-5081
Absolute Auto Repair Center - Shirley 2955,SWA,2955,21247993,1020,105,03,,Michael,Spiller,205 NATHANIEL DR,,WHITINSVILLE,MA,01588-1078
Absolute Auto Repair Center - Shirley 2955,SWA,2955,8975300,1020,105,03,,Camilla,Thompson,649 GOODRICH ST,,LUNENBURG,MA,01462-1621
Absolute Auto Repair Center - Shirley 2955,SWA,2955,12658237,1020,105,03,,Ryan,Jones,PO BOX 1468,,SHIRLEY,MA,01464-1468
Absolute Auto Repair Center - Shirley 2955,SWA,2955,23005581,1020,105,03,,Mark,McKenna,668 FOREST RD,,GREENFIELD,NH,03047-4512
Absolute Auto Repair Center - Shirley 2955,SWA,2955,12005881,1020,105,03,,Eric,Gagnon,52 LAWTON RD,,SHIRLEY,MA,01464-2807
Absolute Auto Repair Center - Shirley 2955,SWA,2955,4397776,1020,105,03,,Eva,Baker,50 BROOK TRL,,SHIRLEY,MA,01464-2140
Absolute Auto Repair Center - Shirley 2955,SWA,2955,4397994,1020,105,03,,Bernard,Krukley,34 SHAKER RD,,SHIRLEY,MA,01464-2514
Absolute Auto Repair Center - Shirley 2955,SWA,2955,4396687,1020,105,03,,Scott,Warwick,26 AYER RD,,SHIRLEY,MA,01464-2516
Absolute Auto Repair Center - Shirley 2955,SWA,2955,4397353,1020,105,03,,Paula,Forde,97 HAZEN RD,,SHIRLEY,MA,01464-2705
Absolute Auto Repair Center - Shirley 2955,SWA,2955,4397030,1020,105,03,,Giselle,Souza,172 AYER RD UNIT D,,SHIRLEY,MA,01464-2518
Absolute Auto Repair Center - Shirley 2955,SWA,2955,4396371,1020,105,03,,Scott,Whitman,87 FRONT ST LOT 17,,SHIRLEY,MA,01464-2595
Absolute Auto Repair Center - Shirley 2955,SWA,2955,7517976,1020,105,03,,Brandon,Pries,96 PLEASANT ST,,AYER,MA,01432-1113
Absolute Auto Repair Center - Shirley 2955,SWA,2955,4396804,1020,105,03,,Wanda,Belanger,164 AYER RD UNIT 4F,,SHIRLEY,MA,01464-2518
Absolute Auto Repair Center - Shirley 2955,SWA,2955,9437590,1020,105,03,,Bob,Morse,249 GREAT RD,,SHIRLEY,MA,01464-2214
Absolute Auto Repair Center - Shirley 2955,SWA,2955,9489245,1020,105,03,,Paul,Allen,83 CLARK RD UNIT 41,,SHIRLEY,MA,01464-2639
Absolute Auto Repair Center - Shirley 2955,SWA,2955,4396770,1020,105,03,,John,Januskidwiecz,25 PEABODY RD,,SHIRLEY,MA,01464-2905
Absolute Auto Repair Center - Shirley 2955,SWA,2955,9921578,1020,105,03,,Lydia,Sykes,66 LONGLEY RD,,SHIRLEY,MA,01464-2806
Absolute Auto Repair Center - Shirley 2955,SWA,2955,11714059,1020,105,03,,Clifford,Shipton,22 HARVARD RD,,SHIRLEY,MA,01464-2438
Absolute Auto Repair Center - Shirley 2955,SWA,2955,8590394,1020,105,03,,Steven,Cantwell,PO BOX 836,,SHIRLEY,MA,01464-0836
Absolute Auto Repair Center - Shirley 2955,SWA,2955,20312813,1020,105,03,,Anatoly,Davidenko,138 SNAKE HILL RD,,AYER,MA,01432-1526
Absolute Auto Repair Center - Shirley 2955,SWA,2955,4398038,1020,105,03,,Robert,Diaz,68 CHAPEL ST,,SHIRLEY,MA,01464-2533
Absolute Auto Repair Center - Shirley 2955,SWA,2955,4396518,1020,105,03,,Arthur,Torres,240 GREAT RD,,SHIRLEY,MA,01464-2211
Absolute Auto Repair Center - Shirley 2955,SWA,2955,13200500,1020,105,03,,Elizabeth,Zouvelos,15 ELM RD,,DEVENS,MA,01434-5080
Absolute Auto Repair Center - Shirley 2955,SWA,2955,20722753,1020,105,03,,Amanda,Ziegler,55 MELISSA CT,,SOUTHINGTON,CT,06489-2827
Absolute Auto Repair Center - Shirley 2955,SWA,2955,10876752,1020,105,03,,Amy,Durkin,12 SCHOOL ST,,SHIRLEY,MA,01464-2423
Absolute Auto Repair Center - Shirley 2955,SWA,2955,23093257,1020,105,03,,Jeff,Brown,400 TOWNSEND ST,,FITCHBURG,MA,01420-2067
Absolute Auto Repair Center - Shirley 2955,SWA,2955,4397927,1020,105,03,,Bruce,Brockelman,92 CENTER RD,,SHIRLEY,MA,01464-2144
Absolute Auto Repair Center - Shirley 2955,SWA,2955,20021325,1020,105,03,,John,Corbett,7 MARION ST,,CHELMSFORD,MA,01824-3115
Absolute Auto Repair Center - Shirley 2955,SWA,2955,8916769,1020,105,03,,David,Bollans,77 BENJAMIN RD,,SHIRLEY,MA,01464-2626
Absolute Auto Repair Center - Shirley 2955,SWA,2955,24641225,1020,105,03,,Leigh,Zepernick,65 HOWARD STREET EXT,,SALEM,MA,01970-7400
Absolute Auto Repair Center - Shirley 2955,SWA,2955,4397254,1020,105,03,,Jayson,Hemminger,96 BENJAMIN RD APT 3,,SHIRLEY,MA,01464-2625
Absolute Auto Repair Center - Shirley 2955,SWA,2955,4396656,1020,105,03,,Todd,Krysiak,6 GARDEN PARK DR,,ALTON BAY,NH,03810-4098
