Shop Name,Software,SID,CID,WSID,WCID,MBdayMo,TBdayMo,First,Last,Address,Address2,City,St,Zip
Absolute Auto Repair Center - Fitchburg 2954,SWA,2954,4389319,1021,105,03,,David,Marcionek,1 CLIPPER WAY,,NEWBURYPORT,MA,01950-3554
Absolute Auto Repair Center - Fitchburg 2954,SWA,2954,4389420,1021,105,03,,Kevin,Diaz,248 ASHBY RD,,ASHBURNHAM,MA,01430-1115
Absolute Auto Repair Center - Fitchburg 2954,SWA,2954,4389449,1021,105,03,,Wayne,Mcfarland,158 ROWLEY HILL RD,,STERLING,MA,01564-2007
Absolute Auto Repair Center - Fitchburg 2954,SWA,2954,4389464,1021,105,03,,Lael,Augat,333 CANTON ST,,FITCHBURG,MA,01420-6312
Absolute Auto Repair Center - Fitchburg 2954,SWA,2954,4389504,1021,105,03,,Jin,Lu,40 LEYTE RD,,FITCHBURG,MA,01420-6310
Absolute Auto Repair Center - Fitchburg 2954,SWA,2954,4390624,1021,105,03,,Cynthia,Constantine,11 PROSPECT AVE,,LEOMINSTER,MA,01453-6631
Absolute Auto Repair Center - Fitchburg 2954,SWA,2954,4389407,1021,105,03,,Catherine,Schnopp,831 SOUTH ST,,DALTON,MA,01226-1729
Absolute Auto Repair Center - Fitchburg 2954,SWA,2954,4389614,1021,105,03,,John,Grant,42 BEAL ST,,LUNENBURG,MA,01462-1318
Absolute Auto Repair Center - Fitchburg 2954,SWA,2954,4390751,1021,105,03,,Dan,Montaquila,25 CARRIAGE WAY DR,,FITCHBURG,MA,01420-7208
Absolute Auto Repair Center - Fitchburg 2954,SWA,2954,4389642,1021,105,03,,James,Garand,321 N MAIN ST,,SOUTH HADLEY,MA,01075-1715
Absolute Auto Repair Center - Fitchburg 2954,SWA,2954,4388773,1021,105,03,,Mike,Ware,53 BROGAN RD,,GARDNER,MA,01440-1600
Absolute Auto Repair Center - Fitchburg 2954,SWA,2954,4389778,1021,105,03,,April,Kimball,155 ELECTRIC AVE,,LUNENBURG,MA,01462-2213
Absolute Auto Repair Center - Fitchburg 2954,SWA,2954,4389844,1021,105,03,,Saball,William,96 SWAN AVE,,FITCHBURG,MA,01420-6212
Absolute Auto Repair Center - Fitchburg 2954,SWA,2954,4391094,1021,105,03,,Sherry,Pelletier,10 ARLINGTON ST,,LEOMINSTER,MA,01453-2726
Absolute Auto Repair Center - Fitchburg 2954,SWA,2954,4389997,1021,105,03,,Vincent,Ruziak,32 STETSON ST,,LEOMINSTER,MA,01453-1740
Absolute Auto Repair Center - Fitchburg 2954,SWA,2954,4390047,1021,105,03,,Priscilla,Gatonye,2424 PENNSYLVANIA AVE NW APT 1,,WASHINGTON,DC,20037-1746
Absolute Auto Repair Center - Fitchburg 2954,SWA,2954,4390196,1021,105,03,,Brian,Knowles,7 REDMAN PL,,FITCHBURG,MA,01420-3634
Absolute Auto Repair Center - Fitchburg 2954,SWA,2954,4390211,1021,105,03,,Katherine,Estrada,168 EUTAW AVE APT 2,,LYNN,MA,01902-2163
Absolute Auto Repair Center - Fitchburg 2954,SWA,2954,4390251,1021,105,03,,Cary,Harrison,77 COLUMBIA AVE,,FITCHBURG,MA,01420-7042
Absolute Auto Repair Center - Fitchburg 2954,SWA,2954,4388496,1021,105,03,,Diane,Joe,148 LONGWOOD AVE,,FITCHBURG,MA,01420-3362
Absolute Auto Repair Center - Fitchburg 2954,SWA,2954,4390203,1021,105,03,,Matthew,Veno,12 LAITINEN DR,,GARDNER,MA,01440-1934
Absolute Auto Repair Center - Fitchburg 2954,SWA,2954,4390568,1021,105,03,,Sandra,Gearin,33 SEARLE RD,,WEST ROXBURY,MA,02132-3013
Absolute Auto Repair Center - Fitchburg 2954,SWA,2954,4390607,1021,105,03,,Cathy,English,278 SHADOWLAND COVE RD,,CHESHIRE,MA,01225-9597
Absolute Auto Repair Center - Fitchburg 2954,SWA,2954,4390616,1021,105,03,,Donald,Martinson,42 FOX MEADOW RD APT H,,LEOMINSTER,MA,01453-1947
Absolute Auto Repair Center - Fitchburg 2954,SWA,2954,4392493,1021,105,03,,Mike,Quiles,18 WHEELER ST,,LEOMINSTER,MA,01453-4346
Absolute Auto Repair Center - Fitchburg 2954,SWA,2954,4392534,1021,105,03,,Darrin,Durkee,59 OSGOOD ST,,FITCHBURG,MA,01420-2500
Absolute Auto Repair Center - Fitchburg 2954,SWA,2954,4390724,1021,105,03,,Katherine,Oconnell,711 PAGE ST,,LUNENBURG,MA,01462-2133
Absolute Auto Repair Center - Fitchburg 2954,SWA,2954,4390780,1021,105,03,,Shrinivas,Gadde,5 GREAT POND RD,,LUNENBURG,MA,01462-2466
Absolute Auto Repair Center - Fitchburg 2954,SWA,2954,4390160,1021,105,03,,Lawrence,David,37 GRANITE ST,,FITCHBURG,MA,01420-5416
Absolute Auto Repair Center - Fitchburg 2954,SWA,2954,4389869,1021,105,03,,Warren,Tuiskula,32 GLORIA AVE,,FITCHBURG,MA,01420-6128
Absolute Auto Repair Center - Fitchburg 2954,SWA,2954,4390982,1021,105,03,,Jaylene,Cormier,23 BELMONT ST,,FITCHBURG,MA,01420-6218
Absolute Auto Repair Center - Fitchburg 2954,SWA,2954,4388557,1021,105,03,,Jacob,Droogan,147 VILLAGE XING,,FITCHBURG,MA,01420-1354
Absolute Auto Repair Center - Fitchburg 2954,SWA,2954,4389020,1021,105,03,,Van,Nyugen,PO BOX 2276,,WORCESTER,MA,01613-2276
Absolute Auto Repair Center - Fitchburg 2954,SWA,2954,4391183,1021,105,03,,Brandon,Bicalho,90 IRVING ST,,MILLIS,MA,02054-1223
Absolute Auto Repair Center - Fitchburg 2954,SWA,2954,4391264,1021,105,03,,Jill,Roux,451 BOSTON RD,,GROTON,MA,01450-2062
Absolute Auto Repair Center - Fitchburg 2954,SWA,2954,4389784,1021,105,03,,Stanley,Mcmiller,180 SUMMER ST,,FITCHBURG,MA,01420-5877
Absolute Auto Repair Center - Fitchburg 2954,SWA,2954,4391269,1021,105,03,,Chanin,Leo,199 BLOSSOM ST,,FITCHBURG,MA,01420-3301
Absolute Auto Repair Center - Fitchburg 2954,SWA,2954,4391340,1021,105,03,,Craig,Perry,315 WESTMINSTER HILL RD,,FITCHBURG,MA,01420-2967
Absolute Auto Repair Center - Fitchburg 2954,SWA,2954,4390045,1021,105,03,,Phillip,Legere,29 MERRIAM PKWY APT 110,,FITCHBURG,MA,01420-7560
Absolute Auto Repair Center - Fitchburg 2954,SWA,2954,4391375,1021,105,03,,Brian,Sturtevant,50 MOUNT VERNON ST,,FITCHBURG,MA,01420-3334
Absolute Auto Repair Center - Fitchburg 2954,SWA,2954,4391448,1021,105,03,,Sterlin,Garvin,181 MYRTLE ST,,BROCKTON,MA,02301-6143
Absolute Auto Repair Center - Fitchburg 2954,SWA,2954,4389519,1021,105,03,,Paul,Taddeo,33 OVERLOOK DR,,BELLINGHAM,MA,02019-2921
Absolute Auto Repair Center - Fitchburg 2954,SWA,2954,4391465,1021,105,03,,Nicole,Elias,23 WASA ST # 1,,GARDNER,MA,01440-1844
Absolute Auto Repair Center - Fitchburg 2954,SWA,2954,4393262,1021,105,03,,Linda,Mcdonnell,19 WILLIAMS ST APT 1R,,DUDLEY,MA,01571-3300
Absolute Auto Repair Center - Fitchburg 2954,SWA,2954,4391829,1021,105,03,,Pauline,Choy,36 TOBEY RD UNIT 29,,DRACUT,MA,01826-4931
Absolute Auto Repair Center - Fitchburg 2954,SWA,2954,4391461,1021,105,03,,Lucas,Adomaitis,1015 WESTMINSTER HILL RD,,FITCHBURG,MA,01420-2724
Absolute Auto Repair Center - Fitchburg 2954,SWA,2954,4391891,1021,105,03,,Matthew,Holden,70 HERITAGE LN,,LEOMINSTER,MA,01453-1675
Absolute Auto Repair Center - Fitchburg 2954,SWA,2954,4392002,1021,105,03,,Jeff,Depaolo,305 FRANKLIN RD,,FITCHBURG,MA,01420-5111
Absolute Auto Repair Center - Fitchburg 2954,SWA,2954,4392011,1021,105,03,,Lee,Dickey,16 NORTH ST,,EAST MILLINOCKET,ME,04430-1207
Absolute Auto Repair Center - Fitchburg 2954,SWA,2954,4392109,1021,105,03,,Evelyn,Mire,47 HOWARD HILL RD,,JAFFREY,NH,03452-6686
Absolute Auto Repair Center - Fitchburg 2954,SWA,2954,4390422,1021,105,03,,Lucille,Sullivan,200 ATLANTIC AVE APT 32B,,LEOMINSTER,MA,01453-6853
Absolute Auto Repair Center - Fitchburg 2954,SWA,2954,4392142,1021,105,03,,Miguel,Martines,119 STICKNEY RD,,FITCHBURG,MA,01420-2143
Absolute Auto Repair Center - Fitchburg 2954,SWA,2954,4392213,1021,105,03,,Ruth,Johnson,68 CHARLES ST,,FITCHBURG,MA,01420-7742
Absolute Auto Repair Center - Fitchburg 2954,SWA,2954,4391944,1021,105,03,,Ben,Mercado,1 TRI TOWN DR,,LUNENBURG,MA,01462-2363
Absolute Auto Repair Center - Fitchburg 2954,SWA,2954,4392274,1021,105,03,,Vonette,Maxi,3 CROSS ST,,FITCHBURG,MA,01420-7707
Absolute Auto Repair Center - Fitchburg 2954,SWA,2954,4392277,1021,105,03,,Mamadou,Diallo,215 WHALOM RD,,LUNENBURG,MA,01462-2417
Absolute Auto Repair Center - Fitchburg 2954,SWA,2954,4394423,1021,105,03,,Brian,Parent,114 PRICHARD ST APT 1R,,FITCHBURG,MA,01420-7502
Absolute Auto Repair Center - Fitchburg 2954,SWA,2954,4390565,1021,105,03,,Babara,Crowley,21 THORNDIKE ST,,FITCHBURG,MA,01420-3628
Absolute Auto Repair Center - Fitchburg 2954,SWA,2954,4392387,1021,105,03,,Heather,Dejesus,115 MAVERICK ST,,FITCHBURG,MA,01420-5894
Absolute Auto Repair Center - Fitchburg 2954,SWA,2954,4392431,1021,105,03,,Robert,Scharn,75 W MAIN ST # 1,,AYER,MA,01432-1210
Absolute Auto Repair Center - Fitchburg 2954,SWA,2954,4391702,1021,105,03,,Jayne,Darling,81 EDWARDS ST APT 3,,FITCHBURG,MA,01420-5042
Absolute Auto Repair Center - Fitchburg 2954,SWA,2954,4394788,1021,105,03,,Veronica,Profit,11 MICHAEL DR,,RUTLAND,MA,01543-1789
Absolute Auto Repair Center - Fitchburg 2954,SWA,2954,4392642,1021,105,03,,Abby,Schopp,53 TREMONT ST,,ATHOL,MA,01331-2938
Absolute Auto Repair Center - Fitchburg 2954,SWA,2954,4392631,1021,105,03,,Zulmarie,Torren,259 ROLLSTONE ST,,FITCHBURG,MA,01420-4107
Absolute Auto Repair Center - Fitchburg 2954,SWA,2954,4392730,1021,105,03,,Kim,Bainbridge,75 PHELPS ST,,FITCHBURG,MA,01420-4524
Absolute Auto Repair Center - Fitchburg 2954,SWA,2954,4391353,1021,105,03,,Barbara,Dobson,100 BEMIS RD,,FITCHBURG,MA,01420-6477
Absolute Auto Repair Center - Fitchburg 2954,SWA,2954,4392864,1021,105,03,,Matt,Jonasch,80 ARLINGTON ST,,FITCHBURG,MA,01420-2247
Absolute Auto Repair Center - Fitchburg 2954,SWA,2954,4392919,1021,105,03,,Sarah,Deschenes,128 PRICHARD ST,,FITCHBURG,MA,01420-7596
Absolute Auto Repair Center - Fitchburg 2954,SWA,2954,4392884,1021,105,03,,Brenda,Sanchez,201 WILLOW ST,,LAWRENCE,MA,01841-1033
Absolute Auto Repair Center - Fitchburg 2954,SWA,2954,4393006,1021,105,03,,Carmen,Baskuez,156 CHESTER ST,,FITCHBURG,MA,01420-5283
Absolute Auto Repair Center - Fitchburg 2954,SWA,2954,4390327,1021,105,03,,Deborah,Billington,245 RIVER ST,,FITCHBURG,MA,01420-3282
Absolute Auto Repair Center - Fitchburg 2954,SWA,2954,4393125,1021,105,03,,Mary,Flowers,33 HURON ST APT 12,,FITCHBURG,MA,01420-7658
Absolute Auto Repair Center - Fitchburg 2954,SWA,2954,4393151,1021,105,03,,Renee,Horgan,46 HOBBS RD,,PRINCETON,MA,01541-1026
Absolute Auto Repair Center - Fitchburg 2954,SWA,2954,4389745,1021,105,03,,Craig,Lundeen,3 ATLANTIC AVE,,FITCHBURG,MA,01420-4401
Absolute Auto Repair Center - Fitchburg 2954,SWA,2954,4393315,1021,105,03,,Eric,Melendy,5 WOODARD AVE,,WINCHESTER,NH,03470-3170
Absolute Auto Repair Center - Fitchburg 2954,SWA,2954,4393409,1021,105,03,,Randy,Do,1555 VFW PKWY UNIT 111,,WEST ROXBURY,MA,02132-5573
Absolute Auto Repair Center - Fitchburg 2954,SWA,2954,4393420,1021,105,03,,Jon,Kurvits,55 NEW WEST TOWNSEND RD,,LUNENBURG,MA,01462-1202
Absolute Auto Repair Center - Fitchburg 2954,SWA,2954,4393455,1021,105,03,,Georgia,Tieson,11 GIBBS ST,,WORCESTER,MA,01607-1453
Absolute Auto Repair Center - Fitchburg 2954,SWA,2954,4393470,1021,105,03,,Johnny,Garcia,350 WATER ST APT 506,,FITCHBURG,MA,01420-5668
Absolute Auto Repair Center - Fitchburg 2954,SWA,2954,4392272,1021,105,03,,David,Hooper,157 HARRISON AVE APT 2,,FITCHBURG,MA,01420-5841
Absolute Auto Repair Center - Fitchburg 2954,SWA,2954,4393526,1021,105,03,,Julio,Perez,109 SUMMER ST,,FITCHBURG,MA,01420-5762
Absolute Auto Repair Center - Fitchburg 2954,SWA,2954,4393545,1021,105,03,,Kathleen,Comier,51 FIRE RD 10,,LANCASTER,MA,01523-3009
Absolute Auto Repair Center - Fitchburg 2954,SWA,2954,4391545,1021,105,03,,David,Colarusso,70 HIGH ROCK RD,,FITCHBURG,MA,01420-1514
Absolute Auto Repair Center - Fitchburg 2954,SWA,2954,4393650,1021,105,03,,Jeanette,Fagan,143 MADISON ST,,FITCHBURG,MA,01420-4020
Absolute Auto Repair Center - Fitchburg 2954,SWA,2954,4393546,1021,105,03,,Samuel,Kenny,19 LAKEFIELD RD,,SOUTH YARMOUTH,MA,02664-2953
Absolute Auto Repair Center - Fitchburg 2954,SWA,2954,4393690,1021,105,03,,Jacob,Lefker,132 WEBSTER ST,,ARLINGTON,MA,02474-3337
Absolute Auto Repair Center - Fitchburg 2954,SWA,2954,4391958,1021,105,03,,Margaret,Lancey,70 NICHOLS ST,,FITCHBURG,MA,01420-2328
Absolute Auto Repair Center - Fitchburg 2954,SWA,2954,4392930,1021,105,03,,Quintel,Billy,12 GRANITE ST APT 1F,,FITCHBURG,MA,01420-5449
Absolute Auto Repair Center - Fitchburg 2954,SWA,2954,4393752,1021,105,03,,Laura,Gonzales,137 LAWRENCE ST,,LAWRENCE,MA,01841-3843
Absolute Auto Repair Center - Fitchburg 2954,SWA,2954,4393792,1021,105,03,,Joseph,Graziano,40 COREY HILL RD,,ASHBURNHAM,MA,01430-1263
Absolute Auto Repair Center - Fitchburg 2954,SWA,2954,4393803,1021,105,03,,John,Wnuk,PO BOX 456,,LUNENBURG,MA,01462-0456
Absolute Auto Repair Center - Fitchburg 2954,SWA,2954,4393820,1021,105,03,,Jennifer,Jones,11 LYMAN ST,,FITCHBURG,MA,01420-3329
Absolute Auto Repair Center - Fitchburg 2954,SWA,2954,4393412,1021,105,03,,Ingram,Hernandez,5 CANE ST,,FITCHBURG,MA,01420-5805
Absolute Auto Repair Center - Fitchburg 2954,SWA,2954,4393937,1021,105,03,,Binta,Kaneza,24 SPRUCE ST APT 3,,FITCHBURG,MA,01420-5646
Absolute Auto Repair Center - Fitchburg 2954,SWA,2954,4392870,1021,105,03,,Kevin,Walsh,39 BRIGHAM PARK,,FITCHBURG,MA,01420-4407
Absolute Auto Repair Center - Fitchburg 2954,SWA,2954,4393962,1021,105,03,,Gerardo,Sanchez,231 WATER ST # 201,,LAWRENCE,MA,01841-5100
Absolute Auto Repair Center - Fitchburg 2954,SWA,2954,4393964,1021,105,03,,Tim,Harris,72 TURNPIKE RD APT 102,,TOWNSEND,MA,01469-1457
Absolute Auto Repair Center - Fitchburg 2954,SWA,2954,4395503,1021,105,03,,Cheuang,Phouangsaly,160 LINCOLN ST,,FITCHBURG,MA,01420-2621
Absolute Auto Repair Center - Fitchburg 2954,SWA,2954,4394087,1021,105,03,,Joseph,Leblanc,133 BEL AIR DR,,FITCHBURG,MA,01420-6157
Absolute Auto Repair Center - Fitchburg 2954,SWA,2954,4394122,1021,105,03,,Jazlynn,Lopez,33L WORCESTER ST,,FITCHBURG,MA,01420-5459
Absolute Auto Repair Center - Fitchburg 2954,SWA,2954,4394153,1021,105,03,,James,Semler,46 SAINT ASAPH ST,,LEOMINSTER,MA,01453-1318
Absolute Auto Repair Center - Fitchburg 2954,SWA,2954,4393168,1021,105,03,,Joshua,Tucker,346 MADISON ST,,FITCHBURG,MA,01420-5155
Absolute Auto Repair Center - Fitchburg 2954,SWA,2954,4395525,1021,105,03,,Tara,Marchand,10 PEARL BROOK RD,,WEST TOWNSEND,MA,01474-1138
Absolute Auto Repair Center - Fitchburg 2954,SWA,2954,4394229,1021,105,03,,Francis,Miezan,132 HIGHLAND AVE,,FITCHBURG,MA,01420-5781
Absolute Auto Repair Center - Fitchburg 2954,SWA,2954,4394264,1021,105,03,,Mike,Ferrazzani,805 JONES HILL RD,,ASHBY,MA,01431-1803
Absolute Auto Repair Center - Fitchburg 2954,SWA,2954,4388619,1021,105,03,,May,Yang,225 MOUNT VERNON ST,,FITCHBURG,MA,01420-2576
Absolute Auto Repair Center - Fitchburg 2954,SWA,2954,4394318,1021,105,03,,Nancy,Bonanno,115 VILLAGE XING,,FITCHBURG,MA,01420-1354
Absolute Auto Repair Center - Fitchburg 2954,SWA,2954,4394369,1021,105,03,,Madison,Laliberte,56 CEDAR ST # 1,,FITCHBURG,MA,01420-3420
Absolute Auto Repair Center - Fitchburg 2954,SWA,2954,4390631,1021,105,03,,Denise,Lundeen,3 ATLANTIC AVE,,FITCHBURG,MA,01420-4401
Absolute Auto Repair Center - Fitchburg 2954,SWA,2954,4394439,1021,105,03,,Morgan,Fors,171 MYRTLE AVE,,FITCHBURG,MA,01420-3452
Absolute Auto Repair Center - Fitchburg 2954,SWA,2954,4394452,1021,105,03,,Tyler,Hartley,37 CRAWFORD ST,,GARDNER,MA,01440-3127
Absolute Auto Repair Center - Fitchburg 2954,SWA,2954,4394469,1021,105,03,,Melissa,Tejeda,11 WILLOW ST,,FITCHBURG,MA,01420-7839
Absolute Auto Repair Center - Fitchburg 2954,SWA,2954,4393327,1021,105,03,,Evelyn,Reichenecker,111 FITCH HILL AVE,,FITCHBURG,MA,01420-3376
Absolute Auto Repair Center - Fitchburg 2954,SWA,2954,4393337,1021,105,03,,Hanna,Comeau,10 SUNSET DR,,ASHBURNHAM,MA,01430-3007
Absolute Auto Repair Center - Fitchburg 2954,SWA,2954,4392197,1021,105,03,,Cherwa,Yang,225 MOUNT VERNON ST,,FITCHBURG,MA,01420-2576
Absolute Auto Repair Center - Fitchburg 2954,SWA,2954,4394663,1021,105,03,,Jeanne,Martin,280 WANOOSNOC RD,,FITCHBURG,MA,01420-7136
Absolute Auto Repair Center - Fitchburg 2954,SWA,2954,4393339,1021,105,03,,Valery,Ingemi,13 FULTON ST,,FITCHBURG,MA,01420-5847
Absolute Auto Repair Center - Fitchburg 2954,SWA,2954,4393152,1021,105,03,,Danilo,Lambert,60 CRESTVIEW LN,,FITCHBURG,MA,01420-6308
Absolute Auto Repair Center - Fitchburg 2954,SWA,2954,4394795,1021,105,03,,Pat,Ohalloran,34 YORK AVE,,FITCHBURG,MA,01420-4948
Absolute Auto Repair Center - Fitchburg 2954,SWA,2954,4394892,1021,105,03,,Jasmine,Cox,285 PINE ST,,GARDNER,MA,01440-2727
Absolute Auto Repair Center - Fitchburg 2954,SWA,2954,4394944,1021,105,03,,Eric,Roman,18 MYRTLE AVE APT 1,,FITCHBURG,MA,01420-5192
Absolute Auto Repair Center - Fitchburg 2954,SWA,2954,4395120,1021,105,03,,Cory,Taber,31 ELM HILL AVE,,LEOMINSTER,MA,01453-4863
Absolute Auto Repair Center - Fitchburg 2954,SWA,2954,4395153,1021,105,03,,Quenton,Pittman,27 CEDAR ST,,FITCHBURG,MA,01420-3417
Absolute Auto Repair Center - Fitchburg 2954,SWA,2954,4389547,1021,105,03,,Jessica,Cavooto,189 LAKESHORE DR,,ASHBURNHAM,MA,01430-1094
Absolute Auto Repair Center - Fitchburg 2954,SWA,2954,4395185,1021,105,03,,Donald,Lemieux,162 ASHBURNHAM HILL RD,,FITCHBURG,MA,01420-2132
Absolute Auto Repair Center - Fitchburg 2954,SWA,2954,4395608,1021,105,03,,Jennifer,Kifer,221 CANTON ST,,FITCHBURG,MA,01420-6311
Absolute Auto Repair Center - Fitchburg 2954,SWA,2954,4392179,1021,105,03,,Maribel,Crespo,39 HARUGARI ST,,FITCHBURG,MA,01420-4125
Absolute Auto Repair Center - Fitchburg 2954,SWA,2954,4394068,1021,105,03,,Andrea,Brazier,329 CATHY ST,,FITCHBURG,MA,01420-6168
Absolute Auto Repair Center - Fitchburg 2954,SWA,2954,4393274,1021,105,03,,Renee,Comeau,50 BLOSSOM ST APT 3D,,FITCHBURG,MA,01420-4355
Absolute Auto Repair Center - Fitchburg 2954,SWA,2954,4395339,1021,105,03,,Robert,Anthony,713 FITCHBURG RD,,GREENVILLE,NH,03048-3311
Absolute Auto Repair Center - Fitchburg 2954,SWA,2954,4395333,1021,105,03,,Dimitra,Dimitrakakis,27 SACRAMENTO DR,,LEOMINSTER,MA,01453-3069
Absolute Auto Repair Center - Fitchburg 2954,SWA,2954,4395383,1021,105,03,,Tony,Anderson,227 MADISON ST,,FITCHBURG,MA,01420-5152
Absolute Auto Repair Center - Fitchburg 2954,SWA,2954,4395675,1021,105,03,,Denise,Downes,357 CLARK ST,,GARDNER,MA,01440-1200
Absolute Auto Repair Center - Fitchburg 2954,SWA,2954,4395758,1021,105,03,,Antonio,Rodriguez,14 LEIGHTON ST APT 2,,FITCHBURG,MA,01420-4247
Absolute Auto Repair Center - Fitchburg 2954,SWA,2954,4395797,1021,105,03,,Joan,Spinelli,127 LANCASTER ST,,LEOMINSTER,MA,01453-3810
Absolute Auto Repair Center - Fitchburg 2954,SWA,2954,4395796,1021,105,03,,Aurele,Goguen,26 VILLAGE XING,,FITCHBURG,MA,01420-1342
Absolute Auto Repair Center - Fitchburg 2954,SWA,2954,4395733,1021,105,03,,Ann Marri,Fisher,46 MILL STREET EXT,,LANCASTER,MA,01523-2002
Absolute Auto Repair Center - Fitchburg 2954,SWA,2954,4395847,1021,105,03,,Sheldon,Shea,191 STONEYBROOK RD,,FITCHBURG,MA,01420-1352
Absolute Auto Repair Center - Fitchburg 2954,SWA,2954,4395571,1021,105,03,,Sharon,Pinter,177 MILK ST,,FITCHBURG,MA,01420-7723
Absolute Auto Repair Center - Fitchburg 2954,SWA,2954,4389528,1021,105,03,,Diana Marie,Gove,32104 CAROUSEL LN,,LUNENBURG,MA,01462-2441
Absolute Auto Repair Center - Fitchburg 2954,SWA,2954,4395666,1021,105,03,,John,Dower,84 LAWRENCE ST,,FITCHBURG,MA,01420-4417
Absolute Auto Repair Center - Fitchburg 2954,SWA,2954,4395904,1021,105,03,,Kendra,Quinones,21 STATE ST APT D,,LEOMINSTER,MA,01453-1513
Absolute Auto Repair Center - Fitchburg 2954,SWA,2954,4395905,1021,105,03,,Michael,Benoit,392 PLEASANT ST,,LEOMINSTER,MA,01453-6229
Absolute Auto Repair Center - Fitchburg 2954,SWA,2954,4395911,1021,105,03,,Tuyen,Nguyen,37 MIDDLE ST,,FITCHBURG,MA,01420-5625
Absolute Auto Repair Center - Fitchburg 2954,SWA,2954,4395938,1021,105,03,,Doris,Allen,350 WATER ST,,FITCHBURG,MA,01420-5665
Absolute Auto Repair Center - Fitchburg 2954,SWA,2954,4392168,1021,105,03,,Chris,Catorio,63 SANDY COVE RD,,LUNENBURG,MA,01462-1156
Absolute Auto Repair Center - Fitchburg 2954,SWA,2954,4395951,1021,105,03,,Carmen,Jackson,34 NASHUA ST,,FITCHBURG,MA,01420-5713
Absolute Auto Repair Center - Fitchburg 2954,SWA,2954,4395958,1021,105,03,,Rebecca,Smith,69 LEYTE RD,,FITCHBURG,MA,01420-6309
Absolute Auto Repair Center - Fitchburg 2954,SWA,2954,4396018,1021,105,03,,Lori,Abood,142 DAY ST,,FITCHBURG,MA,01420-5092
Absolute Auto Repair Center - Fitchburg 2954,SWA,2954,4396042,1021,105,03,,Michael,Dellechiaie,70 MIAMI ST,,FITCHBURG,MA,01420-6142
Absolute Auto Repair Center - Fitchburg 2954,SWA,2954,4395924,1021,105,03,,Pamela,Bussiere,3 DEERING DR,,WORCESTER,MA,01602-2808
Absolute Auto Repair Center - Fitchburg 2954,SWA,2954,4386760,1021,105,03,,Mathew,Despres,17 LAUREL ST,,LEOMINSTER,MA,01453-0130
Absolute Auto Repair Center - Fitchburg 2954,SWA,2954,4386783,1021,105,03,,Katelyn,Page,9 HALE PARK AVE,,BEVERLY,MA,01915-3814
Absolute Auto Repair Center - Fitchburg 2954,SWA,2954,4395837,1021,105,03,,Israel,Lopez,279 DANIELS ST APT F8,,FITCHBURG,MA,01420-4000
Absolute Auto Repair Center - Fitchburg 2954,SWA,2954,4387164,1021,105,03,,Edward,Jack,98 HEYWOOD RD,,ASHBY,MA,01431-1919
Absolute Auto Repair Center - Fitchburg 2954,SWA,2954,4395756,1021,105,03,,Julio,Inostroza,389 HAMILTON ST,,LEOMINSTER,MA,01453-2315
Absolute Auto Repair Center - Fitchburg 2954,SWA,2954,4395686,1021,105,03,,Dwight,Chellis,63 VALLEYVIEW CT,,FITCHBURG,MA,01420-2134
Absolute Auto Repair Center - Fitchburg 2954,SWA,2954,4392840,1021,105,03,,John,Masciarelli,243 WATER ST,,FITCHBURG,MA,01420-5434
Absolute Auto Repair Center - Fitchburg 2954,SWA,2954,4391054,1021,105,03,,Jay,Macchione,15 WESTVIEW RD,,LEOMINSTER,MA,01453-2042
Absolute Auto Repair Center - Fitchburg 2954,SWA,2954,4387073,1021,105,03,,Mathew,Chryst,7 CANTON ST,,FITCHBURG,MA,01420-6374
Absolute Auto Repair Center - Fitchburg 2954,SWA,2954,4386848,1021,105,03,,Lisa,Mueller,15 PROSPECT HTS,,LEOMINSTER,MA,01453-3420
Absolute Auto Repair Center - Fitchburg 2954,SWA,2954,4396067,1021,105,03,,James,Conry,85 HEMLOCK DR,,FITCHBURG,MA,01420-2710
Absolute Auto Repair Center - Fitchburg 2954,SWA,2954,4387237,1021,105,03,,Joshua,Deschamps,144 WEST ST APT 3,,LEOMINSTER,MA,01453-6330
Absolute Auto Repair Center - Fitchburg 2954,SWA,2954,4388533,1021,105,03,,John,Sciabarrasi,125 SUMMER ST,,FITCHBURG,MA,01420-5852
Absolute Auto Repair Center - Fitchburg 2954,SWA,2954,4392372,1021,105,03,,Kathaleen,Alexander,102 QUAKER LN,,BOLTON,MA,01740-1331
Absolute Auto Repair Center - Fitchburg 2954,SWA,2954,4387428,1021,105,03,,William,Gaillardet,177 WANOOSNOC RD,,FITCHBURG,MA,01420-7228
Absolute Auto Repair Center - Fitchburg 2954,SWA,2954,4387407,1021,105,03,,Andrew,Bastarache,139 4TH ST,,LEOMINSTER,MA,01453-6018
Absolute Auto Repair Center - Fitchburg 2954,SWA,2954,4396010,1021,105,03,,Dave,Lapointe,9 VINE ST,,FITCHBURG,MA,01420-6155
Absolute Auto Repair Center - Fitchburg 2954,SWA,2954,4390158,1021,105,03,,Ryan,Courtemanche,96 SHEA ST,,FITCHBURG,MA,01420-5040
Absolute Auto Repair Center - Fitchburg 2954,SWA,2954,4387129,1021,105,03,,Rob,Roy,363 SIMONDS RD,,ASHBY,MA,01431-1821
Absolute Auto Repair Center - Fitchburg 2954,SWA,2954,4386986,1021,105,03,,Robert,Padovano,37 HILL TOP DR,,LEOMINSTER,MA,01453-3436
Absolute Auto Repair Center - Fitchburg 2954,SWA,2954,4387482,1021,105,03,,Mary,Gagne,30 HOLT ST,,FITCHBURG,MA,01420-4411
Absolute Auto Repair Center - Fitchburg 2954,SWA,2954,4387740,1021,105,03,,Destiny,Johnson,25 CHARLES ST,,FITCHBURG,MA,01420-5405
Absolute Auto Repair Center - Fitchburg 2954,SWA,2954,4395888,1021,105,03,,Angela,Rodrigues,58 ISLAND RD,,LUNENBURG,MA,01462-1106
Absolute Auto Repair Center - Fitchburg 2954,SWA,2954,4387804,1021,105,03,,Lori,Darcy,103 BARRE RD,,HUBBARDSTON,MA,01452-1209
Absolute Auto Repair Center - Fitchburg 2954,SWA,2954,4395950,1021,105,03,,Joyce,Wiles,1015 WESTMINSTER HILL RD,,FITCHBURG,MA,01420-2724
Absolute Auto Repair Center - Fitchburg 2954,SWA,2954,4387840,1021,105,03,,Joseph,Messina,188 BRIDLE CROSS RD,,FITCHBURG,MA,01420-8918
Absolute Auto Repair Center - Fitchburg 2954,SWA,2954,4387851,1021,105,03,,Kamayou,Germain,293 ARNHOW FARM RD,,FITCHBURG,MA,01420-1374
Absolute Auto Repair Center - Fitchburg 2954,SWA,2954,4387099,1021,105,03,,Jacqueline,Davis,4 OAKMONT AVE,,WESTMINSTER,MA,01473-1021
Absolute Auto Repair Center - Fitchburg 2954,SWA,2954,4387793,1021,105,03,,Kiara,Garvin,13 NORWOOD ST,,FITCHBURG,MA,01420-2821
Absolute Auto Repair Center - Fitchburg 2954,SWA,2954,4387724,1021,105,03,,Stephen,Bronchuck,54 FOX MEADOW RD APT F,,LEOMINSTER,MA,01453-1953
Absolute Auto Repair Center - Fitchburg 2954,SWA,2954,4396039,1021,105,03,,David,Cowger,113 HARVARD ST,,FITCHBURG,MA,01420-5861
Absolute Auto Repair Center - Fitchburg 2954,SWA,2954,4392800,1021,105,03,,Constance,Hundt,11 FLAGG ST,,WORCESTER,MA,01602-1416
Absolute Auto Repair Center - Fitchburg 2954,SWA,2954,4387820,1021,105,03,,Kelly,Robertson,8 BIRCH STREET PASSWAY,,FITCHBURG,MA,01420-5502
Absolute Auto Repair Center - Fitchburg 2954,SWA,2954,4389610,1021,105,03,,Dawn,Junkins,4 ASH ST,,TOWNSEND,MA,01469-1401
Absolute Auto Repair Center - Fitchburg 2954,SWA,2954,4395482,1021,105,03,,David,Secino,615 MASON RD,,ASHBY,MA,01431-1904
Absolute Auto Repair Center - Fitchburg 2954,SWA,2954,4388104,1021,105,03,,Athea,Conklin,46 CHARLTON ST,,FITCHBURG,MA,01420-7403
Absolute Auto Repair Center - Fitchburg 2954,SWA,2954,4386715,1021,105,03,,Mark,Beaudette,175 HELENA ST,,LEOMINSTER,MA,01453-2020
Absolute Auto Repair Center - Fitchburg 2954,SWA,2954,4387398,1021,105,03,,Hailey,Leavitt,171 BISHOP RD,,FITCHBURG,MA,01420-2969
Absolute Auto Repair Center - Fitchburg 2954,SWA,2954,4395633,1021,105,03,,John,Masciarelli,243 WATER ST,,FITCHBURG,MA,01420-5434
Absolute Auto Repair Center - Fitchburg 2954,SWA,2954,4388109,1021,105,03,,Annmarie,Fisher,46 MILL STREET EXT,,LANCASTER,MA,01523-2002
Absolute Auto Repair Center - Fitchburg 2954,SWA,2954,4387310,1021,105,03,,Richard,Fortin,156 MOUNT VERNON ST,,FITCHBURG,MA,01420-2553
Absolute Auto Repair Center - Fitchburg 2954,SWA,2954,4387650,1021,105,03,,Jennifer,Aiesi,222 ALBEE ST,,FITCHBURG,MA,01420-6491
Absolute Auto Repair Center - Fitchburg 2954,SWA,2954,4395991,1021,105,03,,Andrea,Starrett,194 ABBOTT AVE,,LEOMINSTER,MA,01453-2176
Absolute Auto Repair Center - Fitchburg 2954,SWA,2954,4386829,1021,105,03,,Nelida,Perez,52 GERARD DR,,FITCHBURG,MA,01420-3663
Absolute Auto Repair Center - Fitchburg 2954,SWA,2954,4391583,1021,105,03,,Thomas,Murry,330 CLARENDON ST,,FITCHBURG,MA,01420-5120
Absolute Auto Repair Center - Fitchburg 2954,SWA,2954,4392574,1021,105,03,,Marybeth,Hannigan,24 UNIVERSITY ST,,LEOMINSTER,MA,01453-2648
Absolute Auto Repair Center - Fitchburg 2954,SWA,2954,4395966,1021,105,03,,Paul,Morin,86 LAWRENCE ST,,FITCHBURG,MA,01420-4417
Absolute Auto Repair Center - Fitchburg 2954,SWA,2954,4395832,1021,105,03,,Donald,Goguen,127 CONNORS ST,,FITCHBURG,MA,01420-7256
Absolute Auto Repair Center - Fitchburg 2954,SWA,2954,4388382,1021,105,03,,Jhonny,Escobar,39 MAPLE AVE,,LEOMINSTER,MA,01453-2105
Absolute Auto Repair Center - Fitchburg 2954,SWA,2954,4396099,1021,105,03,,Jerrilynn,Tancrell,199 FISHER RD,,FITCHBURG,MA,01420-2051
Absolute Auto Repair Center - Fitchburg 2954,SWA,2954,4388433,1021,105,03,,Barbara,Leon,86 LONGLEY RD,,SHIRLEY,MA,01464-2806
Absolute Auto Repair Center - Fitchburg 2954,SWA,2954,4388431,1021,105,03,,Karen,Saari,51 THERESA ST,,FITCHBURG,MA,01420-5136
Absolute Auto Repair Center - Fitchburg 2954,SWA,2954,4388459,1021,105,03,,Kara,Martin,34 DARLENE DR,,FITCHBURG,MA,01420-4804
Absolute Auto Repair Center - Fitchburg 2954,SWA,2954,4393032,1021,105,03,,Virginia,Fried,128 SCHOOL ST,,BELMONT,MA,02478-3020
Absolute Auto Repair Center - Fitchburg 2954,SWA,2954,4389185,1021,105,03,,Kevin,Kelly,1194 ELM ST,,LEOMINSTER,MA,01453-3963
Absolute Auto Repair Center - Fitchburg 2954,SWA,2954,4395454,1021,105,03,,Danny,Ramos,94 PRICHARD ST,,FITCHBURG,MA,01420-7536
Absolute Auto Repair Center - Fitchburg 2954,SWA,2954,4395358,1021,105,03,,Francisco,Melo,104 ALBEE ST,,FITCHBURG,MA,01420-6402
Absolute Auto Repair Center - Fitchburg 2954,SWA,2954,4391628,1021,105,03,,Mark,Coulter,22 WINCH ST,,FITCHBURG,MA,01420-5310
Absolute Auto Repair Center - Fitchburg 2954,SWA,2954,5063694,1021,105,03,,Caroline,Bryson,182 HIGHLAND AVE APT 2,,FITCHBURG,MA,01420-5243
Absolute Auto Repair Center - Fitchburg 2954,SWA,2954,4392042,1021,105,03,,Kathleen,Leary,121 BEECH ST,,FITCHBURG,MA,01420-5392
Absolute Auto Repair Center - Fitchburg 2954,SWA,2954,4393800,1021,105,03,,Paul,Krauss,222 STATE RD,,BALDWINVILLE,MA,01436-1234
Absolute Auto Repair Center - Fitchburg 2954,SWA,2954,5537366,1021,105,03,,Miguel,Andrade,245 RIVER ST APT 231,,FITCHBURG,MA,01420-3292
Absolute Auto Repair Center - Fitchburg 2954,SWA,2954,5762173,1021,105,03,,Fransico,Rivera,15 SCHOOL ST,,FITCHBURG,MA,01420-2238
Absolute Auto Repair Center - Fitchburg 2954,SWA,2954,6251421,1021,105,03,,John,Pelich,40 HAYNES CT,,LEOMINSTER,MA,01453-2546
Absolute Auto Repair Center - Fitchburg 2954,SWA,2954,6326997,1021,105,03,,Jon,McCarthy,55 BOURQUE TER,,FITCHBURG,MA,01420-5301
Absolute Auto Repair Center - Fitchburg 2954,SWA,2954,4390908,1021,105,03,,Dave,Cournoyer,53 YOUNG RD,,ASHBURNHAM,MA,01430-1001
Absolute Auto Repair Center - Fitchburg 2954,SWA,2954,6877051,1021,105,03,,Yanitza,Bonilla,46 CARRIAGE WAY DR,,FITCHBURG,MA,01420-7209
Absolute Auto Repair Center - Fitchburg 2954,SWA,2954,4394516,1021,105,03,,Sean,Lor,116 ALBEE ST,,FITCHBURG,MA,01420-6404
Absolute Auto Repair Center - Fitchburg 2954,SWA,2954,7255354,1021,105,03,,Curtis,Crocker,83 GLENWOOD ST,,GARDNER,MA,01440-4103
Absolute Auto Repair Center - Fitchburg 2954,SWA,2954,7543513,1021,105,03,,Alexandra,Harris,78 HERITAGE LN APT A3,,LEOMINSTER,MA,01453-1633
Absolute Auto Repair Center - Fitchburg 2954,SWA,2954,4394801,1021,105,03,,Lori,Jenks,56 BOYLSTON ST,,FITCHBURG,MA,01420-5857
Absolute Auto Repair Center - Fitchburg 2954,SWA,2954,7972334,1021,105,03,,Gabriel,Arruda,61 BANCROFT ST,,GARDNER,MA,01440-1959
Absolute Auto Repair Center - Fitchburg 2954,SWA,2954,4393138,1021,105,03,,Darran,Lee,21 FULTON ST,,FITCHBURG,MA,01420-5858
Absolute Auto Repair Center - Fitchburg 2954,SWA,2954,8044891,1021,105,03,,Jean,Careau,600 PENNSYLVANIA AVE APT 403,,LEOMINSTER,MA,01453-7402
Absolute Auto Repair Center - Fitchburg 2954,SWA,2954,8247228,1021,105,03,,Kevin,Linehan,56 CRESTVIEW LN # 56,,FITCHBURG,MA,01420-6308
Absolute Auto Repair Center - Fitchburg 2954,SWA,2954,4389079,1021,105,03,,Todd,Forgues,50 STONEYBROOK RD,,FITCHBURG,MA,01420-1339
Absolute Auto Repair Center - Fitchburg 2954,SWA,2954,8371075,1021,105,03,,Lori,Langlois,292 WILLIAMS RD,,FITCHBURG,MA,01420-1827
Absolute Auto Repair Center - Fitchburg 2954,SWA,2954,4387033,1021,105,03,,Jane,Cochran,216 MARSHALL ST,,FITCHBURG,MA,01420-2445
Absolute Auto Repair Center - Fitchburg 2954,SWA,2954,8526249,1021,105,03,,Kenel,Meunier,4 GREELEY ST,,CLINTON,MA,01510-1902
Absolute Auto Repair Center - Fitchburg 2954,SWA,2954,8590571,1021,105,03,,Brett,Linton,51 SADDLEBRED DR,,LEOMINSTER,MA,01453-3494
Absolute Auto Repair Center - Fitchburg 2954,SWA,2954,8676720,1021,105,03,,Ryan,Pokraka,1 JOSLIN PL # 1,,FITCHBURG,MA,01420-4412
Absolute Auto Repair Center - Fitchburg 2954,SWA,2954,4395218,1021,105,03,,Tracey,Schotanus,7 ATLANTIC AVE,,FITCHBURG,MA,01420-4799
Absolute Auto Repair Center - Fitchburg 2954,SWA,2954,4390591,1021,105,03,,Michael,Shea,69 GREEN BRIAR RD,,FITCHBURG,MA,01420-6750
Absolute Auto Repair Center - Fitchburg 2954,SWA,2954,4391634,1021,105,03,,Angela,Tarr,37 WILDWOOD DR,,FITCHBURG,MA,01420-3936
Absolute Auto Repair Center - Fitchburg 2954,SWA,2954,4394428,1021,105,03,,Jessica,Waldron,218 MEADOWBROOK LN,,FITCHBURG,MA,01420-6360
Absolute Auto Repair Center - Fitchburg 2954,SWA,2954,8126094,1021,105,03,,Mark,Fortier,177B N COMMON RD,,WESTMINSTER,MA,01473-1023
Absolute Auto Repair Center - Fitchburg 2954,SWA,2954,4387962,1021,105,03,,Jody,Farinelli,3 STEEPLE VIEW WAY,,LEOMINSTER,MA,01453-3822
Absolute Auto Repair Center - Fitchburg 2954,SWA,2954,9591177,1021,105,03,,Isaiah,Selvan,121 N WALKER ST,,TAUNTON,MA,02780-2145
Absolute Auto Repair Center - Fitchburg 2954,SWA,2954,9707744,1021,105,03,,Tanner,Cormier,24 STREETER RD,,HUBBARDSTON,MA,01452-1433
Absolute Auto Repair Center - Fitchburg 2954,SWA,2954,5798235,1021,105,03,,Kateri,Forte,21 GRANDVIEW TER,,TEMPLETON,MA,01468-1210
Absolute Auto Repair Center - Fitchburg 2954,SWA,2954,5920142,1021,105,03,,Auguste,Scheid,488 E HOUSATONIC ST APT 4,,DALTON,MA,01226-1948
Absolute Auto Repair Center - Fitchburg 2954,SWA,2954,6920036,1021,105,03,,Rose,Giammalvo,228 BEECH ST # 2,,FITCHBURG,MA,01420-4030
Absolute Auto Repair Center - Fitchburg 2954,SWA,2954,4394568,1021,105,03,,Liz,Fowler,119 LAUREL ST,,ATHOL,MA,01331-1626
Absolute Auto Repair Center - Fitchburg 2954,SWA,2954,4835841,1021,105,03,,Deborah,Downing,24 CLIFF ST,,FITCHBURG,MA,01420-5532
Absolute Auto Repair Center - Fitchburg 2954,SWA,2954,11426737,1021,105,03,,Mike,Pease,110 CASTLE RD,,FITCHBURG,MA,01420-2997
Absolute Auto Repair Center - Fitchburg 2954,SWA,2954,12020079,1021,105,03,,Cortney,Clark,131 CONSTITUTION DR,,FITCHBURG,MA,01420-6754
Absolute Auto Repair Center - Fitchburg 2954,SWA,2954,12096423,1021,105,03,,Melissa,DeHoyos,27 ELIZABETH ST,,LUNENBURG,MA,01462-2519
Absolute Auto Repair Center - Fitchburg 2954,SWA,2954,6947341,1021,105,03,,Fong,Lor,447 PRATT RD,,FITCHBURG,MA,01420-5030
Absolute Auto Repair Center - Fitchburg 2954,SWA,2954,4391430,1021,105,03,,Sheyla,Rosario,26 LINCOLN TER,,LEOMINSTER,MA,01453-4238
Absolute Auto Repair Center - Fitchburg 2954,SWA,2954,4391957,1021,105,03,,William,Johnsonn,92 VALLEYVIEW DR,,FITCHBURG,MA,01420-2139
Absolute Auto Repair Center - Fitchburg 2954,SWA,2954,11313832,1021,105,03,,Mark,Muise,33 DRAKE RD,,FITCHBURG,MA,01420-7959
Absolute Auto Repair Center - Fitchburg 2954,SWA,2954,4391966,1021,105,03,,Stephen,Dugas,47 MARSHALL ST,,FITCHBURG,MA,01420-2409
Absolute Auto Repair Center - Fitchburg 2954,SWA,2954,14077946,1021,105,03,,Gaston,Garre,289 MOUNT ELAM RD,,FITCHBURG,MA,01420-6213
Absolute Auto Repair Center - Fitchburg 2954,SWA,2954,14163289,1021,105,03,,Rosa,Rivera,12 MORGAN WAY,,FITCHBURG,MA,01420-8928
Absolute Auto Repair Center - Fitchburg 2954,SWA,2954,14807033,1021,105,03,,Evelyn,Nonez,6 MARY ANNA DR,,FITCHBURG,MA,01420-3686
Absolute Auto Repair Center - Fitchburg 2954,SWA,2954,6737910,1021,105,03,,Alina,Oberg,141 APPLE TREE HL,,FITCHBURG,MA,01420-2471
Absolute Auto Repair Center - Fitchburg 2954,SWA,2954,5370212,1021,105,03,,Luis,Diaz,161 NASHUA ST,,LEOMINSTER,MA,01453-3317
Absolute Auto Repair Center - Fitchburg 2954,SWA,2954,4391574,1021,105,03,,Christine,Lacroix,3 ATLANTIC AVE,,FITCHBURG,MA,01420-4401
Absolute Auto Repair Center - Fitchburg 2954,SWA,2954,4391964,1021,105,03,,David,Zelin,175 PRICHARD ST,,FITCHBURG,MA,01420-7543
Absolute Auto Repair Center - Fitchburg 2954,SWA,2954,15154940,1021,105,03,,Bradley,Raymond,86 PIERCE ST,,LEOMINSTER,MA,01453-3042
Absolute Auto Repair Center - Fitchburg 2954,SWA,2954,4393966,1021,105,03,,One,Phommatham,15 MARGERIE ST,,FITCHBURG,MA,01420-5887
Absolute Auto Repair Center - Fitchburg 2954,SWA,2954,19799335,1021,105,03,,David,Cournoyer,53 YOUNG RD,,ASHBURNHAM,MA,01430-1001
Absolute Auto Repair Center - Fitchburg 2954,SWA,2954,4388567,1021,105,03,,Javier,Calvillo,81 WILL THOMPSON WAY,,FITCHBURG,MA,01420-2039
Absolute Auto Repair Center - Fitchburg 2954,SWA,2954,4395159,1021,105,03,,Nicholas,Waaramaa,56 CROSBY RD,,ASHBURNHAM,MA,01430-1322
Absolute Auto Repair Center - Fitchburg 2954,SWA,2954,4393557,1021,105,03,,Brian,Heinrich,48 SKYVIEW DR,,FITCHBURG,MA,01420-2052
Absolute Auto Repair Center - Fitchburg 2954,SWA,2954,4393935,1021,105,03,,Linda,Gendron,152 ASHBURNHAM HILL RD,,FITCHBURG,MA,01420-2132
Absolute Auto Repair Center - Fitchburg 2954,SWA,2954,20464689,1021,105,03,,Michelle,Smith,130F W MAIN ST,,MILLBURY,MA,01527-1939
Absolute Auto Repair Center - Fitchburg 2954,SWA,2954,20287068,1021,105,03,,Eldred,Allan,21 READ ST APT 3,,FITCHBURG,MA,01420-2153
Absolute Auto Repair Center - Fitchburg 2954,SWA,2954,4395122,1021,105,03,,Robert,Terk,22 S WOODBOUND RD,,RINDGE,NH,03461-5115
Absolute Auto Repair Center - Fitchburg 2954,SWA,2954,14212267,1021,105,03,,Tessa,Shea,243 WATER ST,,FITCHBURG,MA,01420-5434
Absolute Auto Repair Center - Fitchburg 2954,SWA,2954,21140887,1021,105,03,,Tyler,Pandiscio,1 TRI TOWN DR,,LUNENBURG,MA,01462-2363
Absolute Auto Repair Center - Fitchburg 2954,SWA,2954,20795344,1021,105,03,,Elise,Mcdermott,93 LEGROS ST,,FITCHBURG,MA,01420-5190
Absolute Auto Repair Center - Fitchburg 2954,SWA,2954,4387336,1021,105,03,,Stephen,Bronchuk,54 FOX MEADOW RD APT F,,LEOMINSTER,MA,01453-1953
Absolute Auto Repair Center - Fitchburg 2954,SWA,2954,21736329,1021,105,03,,Brent,Wheeler,2 ORANGE ST,,FITCHBURG,MA,01420-3434
Absolute Auto Repair Center - Fitchburg 2954,SWA,2954,22272919,1021,105,03,,Leslie,Bovenzi,560 GOODRICH ST,,LUNENBURG,MA,01462-1620
Absolute Auto Repair Center - Fitchburg 2954,SWA,2954,22430431,1021,105,03,,Jose,Torres,81 BRIGHAM PARK,,FITCHBURG,MA,01420-4407
Absolute Auto Repair Center - Fitchburg 2954,SWA,2954,22416613,1021,105,03,,Trevor,Andersen,24 HAYNES CT,,LEOMINSTER,MA,01453-2526
Absolute Auto Repair Center - Fitchburg 2954,SWA,2954,22506156,1021,105,03,,William,Benton,108 ADAMS ST APT 108,,LEOMINSTER,MA,01453-5684
Absolute Auto Repair Center - Fitchburg 2954,SWA,2954,22460122,1021,105,03,,Jacob,Monahan,26 WOOD ST,,FITCHBURG,MA,01420-3344
Absolute Auto Repair Center - Fitchburg 2954,SWA,2954,22746952,1021,105,03,,James,Rivers,909 NORTHFIELD RD,,LUNENBURG,MA,01462-1036
Absolute Auto Repair Center - Fitchburg 2954,SWA,2954,19966585,1021,105,03,,Sandro,Giraldo,329 BEECH ST,,FITCHBURG,MA,01420-4052
Absolute Auto Repair Center - Fitchburg 2954,SWA,2954,20283903,1021,105,03,,Bob,Rivers,68 TOLMAN AVE,,LEOMINSTER,MA,01453-1926
Absolute Auto Repair Center - Fitchburg 2954,SWA,2954,22471832,1021,105,03,,Caroline,Belleveau,55 ALBEE ST,,FITCHBURG,MA,01420-6401
Absolute Auto Repair Center - Fitchburg 2954,SWA,2954,15413830,1021,105,03,,Daniel,Arocho,1008 HERON CT,,KISSIMMEE,FL,34759-4406
Absolute Auto Repair Center - Fitchburg 2954,SWA,2954,4395211,1021,105,03,,Brandy,Dowdle,16 VALLEY VIEW WAY,,SHIRLEY,MA,01464-2431
Absolute Auto Repair Center - Fitchburg 2954,SWA,2954,23330852,1021,105,03,,Walter,Tapia,8 TRI TOWN DR,,LUNENBURG,MA,01462-2359
Absolute Auto Repair Center - Fitchburg 2954,SWA,2954,22680731,1021,105,03,,Theresa,Torres,12 WASHINGTON ST APT 1,,FITCHBURG,MA,01420-5689
Absolute Auto Repair Center - Fitchburg 2954,SWA,2954,4386700,1021,105,03,,Norbert,Schuehler,65 HIGHLAND AVE,,FITCHBURG,MA,01420-7814
Absolute Auto Repair Center - Fitchburg 2954,SWA,2954,4391013,1021,105,03,,Ronald,Chevarie,99 DEAN HILL RD,,WESTMINSTER,MA,01473-6661
Absolute Auto Repair Center - Fitchburg 2954,SWA,2954,24643401,1021,105,03,,Tim,Gates,55 CASCADE ST # 1,,FITCHBURG,MA,01420-4730
Absolute Auto Repair Center - Fitchburg 2954,SWA,2954,5167450,1021,105,03,,Carrie,Monk,12 LEE AVE,,FITCHBURG,MA,01420-6138
Absolute Auto Repair Center - Fitchburg 2954,SWA,2954,24824413,1021,105,03,,Quinlan,Aziz,105 BLOSSOM ST # 2E,,FITCHBURG,MA,01420-4363
Absolute Auto Repair Center - Fitchburg 2954,SWA,2954,4395252,1021,105,03,,Dawn,Mcguirl,93 ATLANTIC AVE,,FITCHBURG,MA,01420-4440
Absolute Auto Repair Center - Fitchburg 2954,SWA,2954,24453534,1021,105,03,,Meghan,Bourbeau,10 BURNAP ST APT 2,,FITCHBURG,MA,01420-7981
Absolute Auto Repair Center - Fitchburg 2954,SWA,2954,8971547,1021,105,03,,Melissa,Gallo,545 WANOOSNOC RD,,FITCHBURG,MA,01420-7032
Absolute Auto Repair Center - Fitchburg 2954,SWA,2954,25437146,1021,105,03,,Layth,Hassan,322 ELM ST APT 1,,FITCHBURG,MA,01420-7591
Absolute Auto Repair Center - Fitchburg 2954,SWA,2954,25534764,1021,105,03,,Scott,Mahle,59 WASHINGTON ST,,AYER,MA,01432-1316
Absolute Auto Repair Center - Fitchburg 2954,SWA,2954,25613945,1021,105,03,,Joe,Fermin,40 DAY ST APT 18,,FITCHBURG,MA,01420-4367
Absolute Auto Repair Center - Fitchburg 2954,SWA,2954,12960056,1021,105,03,,Melissa,Martin,1530 PEARL HILL RD,,FITCHBURG,MA,01420-1609
Absolute Auto Repair Center - Fitchburg 2954,SWA,2954,4394476,1021,105,03,,Chue,Lor,116 ALBEE ST,,FITCHBURG,MA,01420-6404
Absolute Auto Repair Center - Fitchburg 2954,SWA,2954,25672404,1021,105,03,,Maria,Santiago,249 MILK ST,,FITCHBURG,MA,01420-7912
Absolute Auto Repair Center - Fitchburg 2954,SWA,2954,4394657,1021,105,03,,Anibal,Gonzalez,50 DAY ST APT 610,,FITCHBURG,MA,01420-4350
Absolute Auto Repair Center - Fitchburg 2954,SWA,2954,4395250,1021,105,03,,Evan,Deluca,233 WOODLAWN ST,,CLINTON,MA,01510-1833
Absolute Auto Repair Center - Fitchburg 2954,SWA,2954,4846620,1021,105,03,,Edgardo,Carrero,52 TEMPLE ST,,FITCHBURG,MA,01420-3721
Absolute Auto Repair Center - Fitchburg 2954,SWA,2954,21413934,1021,105,03,,Kevin,Gosselin,1 COTTAGE ST,,BALDWINVILLE,MA,01436-1349
Absolute Auto Repair Center - Fitchburg 2954,SWA,2954,26131065,1021,105,03,,Sue,Graham,10 ROBBS TER,,LUNENBURG,MA,01462-2174
Absolute Auto Repair Center - Fitchburg 2954,SWA,2954,4393198,1021,105,03,,Mark,Ferrell,426 BLOSSOM ST,,FITCHBURG,MA,01420-2561
Absolute Auto Repair Center - Fitchburg 2954,SWA,2954,4395402,1021,105,03,,Joshua,Yang,752 SHEA ST,,FITCHBURG,MA,01420-4863
Absolute Auto Repair Center - Fitchburg 2954,SWA,2954,23736760,1021,105,03,,Beth,Martowska,108 KELTON ST # B,,ATHOL,MA,01331-3308
Absolute Auto Repair Center - Fitchburg 2954,SWA,2954,4392502,1021,105,03,,Derick,Kay,62 MEADOWBROOK LN,,FITCHBURG,MA,01420-6316
Absolute Auto Repair Center - Fitchburg 2954,SWA,2954,4389871,1021,105,03,,Debra,Dower,1069 SOUTH ST,,FITCHBURG,MA,01420-7056
Absolute Auto Repair Center - Fitchburg 2954,SWA,2954,26497100,1021,105,03,,Jesus,Carrion,87 LENOX ST,,BOSTON,MA,02118-1490
Absolute Auto Repair Center - Fitchburg 2954,SWA,2954,5048029,1021,105,03,,Gorgette,Meyance,11 CRESTVIEW LN,,FITCHBURG,MA,01420-6307
Absolute Auto Repair Center - Fitchburg 2954,SWA,2954,4394377,1021,105,03,,Jensy,Guzman,73 ELIZABETH ST,,GARDNER,MA,01440-2091
Absolute Auto Repair Center - Fitchburg 2954,SWA,2954,4393833,1021,105,03,,Dawn,Ridge,69 EAST RD,,WESTMINSTER,MA,01473-1661
Absolute Auto Repair Center - Fitchburg 2954,SWA,2954,4545897,1021,105,03,,Nelida,Andujar,43 BLOSSOM ST APT 9,,FITCHBURG,MA,01420-4365
Absolute Auto Repair Center - Fitchburg 2954,SWA,2954,4390453,1021,105,03,,Kristen,Racine,211 PLYMOUTH ST APT 1,,FITCHBURG,MA,01420-3948
Absolute Auto Repair Center - Fitchburg 2954,SWA,2954,5227103,1021,105,03,,David,Reyes,189 ROLLSTONE RD,,FITCHBURG,MA,01420-6150
Absolute Auto Repair Center - Fitchburg 2954,SWA,2954,4387350,1021,105,03,,Philip,Hardy,419 SOUTH ST,,FITCHBURG,MA,01420-7970
Absolute Auto Repair Center - Fitchburg 2954,SWA,2954,4394909,1021,105,03,,Darlene,Doubikin,66 CLEGHORN ST,,FITCHBURG,MA,01420-7604
Absolute Auto Repair Center - Fitchburg 2954,SWA,2954,4394487,1021,105,03,,Luis,Offerrall,307 PARSONAGE ST,,PITTSTON,PA,18640-2811
Absolute Auto Repair Center - Fitchburg 2954,SWA,2954,4393200,1021,105,03,,Jenn,Scott,39 CEDAR ST,,FITCHBURG,MA,01420-3419
Absolute Auto Repair Center - Fitchburg 2954,SWA,2954,7252015,1021,105,03,,Sam,Flint,50 HIGHLAND AVE,,FITCHBURG,MA,01420-7815
Absolute Auto Repair Center - Fitchburg 2954,SWA,2954,4392598,1021,105,03,,Zulmarie,Torres,259 ROLLSTONE ST,,FITCHBURG,MA,01420-4107
Absolute Auto Repair Center - Fitchburg 2954,SWA,2954,4391300,1021,105,03,,Nick,Girard,185 VINE ST APT 2,,PAWTUCKET,RI,02861-2668
Absolute Auto Repair Center - Fitchburg 2954,SWA,2954,4394579,1021,105,03,,Anthony,Membrino,250 LOGEE ST APT 2L,,WOONSOCKET,RI,02895-5887
Absolute Auto Repair Center - Fitchburg 2954,SWA,2954,4394701,1021,105,03,,Matt,Mayo,102 CHAPMAN PL,,LEOMINSTER,MA,01453-6141
Absolute Auto Repair Center - Fitchburg 2954,SWA,2954,9001472,1021,105,03,,Teddi,Bailey,61 NOTTINGHAM RD,,DEERFIELD,NH,03037-1532
Absolute Auto Repair Center - Fitchburg 2954,SWA,2954,4389343,1021,105,03,,Wendy,Muldoon,64 EVERETT ST,,FITCHBURG,MA,01420-7788
Absolute Auto Repair Center - Fitchburg 2954,SWA,2954,9415505,1021,105,03,,Nathan,White,41 SCHOOL ST,,FITCHBURG,MA,01420-2254
Absolute Auto Repair Center - Fitchburg 2954,SWA,2954,4391926,1021,105,03,,Carol,Kearns,6 BETH AVE APT 316,,LEOMINSTER,MA,01453-4968
Absolute Auto Repair Center - Fitchburg 2954,SWA,2954,9707584,1021,105,03,,Alex,Huebner,140 UNCATENA AVE,,WORCESTER,MA,01606-1816
Absolute Auto Repair Center - Fitchburg 2954,SWA,2954,4393418,1021,105,03,,Mike,Allen,5 JACKLYN DR,,LUNENBURG,MA,01462-1261
Absolute Auto Repair Center - Fitchburg 2954,SWA,2954,5798553,1021,105,03,,Christine,Coleman,32 BEACON ST,,FITCHBURG,MA,01420-0146
Absolute Auto Repair Center - Fitchburg 2954,SWA,2954,10551047,1021,105,03,,Tanea,Richardson,167 BLOSSOM ST,,FITCHBURG,MA,01420-3353
Absolute Auto Repair Center - Fitchburg 2954,SWA,2954,4394520,1021,105,03,,Lucas,Leavitt,3 LUNENBURG ST,,FITCHBURG,MA,01420-7831
Absolute Auto Repair Center - Fitchburg 2954,SWA,2954,4394474,1021,105,03,,Kathy,Leblanc,29 ELM RD,,LEOMINSTER,MA,01453-4707
Absolute Auto Repair Center - Fitchburg 2954,SWA,2954,11724794,1021,105,03,,Luis,Aguilar,163 MEADOWBROOK LN,,FITCHBURG,MA,01420-6361
Absolute Auto Repair Center - Fitchburg 2954,SWA,2954,4392905,1021,105,03,,Ashley,Deveneau,333 SOUTH ST,,FITCHBURG,MA,01420-7910
Absolute Auto Repair Center - Fitchburg 2954,SWA,2954,13268438,1021,105,03,,Joseph,Asare,75 DAY ST,,FITCHBURG,MA,01420-4335
Absolute Auto Repair Center - Fitchburg 2954,SWA,2954,13540425,1021,105,03,,Mario,Lopez,221 N FRONT ST,,PHILIPSBURG,PA,16866-1605
Absolute Auto Repair Center - Fitchburg 2954,SWA,2954,14518783,1021,105,03,,Ramona,Barron,15 OLD DEERFIELD RD,,FITCHBURG,MA,01420-5351
Absolute Auto Repair Center - Fitchburg 2954,SWA,2954,14808296,1021,105,03,,Caley,Desirey,15 SMITHFIELD PL,,DARTMOUTH,MA,02748-1426
Absolute Auto Repair Center - Fitchburg 2954,SWA,2954,11379467,1021,105,03,,Mario,D'angelo,55 PEPPER RD,,FITCHBURG,MA,01420-4843
Absolute Auto Repair Center - Fitchburg 2954,SWA,2954,4395852,1021,105,03,,Bonnie,McCullough,19 BEACON ST,,FITCHBURG,MA,01420-4403
Absolute Auto Repair Center - Fitchburg 2954,SWA,2954,4393427,1021,105,03,,Darly,Fleury,46 ALBEE ST,,FITCHBURG,MA,01420-7309
Absolute Auto Repair Center - Fitchburg 2954,SWA,2954,4391508,1021,105,03,,Jane,Chartrand,25 GREEN BRIAR RD,,FITCHBURG,MA,01420-6750
Absolute Auto Repair Center - Fitchburg 2954,SWA,2954,16956152,1021,105,03,,Amanda,Luft,25 INDIANA AVE,,FITCHBURG,MA,01420-7105
Absolute Auto Repair Center - Fitchburg 2954,SWA,2954,4391670,1021,105,03,,Nicholas,Santana,87 GREENWOOD ST,,GARDNER,MA,01440-4003
Absolute Auto Repair Center - Fitchburg 2954,SWA,2954,4396406,1021,105,03,,Patrick,Powell,20 MYLES LN,,SHIRLEY,MA,01464-2622
Absolute Auto Repair Center - Fitchburg 2954,SWA,2954,17223957,1021,105,03,,Karl,Palmer,60 COURT ST,,DOVER,NH,03820-4148
Absolute Auto Repair Center - Fitchburg 2954,SWA,2954,18588506,1021,105,03,,Aileen,Diaz,420 KIMBALL ST,,FITCHBURG,MA,01420-4274
Absolute Auto Repair Center - Fitchburg 2954,SWA,2954,4394712,1021,105,03,,Bonnie,Jackson,279 DANIELS ST,,FITCHBURG,MA,01420-4075
Absolute Auto Repair Center - Fitchburg 2954,SWA,2954,19904024,1021,105,03,,Kim,Seng,21 GALE ST,,FITCHBURG,MA,01420-7347
Absolute Auto Repair Center - Fitchburg 2954,SWA,2954,20098410,1021,105,03,,Jerry,Ridley,95 ATLANTIC AVE,,FITCHBURG,MA,01420-4440
Absolute Auto Repair Center - Fitchburg 2954,SWA,2954,20250869,1021,105,03,,Nairoby,Cabral,67 LAUREL ST,,ATHOL,MA,01331-1615
Absolute Auto Repair Center - Fitchburg 2954,SWA,2954,20412482,1021,105,03,,Connor,Slattery,30 MOUNTAIN AVE,,FITCHBURG,MA,01420-7784
Absolute Auto Repair Center - Fitchburg 2954,SWA,2954,4395001,1021,105,03,,Brandon,Mason,7 BROWN ST,,WINCHENDON,MA,01475-1024
Absolute Auto Repair Center - Fitchburg 2954,SWA,2954,20645561,1021,105,03,,Sophia,Leblanc,10 E GARDNER RD,,WESTMINSTER,MA,01473-1032
Absolute Auto Repair Center - Fitchburg 2954,SWA,2954,20718478,1021,105,03,,Ryan,Kirkpatrick,24 ACADEMY RD,,LEOMINSTER,MA,01453-2627
Absolute Auto Repair Center - Fitchburg 2954,SWA,2954,4389535,1021,105,03,,Cynthia,Risch,22 PEARL BROOK RD,,LUNENBURG,MA,01462-1225
Absolute Auto Repair Center - Fitchburg 2954,SWA,2954,4395761,1021,105,03,,Diane,Welch,279 CANTON ST,,FITCHBURG,MA,01420-6331
Absolute Auto Repair Center - Fitchburg 2954,SWA,2954,4388284,1021,105,03,,Paul,Digeronimo,49 BRITTANY LN,,FITCHBURG,MA,01420-8902
Absolute Auto Repair Center - Fitchburg 2954,SWA,2954,12943759,1021,105,03,,Mario,Lopez,27 GRANITE ST,,FITCHBURG,MA,01420-5414
Absolute Auto Repair Center - Fitchburg 2954,SWA,2954,6509992,1021,105,03,,William,Pearce,307 WATER ST,,FITCHBURG,MA,01420-5648
Absolute Auto Repair Center - Fitchburg 2954,SWA,2954,13819546,1021,105,03,,Daniel,Chavez,5 LINWOOD ST # 2,,FITCHBURG,MA,01420-4556
Absolute Auto Repair Center - Fitchburg 2954,SWA,2954,21122014,1021,105,03,,Alex,Kelly,15 SANDINI RD,,MARLBOROUGH,MA,01752-1942
Absolute Auto Repair Center - Fitchburg 2954,SWA,2954,22918246,1021,105,03,,Jeff,Lizek,747 PAGE ST,,LUNENBURG,MA,01462-2133
Absolute Auto Repair Center - Fitchburg 2954,SWA,2954,4388368,1021,105,03,,Geri,Gionet,24 CANTON ST,,FITCHBURG,MA,01420-6328
Absolute Auto Repair Center - Fitchburg 2954,SWA,2954,24023652,1021,105,03,,Anam,Brisson,245 RIVER ST APT 246,,FITCHBURG,MA,01420-3293
Absolute Auto Repair Center - Fitchburg 2954,SWA,2954,24245595,1021,105,03,,Diana,Scesny,50 BROOKS POND RD APT 306,,LEOMINSTER,MA,01453-0019
Absolute Auto Repair Center - Fitchburg 2954,SWA,2954,21291753,1021,105,03,,Lorenny,Arias,57 MARSHLAND ST,,HAVERHILL,MA,01830-3316
Absolute Auto Repair Center - Fitchburg 2954,SWA,2954,4388723,1021,105,03,,Luis,Aldarondo,31 SARAH LN,,FITCHBURG,MA,01420-6744
Absolute Auto Repair Center - Fitchburg 2954,SWA,2954,4390848,1021,105,03,,Amedeo,Sicari,20 CLYDE ST,,FITCHBURG,MA,01420-7338
Absolute Auto Repair Center - Fitchburg 2954,SWA,2954,4394804,1021,105,03,,Sam,Montgomery,4 CRESCENT AVE,,STERLING,MA,01564-1438
Absolute Auto Repair Center - Fitchburg 2954,SWA,2954,4392361,1021,105,03,,Shirley,Collaro,8 TRI TOWN DR UNIT S201,,LUNENBURG,MA,01462-2381
Absolute Auto Repair Center - Fitchburg 2954,SWA,2954,25305361,1021,105,03,,Ky,Nguyen,86 INTERVALE RD,,FITCHBURG,MA,01420-6511
Absolute Auto Repair Center - Fitchburg 2954,SWA,2954,20245910,1021,105,03,,Connor,Gagnon,122 ELM ST,,FITCHBURG,MA,01420-8601
Absolute Auto Repair Center - Fitchburg 2954,SWA,2954,4395287,1021,105,03,,Denis,Healy,28 PETERS DR,,LEOMINSTER,MA,01453-2165
Absolute Auto Repair Center - Fitchburg 2954,SWA,2954,4391785,1021,105,03,,Richard,Tash,380 SHELDON RD,,FITCHBURG,MA,01420-1819
Absolute Auto Repair Center - Fitchburg 2954,SWA,2954,4397707,1021,105,03,,Kevin,Heinz,9 BROWN RD,,SHIRLEY,MA,01464-2701
Absolute Auto Repair Center - Fitchburg 2954,SWA,2954,4395762,1021,105,03,,Andrea,Mansour,194 ABBOTT AVE,,LEOMINSTER,MA,01453-2176
Absolute Auto Repair Center - Fitchburg 2954,SWA,2954,4392745,1021,105,03,,Sean,Reid,95 LONGWOOD AVE,,FITCHBURG,MA,01420-3359
Absolute Auto Repair Center - Fitchburg 2954,SWA,2954,4387347,1021,105,03,,Sammy,Mwangi,11 WILLOW ST APT 105,,FITCHBURG,MA,01420-7840
Absolute Auto Repair Center - Fitchburg 2954,SWA,2954,4391769,1021,105,03,,Linda,Delman,71 BURMA RD,,FITCHBURG,MA,01420-4887
Absolute Auto Repair Center - Fitchburg 2954,SWA,2954,6599824,1021,105,03,,Kathie,Deschamps,1307 RINDGE RD,,FITCHBURG,MA,01420-1323
Absolute Auto Repair Center - Fitchburg 2954,SWA,2954,8065166,1021,105,03,,Judy,Guertin,85 GLORIA AVE,,FITCHBURG,MA,01420-6127
Absolute Auto Repair Center - Fitchburg 2954,SWA,2954,7046074,1021,105,03,,Rick,St. Pierre,204 THERESA ST,,FITCHBURG,MA,01420-4832
Absolute Auto Repair Center - Fitchburg 2954,SWA,2954,9353427,1021,105,03,,Maria,Ramey,48 ARLINGTON ST,,FITCHBURG,MA,01420-2224
Absolute Auto Repair Center - Fitchburg 2954,SWA,2954,4392235,1021,105,03,,Emily,Randall,76 RICHARDSON RD,,FITCHBURG,MA,01420-1520
Absolute Auto Repair Center - Fitchburg 2954,SWA,2954,25274962,1021,105,03,,Beatrice,Leblanc,31 SPRUCE ST FL 1ST,,FITCHBURG,MA,01420-5619
Absolute Auto Repair Center - Fitchburg 2954,SWA,2954,4392620,1021,105,03,,Jenene,Annessi,1 TRI TOWN DR # 1,,LUNENBURG,MA,01462-2363
Absolute Auto Repair Center - Fitchburg 2954,SWA,2954,4393416,1021,105,03,,Veronica,Thompson,56 PROSPECT ST,,FITCHBURG,MA,01420-2237
Absolute Auto Repair Center - Fitchburg 2954,SWA,2954,5796373,1021,105,03,,Samnath,Say,1 PEARL ST # 1RIGHT,,FITCHBURG,MA,01420-5093
