Shop Name,Software,SID,CID,WSID,WCID,MBdayMo,TBdayMo,First,Last,Address,Address2,City,St,Zip
ZahnTech Automotive,SWA,4200,9346061,1022,,,3,Kathy,Furtado,13914 SE 60TH ST,,BELLEVUE,WA,98006-4304
ZahnTech Automotive,SWA,4200,9346125,1022,,,9,Kaushik,Sethu,23903 SE 6TH ST,,SAMMAMISH,WA,98074-3636
ZahnTech Automotive,SWA,4200,9346164,1022,,,3,Timothy,Nishimura,4613 105TH AVE NE,,KIRKLAND,WA,98033-7636
ZahnTech Automotive,SWA,4200,9346306,1022,,,3,Leon,Pryor,205 NEWPORT WAY NW APT C2,,ISSAQUAH,WA,98027-3177
ZahnTech Automotive,SWA,4200,9346377,1022,,,9,Jerry,Deraad,22313 NE 6TH CT,,SAMMAMISH,WA,98074-5023
ZahnTech Automotive,SWA,4200,9346273,1022,,,9,Mitchell,Hellum,26125 114TH AVE SE APT B2,,KENT,WA,98030-8476
ZahnTech Automotive,SWA,4200,9346400,1022,,,3,Karl,Good,13107 NE 123RD ST # 341,,KIRKLAND,WA,98034-8014
ZahnTech Automotive,SWA,4200,9346127,1022,,,9,Bharath,Sankaranarayam,313 239TH WAY SE,,SAMMAMISH,WA,98074-3686
ZahnTech Automotive,SWA,4200,9346739,1022,,,3,Gavin,Woody,4422 BAGLEY AVE N APT 101,,SEATTLE,WA,98103-7677
ZahnTech Automotive,SWA,4200,9346786,1022,,,9,John,Chao,4343 9TH AVE NE # 102,,SEATTLE,WA,98105-4708
ZahnTech Automotive,SWA,4200,9346084,1022,,,9,Fil,Tribble,10425 126TH AVE SE,,RENTON,WA,98056-3255
ZahnTech Automotive,SWA,4200,9346931,1022,,,3,Ahmet,Bolac,397 227TH LN NE,,SAMMAMISH,WA,98074-5601
ZahnTech Automotive,SWA,4200,9346944,1022,,,9,Henry,Lee,16112 NE 58TH CT,,REDMOND,WA,98052-5274
ZahnTech Automotive,SWA,4200,9346987,1022,,,3,Michelle,Lott,306 SENECA PL NW,,RENTON,WA,98057-5112
ZahnTech Automotive,SWA,4200,9346901,1022,,,9,Will,McCoy,115 100TH AVE NE APT 107,,BELLEVUE,WA,98004-5606
ZahnTech Automotive,SWA,4200,9347045,1022,,,3,Scot,Shields,PO BOX 464,,FERNDALE,CA,95536-0464
ZahnTech Automotive,SWA,4200,9347102,1022,,,9,Marek,Jedrzejewicz,6505 188TH PL NE UNIT 104,,REDMOND,WA,98052-0515
ZahnTech Automotive,SWA,4200,9347178,1022,,,3,Kathy,Tarnowski,9020 NE 138TH PL,,KIRKLAND,WA,98034-1802
ZahnTech Automotive,SWA,4200,9347195,1022,,,9,Anna,Morris,32424 223RD AVE SE,,BLACK DIAMOND,WA,98010-1317
ZahnTech Automotive,SWA,4200,9346936,1022,,,9,Maciej,Plaza,11319 NE 36TH PL APT 522,,BELLEVUE,WA,98004-7792
ZahnTech Automotive,SWA,4200,9347259,1022,,,3,Bill,Shelby,1454 4TH ST,,KIRKLAND,WA,98033-5501
ZahnTech Automotive,SWA,4200,9346207,1022,,,9,Lowell,Parris,2410 E LYNN ST APT 20,,SEATTLE,WA,98112-2661
ZahnTech Automotive,SWA,4200,9346998,1022,,,3,Peiyush,Jain,12219 NE 203RD ST,,BOTHELL,WA,98011-7660
ZahnTech Automotive,SWA,4200,9347346,1022,,,9,Jake,Bixby,1401 W BERTONA ST APT 3,,SEATTLE,WA,98119-1752
ZahnTech Automotive,SWA,4200,9347363,1022,,,3,Guojun,Yu,17631 NE 34TH CT,,REDMOND,WA,98052-5700
ZahnTech Automotive,SWA,4200,9347380,1022,,,9,Fareed,Awan,1525 NW 57TH ST,,SEATTLE,WA,98107-5625
ZahnTech Automotive,SWA,4200,9347430,1022,,,3,Wendy,Nauer,1255 WEILAND ST STE 12,,KENT,WA,98030-4785
ZahnTech Automotive,SWA,4200,9347458,1022,,,9,Patrick,Kam,2256 NEWPORT WAY NW,,ISSAQUAH,WA,98027-5348
ZahnTech Automotive,SWA,4200,9347478,1022,,,3,Ken,Leigh,2250 HASTINGS AVE W,,PORT TOWNSEND,WA,98368-9639
ZahnTech Automotive,SWA,4200,9347481,1022,,,9,Mariana,Feddersen,9719 130TH AVE NE,,KIRKLAND,WA,98033-5265
ZahnTech Automotive,SWA,4200,9347508,1022,,,3,Alejandero,Hernandez,11746 NE 149TH ST,,KIRKLAND,WA,98034-4644
ZahnTech Automotive,SWA,4200,9347541,1022,,,9,Andrew,Fomichev,19020 NE 51ST ST,,SAMMAMISH,WA,98074-4650
ZahnTech Automotive,SWA,4200,9347545,1022,,,3,Vishesh,Parikh,9817 225TH AVE NE,,REDMOND,WA,98053-5843
ZahnTech Automotive,SWA,4200,9347108,1022,,,9,Robert,Carey,7917 134TH AVE NE,,REDMOND,WA,98052-4014
ZahnTech Automotive,SWA,4200,9347619,1022,,,3,Palash,Kar,16340 NE 83RD ST # STF237,,REDMOND,WA,98052-3866
ZahnTech Automotive,SWA,4200,9347305,1022,,,9,Utkarsh,Narvekar,12840 SE 40TH CT # CTD2,,BELLEVUE,WA,98006-1284
ZahnTech Automotive,SWA,4200,9347664,1022,,,3,Tat,Furukawa,508 225TH PL SE,,BOTHELL,WA,98021-8285
ZahnTech Automotive,SWA,4200,9347694,1022,,,9,Robert,Walter,700 NW GILMAN BLVD,,ISSAQUAH,WA,98027-5395
ZahnTech Automotive,SWA,4200,9346153,1022,,,9,Sherif,Fares,3805 FREMONT AVE N APT 402,,SEATTLE,WA,98103-8767
ZahnTech Automotive,SWA,4200,9347674,1022,,,3,Greg,Day,650 DUVALL AVE NE # NEI-914,,RENTON,WA,98059-4768
ZahnTech Automotive,SWA,4200,9347488,1022,,,9,Charles,Jones,2424 S 41ST ST,,TACOMA,WA,98409-7307
ZahnTech Automotive,SWA,4200,9347806,1022,,,3,Greg,Gerke,6422 123RD AVE NE,,KIRKLAND,WA,98033-8524
ZahnTech Automotive,SWA,4200,9347620,1022,,,9,Rolf,Gersonde,14513 449TH AVE SE,,NORTH BEND,WA,98045-8842
ZahnTech Automotive,SWA,4200,9347838,1022,,,3,Sandeep,Nain,16033 147TH PL NE,,WOODINVILLE,WA,98072-8978
ZahnTech Automotive,SWA,4200,9347512,1022,,,9,Patrick,Haley,PO BOX 196,,REDMOND,WA,98073-0196
ZahnTech Automotive,SWA,4200,9347511,1022,,,3,Anna,Gringauze,5503 157TH DR NE,,REDMOND,WA,98052-5211
ZahnTech Automotive,SWA,4200,9347904,1022,,,9,Erin,Fried,611B 20TH AVE E,,SEATTLE,WA,98112-4013
ZahnTech Automotive,SWA,4200,9347974,1022,,,9,Mahesh,Hari,17609 NE 92ND CT,,REDMOND,WA,98052-6936
ZahnTech Automotive,SWA,4200,9348020,1022,,,9,Jurg,Bonnofsky,17303 SE 45TH ST,,BELLEVUE,WA,98006-6523
ZahnTech Automotive,SWA,4200,9346016,1022,,,3,Scott,Peters,1824 MILLER AVE NE,,OLYMPIA,WA,98506-3446
ZahnTech Automotive,SWA,4200,9347893,1022,,,9,Brahma,Abhijith,4306 156TH AVE NE APT GG322,,REDMOND,WA,98052-5378
ZahnTech Automotive,SWA,4200,9348078,1022,,,3,Benja,Atkins,3738 SW 332ND PL,,FEDERAL WAY,WA,98023-2922
ZahnTech Automotive,SWA,4200,9347759,1022,,,9,Shirley,Sun,1638 233RD PL NE,,SAMMAMISH,WA,98074-4450
ZahnTech Automotive,SWA,4200,9348109,1022,,,3,Bob,Ford,10516 171ST AVE NE,,REDMOND,WA,98052-2736
ZahnTech Automotive,SWA,4200,9347127,1022,,,9,Michelle,Weaver,PO BOX 278,,MARYSVILLE,WA,98270-0278
ZahnTech Automotive,SWA,4200,9348139,1022,,,3,Arnold,Arnan,6130 111TH PL NE,,KIRKLAND,WA,98033-7202
ZahnTech Automotive,SWA,4200,9348166,1022,,,9,Linda,Boyance,17906 NE 154TH ST,,WOODINVILLE,WA,98072-6379
ZahnTech Automotive,SWA,4200,9348209,1022,,,9,Kyryl,Perederiy,1812 230TH CT NE,,SAMMAMISH,WA,98074-6595
ZahnTech Automotive,SWA,4200,9348279,1022,,,9,Craig,Schaff,4326 LAKE WASHINGTON BLVD SE,,BELLEVUE,WA,98006-1112
ZahnTech Automotive,SWA,4200,9348290,1022,,,3,Amy,Tovel,9449 NE 125TH PL,,KIRKLAND,WA,98034-2744
ZahnTech Automotive,SWA,4200,9348317,1022,,,9,Midge,Conner,12505 103RD AVE NE,,KIRKLAND,WA,98034-2866
ZahnTech Automotive,SWA,4200,9348341,1022,,,3,Zeb,Church,7012 116TH AVE NE APT A,,KIRKLAND,WA,98033-8133
ZahnTech Automotive,SWA,4200,9348355,1022,,,9,Zine,Badissy,8920 152ND AVE NE,,REDMOND,WA,98052-3508
ZahnTech Automotive,SWA,4200,9348405,1022,,,3,Joe,Seet,17810 147TH PL NE,,WOODINVILLE,WA,98072-9246
ZahnTech Automotive,SWA,4200,9348420,1022,,,9,David,Dawson,4425 21ST AVE SW,,SEATTLE,WA,98106-1302
ZahnTech Automotive,SWA,4200,9348443,1022,,,3,Steve,Hinkamp,12515 218TH PL SE,,SNOHOMISH,WA,98296-3963
ZahnTech Automotive,SWA,4200,9348455,1022,,,9,Simone,Francois,22518 NE 46TH ST,,REDMOND,WA,98053-8243
ZahnTech Automotive,SWA,4200,9348560,1022,,,3,Mario,Garzia,15853 NE 95TH WAY,,REDMOND,WA,98052-2594
ZahnTech Automotive,SWA,4200,9348586,1022,,,9,Eric,Danas,110 211TH PL NE,,SAMMAMISH,WA,98074-3910
ZahnTech Automotive,SWA,4200,9348597,1022,,,3,Ryan,Woofenden,PO BOX 844,,LA CONNER,WA,98257-0844
ZahnTech Automotive,SWA,4200,9348617,1022,,,9,Soepeno,Soepeno,14624 NE 38TH ST APT 1048,,BELLEVUE,WA,98007-3442
ZahnTech Automotive,SWA,4200,9348656,1022,,,9,Devin,Brom,8500 148TH AVE NE APT Z2089,,REDMOND,WA,98052-6529
ZahnTech Automotive,SWA,4200,9348713,1022,,,9,Anthea,Kuah,16541 REDMOND WAY # C198,,REDMOND,WA,98052-4492
ZahnTech Automotive,SWA,4200,9348544,1022,,,9,Jake,Kunz,6820 COAL CREEK PKWY SE APT 210,,RENTON,WA,98059-3019
ZahnTech Automotive,SWA,4200,9348782,1022,,,3,Millie,English,4031 HERITAGE WAY,,MISSOULA,MT,59802-3069
ZahnTech Automotive,SWA,4200,9348809,1022,,,9,Brie,Nielson,704 140TH AVE SE,,BELLEVUE,WA,98005-3726
ZahnTech Automotive,SWA,4200,9348854,1022,,,9,Kelsey,Flerx,15625 72ND AVE NE,,KENMORE,WA,98028-4671
ZahnTech Automotive,SWA,4200,9348867,1022,,,3,Mark,Maslionis,15325 REDMOND WAY,,REDMOND,WA,98052-6844
ZahnTech Automotive,SWA,4200,9347257,1022,,,9,Apurve,Bhargava,907 233RD PL NE,,SAMMAMISH,WA,98074-7283
ZahnTech Automotive,SWA,4200,9348246,1022,,,9,Ashish,Bhangale,9210 REDMOND WOODINVILLE RD NE APT A303,,REDMOND,WA,98052-7601
ZahnTech Automotive,SWA,4200,9349010,1022,,,3,Sourabh,Kukreja,12475 NE 171ST CT,,WOODINVILLE,WA,98072-7935
ZahnTech Automotive,SWA,4200,9349042,1022,,,9,Peter,Benson,341 3RD PL NW,,ISSAQUAH,WA,98027-3248
ZahnTech Automotive,SWA,4200,9349070,1022,,,3,Max,Smoot,919 30TH AVE S,,SEATTLE,WA,98144-3206
ZahnTech Automotive,SWA,4200,9349095,1022,,,9,Keith,Fournier,16332 PEARSON RD NE,,POULSBO,WA,98370-8028
ZahnTech Automotive,SWA,4200,9349117,1022,,,3,Jaewoo,Kin,8935 160TH AVE NE # C-320,,REDMOND,WA,98052-7521
ZahnTech Automotive,SWA,4200,9349147,1022,,,9,No,Name,13424 NE 20TH ST,,BELLEVUE,WA,98005-2025
ZahnTech Automotive,SWA,4200,9349166,1022,,,3,Matt,Koonce,8300 160TH AVE NE APT 624,,REDMOND,WA,98052-4195
ZahnTech Automotive,SWA,4200,9348046,1022,,,9,No,Name,12856 NE 85TH ST,,KIRKLAND,WA,98033-8008
ZahnTech Automotive,SWA,4200,9349203,1022,,,3,Ankit,Goen,9834 223RD AVE NE,,REDMOND,WA,98053-2026
ZahnTech Automotive,SWA,4200,9349266,1022,,,3,Sarah,Sykes,15291 NE 82ND ST,,REDMOND,WA,98052-6563
ZahnTech Automotive,SWA,4200,9349293,1022,,,9,Han,Jeon,16340 NE 83RD ST,,REDMOND,WA,98052-3866
ZahnTech Automotive,SWA,4200,9348508,1022,,,9,Suneer,Mehmood,558 CENTRAL WAY APT A205,,KIRKLAND,WA,98033-4211
ZahnTech Automotive,SWA,4200,9348474,1022,,,3,Joanna,Jiang,2830 173RD CT NE,,REDMOND,WA,98052-6240
ZahnTech Automotive,SWA,4200,9349394,1022,,,9,Lisa,Jimeona,23238 NE 29TH CT,,SAMMAMISH,WA,98074-5423
ZahnTech Automotive,SWA,4200,9348836,1022,,,3,Cory,Alambar,218 MAIN ST # 248,,KIRKLAND,WA,98033-6108
ZahnTech Automotive,SWA,4200,9348805,1022,,,9,Drew,Nichols,8500 148TH AVE NE APT Q1053,,REDMOND,WA,98052-6505
ZahnTech Automotive,SWA,4200,9349498,1022,,,3,Jira,Cooley,17 DRAVUS ST,,SEATTLE,WA,98109-1604
ZahnTech Automotive,SWA,4200,9349546,1022,,,3,Scott,Hinckley,10416 65TH AVE S,,SEATTLE,WA,98178-2505
ZahnTech Automotive,SWA,4200,9349569,1022,,,9,Chien,Chiu,15817 NE 90TH ST,,REDMOND,WA,98052-7520
ZahnTech Automotive,SWA,4200,9349350,1022,,,9,Cari,Mason,22433 NE MARKETPLACE DR APT J3065,,REDMOND,WA,98053-1935
ZahnTech Automotive,SWA,4200,9347574,1022,,,3,Xiaoli,Duan,10612 157TH AVE NE,,REDMOND,WA,98052-2602
ZahnTech Automotive,SWA,4200,9349675,1022,,,9,Jennifer,Manis,125 SW CAMPUS DR APT 1-201,,FEDERAL WAY,WA,98023-8311
ZahnTech Automotive,SWA,4200,9349732,1022,,,3,Sanchit,Chirania,8500 148TH AVE NE APT C3010,,REDMOND,WA,98052-6536
ZahnTech Automotive,SWA,4200,9349789,1022,,,9,Nolan,Perry,11235 80TH AVE NE # 235,,KIRKLAND,WA,98034-5803
ZahnTech Automotive,SWA,4200,9349797,1022,,,3,Vamsi,Tetali,160 ROCKY CREEK TRL,,WOODSTOCK,GA,30188-6246
ZahnTech Automotive,SWA,4200,9347267,1022,,,3,Ashish,Thapelyal,6621 229TH PL NE,,REDMOND,WA,98053-8158
ZahnTech Automotive,SWA,4200,9349911,1022,,,9,Sam,Nelson,5214 SAND POINT WAY NE APT 2,,SEATTLE,WA,98105-2968
ZahnTech Automotive,SWA,4200,9349949,1022,,,3,Vikash,Kumar,4850 156TH AVE NE APT 168,,REDMOND,WA,98052-9625
ZahnTech Automotive,SWA,4200,9350011,1022,,,9,Dan,Leslie,21835 NE 4TH ST,,SAMMAMISH,WA,98074-3708
ZahnTech Automotive,SWA,4200,9349925,1022,,,9,Tomasz,Janczuk,8714 233RD PL NE,,REDMOND,WA,98053-1974
ZahnTech Automotive,SWA,4200,9350113,1022,,,3,Hyonho,Lee,16170 NE 115TH CT,,REDMOND,WA,98052-2358
ZahnTech Automotive,SWA,4200,9350134,1022,,,9,Davis,Kapela,8940 142ND AVE NE,,REDMOND,WA,98052-1971
ZahnTech Automotive,SWA,4200,9350171,1022,,,3,Michael,Omokah,15807 NE 111TH ST,,REDMOND,WA,98052-2615
ZahnTech Automotive,SWA,4200,9350188,1022,,,9,Kevin,Higman,5932 185TH CT NE UNIT 102,,REDMOND,WA,98052-6057
ZahnTech Automotive,SWA,4200,9349976,1022,,,3,Kasturi,Krishnmachari,15850 NE 40TH ST APT A103,,REDMOND,WA,98052-5207
ZahnTech Automotive,SWA,4200,9350263,1022,,,9,Alex,Galvez,404 ENCINITAS BLVD APT 207,,ENCINITAS,CA,92024-6703
ZahnTech Automotive,SWA,4200,9350183,1022,,,3,Krishnan,Ramkumar,7001 OLD REDMOND RD APT I236,,REDMOND,WA,98052-4291
ZahnTech Automotive,SWA,4200,9349284,1022,,,9,Ramya,Jadda,10371 156TH PL NE APT 105,,REDMOND,WA,98052-0023
ZahnTech Automotive,SWA,4200,9350312,1022,,,3,Kory,Nelson,2133 5TH AVE APT 406,,SEATTLE,WA,98121-2518
ZahnTech Automotive,SWA,4200,9350301,1022,,,9,Joseph,Quilici,12547 SE 53RD ST,,BELLEVUE,WA,98006-2912
ZahnTech Automotive,SWA,4200,9350372,1022,,,3,Arka,Bhattacharya,8935 160TH AVE NE APT A207,,REDMOND,WA,98052-7502
ZahnTech Automotive,SWA,4200,9350383,1022,,,9,Jason,Tanaka,22529 1ST DR SE,,BOTHELL,WA,98021-8345
ZahnTech Automotive,SWA,4200,9350450,1022,,,9,Sud,Vijayakumar,7010 151ST AVE NE,,REDMOND,WA,98052-4214
ZahnTech Automotive,SWA,4200,9350086,1022,,,9,Rui,Zhang,2583 NE KENSINGTON CT,,ISSAQUAH,WA,98029-3658
ZahnTech Automotive,SWA,4200,9350601,1022,,,3,Erick,Skowronski,7415 204TH ST SW,,LYNNWOOD,WA,98036-5839
ZahnTech Automotive,SWA,4200,9350719,1022,,,3,Tui,Laolagi,7435 NE 203RD LN,,KENMORE,WA,98028-2140
ZahnTech Automotive,SWA,4200,9348754,1022,,,9,LeRoy,Mietzner,4211 210TH PL NE,,SAMMAMISH,WA,98074-9357
ZahnTech Automotive,SWA,4200,9346371,1022,,,3,Haibin,Sun,10842 243RD AVE NE,,REDMOND,WA,98053-5723
ZahnTech Automotive,SWA,4200,9350796,1022,,,9,Sherry,Liu,22840 NE 8TH ST APT 411,,SAMMAMISH,WA,98074-7262
ZahnTech Automotive,SWA,4200,9348840,1022,,,3,Scott,Wang,15734 NE 1ST ST,,BELLEVUE,WA,98008-4304
ZahnTech Automotive,SWA,4200,9350487,1022,,,9,Yixin,Jin,11753 169TH PL NE,,REDMOND,WA,98052-1734
ZahnTech Automotive,SWA,4200,9350111,1022,,,3,Chaohao,Xu,13634 NE 133RD ST,,KIRKLAND,WA,98034-5259
ZahnTech Automotive,SWA,4200,9346529,1022,,,3,Sherry,Bupp,PO BOX 2394,,REDMOND,WA,98073-2394
ZahnTech Automotive,SWA,4200,9347038,1022,,,3,Shawn,McGrath,900 BIG TREE DR NW,,ISSAQUAH,WA,98027-5612
ZahnTech Automotive,SWA,4200,9349718,1022,,,9,Yang,Lou,10700 NE 10TH ST APT C101,,BELLEVUE,WA,98004-4737
ZahnTech Automotive,SWA,4200,9350187,1022,,,9,Heidi,Pedersen,PO BOX 257,,OLYMPIA,WA,98507-0257
ZahnTech Automotive,SWA,4200,9346193,1022,,,9,Koti,Kakkireni,20404 123RD AVE NE,,BOTHELL,WA,98011-7656
ZahnTech Automotive,SWA,4200,9346472,1022,,,9,Michael,Entin,16236 NE 98TH ST,,REDMOND,WA,98052-3059
ZahnTech Automotive,SWA,4200,12451642,1022,,,3,Ed,Worden,20604 NE 2ND ST,,SAMMAMISH,WA,98074-6956
ZahnTech Automotive,SWA,4200,9349180,1022,,,9,Jess,Oh,18808 222ND WAY NE,,WOODINVILLE,WA,98077-6741
ZahnTech Automotive,SWA,4200,9349259,1022,,,9,Jothiswaran,Ramachandran,14632 NE 42ND PL APT 206,,BELLEVUE,WA,98007-3156
ZahnTech Automotive,SWA,4200,9346313,1022,,,9,SV,Purushothaman,11584 178TH PL NE,,REDMOND,WA,98052-2366
ZahnTech Automotive,SWA,4200,9346816,1022,,,9,Raman,Kalyan,16502 NE 46TH ST,,REDMOND,WA,98052-5440
ZahnTech Automotive,SWA,4200,9350717,1022,,,3,Sukumara,Menasinakayi,9137 171ST AVE NE,,REDMOND,WA,98052-3726
ZahnTech Automotive,SWA,4200,9349013,1022,,,9,Dan,Lao,8545 152ND AVE NE,,REDMOND,WA,98052-3510
ZahnTech Automotive,SWA,4200,9350143,1022,,,3,Thusitha,Mabotuwana,6260 139TH AVE NE APT 86,,REDMOND,WA,98052-9703
ZahnTech Automotive,SWA,4200,9349791,1022,,,3,Alex,Preskitt,19012 92ND AVE NE,,BOTHELL,WA,98011-2210
ZahnTech Automotive,SWA,4200,9350772,1022,,,9,Al,Jamal,1420 154TH AVE NE APT 4602,,BELLEVUE,WA,98007-4428
ZahnTech Automotive,SWA,4200,9348837,1022,,,9,Karrar,Esmail,8306 233RD PL NE,,REDMOND,WA,98053-1986
ZahnTech Automotive,SWA,4200,9346145,1022,,,9,Mudit,Goel,19149 NE 66TH WAY,,REDMOND,WA,98052-0565
