Shop Name,Software,SID,CID,WSID,WCID,MBdayMo,TBdayMo,First,Last,Address,Address2,City,St,Zip
ZahnTech Automotive,SWA,4200,9346029,1022,,03,,Sarah,O'Donoghue,7528 18TH AVE NE,,SEATTLE,WA,98115-4424
ZahnTech Automotive,SWA,4200,9346077,1022,,03,,Scott,Evans,1909 N 47TH ST,,SEATTLE,WA,98103-6815
ZahnTech Automotive,SWA,4200,9346138,1022,,03,,Ross,Holtz,1906 PARK ST,,ENUMCLAW,WA,98022-3217
ZahnTech Automotive,SWA,4200,9346256,1022,,03,,Mimi,Thomas,11109 320TH AVE NE,,CARNATION,WA,98014-9735
ZahnTech Automotive,SWA,4200,9346183,1022,,03,,Linda,Comstock,24055 NE 53RD PL,,REDMOND,WA,98053-2545
ZahnTech Automotive,SWA,4200,9346365,1022,,03,,Natalya,Tkach,18638 NE 55TH WAY,,REDMOND,WA,98052-6130
ZahnTech Automotive,SWA,4200,9346399,1022,,03,,Aldon,Schwimmer,11333 204TH AVE NE,,REDMOND,WA,98053-5107
ZahnTech Automotive,SWA,4200,9345926,1022,,03,,Mike,Weibel,326 PASCO DR NE,,RENTON,WA,98059-8568
ZahnTech Automotive,SWA,4200,9346464,1022,,03,,Warren,Van Wettering,22109 SE 436TH ST,,ENUMCLAW,WA,98022-9076
ZahnTech Automotive,SWA,4200,9346467,1022,,03,,Geoffrey,Mordaunt,1610 212TH AVE SE,,SAMMAMISH,WA,98075-7151
ZahnTech Automotive,SWA,4200,9345972,1022,,03,,Jim,Satterberg,PO BOX 854,,RAVENSDALE,WA,98051-0854
ZahnTech Automotive,SWA,4200,9346537,1022,,03,,Rachael,Knapp,284 HARRINGTON AVE SE,,RENTON,WA,98056-5802
ZahnTech Automotive,SWA,4200,9346582,1022,,03,,David,Garner,1655 ROCK CREEK RIDGE BLVD SW,,NORTH BEND,WA,98045-9128
ZahnTech Automotive,SWA,4200,9345929,1022,,03,,John,Stewart,941 25TH AVE,,SEATTLE,WA,98122-4905
ZahnTech Automotive,SWA,4200,9346604,1022,,03,,Brian,Keeley,23035 NE 29TH ST,,SAMMAMISH,WA,98074-8910
ZahnTech Automotive,SWA,4200,9346649,1022,,03,,Hung,Nguyen,16019 SE 125TH ST,,RENTON,WA,98059-6411
ZahnTech Automotive,SWA,4200,9346661,1022,,03,,Jason,Atkins,7451 NE 146TH ST,,KENMORE,WA,98028-4924
ZahnTech Automotive,SWA,4200,9346668,1022,,03,,Sandesh,Pande,8370 166TH AVE NE APT C206,,REDMOND,WA,98052-6635
ZahnTech Automotive,SWA,4200,9346109,1022,,03,,Brandy,Koetters,9617 167TH AVE NE,,REDMOND,WA,98052-3115
ZahnTech Automotive,SWA,4200,9346434,1022,,03,,Don,Boland,22207 NE 2ND ST,,SAMMAMISH,WA,98074-7148
ZahnTech Automotive,SWA,4200,9346831,1022,,03,,Meegahan,Engberg,3718 NE 13TH PL,,RENTON,WA,98056-3384
ZahnTech Automotive,SWA,4200,9346836,1022,,03,,Diana Ohan,Babu,16057 NE 8TH ST APT 105,,BELLEVUE,WA,98008-3924
ZahnTech Automotive,SWA,4200,9346118,1022,,03,,Gopal,Ashok,1020 108TH AVE NE APT 1003,,BELLEVUE,WA,98004-8672
ZahnTech Automotive,SWA,4200,9346928,1022,,03,,John,O'melveny,4719 DUNBAR DR NW,,GIG HARBOR,WA,98335-8026
ZahnTech Automotive,SWA,4200,9346949,1022,,03,,Will,Harkcon,584 EADON RD,,TOLEDO,WA,98591-9642
ZahnTech Automotive,SWA,4200,9346248,1022,,03,,Jeffry,Howbert,12740 NE 30TH ST,,BELLEVUE,WA,98005-1606
ZahnTech Automotive,SWA,4200,9347006,1022,,03,,Tim,Bryant,5431 KIRKWOOD PL N,,SEATTLE,WA,98103-6241
ZahnTech Automotive,SWA,4200,9346111,1022,,03,,Eliana,Martella,1425 BROADWAY # 352,,SEATTLE,WA,98122-3854
ZahnTech Automotive,SWA,4200,9347048,1022,,03,,Jin,Lim,3471 NE MADISON WAY,,ISSAQUAH,WA,98029-3609
ZahnTech Automotive,SWA,4200,9346853,1022,,03,,Vivek,Venkat,14924 NE 74TH CT,,REDMOND,WA,98052-6807
ZahnTech Automotive,SWA,4200,9347077,1022,,03,,Kintan,Brahmbhatt,9318 179TH PL NE,,REDMOND,WA,98052-0819
ZahnTech Automotive,SWA,4200,9347091,1022,,03,,John,Wood,2315 E WARD ST APT B,,SEATTLE,WA,98112-3665
ZahnTech Automotive,SWA,4200,9347137,1022,,03,,Alexanderu,Gavrilescu,23203 NE 78TH WAY,,REDMOND,WA,98053-7979
ZahnTech Automotive,SWA,4200,9347168,1022,,03,,Kristina,Waldbillig,16440 NE 29TH ST,,BELLEVUE,WA,98008-2114
ZahnTech Automotive,SWA,4200,9347226,1022,,03,,Jeffrey,Herron,16015 CLEVELAND ST APT 324,,REDMOND,WA,98052-1544
ZahnTech Automotive,SWA,4200,9346311,1022,,03,,Trevor,Newberry,10826 NE 135TH PL,,KIRKLAND,WA,98034-5312
ZahnTech Automotive,SWA,4200,9347489,1022,,03,,Scott,Bly,3202 49TH AVE SW,,SEATTLE,WA,98116-3207
ZahnTech Automotive,SWA,4200,9347493,1022,,03,,Wanchih,Tom,4908 162ND CT NE,,REDMOND,WA,98052-7002
ZahnTech Automotive,SWA,4200,9347549,1022,,03,,Elaine,Law,17418 NE 28TH ST,,REDMOND,WA,98052-6242
ZahnTech Automotive,SWA,4200,9347590,1022,,03,,Patrick,Cooney,20701 NE 116TH ST,,REDMOND,WA,98053-5303
ZahnTech Automotive,SWA,4200,9347352,1022,,03,,Heather,Tensen,2241 40TH AVE E,,SEATTLE,WA,98112-2405
ZahnTech Automotive,SWA,4200,9346329,1022,,03,,Mark,Pengra,7403 204TH ST SW,,LYNNWOOD,WA,98036-5839
ZahnTech Automotive,SWA,4200,9346132,1022,,03,,Rahul,Taing,7650 SE 27TH ST UNIT 331,,MERCER ISLAND,WA,98040-3062
ZahnTech Automotive,SWA,4200,9346972,1022,,03,,Margie,Medd,13818 162ND AVE NE,,WOODINVILLE,WA,98072-9036
ZahnTech Automotive,SWA,4200,9347703,1022,,03,,Chad,O'Conner,7533 18TH AVE NE,,SEATTLE,WA,98115-4423
ZahnTech Automotive,SWA,4200,9347552,1022,,03,,Godwell,Khosa,15127 NE 24TH ST # 301,,REDMOND,WA,98052-5544
ZahnTech Automotive,SWA,4200,9347637,1022,,03,,Brian,Kent,15515 SE 175TH CT,,RENTON,WA,98058-9091
ZahnTech Automotive,SWA,4200,9347209,1022,,03,,Pradeep,Gunda,14504 NE 42ND PL # 603,,BELLEVUE,WA,98007-3101
ZahnTech Automotive,SWA,4200,9347012,1022,,03,,Kumaran,Anbalagan,6020 158TH WAY NE,,REDMOND,WA,98052-4804
ZahnTech Automotive,SWA,4200,9347078,1022,,03,,Cindy,Sousa,3602 NE 73RD PL APT 6,,SEATTLE,WA,98115-5968
ZahnTech Automotive,SWA,4200,9346703,1022,,03,,Marcy,Heaney,16673 169TH ST SE,,MONROE,WA,98272-2900
ZahnTech Automotive,SWA,4200,9347926,1022,,03,,Cameron,Quinn,1235 S FERRY ST,,TACOMA,WA,98405-2925
ZahnTech Automotive,SWA,4200,9347474,1022,,03,,Charles,Chen,24330 SE 2ND CT,,SAMMAMISH,WA,98074-3476
ZahnTech Automotive,SWA,4200,9347888,1022,,03,,Ann,Dornfeld,417 13TH AVE E APT 307,,SEATTLE,WA,98102-5154
ZahnTech Automotive,SWA,4200,9347623,1022,,03,,Vinni,Gupta,1519 225TH PL SE,,SAMMAMISH,WA,98075-9331
ZahnTech Automotive,SWA,4200,9347126,1022,,03,,James,Eng,519 26TH AVE S,,SEATTLE,WA,98144-2336
ZahnTech Automotive,SWA,4200,9347087,1022,,03,,Erik,Gubitz,7813 NE 200TH ST,,KENMORE,WA,98028-2119
ZahnTech Automotive,SWA,4200,9347304,1022,,03,,Debbie,Lucas,11310 31ST DR SE,,EVERETT,WA,98208-5272
ZahnTech Automotive,SWA,4200,9346562,1022,,03,,Bob,Hayes,12513 NE 141ST WAY,,KIRKLAND,WA,98034-1505
ZahnTech Automotive,SWA,4200,9348237,1022,,03,,Sarah,Boechat,1653 21ST AVE APT 105,,SEATTLE,WA,98122-2941
ZahnTech Automotive,SWA,4200,9348258,1022,,03,,Rick,LaRochelle,32445 2ND PL S,,FEDERAL WAY,WA,98003-5774
ZahnTech Automotive,SWA,4200,9346778,1022,,03,,John,Stieber,14349 172ND AVE NE,,REDMOND,WA,98052-1222
ZahnTech Automotive,SWA,4200,9347416,1022,,03,,Glen,Buhlmann,12813 NE 83RD ST,,KIRKLAND,WA,98033-8013
ZahnTech Automotive,SWA,4200,9348104,1022,,03,,Roan,Donahue,6812 NE 130TH PL,,KIRKLAND,WA,98034-1613
ZahnTech Automotive,SWA,4200,9347172,1022,,03,,Joshua,George,4031 145TH AVE NE,,BELLEVUE,WA,98007-3107
ZahnTech Automotive,SWA,4200,9348470,1022,,03,,Erika,Ronquillo,2324 1ST AVE APT 509,,SEATTLE,WA,98121-1698
ZahnTech Automotive,SWA,4200,9348499,1022,,03,,Cliff,Skillings,3231 171ST ST SW,,LYNNWOOD,WA,98037-9147
ZahnTech Automotive,SWA,4200,9348512,1022,,03,,Edwin,Fish,3048 224TH AVE NE,,SAMMAMISH,WA,98074-8900
ZahnTech Automotive,SWA,4200,9346899,1022,,03,,Anil,Nori,7421 204TH DR NE,,REDMOND,WA,98053-4727
ZahnTech Automotive,SWA,4200,9347820,1022,,03,,Bill,Bliss,13494 ADAIR CREEK WAY NE,,REDMOND,WA,98053-5692
ZahnTech Automotive,SWA,4200,9348634,1022,,03,,Jonathan,Diehl,11733 NE 150TH PL,,KIRKLAND,WA,98034-4628
ZahnTech Automotive,SWA,4200,9348673,1022,,03,,James,Chrosniak,12004 SLATER AVE NE,,KIRKLAND,WA,98034-8602
ZahnTech Automotive,SWA,4200,9348658,1022,,03,,Patty,Ploegman,20917 NE 91ST ST,,REDMOND,WA,98053-7626
ZahnTech Automotive,SWA,4200,9348686,1022,,03,,Richard,Hargarten,1316 208TH AVE NE,,SAMMAMISH,WA,98074-6624
ZahnTech Automotive,SWA,4200,9346673,1022,,03,,Naveen,Gundavaram,14740 NE 35TH ST APT C104,,BELLEVUE,WA,98007-8535
ZahnTech Automotive,SWA,4200,9348712,1022,,03,,Brad,Pickett,326 QUEEN ANNE AVE N APT 301,,SEATTLE,WA,98109-4558
ZahnTech Automotive,SWA,4200,9348507,1022,,03,,Saurabh,Dixit,501 225TH LN NE APT G106,,SAMMAMISH,WA,98074-7166
ZahnTech Automotive,SWA,4200,9346669,1022,,03,,Spencer,Thomas,12632 WAGNER RD,,MONROE,WA,98272-9732
ZahnTech Automotive,SWA,4200,9347235,1022,,03,,Victoria,Mason,19435 75TH AVE NE,,KENMORE,WA,98028-2731
ZahnTech Automotive,SWA,4200,9348363,1022,,03,,Rick,Wagner,13602 171ST AVE NE,,REDMOND,WA,98052-1728
ZahnTech Automotive,SWA,4200,9348844,1022,,03,,Chandler,Zachary,6018 204TH STREET CT E,,SPANAWAY,WA,98387-4743
ZahnTech Automotive,SWA,4200,9348843,1022,,03,,Beth,Highland,5524 NE 187TH ST,,KENMORE,WA,98028-8715
ZahnTech Automotive,SWA,4200,9348968,1022,,03,,Anagha,Lokre,16030 NE 94TH WAY,,REDMOND,WA,98052-7545
ZahnTech Automotive,SWA,4200,9348459,1022,,03,,Jackie,Richter,11112 NE 68TH ST APT 316,,KIRKLAND,WA,98033-7149
ZahnTech Automotive,SWA,4200,9348985,1022,,03,,Aleta,Hill,11505 EASTRIDGE DR NE APT 107,,REDMOND,WA,98053-5752
ZahnTech Automotive,SWA,4200,9346855,1022,,03,,Emad,Barsoum,804 275TH PL SE,,SAMMAMISH,WA,98075-5914
ZahnTech Automotive,SWA,4200,9349016,1022,,03,,Cindy,Post,22117 E LOST LAKE RD,,SNOHOMISH,WA,98296-5482
ZahnTech Automotive,SWA,4200,9349022,1022,,03,,Danielle,Reynard,17202 NE 85TH PL APT D207,,REDMOND,WA,98052-6622
ZahnTech Automotive,SWA,4200,9348790,1022,,03,,Ray,Izumi,27704 NE QUAIL CREEK DR,,REDMOND,WA,98053-9056
ZahnTech Automotive,SWA,4200,9349049,1022,,03,,Mike,OShea,6620 151ST AVE NE,,REDMOND,WA,98052-4718
ZahnTech Automotive,SWA,4200,9349060,1022,,03,,Charles,Quenneville,10719 151ST CT NE,,REDMOND,WA,98052-2536
ZahnTech Automotive,SWA,4200,9347378,1022,,03,,Karina,Ogomori,13662 179TH AVE NE,,REDMOND,WA,98052-2150
ZahnTech Automotive,SWA,4200,9346927,1022,,03,,Ben,Farmer,28035 45TH AVE S,,AUBURN,WA,98001-1116
ZahnTech Automotive,SWA,4200,9349110,1022,,03,,Steven,Shriver,15803 BEAR CREEK PKWY UNIT E303,,REDMOND,WA,98052-4884
ZahnTech Automotive,SWA,4200,9345982,1022,,03,,Ian,Kennedy,10731 177TH CT NE,,REDMOND,WA,98052-2814
ZahnTech Automotive,SWA,4200,9348925,1022,,03,,Mike,Jacobs,15801 NE 59TH WAY,,REDMOND,WA,98052-4816
ZahnTech Automotive,SWA,4200,9349294,1022,,03,,Braydon,Molina,218 203RD ST SE,,BOTHELL,WA,98012-9699
ZahnTech Automotive,SWA,4200,9349098,1022,,03,,Richard,Millroy,21917 NE 21ST PL,,SAMMAMISH,WA,98074-4029
ZahnTech Automotive,SWA,4200,9347492,1022,,03,,Brian,Yangas,8501 WILLOWS RD NE APT E226,,REDMOND,WA,98052-3465
ZahnTech Automotive,SWA,4200,9349331,1022,,03,,Gordon,Snyder,16908 NE 100TH PL,,REDMOND,WA,98052-3127
ZahnTech Automotive,SWA,4200,9349391,1022,,03,,Mary,Kramer,16813 NE 128TH ST,,REDMOND,WA,98052-1308
ZahnTech Automotive,SWA,4200,9349421,1022,,03,,Maria,Simon,2730 N KILLINGSWORTH ST APT 301,,PORTLAND,OR,97217-4177
ZahnTech Automotive,SWA,4200,9349484,1022,,03,,Isidro,Huante,15644 NE 15TH ST APT 3,,BELLEVUE,WA,98008-2750
ZahnTech Automotive,SWA,4200,9347142,1022,,03,,Lavanya,Vasudevan,2818 220TH PL NE,,SAMMAMISH,WA,98074-6417
ZahnTech Automotive,SWA,4200,9348827,1022,,03,,Kevin,Kim,7140 115TH CT SE,,RENTON,WA,98056-1029
ZahnTech Automotive,SWA,4200,9349220,1022,,03,,Mikiko,Abe,15709 NE 92ND WAY,,REDMOND,WA,98052-7526
ZahnTech Automotive,SWA,4200,9349602,1022,,03,,Julie,Holetz,16910 NE 107TH ST,,REDMOND,WA,98052-2709
ZahnTech Automotive,SWA,4200,9348810,1022,,03,,Justin,Nipp,13110 NE 90TH ST,,KIRKLAND,WA,98033-5207
ZahnTech Automotive,SWA,4200,9349493,1022,,03,,Lindsey,Thompson,22426 103RD DR SE,,SNOHOMISH,WA,98296-7918
ZahnTech Automotive,SWA,4200,9347509,1022,,03,,Dan,Rawlings,27422 SE 8TH PL,,SAMMAMISH,WA,98075-5905
ZahnTech Automotive,SWA,4200,9349402,1022,,03,,Ryan,Kim,5978 169TH AVE SE,,BELLEVUE,WA,98006-5572
ZahnTech Automotive,SWA,4200,9349685,1022,,03,,Delshawn,Staten,16514 NE 92ND ST APT E47,,REDMOND,WA,98052-3631
ZahnTech Automotive,SWA,4200,9349758,1022,,03,,Dan,Clem,11008 21ST AVE SW,,SEATTLE,WA,98146-2045
ZahnTech Automotive,SWA,4200,9349456,1022,,03,,Taylor,Knebel,1046 E EVERETT AVE,,FRESNO,CA,93720-2655
ZahnTech Automotive,SWA,4200,9349754,1022,,03,,Harry,Gu,16853 NE 88TH ST,,REDMOND,WA,98052-3757
ZahnTech Automotive,SWA,4200,9349757,1022,,03,,Daniel,Wells,22328 95TH AVE SE,,WOODINVILLE,WA,98077-9511
ZahnTech Automotive,SWA,4200,9349812,1022,,03,,Jason,Skannes,16818 108TH AVE SE APT 7,,RENTON,WA,98055-5474
ZahnTech Automotive,SWA,4200,9349824,1022,,03,,Jordan,Oldenburg,6725 112TH AVE NE,,KIRKLAND,WA,98033-7186
ZahnTech Automotive,SWA,4200,9349771,1022,,03,,Mike,Lin,2402 W BOSTON ST,,SEATTLE,WA,98199-3504
ZahnTech Automotive,SWA,4200,9349226,1022,,03,,Nigel,Carter,15881 NE 84TH WAY,,REDMOND,WA,98052-3890
ZahnTech Automotive,SWA,4200,9347228,1022,,03,,Corrina,Black,20119 105TH AVE SE,,SNOHOMISH,WA,98296-8116
ZahnTech Automotive,SWA,4200,9348822,1022,,03,,Christian,Nguyen,13908 SE 88TH PL,,RENTON,WA,98059-3486
ZahnTech Automotive,SWA,4200,9349915,1022,,03,,Steven,Lengieza,215 10TH AVE E APT 616,,SEATTLE,WA,98102-6135
ZahnTech Automotive,SWA,4200,9346332,1022,,03,,David,Byther,7528 18TH AVE NE,,SEATTLE,WA,98115-4424
ZahnTech Automotive,SWA,4200,9349763,1022,,03,,Deepak,Dahal,17502 40TH DR SE,,BOTHELL,WA,98012-7634
ZahnTech Automotive,SWA,4200,9349946,1022,,03,,Leslie,Puthoff,22632 SE 240TH ST APT C305,,MAPLE VALLEY,WA,98038-4018
ZahnTech Automotive,SWA,4200,9349959,1022,,03,,Alex,Piper,12306 NE 107TH ST,,KIRKLAND,WA,98033-4670
ZahnTech Automotive,SWA,4200,9349788,1022,,03,,Sam,Farver,17525 NE 36TH ST,,REDMOND,WA,98052-5705
ZahnTech Automotive,SWA,4200,9349247,1022,,03,,Sochettra,Sun,12415 NE 130TH CT APT H201,,KIRKLAND,WA,98034-7411
ZahnTech Automotive,SWA,4200,9350061,1022,,03,,Mike,Weaver,26616 135TH AVE SE,,KENT,WA,98042-8014
ZahnTech Automotive,SWA,4200,9350072,1022,,03,,Frank,Sposaro,1344 EDGEWATER BEACH DR,,LAKELAND,FL,33805-4706
ZahnTech Automotive,SWA,4200,9350077,1022,,03,,Marcus,Ellis,873 BENSON RD,,PORT ANGELES,WA,98363-8494
ZahnTech Automotive,SWA,4200,9349263,1022,,03,,Anirban,Basu,12883 NE 198TH PL,,WOODINVILLE,WA,98072-8698
ZahnTech Automotive,SWA,4200,9348054,1022,,03,,Rameshkumar,Perumal,17781 NE 90TH ST APT J253,,REDMOND,WA,98052-6980
ZahnTech Automotive,SWA,4200,9346556,1022,,03,,Teresa,Peters,12010 174TH CT NE,,REDMOND,WA,98052-1630
ZahnTech Automotive,SWA,4200,9350174,1022,,03,,Theodore,Pierce,10028 NE 139TH ST,,KIRKLAND,WA,98034-5222
ZahnTech Automotive,SWA,4200,9347361,1022,,03,,Min,Zheng,16565 NE 119TH WAY,,REDMOND,WA,98052-2331
ZahnTech Automotive,SWA,4200,9349872,1022,,03,,Tom,Rocamora,13207 NE 138TH PL,,KIRKLAND,WA,98034-5519
ZahnTech Automotive,SWA,4200,9349890,1022,,03,,Ashley,Royston,3011 78TH AVE SE APT 209,,MERCER ISLAND,WA,98040-2857
ZahnTech Automotive,SWA,4200,9350169,1022,,03,,Rachael,Neterer,1019 E PIKE ST APT E,,SEATTLE,WA,98122-3840
ZahnTech Automotive,SWA,4200,9350341,1022,,03,,Weston,Powers,7250 OLD REDMOND RD APT F121,,REDMOND,WA,98052-6816
ZahnTech Automotive,SWA,4200,9349689,1022,,03,,Ken,Penchos,10526 166TH AVE NE,,REDMOND,WA,98052-2700
ZahnTech Automotive,SWA,4200,9350429,1022,,03,,Sherry,Sparacino,246 SHOREVIEW DR,,KELSO,WA,98626-1766
ZahnTech Automotive,SWA,4200,9350439,1022,,03,,Cija,Tanner,8104 161ST AVE NE UNIT B506,,REDMOND,WA,98052-4640
ZahnTech Automotive,SWA,4200,9347775,1022,,03,,Brandi,Pritchard,1406 26TH AVE E,,SEATTLE,WA,98112-3647
ZahnTech Automotive,SWA,4200,9348010,1022,,03,,Monica,Puri,10512 NE 20TH ST,,BELLEVUE,WA,98004-2841
ZahnTech Automotive,SWA,4200,9349750,1022,,03,,Don,Mercado,11400 NE 132ND ST APT E103,,KIRKLAND,WA,98034-4755
ZahnTech Automotive,SWA,4200,9349955,1022,,03,,Charles,Wang,4281 148TH AVE NE APT H201,,BELLEVUE,WA,98007-8108
ZahnTech Automotive,SWA,4200,9348735,1022,,03,,Lawrence,Kuracina,17206 NE 98TH CT,,REDMOND,WA,98052-3223
ZahnTech Automotive,SWA,4200,9349992,1022,,03,,Justin,Morris,18603 NE 59TH CT APT T203,,REDMOND,WA,98052-5086
ZahnTech Automotive,SWA,4200,9349543,1022,,03,,Tufan,Erdinc,11423 178TH PL NE,,REDMOND,WA,98052-2365
ZahnTech Automotive,SWA,4200,9350262,1022,,03,,Nashant,Kapoor,9321 139TH CT NE,,REDMOND,WA,98052-6428
ZahnTech Automotive,SWA,4200,9350412,1022,,03,,Abbey,Jacobsen,480 MT PARK BLVD SW,,ISSAQUAH,WA,98027-3635
ZahnTech Automotive,SWA,4200,9346128,1022,,03,,Ross,Hewit,2216 239TH PL NE,,SAMMAMISH,WA,98074-3554
ZahnTech Automotive,SWA,4200,9350444,1022,,03,,Jammie,Ficarelli,25826 129TH PL SE,,KENT,WA,98030-7929
ZahnTech Automotive,SWA,4200,9348869,1022,,03,,Yuehfeng,Chuang,14518 NE 30TH PL # A15,,BELLEVUE,WA,98007-3211
ZahnTech Automotive,SWA,4200,9350916,1022,,03,,Marcel,Ahmady,9414 ROOSEVELT WAY NE UNIT B,,SEATTLE,WA,98115-2844
ZahnTech Automotive,SWA,4200,9348142,1022,,03,,Arlene,Williams,19509 SE 24TH PL,,SAMMAMISH,WA,98075-7492
ZahnTech Automotive,SWA,4200,9346641,1022,,03,,Satish,Bhat,17786 NE 90TH ST APT U299,,REDMOND,WA,98052-8607
ZahnTech Automotive,SWA,4200,9349997,1022,,03,,Thomas,Mcelfresh,19120 NE 46TH CT,,SAMMAMISH,WA,98074-4625
ZahnTech Automotive,SWA,4200,9346502,1022,,03,,Sean,McDaniel,23600 NE 51ST ST,,REDMOND,WA,98053-8313
ZahnTech Automotive,SWA,4200,9347094,1022,,03,,Peter,Ricci,1426A 24TH AVE,,SEATTLE,WA,98122-3007
ZahnTech Automotive,SWA,4200,9348367,1022,,03,,Sal,Al Jabur,1279 145TH PL SE APT E,,BELLEVUE,WA,98007-5539
ZahnTech Automotive,SWA,4200,9348428,1022,,03,,Eric,Brooks,2426 200TH AVE SE,,SAMMAMISH,WA,98075-9664
ZahnTech Automotive,SWA,4200,9348057,1022,,03,,Sue,Bangasser,22518 NE 19TH ST,,SAMMAMISH,WA,98074-4110
ZahnTech Automotive,SWA,4200,9346347,1022,,03,,Becki,Breece,126 JEWELL ST,,ENUMCLAW,WA,98022-7326
ZahnTech Automotive,SWA,4200,9349338,1022,,03,,Rohit,Gupta,10815 237TH AVE NE,,REDMOND,WA,98053-5741
ZahnTech Automotive,SWA,4200,9350593,1022,,03,,Brad,Wysong,32493 142ND ST SE,,SULTAN,WA,98294-5008
ZahnTech Automotive,SWA,4200,9348891,1022,,03,,Brian,Kernan,15644 LAKE HILLS BLVD,,BELLEVUE,WA,98008-4941
ZahnTech Automotive,SWA,4200,9469046,1022,,03,,Dico,Lo,150 102ND AVE SE,,BELLEVUE,WA,98004-6179
ZahnTech Automotive,SWA,4200,9350063,1022,,03,,Kalita,Saintonge,16921 NE 82ND ST APT 3,,REDMOND,WA,98052-3962
ZahnTech Automotive,SWA,4200,9918917,1022,,03,,Callista,Shepherd,5309 144TH PL NE,,MARYSVILLE,WA,98271-9223
ZahnTech Automotive,SWA,4200,9349277,1022,,03,,Gail,Flores,16043 NE 2ND ST,,BELLEVUE,WA,98008-4409
ZahnTech Automotive,SWA,4200,9346969,1022,,03,,Satish,Bhat,4404 146TH PL NE APT N1,,BELLEVUE,WA,98007-3177
ZahnTech Automotive,SWA,4200,9350554,1022,,03,,Alex,Zeigler,8280 164TH AVE NE UNIT 303,,REDMOND,WA,98052-4171
ZahnTech Automotive,SWA,4200,9348672,1022,,03,,Raj,Virk,25308 SE 35TH ST,,SAMMAMISH,WA,98029-7728
ZahnTech Automotive,SWA,4200,10446975,1022,,03,,Taylor,Talbert,3821 167TH PL NE APT 1039,,REDMOND,WA,98052-6328
ZahnTech Automotive,SWA,4200,9346064,1022,,03,,Betsy,Aoki,346 NW 49TH ST,,SEATTLE,WA,98107-3543
ZahnTech Automotive,SWA,4200,9348734,1022,,03,,Justin,Johnson,3603 ROBE MENZEL RD,,GRANITE FALLS,WA,98252-9431
ZahnTech Automotive,SWA,4200,9350442,1022,,03,,Daniel,Ogden,1567 HIGHLANDS DR NE,,ISSAQUAH,WA,98029-6245
ZahnTech Automotive,SWA,4200,9348744,1022,,03,,Kevin,Katona,12224 NE 8TH ST APT 312,,BELLEVUE,WA,98005-2488
ZahnTech Automotive,SWA,4200,9350303,1022,,03,,Kenneth,Woodard,12000 NE 85TH ST,,KIRKLAND,WA,98033-8039
ZahnTech Automotive,SWA,4200,9349951,1022,,03,,Kyle,Humbert,21012 SE 256TH PL,,MAPLE VALLEY,WA,98038-7551
ZahnTech Automotive,SWA,4200,9348775,1022,,03,,Gilbert,Flores,16043 NE 2ND ST,,BELLEVUE,WA,98008-4409
ZahnTech Automotive,SWA,4200,9348562,1022,,03,,Rebecca,Webb,7712 NE 203RD ST,,KENMORE,WA,98028-2032
ZahnTech Automotive,SWA,4200,9349901,1022,,03,,Dave,Willeiksen,15115 BROADWAY AVE,,SNOHOMISH,WA,98296-7076
ZahnTech Automotive,SWA,4200,9346112,1022,,03,,Matt,Davis,111 NE 167TH ST,,SHORELINE,WA,98155-4942
ZahnTech Automotive,SWA,4200,9346328,1022,,03,,Debbie,Murphy,24205 NE 5TH PL,,SAMMAMISH,WA,98074-3625
ZahnTech Automotive,SWA,4200,9349059,1022,,03,,Aida,Conway,5105 BOUNTY LN,,CULVER CITY,CA,90230-4301
ZahnTech Automotive,SWA,4200,9350102,1022,,03,,Luca,De Raad,22313 NE 6TH CT,,SAMMAMISH,WA,98074-5023
ZahnTech Automotive,SWA,4200,9347860,1022,,03,,Joe,Robison,535 SUMMIT AVE E,,SEATTLE,WA,98102-4895
ZahnTech Automotive,SWA,4200,9348074,1022,,03,,William,Dekle,2818 183RD AVE NE,,REDMOND,WA,98052-5925
ZahnTech Automotive,SWA,4200,9347337,1022,,03,,Tim,Schumann,12120 COUNTY 9 RD,,EYOTA,MN,55934-2904
ZahnTech Automotive,SWA,4200,9350076,1022,,03,,Safia,Hassan,8280 164TH AVE NE UNIT 611,,REDMOND,WA,98052-6087
ZahnTech Automotive,SWA,4200,9349989,1022,,03,,Yan,Shen,4530 157TH AVE SE,,BELLEVUE,WA,98006-4561
ZahnTech Automotive,SWA,4200,9346219,1022,,03,,Aleks,Gershaft,15235 NE 81ST WAY UNIT 104,,REDMOND,WA,98052-4237
ZahnTech Automotive,SWA,4200,9346382,1022,,03,,Maura,Hoss,1409 37TH AVE,,SEATTLE,WA,98122-3467
ZahnTech Automotive,SWA,4200,9350257,1022,,03,,Steffan,Rowe,7977 170TH AVE NE APT B120,,REDMOND,WA,98052-4070
ZahnTech Automotive,SWA,4200,9346135,1022,,03,,Phyllis,Glantz,11204 NE 149TH ST,,KIRKLAND,WA,98034-4416
ZahnTech Automotive,SWA,4200,9349836,1022,,03,,Mirela,Omerovic,1717 22ND AVE UNIT 317,,SEATTLE,WA,98122-6288
ZahnTech Automotive,SWA,4200,9350678,1022,,03,,Dhanya,Nair,1205 N 10TH PL APT 2429,,RENTON,WA,98057-5493
ZahnTech Automotive,SWA,4200,9346167,1022,,03,,Steve,Donahue,13708 NE 70TH PL,,REDMOND,WA,98052-9428
ZahnTech Automotive,SWA,4200,9349783,1022,,03,,Doug,Plut,14329 118TH AVE NE,,KIRKLAND,WA,98034-1161
ZahnTech Automotive,SWA,4200,9350571,1022,,03,,Phu,Le,11872 174TH PL NE,,REDMOND,WA,98052-2876
ZahnTech Automotive,SWA,4200,9348733,1022,,03,,Steven,Pratschner,14509 275TH PL NE,,DUVALL,WA,98019-8378
ZahnTech Automotive,SWA,4200,9346789,1022,,03,,Albina,Soboleva,6727 NE 201ST PL,,KENMORE,WA,98028-8673
ZahnTech Automotive,SWA,4200,9350325,1022,,03,,Heidi,Showman,11925 157TH AVE NE,,REDMOND,WA,98052-2250
ZahnTech Automotive,SWA,4200,9349994,1022,,03,,Lily,Rola,14520 DAYTON AVE N APT B,,SHORELINE,WA,98133-6451
