Shop Name,Software,SID,CID,WSID,WCID,MBdayMo,TBdayMo,First,Last,Address,Address2,City,St,Zip
Aero Auto Repair,TEK,1159,6542521,1023,101,9,,DELAYN,SALING,9120 GRAMERCY DR,,SAN DIEGO,CA,92123-4083
Aero Auto Repair,TEK,1159,6534163,1023,101,9,,LEE,LOVENTHAL,11016 PORTOBELO DR,,SAN DIEGO,CA,92124-4001
Aero Auto Repair,TEK,1159,6544247,1023,101,9,,SAUL,LLANES,7366 MISSION TRAILS DR,,SANTEE,CA,92071-3390
Aero Auto Repair,TEK,1159,6540922,1023,101,9,,Ivan,GRAHAM,28877 PUJOL ST,,TEMECULA,CA,92590-6733
Aero Auto Repair,TEK,1159,6539166,1023,101,9,,Dave,AUGER,1219 PERSIMMON AVE APT 18,,EL CAJON,CA,92021-4985
Aero Auto Repair,TEK,1159,6534489,1023,101,9,,CARON,RAYFORD,2810 6TH AVE,,SAN DIEGO,CA,92103-6302
Aero Auto Repair,TEK,1159,6533750,1023,101,9,,kiara,clayburn,2034 SANCERRE LN,,CARROLLTON,TX,75007-2211
Aero Auto Repair,TEK,1159,6545491,1023,101,9,,BRANDON,WOODS,725 EMERALD ST,,SAN DIEGO,CA,92109-2466
Aero Auto Repair,TEK,1159,6542495,1023,101,9,,Louis,Swetlik,8555 STATION VILLAGE LN APT 3145,,SAN DIEGO,CA,92108-6541
Aero Auto Repair,TEK,1159,6534407,1023,101,9,,Holly,Hawkins,10709 PORTOBELO DR,,SAN DIEGO,CA,92124-1119
Aero Auto Repair,TEK,1159,6543663,1023,101,9,,Dante,ALLEN,4453 NORTH AVE APT 9,,SAN DIEGO,CA,92116-3984
Aero Auto Repair,TEK,1159,6546704,1023,101,9,,Jeffrey,Jones,2307 FENTON PKWY # 10775,,SAN DIEGO,CA,92108-4746
Aero Auto Repair,TEK,1159,6546842,1023,101,9,,Mark,Simmons,2674 PELELIU WAY,,SAN DIEGO,CA,92110-4267
Aero Auto Repair,TEK,1159,6535676,1023,101,9,,Nikki,kleinberg,5327 BAYNTON ST,,PHILADELPHIA,PA,19144-5801
Aero Auto Repair,TEK,1159,6546705,1023,101,9,,Garret,Guin,1020 DENNERY RD APT 302,,SAN DIEGO,CA,92154-8491
Aero Auto Repair,TEK,1159,6545318,1023,101,9,,kee,wong,11646 VACA PL,,SAN DIEGO,CA,92124-2826
Aero Auto Repair,TEK,1159,6542780,1023,101,9,,Leon,Ferguson,7780 BELDEN ST APT A4,,SAN DIEGO,CA,92111-4470
Aero Auto Repair,TEK,1159,6545626,1023,101,9,,Robert,Turell,6707 WINDING CREEK DR,,SAN DIEGO,CA,92119-1145
Aero Auto Repair,TEK,1159,6535245,1023,101,9,,ROBERT,JOSLIN,2534 GREYLING DR,,SAN DIEGO,CA,92123-3412
Aero Auto Repair,TEK,1159,6532645,1023,101,9,,Myles,Wright,9719 MCCARDLE WAY,,SANTEE,CA,92071-1311
Aero Auto Repair,TEK,1159,6542035,1023,101,9,,David,Lee,335 34TH ST UNIT 9,,SAN DIEGO,CA,92102-4254
Aero Auto Repair,TEK,1159,6541354,1023,101,9,,Ashlee,Baker,4474 CLEVELAND AVE APT 5,,SAN DIEGO,CA,92116-3956
Aero Auto Repair,TEK,1159,6531795,1023,101,9,,taylor,HASTINGS,3569 LOFBERG ST,,SAN DIEGO,CA,92124-3213
Aero Auto Repair,TEK,1159,6545356,1023,101,9,,Andrea,Cano,741 3RD ST,,IMPERIAL BEACH,CA,91932-1901
Aero Auto Repair,TEK,1159,6545941,1023,101,9,,MITCHELL,ARNOLD,5694 MISSION CENTER RD STE 602,,SAN DIEGO,CA,92108-4324
Aero Auto Repair,TEK,1159,6532688,1023,101,9,,CHRIS,LESLIE,1080 WILBUR AVE,,SAN DIEGO,CA,92109-2064
Aero Auto Repair,TEK,1159,6531772,1023,101,9,,JERRY,THATCHER,5220 SOLEDAD MOUNTAIN RD,,SAN DIEGO,CA,92109-1529
Aero Auto Repair,TEK,1159,6535462,1023,101,9,,Gabrielle,Sandow,5860 HUGHES ST,,SAN DIEGO,CA,92115-6516
Aero Auto Repair,TEK,1159,6530964,1023,101,9,,Cory,KOBEL,2981 KOBE DR,,SAN DIEGO,CA,92123-3006
Aero Auto Repair,TEK,1159,6533171,1023,101,09,,Mike,Wells,957 COUNTRY GLEN LN,,BRENTWOOD,CA,94513-6162
Aero Auto Repair,TEK,1159,6534063,1023,101,9,,CHASE,GOODMAN,12347 CAMINITO MIRADA,,SAN DIEGO,CA,92131-3564
Aero Auto Repair,TEK,1159,6532566,1023,101,9,,MICHAEL,HODOSKY,5154 ABUELA DR,,SAN DIEGO,CA,92124-2021
Aero Auto Repair,TEK,1159,6533240,1023,101,9,,KELLY,FISCHER,598 TRENTON ST,,EL CAJON,CA,92019-1025
Aero Auto Repair,TEK,1159,6529877,1023,101,9,,Ruth,Hiber,3829 COLINA DORADA DR,,SAN DIEGO,CA,92124-2845
Aero Auto Repair,TEK,1159,6539421,1023,101,9,,Cameron,Shrum,344 G AVE APT C,,CORONADO,CA,92118-1237
Aero Auto Repair,TEK,1159,6543398,1023,101,9,,AMY,KAHAN,1016 BLACK SKIMMER DR,,CONWAY,SC,29526-1802
Aero Auto Repair,TEK,1159,6542109,1023,101,9,,Eli,selvidge,3454 CASTLE GLEN DR UNIT 136,,SAN DIEGO,CA,92123-5450
Aero Auto Repair,TEK,1159,6546707,1023,101,9,,raul,castro,7707 MISSION GORGE RD APT 83,,SAN DIEGO,CA,92120-1531
Aero Auto Repair,TEK,1159,6532207,1023,101,9,,KEVIN,OBRIEN,3644 MISSION MESA WAY,,SAN DIEGO,CA,92120-1561
Aero Auto Repair,TEK,1159,6547194,1023,101,9,,Erich,STILLSON,7845 LA MESA BLVD,,LA MESA,CA,91942-0609
Aero Auto Repair,TEK,1159,6540755,1023,101,9,,deanna,clark,2583 OLD QUARRY RD APT 2102,,SAN DIEGO,CA,92108-2771
Aero Auto Repair,TEK,1159,6534170,1023,101,9,,Justin,PAUL,5787 COLLEGE AVE APT 50,,SAN DIEGO,CA,92120-4735
Aero Auto Repair,TEK,1159,6530411,1023,101,9,,Vincent,OLIVA,3354 DALEY CENTER DR,,SAN DIEGO,CA,92123-4746
Aero Auto Repair,TEK,1159,6538518,1023,101,9,,Carlos,Ramirez,221 OTAY VALLEY RD,,CHULA VISTA,CA,91911-6311
Aero Auto Repair,TEK,1159,6535353,1023,101,9,,CHRIS,LAMB,223 SANDSTONE ST,,CHULA VISTA,CA,91911-5917
Aero Auto Repair,TEK,1159,6538541,1023,101,9,,Luke,Jasem,5420 55TH ST APT 24,,SAN DIEGO,CA,92115-1208
Aero Auto Repair,TEK,1159,6533632,1023,101,9,,Allan,HANSON,780 CAMINO DE LA REINA APT 355,,SAN DIEGO,CA,92108-3233
Aero Auto Repair,TEK,1159,6546960,1023,101,9,,Judy,Bishop,5212 CAMINITO SOLITARIO,,SAN DIEGO,CA,92108-4240
Aero Auto Repair,TEK,1159,6534659,1023,101,9,,SAMMANTHA,MCDONALD,2638 W CANYON AVE,,SAN DIEGO,CA,92123-4684
Aero Auto Repair,TEK,1159,6545254,1023,101,9,,Brianna,Helsley,24012 AVENIDA ENTRANA,,VALENCIA,CA,91355-3109
Aero Auto Repair,TEK,1159,6542792,1023,101,9,,Diana,Jackson,7189 COLONY RD,,LA MESA,CA,91942-8565
Aero Auto Repair,TEK,1159,6547492,1023,101,9,,Devin,HANLEY,8405 RIO SAN DIEGO DR APT 5119,,SAN DIEGO,CA,92108-5690
Aero Auto Repair,TEK,1159,6544699,1023,101,09,,Rafael,MOYA,2902 MOBLEY ST,,SAN DIEGO,CA,92123-3037
Aero Auto Repair,TEK,1159,6541836,1023,101,9,,CLAYTON,HUCKABA,3083 TAUSSIG ST,,SAN DIEGO,CA,92124-3655
Aero Auto Repair,TEK,1159,6540783,1023,101,9,,Michael,Martin,829 27TH ST,,SAN DIEGO,CA,92102-2710
Aero Auto Repair,TEK,1159,6531719,1023,101,9,,Greg,Gebhart,6481 REFLECTION DR APT 106,,SAN DIEGO,CA,92124-3103
Aero Auto Repair,TEK,1159,6535320,1023,101,9,,TERESA,GARCIA,3790 FLORIDA ST UNIT AG12,,SAN DIEGO,CA,92104-6231
Aero Auto Repair,TEK,1159,6536577,1023,101,9,,MIKE,WOLF,1423 SCOTT ST,,EL CERRITO,CA,94530-2252
Aero Auto Repair,TEK,1159,6539532,1023,101,9,,Victoria,MASCO,4664 GESNER PL,,SAN DIEGO,CA,92117-6743
Aero Auto Repair,TEK,1159,6537210,1023,101,9,,KRISTI,STEWART,43023 COVENTRY ST,,NEWBERRY SPRINGS,CA,92365-9780
Aero Auto Repair,TEK,1159,6538954,1023,101,9,,Veronica,HAUCK,3354 DALEY CENTER DR APT 1210,,SAN DIEGO,CA,92123-4625
Aero Auto Repair,TEK,1159,6540808,1023,101,9,,MAURY,COLE,1704 NATIONAL AVE,,SAN DIEGO,CA,92113-1011
Aero Auto Repair,TEK,1159,6543623,1023,101,9,,Penolope,Oseguera,4130 32ND ST,,SAN DIEGO,CA,92104-2070
Aero Auto Repair,TEK,1159,6545262,1023,101,9,,JENICE,ALDUENDA,9209 VILLAGE GLEN DR,,SAN DIEGO,CA,92123-5436
Aero Auto Repair,TEK,1159,6531616,1023,101,9,,BREAUNA,MARTIN,3118 INDIAN FIG DR,,SAN DIEGO,CA,92115-8211
Aero Auto Repair,TEK,1159,6546092,1023,101,9,,Roberto,Plascencia,8300 STATION VILLAGE LN UNIT 20,,SAN DIEGO,CA,92108-6509
Aero Auto Repair,TEK,1159,6543203,1023,101,9,,Frank,Salcido,6555 AMBROSIA DR APT 1312,,SAN DIEGO,CA,92124-3233
Aero Auto Repair,TEK,1159,6546710,1023,101,9,,WADE,KELLER,10353 SAN DIEGO MISSION RD,,SAN DIEGO,CA,92108-2136
Aero Auto Repair,TEK,1159,6545852,1023,101,9,,Ramon,Angel,1694 DEREK WAY,,CHULA VISTA,CA,91911-5977
Aero Auto Repair,TEK,1159,6531458,1023,101,9,,Julia,SADLEIR,6758 WINONA AVE,,SAN DIEGO,CA,92120-1125
Aero Auto Repair,TEK,1159,6540251,1023,101,9,,Earl,Wolverton,688 JAMAICA BLVD,,TOMS RIVER,NJ,08757-4001
Aero Auto Repair,TEK,1159,6536463,1023,101,9,,Garrett,Williams,2669 MISSION VILLAGE DR,,SAN DIEGO,CA,92123-3639
Aero Auto Repair,TEK,1159,6537943,1023,101,9,,PAUL,GERRITSEN,2627 W CANYON AVE,,SAN DIEGO,CA,92123-4705
Aero Auto Repair,TEK,1159,6541060,1023,101,9,,Ariel,Gallop,5025 COLLWOOD BLVD,,SAN DIEGO,CA,92115-2126
Aero Auto Repair,TEK,1159,6539425,1023,101,9,,JESUS,PINUELAS,3454 RUFFIN RD APT 1V,,SAN DIEGO,CA,92123-2515
Aero Auto Repair,TEK,1159,6546864,1023,101,9,,Stephen,Briggs,4176 VIA NORTE,,CYPRESS,CA,90630-2714
Aero Auto Repair,TEK,1159,6545977,1023,101,09,,Andrew,Koo,2329 APERTURE CIR,,SAN DIEGO,CA,92108-2630
Aero Auto Repair,TEK,1159,6537239,1023,101,9,,Krista,Humerick,4250 4TH AVE APT 320,,SAN DIEGO,CA,92103-7470
Aero Auto Repair,TEK,1159,6539801,1023,101,9,,SANDY,MCCLENAGHAN,15719 LAS MANZANITAS RD,,RAMONA,CA,92065-7424
Aero Auto Repair,TEK,1159,6541782,1023,101,9,,LINDA,MARTIN,2986 MISSION VILLAGE DR,,SAN DIEGO,CA,92123-3212
Aero Auto Repair,TEK,1159,6535696,1023,101,9,,TIFFANY,ARNOLD,5344 EL NOCHE WAY,,SAN DIEGO,CA,92124-1903
Aero Auto Repair,TEK,1159,6541061,1023,101,9,,Christian,Mayer,1335 LEHIGH ST,,SAN DIEGO,CA,92110-3721
Aero Auto Repair,TEK,1159,6531432,1023,101,9,,Steven,Aradio,11267 WESTONHILL DR,,SAN DIEGO,CA,92126-1460
Aero Auto Repair,TEK,1159,6531729,1023,101,9,,noah,jarrah,21801 SENECA AYR DR,,BOYDS,MD,20841-2001
Aero Auto Repair,TEK,1159,6538104,1023,101,9,,JOHN,TARLE,4915 33RD ST,,SAN DIEGO,CA,92116-1815
Aero Auto Repair,TEK,1159,6538114,1023,101,9,,Micheal,Anderson,2774 PIANTINO CIR,,SAN DIEGO,CA,92108-4736
Aero Auto Repair,TEK,1159,6537979,1023,101,9,,pattie,navarro,2670 MISSION VILLAGE DR APT 1K,,SAN DIEGO,CA,92123-3650
Aero Auto Repair,TEK,1159,6533200,1023,101,9,,MARIANNE,DINGLASAN,11692 CHENAULT ST,,LOS ANGELES,CA,90049-4560
Aero Auto Repair,TEK,1159,6533192,1023,101,9,,CARMEN,ANDERSON,3465 MARATHON DR,,SAN DIEGO,CA,92123-2621
Aero Auto Repair,TEK,1159,6541355,1023,101,9,,JONATHAN,SMITH,2657 DEERPARK DR,,SAN DIEGO,CA,92110-1016
Aero Auto Repair,TEK,1159,6539225,1023,101,9,,erick,velez,8643 GLENHAVEN ST,,SAN DIEGO,CA,92123-2107
Aero Auto Repair,TEK,1159,6537747,1023,101,9,,HOWARD,BENTLEY,11322 BRECKENRIDGE WAY,,SAN DIEGO,CA,92131-2953
Aero Auto Repair,TEK,1159,6538175,1023,101,09,,PETER,RUGG,1829 GUY ST,,SAN DIEGO,CA,92110-1905
Aero Auto Repair,TEK,1159,6535401,1023,101,9,,KIBEL,LAWRENCE,4635 BORDER VILLAGE RD STE F2,,SAN YSIDRO,CA,92173-3139
Aero Auto Repair,TEK,1159,6544356,1023,101,9,,HARRY,DUFFIELD,10380 VIACHA DR,,SAN DIEGO,CA,92124-3411
Aero Auto Repair,TEK,1159,6541823,1023,101,9,,KRISTI,SCHROEDER,3354 DALEY CENTER DR APT 1216,,SAN DIEGO,CA,92123-4625
Aero Auto Repair,TEK,1159,6542913,1023,101,9,,JELANI,MATTHEWS,4455 CHEROKEE AVE APT 7,,SAN DIEGO,CA,92116-3687
Aero Auto Repair,TEK,1159,6534427,1023,101,9,,JOE,ADLESH,3634 JENNIFER ST,,SAN DIEGO,CA,92117-1810
Aero Auto Repair,TEK,1159,6543530,1023,101,9,,Chris,Bove,39947 HUDSON CT,,TEMECULA,CA,92591-4593
Aero Auto Repair,TEK,1159,6539106,1023,101,9,,GRADY,WILLIAMS,10871 VIA LOS NARCISOS APT D,,SAN DIEGO,CA,92129-1769
Aero Auto Repair,TEK,1159,6544900,1023,101,9,,james,berens,4876 PARAMOUNT DR,,SAN DIEGO,CA,92123-1448
Aero Auto Repair,TEK,1159,6533898,1023,101,9,,Benjamin,Lawrence,5304 REPECHO DR,,SAN DIEGO,CA,92124-1717
Aero Auto Repair,TEK,1159,6547497,1023,101,9,,JONATHAN,ROGERS,3957 LOMA ALTA DR,,SAN DIEGO,CA,92115-6712
Aero Auto Repair,TEK,1159,6530874,1023,101,9,,Jenna,Anguiano,3579 RUFFIN RD UNIT 205,,SAN DIEGO,CA,92123-2558
Aero Auto Repair,TEK,1159,6534012,1023,101,9,,ALBERT,UDAN,1731 MAY AVE,,CHULA VISTA,CA,91913-4310
Aero Auto Repair,TEK,1159,6540261,1023,101,9,,FRANCINE,BATES,2912 ADMIRAL AVE,,SAN DIEGO,CA,92123-3102
Aero Auto Repair,TEK,1159,6545988,1023,101,9,,HOLLY EZRA,HARN,3144 SALMON ST,,SAN DIEGO,CA,92124-3605
Aero Auto Repair,TEK,1159,6547425,1023,101,9,,CAMDEN,MAHONEY,3988 HATTON ST,,SAN DIEGO,CA,92111-3408
Aero Auto Repair,TEK,1159,6546740,1023,101,9,,SAW,AYE,4051 EUCLID AVE APT J,,SAN DIEGO,CA,92105-1965
Aero Auto Repair,TEK,1159,6545766,1023,101,9,,BRIAN,WHITAKER,9665 CHESAPEAKE DR STE 345,,SAN DIEGO,CA,92123-1339
Aero Auto Repair,TEK,1159,6539787,1023,101,9,,BRIANA,BERG,10343 SAN DIEGO MISSION RD # D3,,SAN DIEGO,CA,92108-2172
Aero Auto Repair,TEK,1159,6543546,1023,101,9,,Sarah,Delapena,3669 SWIFT AVE,,SAN DIEGO,CA,92104-4427
Aero Auto Repair,TEK,1159,6540818,1023,101,9,,KAREN,WEISS,11013 PALLON WAY,,SAN DIEGO,CA,92124-2706
Aero Auto Repair,TEK,1159,6531808,1023,101,09,,Nate,MALONEY,3455 KEARNY VILLA RD APT 148,,SAN DIEGO,CA,92123-1975
Aero Auto Repair,TEK,1159,6544503,1023,101,9,,DARRELL,WEAVER,4876 PACIFICA DR,,SAN DIEGO,CA,92109-2309
Aero Auto Repair,TEK,1159,6537672,1023,101,9,,CHAD,BOYD,10621 GABACHO DR,,SAN DIEGO,CA,92124-1404
Aero Auto Repair,TEK,1159,6541091,1023,101,9,,AARON,FAY,3549 CASTLE GLEN DR UNIT 129,,SAN DIEGO,CA,92123-2432
Aero Auto Repair,TEK,1159,6531744,1023,101,9,,Aaron,Polzin,11161 CAMINITO VISTA SERENA,,SAN DIEGO,CA,92131-3304
Aero Auto Repair,TEK,1159,6540665,1023,101,9,,PATRICK,ABILLE,2096 NORTHSHORE DR UNIT D,,CHULA VISTA,CA,91913-2496
Aero Auto Repair,TEK,1159,6537002,1023,101,9,,Laura,Lawson,550 FOREST PARK BLVD APT 220B,,OXNARD,CA,93036-5534
Aero Auto Repair,TEK,1159,6539065,1023,101,9,,Sidney,Knight,6426 AMBROSIA DR,,SAN DIEGO,CA,92124-3112
Aero Auto Repair,TEK,1159,6545416,1023,101,9,,Allysa,Chung,8583 AERO DR APT 3007,,SAN DIEGO,CA,92123-1627
Aero Auto Repair,TEK,1159,6542068,1023,101,9,,ALMA,LONGORIA,3636 CURLEW ST,,SAN DIEGO,CA,92103-3961
Aero Auto Repair,TEK,1159,6547256,1023,101,9,,Larry,Sholes,29501 P 50 RD,,HOTCHKISS,CO,81419-8203
Aero Auto Repair,TEK,1159,6532498,1023,101,9,,Cristian,Ramirez,5420 REPECHO DR APT 110,,SAN DIEGO,CA,92124-1706
Aero Auto Repair,TEK,1159,6544533,1023,101,9,,CARLOS,TAKESHITA,3484 RUFFIN RD APT 1P,,SAN DIEGO,CA,92123-2509
Aero Auto Repair,TEK,1159,6543469,1023,101,9,,CLARISSA,MANABAT,5865 FRIARS RD APT 3304,,SAN DIEGO,CA,92110-6011
Aero Auto Repair,TEK,1159,6542081,1023,101,9,,Yadira,Ocon,3859 COLINA DORADA DR APT 103,,SAN DIEGO,CA,92124-2861
Aero Auto Repair,TEK,1159,6538595,1023,101,9,,Rosita,Fields,10743 ESMERALDAS DR,,SAN DIEGO,CA,92124-2009
Aero Auto Repair,TEK,1159,6543565,1023,101,9,,Jennifer,Connor,2907 SHELTER ISLAND DR # 105-143,,SAN DIEGO,CA,92106-2743
Aero Auto Repair,TEK,1159,6536975,1023,101,9,,CAROL,BREIER,5180 MANHASSET DR,,SAN DIEGO,CA,92115-1113
Aero Auto Repair,TEK,1159,6537745,1023,101,9,,ANDREA,GARCIA,6584 SEAMAN ST,,SAN DIEGO,CA,92120-2630
Aero Auto Repair,TEK,1159,6539296,1023,101,9,,DEAN,PALMER,5175 BALTIMORE DR # 44,,LA MESA,CA,91942-0679
Aero Auto Repair,TEK,1159,6537327,1023,101,9,,JUSTIN,COLON,8191 JORDAN ST,,SAN DIEGO,CA,92123-2006
Aero Auto Repair,TEK,1159,6535832,1023,101,9,,alex,libby,6850 MISSION GORGE RD APT 1367,,SAN DIEGO,CA,92120-2486
Aero Auto Repair,TEK,1159,6542134,1023,101,9,,Alice,Porta,9409 RONDA AVE,,SAN DIEGO,CA,92123-3625
Aero Auto Repair,TEK,1159,6544153,1023,101,9,,KATHLEEN,FORD,9129 VILLAGE GLEN DR UNIT 177,,SAN DIEGO,CA,92123-2492
Aero Auto Repair,TEK,1159,6545779,1023,101,9,,Kelly,Swanson,9498 BANTAM AVE,,SAN DIEGO,CA,92123-3603
Aero Auto Repair,TEK,1159,6545114,1023,101,9,,TRACEY JAKE,LEWIN,8324 REGENTS RD UNIT 3D,,SAN DIEGO,CA,92122-1334
Aero Auto Repair,TEK,1159,6537176,1023,101,9,,BRIAN,DIBBLE,13166 DUFRESNE PL,,SAN DIEGO,CA,92129-2382
Aero Auto Repair,TEK,1159,6535223,1023,101,09,,LINDSEY,HANDLEY,5285 MARIGOT PL,,SAN DIEGO,CA,92124-2118
Aero Auto Repair,TEK,1159,6533930,1023,101,9,,DOUG,ROGERS,13363 TERRAZA PLAYA CANCUN,,SAN DIEGO,CA,92124-1538
Aero Auto Repair,TEK,1159,6537166,1023,101,9,,Abdulla,Badani,PO BOX 9280,,RANCHO SANTA FE,CA,92067-4280
Aero Auto Repair,TEK,1159,6540039,1023,101,9,,Dixie,SMALL,3205 CABRILLO MESA DR,,SAN DIEGO,CA,92123-3061
Aero Auto Repair,TEK,1159,6537824,1023,101,9,,GREG,ELWOOD,3077 CLAIREMONT DR,,SAN DIEGO,CA,92117-6800
Aero Auto Repair,TEK,1159,6536685,1023,101,9,,RICHARD,PRAGER,3166 W CANYON AVE,,SAN DIEGO,CA,92123-5427
Aero Auto Repair,TEK,1159,6723625,1023,101,09,,Chantal,Wakefield,5080 CAMINO DEL ARROYO APT 164,,SAN DIEGO,CA,92108-3156
Aero Auto Repair,TEK,1159,6537773,1023,101,9,,JOANN,BERTSCH,9218 REBECCA AVE,,SAN DIEGO,CA,92123-3550
Aero Auto Repair,TEK,1159,6538516,1023,101,9,,Coleman,Jeffries,PO BOX 262524,,SAN DIEGO,CA,92196-2524
Aero Auto Repair,TEK,1159,6818000,1023,101,9,,Jennifer,Downing,2800 E RIVERSIDE DR APT 143,,ONTARIO,CA,91761-7477
Aero Auto Repair,TEK,1159,6957885,1023,101,9,,Brock,Standerfer,537 PARK LN,,ENCINITAS,CA,92024-4662
Aero Auto Repair,TEK,1159,6536378,1023,101,9,,Barry,Howland,11273 PEPPERVIEW TER,,SAN DIEGO,CA,92131-3768
Aero Auto Repair,TEK,1159,7110679,1023,101,9,,Dave,Fillion,3447 STELLAR DR,,SAN DIEGO,CA,92123-2628
Aero Auto Repair,TEK,1159,7113620,1023,101,9,,Ian,Abramowitz,8939 HAVETEUR WAY,,SAN DIEGO,CA,92123-2316
Aero Auto Repair,TEK,1159,6954099,1023,101,9,,Stephanie,Siegler,6540 REFLECTION DR APT 1426,,SAN DIEGO,CA,92124-5143
Aero Auto Repair,TEK,1159,6532649,1023,101,9,,Shannon,Temple,11255 TIERRASANTA BLVD UNIT 106,,SAN DIEGO,CA,92124-2806
Aero Auto Repair,TEK,1159,6541379,1023,101,9,,RICHARD,SMOTZER,11447 MADERA ROSA WAY,,SAN DIEGO,CA,92124-2877
Aero Auto Repair,TEK,1159,7543757,1023,101,9,,Richard,Romero,2991 MONARCH ST,,SAN DIEGO,CA,92123-3241
Aero Auto Repair,TEK,1159,6545837,1023,101,09,,Janice,Dheilly,7280 VASSAR AVE,,LA MESA,CA,91942-8720
Aero Auto Repair,TEK,1159,7726664,1023,101,9,,Jason,Rush,3368 DALEY CENTER DR,,SAN DIEGO,CA,92123-4744
Aero Auto Repair,TEK,1159,6545477,1023,101,9,,MEGAN,ADAMS,3380 GRIDLEY PL,,SAN DIEGO,CA,92123-2136
Aero Auto Repair,TEK,1159,7734442,1023,101,9,,Amin,Purliyev,10304 TUJUNGA CANYON BLVD,,TUJUNGA,CA,91042-1858
Aero Auto Repair,TEK,1159,7734421,1023,101,9,,Chris,Carnival,4590 GAINARD WAY,,SAN DIEGO,CA,92124-2909
Aero Auto Repair,TEK,1159,7729489,1023,101,9,,Patricia,Sego,4639 FLORIDA ST,,SAN DIEGO,CA,92116-2717
Aero Auto Repair,TEK,1159,6540458,1023,101,9,,Alessandra,Durfey,2014 ABBE ST,,SAN DIEGO,CA,92111-6604
Aero Auto Repair,TEK,1159,7814610,1023,101,9,,John,Taylor,410 W 14TH ST,,COFFEYVILLE,KS,67337-5207
Aero Auto Repair,TEK,1159,6539772,1023,101,9,,John,Prior,2625 MOBLEY ST,,SAN DIEGO,CA,92123-3030
Aero Auto Repair,TEK,1159,7812755,1023,101,9,,Chelsey,Ong,3583 RUFFIN RD UNIT 210,,SAN DIEGO,CA,92123-5504
Aero Auto Repair,TEK,1159,7987743,1023,101,9,,Dareen,Nasser,5137 CORTE PLAYA SAN JUAN,,SAN DIEGO,CA,92124-1541
Aero Auto Repair,TEK,1159,8168289,1023,101,9,,Kine,Miltun,998 S QUINN CT,,GILBERT,AZ,85296-8816
Aero Auto Repair,TEK,1159,8270970,1023,101,9,,Kelvin Hazel,Poe,3889 COLINA DORADA DR,,SAN DIEGO,CA,92124-2869
Aero Auto Repair,TEK,1159,7816491,1023,101,9,,Megan,Dillard,1730 EAGLES NEST WAY APT 340,,OCEANSIDE,CA,92058-7180
Aero Auto Repair,TEK,1159,6538141,1023,101,9,,Alfredo,De La Torre,3399 RUFFIN RD APT 1N,,SAN DIEGO,CA,92123-4092
Aero Auto Repair,TEK,1159,8291395,1023,101,9,,Jenn,Bissonnette,11244 PORTOBELO DR,,SAN DIEGO,CA,92124-4014
Aero Auto Repair,TEK,1159,6546161,1023,101,9,,Chad,Webber,295 EAST LN,,EL CAJON,CA,92021-4006
Aero Auto Repair,TEK,1159,6531677,1023,101,9,,Leesa,Boggio,5841 MENORCA DR,,SAN DIEGO,CA,92124-1107
Aero Auto Repair,TEK,1159,6541512,1023,101,9,,Mallarie,WIESE,3966 HALFBEAK WAY,,SAN DIEGO,CA,92124-3309
Aero Auto Repair,TEK,1159,6542616,1023,101,9,,Joleen,Gonser,6460 CONVOY CT SPC 256,,SAN DIEGO,CA,92117-2319
Aero Auto Repair,TEK,1159,8747925,1023,101,9,,Shanna,Kelly,5025 COLLWOOD BLVD UNIT 1406,,SAN DIEGO,CA,92115-2126
Aero Auto Repair,TEK,1159,8752718,1023,101,9,,Ryan,Brown,3758 OREGON CITY ST,,JACKSONVILLE,FL,32227-1719
Aero Auto Repair,TEK,1159,8825545,1023,101,9,,Arielle,Burton,11111 N 45TH E,,IDAHO FALLS,ID,83401-5512
Aero Auto Repair,TEK,1159,8846871,1023,101,9,,Chris,Mclaughlin,11422 BRISTLE OAK TRL,,AUSTIN,TX,78750-1308
Aero Auto Repair,TEK,1159,7985135,1023,101,9,,Anthony,Sinconis,2725 W CANYON AVE APT 150,,SAN DIEGO,CA,92123-4738
Aero Auto Repair,TEK,1159,8947349,1023,101,9,,Norma,Vernon,5228 CAMINITO ARUBA,,SAN DIEGO,CA,92124-1611
Aero Auto Repair,TEK,1159,6534449,1023,101,9,,Dallas,Donnally,3368 DALEY CENTER DR APT 712,,SAN DIEGO,CA,92123-4614
Aero Auto Repair,TEK,1159,8809374,1023,101,9,,Hernandez,Hector,3450 OLGA AVE,,SAN DIEGO,CA,92123-1914
Aero Auto Repair,TEK,1159,8977261,1023,101,9,,Amanda,Cowie,3134 DEERFLOWER RD,,SAN DIEGO,CA,92115-8224
Aero Auto Repair,TEK,1159,6542480,1023,101,09,,Rayna,Bailey,9110 GRAMERCY DR UNIT 328,,SAN DIEGO,CA,92123-4024
Aero Auto Repair,TEK,1159,9352763,1023,101,9,,Cesar,Alonso,4536 ARIZONA ST APT 2,,SAN DIEGO,CA,92116-2986
Aero Auto Repair,TEK,1159,6544889,1023,101,9,,Patrick,Hefley,6782 HIBISCUS DR,,LEMON GROVE,CA,91945-1316
Aero Auto Repair,TEK,1159,6530119,1023,101,9,,Jonathan,COOPER,10577 ESMERALDAS DR,,SAN DIEGO,CA,92124-2029
Aero Auto Repair,TEK,1159,6532137,1023,101,9,,Elley,Berg,3549 CASTLE GLEN DR,,SAN DIEGO,CA,92123-2425
Aero Auto Repair,TEK,1159,9497347,1023,101,9,,Shin,Inho,9088 GRAMERCY DR APT 176,,SAN DIEGO,CA,92123-2362
Aero Auto Repair,TEK,1159,9663627,1023,101,9,,Lawrence,Hilliard,12227 GAY RIO DR,,LAKESIDE,CA,92040-4961
Aero Auto Repair,TEK,1159,6538995,1023,101,9,,Emily,Whipperman,10752 ESMERALDAS DR,,SAN DIEGO,CA,92124-2010
Aero Auto Repair,TEK,1159,9663153,1023,101,9,,Susan,Pickman,5240 1/2 VIA VALARTA,,SAN DIEGO,CA,92124-1559
Aero Auto Repair,TEK,1159,7329782,1023,101,9,,Richard,Shick,8876 ZENCARO AVE,,SAN DIEGO,CA,92123-3428
Aero Auto Repair,TEK,1159,6532713,1023,101,9,,ENRIQUE,MEDAL,1935 CORTE CANTANTE,,CHULA VISTA,CA,91914-4628
Aero Auto Repair,TEK,1159,10211622,1023,101,9,,Ben,Chan,3964 CATAMARCA DR,,SAN DIEGO,CA,92124-3406
Aero Auto Repair,TEK,1159,6543968,1023,101,9,,MONICA,ANDERSON,2683 MATERA LN,,SAN DIEGO,CA,92108-6737
Aero Auto Repair,TEK,1159,6535756,1023,101,9,,Tessa,Schaal,5552 GENESEE CT E APT 230,,SAN DIEGO,CA,92111-3037
Aero Auto Repair,TEK,1159,10408314,1023,101,09,,Anthony,Aquino,8971 EARHART ST,,SAN DIEGO,CA,92123-3069
Aero Auto Repair,TEK,1159,6536110,1023,101,9,,Jayden,Labrador,3273 HEPBURN CT,,SAN DIEGO,CA,92124-3512
Aero Auto Repair,TEK,1159,10569788,1023,101,9,,Elijah,Hunter,3026 TAUSSIG ST,,SAN DIEGO,CA,92124-3618
Aero Auto Repair,TEK,1159,10574673,1023,101,9,,Patrick,Wingate,401 OLIVE ST,No 15,SAN DIEGO,CA,92103-6224
Aero Auto Repair,TEK,1159,10787188,1023,101,9,,Jennifer,Hicks,2609 W CANYON AVE APT 324,,SAN DIEGO,CA,92123-4740
Aero Auto Repair,TEK,1159,10790369,1023,101,9,,Jim,Hill,2983 AMULET ST,,SAN DIEGO,CA,92123-3142
Aero Auto Repair,TEK,1159,10874527,1023,101,9,,Jared,Dalton,3 BADGER RD APT B,,ANNAPOLIS,MD,21402-1203
Aero Auto Repair,TEK,1159,10786637,1023,101,9,,Jasmine,Riffenburgh,13427 OLIVE TREE LN,,POWAY,CA,92064-4921
Aero Auto Repair,TEK,1159,6546597,1023,101,09,,Derek,Rotzinger,4551 VIA PALABRA,,SAN DIEGO,CA,92124-2219
Aero Auto Repair,TEK,1159,10875698,1023,101,9,,Steve,Fins,10800 WOODSIDE AVE,,SANTEE,CA,92071-3137
Aero Auto Repair,TEK,1159,10801086,1023,101,9,,Gabrielle,Mills,8555 STATION VILLAGE LN APT 3103,,SAN DIEGO,CA,92108-6539
Aero Auto Repair,TEK,1159,11215070,1023,101,9,,Argie,Brayden,2686 CHAUNCEY DR,,SAN DIEGO,CA,92123-3404
Aero Auto Repair,TEK,1159,11297717,1023,101,9,,Kelly Ann,Barcelos,3277 BERGER AVE APT 13,,SAN DIEGO,CA,92123-1932
Aero Auto Repair,TEK,1159,6533045,1023,101,9,,Jordan,Butler,2665 MATERA LN,,SAN DIEGO,CA,92108-6737
Aero Auto Repair,TEK,1159,9677892,1023,101,9,,Emi,Marvel,3830 PENDIENTE CT APT Q106,,SAN DIEGO,CA,92124-3714
Aero Auto Repair,TEK,1159,6534674,1023,101,9,,Bic,Sidhu,9609 AERO DR,,SAN DIEGO,CA,92123-1805
Aero Auto Repair,TEK,1159,6539219,1023,101,9,,Kate,Eisen,5390 OAKLEAF PT,,SAN DIEGO,CA,92124-1817
Aero Auto Repair,TEK,1159,6659906,1023,101,9,,Vicente,Trujillo,2669 MISSION VILLAGE DR APT 2B,,SAN DIEGO,CA,92123-3641
Aero Auto Repair,TEK,1159,11702148,1023,101,9,,Kristine,Heavey,1303 PATRICK AVE,,RENO,NV,89509-2645
Aero Auto Repair,TEK,1159,6531989,1023,101,9,,ANGELO,SANABRIA,3370 DALEY CENTER DR APT 1615,,SAN DIEGO,CA,92123-4635
Aero Auto Repair,TEK,1159,6538700,1023,101,9,,John,Carillo,10244 KEPPLER PL,,SAN DIEGO,CA,92124-2507
Aero Auto Repair,TEK,1159,11742181,1023,101,9,,Mary,Peterson,2755 KOBE DR,,SAN DIEGO,CA,92123-3002
Aero Auto Repair,TEK,1159,11816313,1023,101,9,,Randy,Drake,3453 CASTLE GLEN DR APT P,,SAN DIEGO,CA,92123-2423
Aero Auto Repair,TEK,1159,6544063,1023,101,9,,JAMES,MILLS,10256 WALDRON WAY,,SAN DIEGO,CA,92124-3218
Aero Auto Repair,TEK,1159,12453679,1023,101,9,,Jose,Delgadillo,2359 SILVERBAY AVE,,EL MONTE,CA,91732-4040
Aero Auto Repair,TEK,1159,12895702,1023,101,9,,Itisha,Wallace,3055 TAUSSIG ST,,SAN DIEGO,CA,92124-3660
Aero Auto Repair,TEK,1159,12923337,1023,101,9,,Elizabeth,Green,5017 54TH ST,,SAN DIEGO,CA,92115-2229
Aero Auto Repair,TEK,1159,12951406,1023,101,9,,Manu,De La Pena,8309 ABBOTSHILL RD,,SAN DIEGO,CA,92123-3804
Aero Auto Repair,TEK,1159,13304040,1023,101,9,,Megan,Browning,7449 VAN NOY LOOP,,FORT GEORGE G MEADE,MD,20755-1019
Aero Auto Repair,TEK,1159,13330237,1023,101,9,,Tracie,Moreland,PO BOX 151551,,SAN DIEGO,CA,92175-1551
Aero Auto Repair,TEK,1159,13802296,1023,101,9,,Somaya,Fazel,2383 CARDINAL DR APT 23,,SAN DIEGO,CA,92123-4112
Aero Auto Repair,TEK,1159,13701537,1023,101,9,,Casey,Gibson,5336 NOAH WAY,,SAN DIEGO,CA,92117-1330
Aero Auto Repair,TEK,1159,13822033,1023,101,9,,Patrick,Wert,8452 NEVA AVE,,SAN DIEGO,CA,92123-2822
Aero Auto Repair,TEK,1159,14579842,1023,101,9,,Erik,Rissetto,3499 RUFFIN RD APT 1R,,SAN DIEGO,CA,92123-2527
Aero Auto Repair,TEK,1159,15429003,1023,101,9,,Patrick,Cohen,2771 MARATHON DR,,SAN DIEGO,CA,92123-3228
Aero Auto Repair,TEK,1159,6536074,1023,101,9,,Sarah,Hanson,8583 AERO DR APT 2057,,SAN DIEGO,CA,92123-1786
Aero Auto Repair,TEK,1159,15541733,1023,101,9,,Jessie,Filder,7233 MALEY ST,,SAN DIEGO,CA,92111-5710
Aero Auto Repair,TEK,1159,15758588,1023,101,9,,Kevin,Johnson,10268 BORDELON ST,,SAN DIEGO,CA,92124-3224
Aero Auto Repair,TEK,1159,8741597,1023,101,9,,Joe,Lynes,181 MANGANO CIR,,ENCINITAS,CA,92024-2739
Aero Auto Repair,TEK,1159,10107471,1023,101,9,,Mario,Teran,3202 S BARCELONA ST,,SPRING VALLEY,CA,91977-3004
Aero Auto Repair,TEK,1159,16003772,1023,101,09,,Diana,Nguyen,3559 RUFFIN RD,,SAN DIEGO,CA,92123-2578
Aero Auto Repair,TEK,1159,16156310,1023,101,9,,Guy,Charbonneau,3214 GREY HAWK CT,,CARLSBAD,CA,92010-6651
Aero Auto Repair,TEK,1159,6530713,1023,101,9,,Bryan,Sipe,2658 CHRISTOPHER ST,,SAN DIEGO,CA,92109-3801
Aero Auto Repair,TEK,1159,16385366,1023,101,9,,Larry,Tolbert,3484 RUFFIN RD APT 1Q,,SAN DIEGO,CA,92123-2509
Aero Auto Repair,TEK,1159,6535339,1023,101,09,,Brian,Robinson,9210 FULLERTON AVE,,SAN DIEGO,CA,92123-3121
Aero Auto Repair,TEK,1159,16499385,1023,101,9,,Daniel,Dipinto,3672 GEORGIA ST APT C3,,SAN DIEGO,CA,92103-4694
Aero Auto Repair,TEK,1159,16730012,1023,101,9,,Giuseppe,Stasio,3729 SCENIC WAY,,OCEANSIDE,CA,92056-5402
Aero Auto Repair,TEK,1159,6626219,1023,101,9,,Craig,Tino,5405 OAKLEAF PT,,SAN DIEGO,CA,92124-1832
Aero Auto Repair,TEK,1159,15880406,1023,101,9,,Ivor,Shier,3753 JOHN J MONTGOMERY DR,,SAN DIEGO,CA,92123-1732
Aero Auto Repair,TEK,1159,16724650,1023,101,9,,Kyle,Cabrera,3820 8TH AVE APT 4,,SAN DIEGO,CA,92103-4328
Aero Auto Repair,TEK,1159,6541838,1023,101,9,,Meredith,OSBORNE,8101 ROY ST,,LEMON GROVE,CA,91945-2524
Aero Auto Repair,TEK,1159,15546998,1023,101,9,,Peter,Alexeichik,3450 DORCHESTER DR,,SAN DIEGO,CA,92123-2612
Aero Auto Repair,TEK,1159,17131511,1023,101,9,,Randall,Rhew,2941 KOBE DR,,SAN DIEGO,CA,92123-3006
Aero Auto Repair,TEK,1159,16880906,1023,101,9,,Kenneth,Lewis,5432 RESERVOIR DR,,SAN DIEGO,CA,92120-5102
Aero Auto Repair,TEK,1159,16143470,1023,101,9,,Toby,Christie,2208 WINDMILL VIEW RD,,EL CAJON,CA,92020-1356
Aero Auto Repair,TEK,1159,17625106,1023,101,09,,Bryan,Acosta,5252 BERWYN CIR,,LAS VEGAS,NV,89122-7134
Aero Auto Repair,TEK,1159,18468840,1023,101,9,,Breanna,Dickey,3657 COLUMBIA ST,,SAN DIEGO,CA,92103-4752
Aero Auto Repair,TEK,1159,18485479,1023,101,09,,Arleen,Jarvis,5179 ABUELA DR,,SAN DIEGO,CA,92124-2020
Aero Auto Repair,TEK,1159,18619156,1023,101,9,,Aryana,Kaypour,15727 E BLUFF CV,,SAN DIEGO,CA,92131-4311
Aero Auto Repair,TEK,1159,17143653,1023,101,9,,Manuel,Luna,519 SHENANDOAH DR,,RICHMOND,TX,77469-6022
Aero Auto Repair,TEK,1159,19076726,1023,101,9,,Destinee,Garcia,2669 MISSION VILLAGE DR,,SAN DIEGO,CA,92123-3639
Aero Auto Repair,TEK,1159,19104953,1023,101,9,,Erica,Long,11970 HEADWATERS RD,,HARVEYVILLE,KS,66431-9321
Aero Auto Repair,TEK,1159,19113551,1023,101,9,,Joey,Lin,100 ADAMS RANCH RD,,WALNUT CREEK,CA,94595-2621
Aero Auto Repair,TEK,1159,6540477,1023,101,9,,Rich,Riel,9848 APPLE TREE DR,,SAN DIEGO,CA,92124-1633
Aero Auto Repair,TEK,1159,19113848,1023,101,9,,Mark,Rosholt,3456 CASTLE GLEN DR UNIT 161,,SAN DIEGO,CA,92123-2499
Aero Auto Repair,TEK,1159,19320921,1023,101,9,,Monica,Dutta,11150 KELOWNA RD UNIT 68,,SAN DIEGO,CA,92126-4689
Aero Auto Repair,TEK,1159,6535422,1023,101,9,,Christopher,Mosbey,1111 SPRINGDALE DR,,JACKSONVILLE,NC,28540-3326
Aero Auto Repair,TEK,1159,19721782,1023,101,9,,Aaron,Craig,3838 PENDIENTE CT APT T208,,SAN DIEGO,CA,92124-3767
Aero Auto Repair,TEK,1159,19767224,1023,101,9,,Vinny,Goonan,4440 TWAIN AVE,,SAN DIEGO,CA,92120-3465
Aero Auto Repair,TEK,1159,6534009,1023,101,9,,David,Munoz,2515 CAMINO DEL RIO S STE 350,,SAN DIEGO,CA,92108-3716
Aero Auto Repair,TEK,1159,19990735,1023,101,9,,Ashely,Tulo,8725 ARIVA CT APT 615,,SAN DIEGO,CA,92123-2467
Aero Auto Repair,TEK,1159,20176894,1023,101,9,,Charles,Glidden,1853 COOLIDGE ST,,SAN DIEGO,CA,92111-7011
Aero Auto Repair,TEK,1159,8371367,1023,101,9,,Yvette,Blease,5010 CAMINO PLAYA PORTOFINO,,SAN DIEGO,CA,92124-1183
Aero Auto Repair,TEK,1159,20274962,1023,101,09,,Andrew,Neuhaus,8690 HIGHWOOD DR,,SAN DIEGO,CA,92119-1438
Aero Auto Repair,TEK,1159,20393991,1023,101,9,,Kyle,Thiel,1408 TROTTA CT,,WAUNAKEE,WI,53597-2658
Aero Auto Repair,TEK,1159,7115983,1023,101,9,,Thanhtruc,Phan,4460 DEL MAR AVE,,SAN DIEGO,CA,92107-3619
Aero Auto Repair,TEK,1159,6536437,1023,101,9,,Andy,Perez,2634 W CANYON AVE,,SAN DIEGO,CA,92123-4684
Aero Auto Repair,TEK,1159,20751478,1023,101,9,,Charles,Boyce,434 ROGERS RD,,FRANKLIN,NC,28734-7573
Aero Auto Repair,TEK,1159,17600563,1023,101,9,,David,Guerin,3426 MILL RD,,COLLEGEVILLE,PA,19426-1510
Aero Auto Repair,TEK,1159,6535464,1023,101,9,,ERIC,STINSON,10350 OROZCO RD,,SAN DIEGO,CA,92124-1031
Aero Auto Repair,TEK,1159,6541910,1023,101,9,,BERNADINE,RUSSEL,10646 VIACHA DR,,SAN DIEGO,CA,92124-3417
Aero Auto Repair,TEK,1159,20854964,1023,101,9,,Stan,Levin,3335 LOCKWOOD DR,,SAN DIEGO,CA,92123-2617
Aero Auto Repair,TEK,1159,21188597,1023,101,9,,Pamela,Wilt,8539 HAYSHED LN,,COLUMBIA,MD,21045-2615
Aero Auto Repair,TEK,1159,21074362,1023,101,9,,Carlos,Traveria,8317 RIVERSIDE RD,,ALEXANDRIA,VA,22308-1542
Aero Auto Repair,TEK,1159,21189769,1023,101,9,,Mark,Dufloth,16213 SHADOW MOUNTAIN DR,,CHINO HILLS,CA,91709-7814
Aero Auto Repair,TEK,1159,21401685,1023,101,9,,Jeff,Crooks,10622 GABACHO DR,,SAN DIEGO,CA,92124-1405
Aero Auto Repair,TEK,1159,21449114,1023,101,9,,Jason,Falcipena,3354 DRAYTON LN,,SAN DIEGO,CA,92123-2048
Aero Auto Repair,TEK,1159,21443415,1023,101,9,,Alvin,Hernandez,4140 ALTADENA AVE APT 3,,SAN DIEGO,CA,92105-2278
Aero Auto Repair,TEK,1159,21860467,1023,101,9,,Brittany,Bryce,8583 AERO DR,,SAN DIEGO,CA,92123-1709
Aero Auto Repair,TEK,1159,6534330,1023,101,9,,Corey,Murphy,3980 TEXAS ST APT 12,,SAN DIEGO,CA,92104-2792
Aero Auto Repair,TEK,1159,21894941,1023,101,9,,Kevin,Jones,2794 MELBOURNE DR,,SAN DIEGO,CA,92123-3538
Aero Auto Repair,TEK,1159,17024796,1023,101,9,,Pat,Strickland,9320 FUERTE DR STE 103,,LA MESA,CA,91941-4163
Aero Auto Repair,TEK,1159,20751270,1023,101,9,,Clarisse,Bonifacio,7282 WOODSHAWN DR,,SAN DIEGO,CA,92114-7254
Aero Auto Repair,TEK,1159,22081309,1023,101,9,,Dan,Paladin,1428 MINDEN DR,,SAN DIEGO,CA,92111-7120
Aero Auto Repair,TEK,1159,6530237,1023,101,09,,Samantha,Collins,29 LYNCH RD,,LEBANON,CT,06249-2715
Aero Auto Repair,TEK,1159,6539429,1023,101,9,,JORDAN,BARBERA,9189 VILLAGE GLEN DR UNIT 250,,SAN DIEGO,CA,92123-2469
Aero Auto Repair,TEK,1159,6540617,1023,101,9,,ARIC,REID,18950 CAMINITO CANTILENA UNIT 27,,SAN DIEGO,CA,92128-1093
Aero Auto Repair,TEK,1159,20218367,1023,101,9,,Mark,Byrtus,10095 EPPERSON WAY,,SAN DIEGO,CA,92124-3210
Aero Auto Repair,TEK,1159,6546419,1023,101,09,,Megan Evan,Demko,8891 ZENCARO AVE,,SAN DIEGO,CA,92123-3427
Aero Auto Repair,TEK,1159,6543095,1023,101,9,,Matt,Bliesener,10689 MONTEGO DR,,SAN DIEGO,CA,92124-1908
Aero Auto Repair,TEK,1159,22702325,1023,101,9,,Walt,Gustavel,4815 EDGEWARE RD,,SAN DIEGO,CA,92116-2338
Aero Auto Repair,TEK,1159,22926812,1023,101,9,,Xavier,Driver,6161 FAIRMOUNT AVE APT 507,,SAN DIEGO,CA,92120-3672
Aero Auto Repair,TEK,1159,23345689,1023,101,09,,John,Perdue,23664 SYCAMORE CREEK AVE,,MURRIETA,CA,92562-6307
Aero Auto Repair,TEK,1159,23386027,1023,101,09,,Christine,Ojeda,8583 AERO DR APT 1019,,SAN DIEGO,CA,92123-1708
Aero Auto Repair,TEK,1159,6546231,1023,101,9,,GERALD,BEAVER,11073 CLAIREMONT MESA BLVD,,SAN DIEGO,CA,92124-1506
Aero Auto Repair,TEK,1159,6531472,1023,101,09,,Barbara,KOCMUR,4482 HORTENSIA ST,,SAN DIEGO,CA,92103-1139
Aero Auto Repair,TEK,1159,15454313,1023,101,9,,Geoffrey,Howell,708 W STOTTLER PL,,GILBERT,AZ,85233-7638
Aero Auto Repair,TEK,1159,23878410,1023,101,09,,Fernando,Alfaro,945 ELWOOD ST,,SAN DIEGO,CA,92114-1006
Aero Auto Repair,TEK,1159,23892879,1023,101,09,,Doug,Farnum,3134 MOBLEY ST,,SAN DIEGO,CA,92123-3041
Aero Auto Repair,TEK,1159,16597662,1023,101,09,,Shawndea,Taylor,4302 TOPAZ CT,,LA MESA,CA,91941-8417
Aero Auto Repair,TEK,1159,23897687,1023,101,09,,Jacqueline,DiBiase,3124 SALMON ST,,SAN DIEGO,CA,92124-3605
Aero Auto Repair,TEK,1159,8168538,1023,101,9,,Ardith,Fishel,10726 ESMERALDAS DR,,SAN DIEGO,CA,92124-2010
Aero Auto Repair,TEK,1159,24156781,1023,101,09,,Janelle,Noble,349 C AVE,,CORONADO,CA,92118-1405
Aero Auto Repair,TEK,1159,24216218,1023,101,09,,Stan,Sgambelluri,4973 MOUNT ALMAGOSA DR,,SAN DIEGO,CA,92111-3831
Aero Auto Repair,TEK,1159,24248806,1023,101,09,,Haley,Smith,303 LAGOON WAY,,SANTEE,CA,92071-5852
Aero Auto Repair,TEK,1159,17053474,1023,101,9,,Savanna,Hamilton,4831 OCANA PL,,SAN DIEGO,CA,92124-2444
Aero Auto Repair,TEK,1159,26146065,1023,101,09,,Carlos,Hara,11395 CASCADA WAY,,SAN DIEGO,CA,92124-2879
Aero Auto Repair,TEK,1159,26148219,1023,101,09,,Dinh,Ly,11737 INVIERNO DR,,SAN DIEGO,CA,92124-2883
Aero Auto Repair,TEK,1159,26192042,1023,101,09,,Gladis,Nixon,17661 PEUTZ VALLEY RD,,ALPINE,CA,91901-1220
Aero Auto Repair,TEK,1159,16499939,1023,101,9,,Samantha,Parsons,13465 CAMINO CANADA,,EL CAJON,CA,92021-8813
Aero Auto Repair,TEK,1159,21447077,1023,101,09,,Elizabeth,Melo,6 COTTAGE LN,,NIANTIC,CT,06357-3302
Aero Auto Repair,TEK,1159,27098965,1023,101,09,,Morgan,DeLuna,3378 DALEY CENTER DR APT 2006,,SAN DIEGO,CA,92123-4643
Aero Auto Repair,TEK,1159,27541653,1023,101,09,,Rosemary,Trone,2639 NANSEN AVE,,SAN DIEGO,CA,92122-3119
Aero Auto Repair,TEK,1159,26193696,1023,101,09,,Rami,Jubran,1649 RUE DE VALLE,,SAN MARCOS,CA,92078-3730
Aero Auto Repair,TEK,1159,10873646,1023,101,9,,Brandan,Heath,4985 ORLECK PL,,SAN DIEGO,CA,92124-2523
Aero Auto Repair,TEK,1159,27609133,1023,101,09,,Jordan,Laprath,3170 SEDERSTROM WAY,,SAN DIEGO,CA,92123-2003
Aero Auto Repair,TEK,1159,15556496,1023,101,9,,Art,Pulido,PO BOX 880111,,SAN DIEGO,CA,92168-0111
Aero Auto Repair,TEK,1159,6536578,1023,101,09,,YVETTE,MOORE,5010 CAMINO PLAYA PORTOFINO,,SAN DIEGO,CA,92124-1183
Aero Auto Repair,TEK,1159,27835389,1023,101,09,,John,Bermiester,PO BOX 23352,,SAN DIEGO,CA,92193-3352
Aero Auto Repair,TEK,1159,6535843,1023,101,9,,James,Sinclair,3545 SANTORO WAY,,SAN DIEGO,CA,92130-1025
Aero Auto Repair,TEK,1159,27836707,1023,101,09,,Eli,Gritz,3551 EDIWHAR AVE,,SAN DIEGO,CA,92123-2247
Aero Auto Repair,TEK,1159,6537575,1023,101,09,,MAI,PAREDES,2937 MOBLEY ST,,SAN DIEGO,CA,92123-3036
Aero Auto Repair,TEK,1159,6546862,1023,101,9,,Savannah,Ross,8454 EL PASO ST,,LA MESA,CA,91942-2705
Aero Auto Repair,TEK,1159,21443553,1023,101,09,,Melissa,Maples,4592 DAMATO ST,,SAN DIEGO,CA,92124-2907
Aero Auto Repair,TEK,1159,6543102,1023,101,9,,Shelly,Tompkins,2225 RIVER RUN DR APT 2204,,SAN DIEGO,CA,92108-5825
Aero Auto Repair,TEK,1159,17027809,1023,101,9,,Aaron,Gundersen,16717 E RIRIE HWY,,RIRIE,ID,83443-5016
Aero Auto Repair,TEK,1159,6541901,1023,101,9,,Jean,Lozach,3022 MASTERS PL,,SAN DIEGO,CA,92123-3237
Aero Auto Repair,TEK,1159,28557367,1023,101,09,,Nick,Guerrero,6495 DELBARTON ST,,SAN DIEGO,CA,92120-2619
Aero Auto Repair,TEK,1159,28558211,1023,101,09,,Mary,Young,4564 39TH ST,,SAN DIEGO,CA,92116-4633
Aero Auto Repair,TEK,1159,28928493,1023,101,09,,Adam,Factor,11032 CAMINO PLAYA CARMEL,,SAN DIEGO,CA,92124-4139
Aero Auto Repair,TEK,1159,29183376,1023,101,09,,Scot,Ferguson,8720 ARIVA CT APT 630,,SAN DIEGO,CA,92123-2294
Aero Auto Repair,TEK,1159,6538552,1023,101,9,,RORY,MILLER,3824 PENDIENTE CT APT 203,,SAN DIEGO,CA,92124-3709
Aero Auto Repair,TEK,1159,20286418,1023,101,9,,Matt,Platter,10160 LAFFEY CT,,SAN DIEGO,CA,92124-2917
Aero Auto Repair,TEK,1159,29378446,1023,101,09,,Patrick,Miller,2490 MAMMOTH DR,,SAN DIEGO,CA,92123-3503
Aero Auto Repair,TEK,1159,17295562,1023,101,9,,Jonathan,Atkins,4823 IROQUOIS AVE,,SAN DIEGO,CA,92117-6249
Aero Auto Repair,TEK,1159,19776506,1023,101,9,,Cathryn,Ricard,3115 PASTERNACK PL,,SAN DIEGO,CA,92123-3058
Aero Auto Repair,TEK,1159,30098871,1023,101,09,,AIDAN,RYAN,8430 JORDAN ST,apryan1998@gmail com,SAN DIEGO,CA,92123-2020
Aero Auto Repair,TEK,1159,18437720,1023,101,9,,Kristine,Olson,2880 MEADE AVE APT 2,,SAN DIEGO,CA,92116-4297
Aero Auto Repair,TEK,1159,29129436,1023,101,09,,Peter,Bilbrey,4202 NORFOLK TER,,SAN DIEGO,CA,92116-2353
Aero Auto Repair,TEK,1159,24399374,1023,101,09,,Marc,Borza,5016 DUCOS PL,,SAN DIEGO,CA,92124-3002
Aero Auto Repair,TEK,1159,30314438,1023,101,09,,Robert,Muldrew,4422 PROMESA CIR,,SAN DIEGO,CA,92124-2313
Aero Auto Repair,TEK,1159,13178025,1023,101,9,,Alana,Waters,1301 MEDICAL CENTER DR UNIT A,,CHULA VISTA,CA,91911-6956
Aero Auto Repair,TEK,1159,21887020,1023,101,9,,Rich,Smotzer,11447 MADERA ROSA WAY,,SAN DIEGO,CA,92124-2877
Aero Auto Repair,TEK,1159,30597118,1023,101,09,,Johnette,Thomas,11116 PORTOBELO DR,,SAN DIEGO,CA,92124-4013
Aero Auto Repair,TEK,1159,30618057,1023,101,09,,Victoria,Cloyes,6407 REFLECTION DR APT 108,,SAN DIEGO,CA,92124-3129
Aero Auto Repair,TEK,1159,30622525,1023,101,09,,Perry,Shenkman,1450 MARKET ST APT 543,,SAN DIEGO,CA,92101-4164
Aero Auto Repair,TEK,1159,14526083,1023,101,09,,Jeffrey,Rissman,5384 CAMINO PLAYA NORTE,,SAN DIEGO,CA,92124-4114
Aero Auto Repair,TEK,1159,6544561,1023,101,9,,Howard,Eskew,4848 OCANA PL,,SAN DIEGO,CA,92124-2443
Aero Auto Repair,TEK,1159,6544676,1023,101,9,,Kendra,Smith,1980 KETTNER BLVD APT 328,,SAN DIEGO,CA,92101-2258
Aero Auto Repair,TEK,1159,11389844,1023,101,09,,Jazlynn,Sipplen,3354 DALEY CENTER DR APT 1214,,SAN DIEGO,CA,92123-4625
Aero Auto Repair,TEK,1159,6533973,1023,101,9,,Martha,Parks,5579 TORTUGA CT,,SAN DIEGO,CA,92124-1302
Aero Auto Repair,TEK,1159,29129017,1023,101,09,,Taryn,Meldrum,2835 HIDDEN VALLEY CT,,SPRING VALLEY,CA,91977-3473
Aero Auto Repair,TEK,1159,6530657,1023,101,09,,Carl,Lantz,6244 WENRICH DR,,SAN DIEGO,CA,92120-3737
Aero Auto Repair,TEK,1159,31518860,1023,101,09,,Brock,Ringo,6363 BEADNELL WAY APT 120,,SAN DIEGO,CA,92117-4111
Aero Auto Repair,TEK,1159,6531538,1023,101,09,,Kurt,Rotzinger,4551 VIA PALABRA,,SAN DIEGO,CA,92124-2219
Aero Auto Repair,TEK,1159,31480475,1023,101,09,,Shelley,Williams,8859 SPECTRUM CENTER BLVD APT 8111,,SAN DIEGO,CA,92123-1491
Aero Auto Repair,TEK,1159,31456901,1023,101,09,,Romero,Maratea,2752 CHALAR ST,,SAN DIEGO,CA,92123-2844
Aero Auto Repair,TEK,1159,32008414,1023,101,09,,Carmalina,Johnson,4026 ILLINOIS ST,,SAN DIEGO,CA,92104-2657
Aero Auto Repair,TEK,1159,15775406,1023,101,09,,Steve,Burks,5680 MENORCA DR,,SAN DIEGO,CA,92124-1104
Aero Auto Repair,TEK,1159,32040490,1023,101,09,,Bryant,Berk,3596 SYDNEY PL,,SAN DIEGO,CA,92116-1954
Aero Auto Repair,TEK,1159,14582106,1023,101,9,,Zach,Feldhausen,3063 TAUSSIG ST,,SAN DIEGO,CA,92124-3660
Aero Auto Repair,TEK,1159,6535108,1023,101,09,,SUZANNE,COPE,2120 K ST APT 2,,SAN DIEGO,CA,92102-3859
Aero Auto Repair,TEK,1159,6535764,1023,101,09,,Erick,Johnson,15854 PASEO DEL SUR,,SAN DIEGO,CA,92127-4186
Aero Auto Repair,TEK,1159,11298442,1023,101,9,,Christian,Pena,2480 HARDY DR,,LEMON GROVE,CA,91945-2932
Aero Auto Repair,TEK,1159,6530760,1023,101,9,,Elizabeth,Macintosh,9929 PINEKNOLL LN,,SAN DIEGO,CA,92124-1809
Aero Auto Repair,TEK,1159,32651377,1023,101,09,,Sam,Stockard,2911 VANCOUVER AVE,,SAN DIEGO,CA,92104-4830
Aero Auto Repair,TEK,1159,19537020,1023,101,9,,Jennifer,Lack,5951 CAMINITO ELEGANTE,,SAN DIEGO,CA,92108-2618
Aero Auto Repair,TEK,1159,6529830,1023,101,9,,MIKE,WEGENKA,452 PLAZA CALIMAR,,CHULA VISTA,CA,91914-4402
Aero Auto Repair,TEK,1159,6530958,1023,101,9,,Ed,Lantz,6244 WENRICH DR,,SAN DIEGO,CA,92120-3737
Aero Auto Repair,TEK,1159,24420862,1023,101,09,,Robert,Lang,5165 MONTESSA ST,,SAN DIEGO,CA,92124-1514
Aero Auto Repair,TEK,1159,32051403,1023,101,09,,Olivia,Ward,11280 PORTOBELO DR,,SAN DIEGO,CA,92124-4015
Aero Auto Repair,TEK,1159,29369114,1023,101,09,,Jimmy,Syquia,7298 CALLE TARIFA,,CARLSBAD,CA,92009-8554
Aero Auto Repair,TEK,1159,6536071,1023,101,9,,Don,Davis,2642 W CANYON AVE,,SAN DIEGO,CA,92123-4684
Aero Auto Repair,TEK,1159,16881973,1023,101,9,,Elia,Valdez,1203 AGUIRRE DR,,CHULA VISTA,CA,91910-8176
Aero Auto Repair,TEK,1159,6543487,1023,101,9,,Michael,Williams,4574 CALLE DE VIDA,,SAN DIEGO,CA,92124-2304
Aero Auto Repair,TEK,1159,22910518,1023,101,9,,Joseph,Allen,10278 BORDELON ST,,SAN DIEGO,CA,92124-3224
Aero Auto Repair,TEK,1159,6531443,1023,101,9,,Michele,Bronson,4564 E TALMADGE DR,,SAN DIEGO,CA,92116-4827
Aero Auto Repair,TEK,1159,13140878,1023,101,9,,Dillon,Flood,109 MOZART AVE,,CARDIFF BY THE SEA,CA,92007-2314
Aero Auto Repair,TEK,1159,34335874,1023,101,09,,Cheyenne,Chanterelle,2543 BARTEL ST,,SAN DIEGO,CA,92123-3521
Aero Auto Repair,TEK,1159,34382414,1023,101,09,,Briana,Lopez,4440 TWAIN AVE APT 378,,SAN DIEGO,CA,92120-3485
Aero Auto Repair,TEK,1159,34719434,1023,101,09,,George,Panagos,4208 FANUEL ST APT B,,SAN DIEGO,CA,92109-8706
Aero Auto Repair,TEK,1159,6537920,1023,101,9,,Matthew,Hurd,418 S IOWA AVE,,FRUITLAND,ID,83619-2650
Aero Auto Repair,TEK,1159,34679240,1023,101,09,,Aaron,Montford,8920 GOWDY AVE,,SAN DIEGO,CA,92123-3410
Aero Auto Repair,TEK,1159,34742568,1023,101,09,,Shawn,Anderson,3525 SCAMP ST,,SAN DIEGO,CA,92124-3312
Aero Auto Repair,TEK,1159,16488713,1023,101,9,,Janice,Chadwick,2684 PHEASANT DR,,SAN DIEGO,CA,92123-3338
Aero Auto Repair,TEK,1159,28908227,1023,101,09,,Sylvia,Smith,10263 VERACRUZ CT,,SAN DIEGO,CA,92124-1326
Aero Auto Repair,TEK,1159,6537997,1023,101,9,,Ivy,DURANTE,10744 PORTOBELO DR,,SAN DIEGO,CA,92124-1120
Aero Auto Repair,TEK,1159,6542090,1023,101,9,,Zach,Vicknair,5030 MOUNT ARARAT DR,,SAN DIEGO,CA,92111-3841
Aero Auto Repair,TEK,1159,34996982,1023,101,09,,Peter,Novak,162 W ELFIN GRN,,PORT HUENEME,CA,93041-1812
Aero Auto Repair,TEK,1159,19109074,1023,101,9,,Jessica,Carr,10243 KEPPLER DR,,SAN DIEGO,CA,92124-2505
Aero Auto Repair,TEK,1159,35312841,1023,101,09,,Sarah,Carter,2506 19TH ST,,BREMERTON,WA,98312-2954
Aero Auto Repair,TEK,1159,35276208,1023,101,09,,Shae,Lee,2670 MISSION VILLAGE DR APT 2I,,SAN DIEGO,CA,92123-3650
Aero Auto Repair,TEK,1159,11150447,1023,101,9,,Rosa,Morin,1829 ARNOLD WAY APT 2003,,ALPINE,CA,91901-3744
Aero Auto Repair,TEK,1159,18345566,1023,101,09,,John,Pacilio,7712 PEACOCK DR,,SAN DIEGO,CA,92123-3322
Aero Auto Repair,TEK,1159,6529975,1023,101,9,,Laurie,Keltz,4144 MONROE AVE,,SAN DIEGO,CA,92116-4747
Aero Auto Repair,TEK,1159,35331701,1023,101,09,,Jackie,Williams,2420 BARTEL ST,,SAN DIEGO,CA,92123-3520
Aero Auto Repair,TEK,1159,10213456,1023,101,9,,Jessie,Hobbs,2993 CABRILLO MESA DR,,SAN DIEGO,CA,92123-2916
Aero Auto Repair,TEK,1159,35351465,1023,101,09,,Brian,Weil,2351 BURGENER BLVD,,SAN DIEGO,CA,92110-1120
Aero Auto Repair,TEK,1159,19776995,1023,101,9,,Damian,Mendiola,5123 VIA SEVILLE,,OCEANSIDE,CA,92056-7261
Aero Auto Repair,TEK,1159,6530311,1023,101,9,,William,Johnson,3390 DALEY CENTER DR APT 103,,SAN DIEGO,CA,92123-4602
Aero Auto Repair,TEK,1159,35003210,1023,101,09,,Joshua,Goodman,10227 CLAMAGORO CIR,,SAN DIEGO,CA,92124-3610
Aero Auto Repair,TEK,1159,29353123,1023,101,09,,Logan,Baker,2681 W CANYON AVE APT 563,,SAN DIEGO,CA,92123-4712
Aero Auto Repair,TEK,1159,35585354,1023,101,09,,Stacey,Moffitt,9943 PINEKNOLL LN,,SAN DIEGO,CA,92124-1809
Aero Auto Repair,TEK,1159,32909046,1023,101,09,,Lisa,Javinar,3044 TAUSSIG ST,,SAN DIEGO,CA,92124-3618
Aero Auto Repair,TEK,1159,21379615,1023,101,9,,April,Torres,4564 DAMATO ST,,SAN DIEGO,CA,92124-2907
Aero Auto Repair,TEK,1159,29992987,1023,101,09,,Michelle,Cross,9466 LARRABEE AVE,,SAN DIEGO,CA,92123-3614
Aero Auto Repair,TEK,1159,18631300,1023,101,9,,Josh,Ware,8909 HAMMOND DR,,SAN DIEGO,CA,92123-2314
Aero Auto Repair,TEK,1159,6537211,1023,101,9,,Breanna,Vucicevic,4642 VEREDA MAR DEL SOL,,SAN DIEGO,CA,92130-8627
Aero Auto Repair,TEK,1159,6533646,1023,101,09,,Nathan,Feinstein,5417 ESCARCHOSA LN,,SAN DIEGO,CA,92124-1823
Aero Auto Repair,TEK,1159,7111344,1023,101,9,,Jordan,Sawyer,2670 W CANYON AVE,,SAN DIEGO,CA,92123-4684
Aero Auto Repair,TEK,1159,20272064,1023,101,9,,David,Flores,3333 RUFFIN RD,,SAN DIEGO,CA,92123-4027
Aero Auto Repair,TEK,1159,11285985,1023,101,9,,Sean,Ring,5232 FINO DR,,SAN DIEGO,CA,92124-2014
Aero Auto Repair,TEK,1159,24252414,1023,101,09,,Chantal,Crompton,9834 APPLE TREE DR UNIT E,,SAN DIEGO,CA,92124-1640
Aero Auto Repair,TEK,1159,6531831,1023,101,09,,Amy,Bloom,3765 VERMONT ST,,SAN DIEGO,CA,92103-4439
Aero Auto Repair,TEK,1159,17132959,1023,101,9,,CA,STATE VEHICLE,4388 VIVARACHO CT,,SAN DIEGO,CA,92124-2225
Aero Auto Repair,TEK,1159,6542754,1023,101,9,,CHRIS,SCHULTE,10677 VIACHA DR,,SAN DIEGO,CA,92124-3416
Aero Auto Repair,TEK,1159,10023538,1023,101,9,,Keiko,Alderson,3333 RUFFIN RD UNIT 5E,,SAN DIEGO,CA,92123-4030
Aero Auto Repair,TEK,1159,6538103,1023,101,9,,Theresa,Dover,2809 W CANYON AVE,,SAN DIEGO,CA,92123-4689
Aero Auto Repair,TEK,1159,6531671,1023,101,09,,Neil,Davis,4583 DWIGHT ST,,SAN DIEGO,CA,92105-3541
