Shop Name,Software,SID,CID,WSID,WCID,MBdayMo,TBdayMo,First,Last,Address,Address2,City,St,Zip
Aero Auto Repair,TEK,1159,6541187,1023,101,,3,Tom,FOSTER,2283 GALAHAD RD,,SAN DIEGO,CA,92123-3949
Aero Auto Repair,TEK,1159,6538695,1023,101,,3,Richard,RILEY,9121 AKARD ST,,SPRING VALLEY,CA,91977-5818
Aero Auto Repair,TEK,1159,6547502,1023,101,,9,Christian,CARDOZO,3795 FLORIDA ST,,SAN DIEGO,CA,92104-3558
Aero Auto Repair,TEK,1159,6533650,1023,101,,9,Zachry,HEAD,912 S PLANTATION PKWY,,MACON,GA,31220-2806
Aero Auto Repair,TEK,1159,6530097,1023,101,,9,Kaito,TANNO,7653 MISSION GORGE RD UNIT 44,,SAN DIEGO,CA,92120-1352
Aero Auto Repair,TEK,1159,6540452,1023,101,,3,Jessica,Oschip,3850 CATAMARCA DR,,SAN DIEGO,CA,92124-3404
Aero Auto Repair,TEK,1159,6535191,1023,101,,9,Brent,SERICE,6680 BELL BLUFF AVE,,SAN DIEGO,CA,92119-1120
Aero Auto Repair,TEK,1159,6540247,1023,101,,3,Milto,martinez,303 47TH ST,,SAN DIEGO,CA,92102-4887
Aero Auto Repair,TEK,1159,6533897,1023,101,,9,Briana,Martinez,34800 BOB WILSON DR,,SAN DIEGO,CA,92134-1098
Aero Auto Repair,TEK,1159,6542897,1023,101,,9,Olav,Laudy,4555 LA CUENTA DR,,SAN DIEGO,CA,92124-3008
Aero Auto Repair,TEK,1159,6542785,1023,101,,9,Peter,Daniel,5244 FINO DR,,SAN DIEGO,CA,92124-2014
Aero Auto Repair,TEK,1159,6543413,1023,101,,3,Scott,walker,3368 DALEY CENTER DR APT 705,,SAN DIEGO,CA,92123-4614
Aero Auto Repair,TEK,1159,6531193,1023,101,,3,Brendan,Pawlowski,2518 NABAL ST,,ESCONDIDO,CA,92025-7731
Aero Auto Repair,TEK,1159,6530705,1023,101,,3,SHANGBO,PAN,2621 W CANYON AVE,,SAN DIEGO,CA,92123-4732
Aero Auto Repair,TEK,1159,6530559,1023,101,,3,LEANNE,COLLINS,7838 COWLES MOUNTAIN CT UNIT C6,,SAN DIEGO,CA,92119-2554
Aero Auto Repair,TEK,1159,6541775,1023,101,,3,Brieonna,Wilson,3453 CASTLE GLEN DR,,SAN DIEGO,CA,92123-2423
Aero Auto Repair,TEK,1159,6537505,1023,101,,9,RANDALL,SIMMS,1915 E PALOMAR ST,,CHULA VISTA,CA,91913-5009
Aero Auto Repair,TEK,1159,6533202,1023,101,,9,VIRGINIA,BAILEY,7775 NORTH AVE APT 132,,LEMON GROVE,CA,91945-1704
Aero Auto Repair,TEK,1159,6531263,1023,101,,9,MARIA,BENEVIDES,3441 RUFFIN RD,,SAN DIEGO,CA,92123-2528
Aero Auto Repair,TEK,1159,6545365,1023,101,,9,Thomas,Gasperlin,9974 KIKA CT APT 7424,,SAN DIEGO,CA,92129-5014
Aero Auto Repair,TEK,1159,6532655,1023,101,,9,James,Peterson,1336 DARWIN DR,,OCEANSIDE,CA,92056-6614
Aero Auto Repair,TEK,1159,6532138,1023,101,,9,Alex,Wood,8171 VINCETTA DR APT 17,,LA MESA,CA,91942-2432
Aero Auto Repair,TEK,1159,6540464,1023,101,,3,Harold,Brittain,9665 STONECREST BLVD,,SAN DIEGO,CA,92123-5414
Aero Auto Repair,TEK,1159,6543611,1023,101,,3,Rocky,Miller,1004 HARBISON PL,,NATIONAL CITY,CA,91950-3945
Aero Auto Repair,TEK,1159,6532945,1023,101,,9,David,JORDAN,3560 KELSEY ST,,SAN DIEGO,CA,92124-3519
Aero Auto Repair,TEK,1159,6541792,1023,101,,3,RODRIGO,BERMUDEZ,3551 DELTA AVE,,LONG BEACH,CA,90810-2216
Aero Auto Repair,TEK,1159,6530837,1023,101,,3,Rahimi,Shahab,7225 CHARMANT DR,,SAN DIEGO,CA,92122-4388
Aero Auto Repair,TEK,1159,6530295,1023,101,,9,Cadence,Marvin,9084 GRAMERCY DR,,SAN DIEGO,CA,92123-2334
Aero Auto Repair,TEK,1159,6541716,1023,101,,3,FELIX,LOPEZ,4075 ARIZONA ST APT H,,SAN DIEGO,CA,92104-1777
Aero Auto Repair,TEK,1159,6542067,1023,101,,3,Ruben,Ortex,10322 BURNED OAK LN,,ESCONDIDO,CA,92026-6933
Aero Auto Repair,TEK,1159,6531283,1023,101,,3,JESSYCA,BEKSA,9825 GENESEE AVE,,SAN DIEGO,CA,92121-1803
Aero Auto Repair,TEK,1159,6546129,1023,101,,9,Alexis,Roker,3360 DALEY CENTER DR APT 1011,,SAN DIEGO,CA,92123-4621
Aero Auto Repair,TEK,1159,6540280,1023,101,,9,TOMAS,AVALOS,9192 SHIRLEY DR,,LA MESA,CA,91941-4255
Aero Auto Repair,TEK,1159,6541372,1023,101,,9,Jim,Tatom,2707 MISSION VILLAGE DR,,SAN DIEGO,CA,92123-3249
Aero Auto Repair,TEK,1159,6542539,1023,101,,9,Jorge,Uballe,4536 SHIELDS ST,,SAN DIEGO,CA,92124-2926
Aero Auto Repair,TEK,1159,6537469,1023,101,,9,Reign,Digsby,140 SYLVESTER RD,,SAN DIEGO,CA,92106-3521
Aero Auto Repair,TEK,1159,6533411,1023,101,,9,Jeff,Buys,10775 STRATHMORE DR,,SANTEE,CA,92071-1096
Aero Auto Repair,TEK,1159,6540810,1023,101,,3,Clinton,Haggard,3746 31ST ST APT 2,,SAN DIEGO,CA,92104-3724
Aero Auto Repair,TEK,1159,6530582,1023,101,,9,MICHEAL,SAUERBORN,610 W ASH ST STE 1600,,SAN DIEGO,CA,92101-3343
Aero Auto Repair,TEK,1159,6543568,1023,101,,3,JOSE,SEALY,1005 N MOLLISON AVE,,EL CAJON,CA,92021-4739
Aero Auto Repair,TEK,1159,6537388,1023,101,,3,Christley,Mena,525 E DIAMOND AVE,,HAZLETON,PA,18201-5301
Aero Auto Repair,TEK,1159,6539895,1023,101,,9,Miguel,Cervantes,3450 ANGWIN DR,,SAN DIEGO,CA,92123-2606
Aero Auto Repair,TEK,1159,6531218,1023,101,,3,JERIMIAH,WATERMAN,15627 AVENIDA ALCACHOFA APT E,,SAN DIEGO,CA,92128-4438
Aero Auto Repair,TEK,1159,6798727,1023,101,,3,Menique,Tharpe,1524 NOB HILL DR,,ESCONDIDO,CA,92026-2005
Aero Auto Repair,TEK,1159,6545013,1023,101,,9,Dasha,Scott,8583 AERO DR APT 2054,,SAN DIEGO,CA,92123-1786
Aero Auto Repair,TEK,1159,6539061,1023,101,,3,Steven,Wright,9289 VILLAGE GLEN DR UNIT 124,,SAN DIEGO,CA,92123-2488
Aero Auto Repair,TEK,1159,8283235,1023,101,,9,Paul,Soltero,4616 N RIVER RD SPC 40,,OCEANSIDE,CA,92057-5899
Aero Auto Repair,TEK,1159,6530284,1023,101,,3,Rob,Hardy,728 MARKET ST APT 17,,SAN DIEGO,CA,92101-6428
Aero Auto Repair,TEK,1159,8406552,1023,101,,9,John,Clark,5355 REPECHO DR APT C201,,SAN DIEGO,CA,92124-1735
Aero Auto Repair,TEK,1159,7984697,1023,101,,3,Harley,Dickinson,4966 CAMPANILE DR,,SAN DIEGO,CA,92115-2331
Aero Auto Repair,TEK,1159,8741183,1023,101,,3,David,Masarik,333 61ST ST,,SAN DIEGO,CA,92114-4281
Aero Auto Repair,TEK,1159,8981345,1023,101,,9,Martha,Covarrebias,9691 STONECREST BLVD,,SAN DIEGO,CA,92123-5414
Aero Auto Repair,TEK,1159,6544795,1023,101,,3,JJ,ROWLEY,S3643 N BENT TREE DR,,BARABOO,WI,53913-9000
Aero Auto Repair,TEK,1159,9361773,1023,101,,3,Evan,Roarke,3538 EDIWHAR AVE,,SAN DIEGO,CA,92123-2210
Aero Auto Repair,TEK,1159,7812622,1023,101,,9,Adam,Austin,4250 JEWELL ST,,SAN DIEGO,CA,92109-5470
Aero Auto Repair,TEK,1159,9444778,1023,101,,3,Noah,Zelkind,372 4TH AVE,,SAN DIEGO,CA,92101-7115
Aero Auto Repair,TEK,1159,9497220,1023,101,,9,Manny,Pinedo,3443 SANDROCK RD APT 9,,SAN DIEGO,CA,92123-2158
Aero Auto Repair,TEK,1159,8127441,1023,101,,3,Josh,Kuse,7309 BROADWAY,,LEMON GROVE,CA,91945-1510
Aero Auto Repair,TEK,1159,9586843,1023,101,,9,Richard,Toliver,5353 BALTIMORE DR APT 32,,LA MESA,CA,91942-4625
Aero Auto Repair,TEK,1159,10023719,1023,101,,3,Erick,Recinos,10245 CLAMAGORO CIR,,SAN DIEGO,CA,92124-3662
Aero Auto Repair,TEK,1159,9664262,1023,101,,9,Miguel,Silvas,8577 HURLBUT ST,,SAN DIEGO,CA,92123-2143
Aero Auto Repair,TEK,1159,6537812,1023,101,,3,Carlee Matt,CONTRERAS,6530 REFLECTION DR,,SAN DIEGO,CA,92124-5118
Aero Auto Repair,TEK,1159,6533533,1023,101,,9,Roger,Castro,1167 PACIFIC GROVE LOOP,,CHULA VISTA,CA,91915-2101
Aero Auto Repair,TEK,1159,6531874,1023,101,,3,Bill,Browning,9606 AERO DR,,SAN DIEGO,CA,92123-1869
Aero Auto Repair,TEK,1159,11232448,1023,101,,3,Antonio,Mellado,817 BALOUR DR,,ENCINITAS,CA,92024-3944
Aero Auto Repair,TEK,1159,11267082,1023,101,,3,Trevor,Anderberg,470 DELAGE CT,,ENCINITAS,CA,92024-4752
Aero Auto Repair,TEK,1159,11284745,1023,101,,3,Adam,Rittenberg,4728 60TH ST,,SAN DIEGO,CA,92115-3801
Aero Auto Repair,TEK,1159,7735948,1023,101,,3,Candace,Godoy,3183 MURRAY RIDGE RD,,SAN DIEGO,CA,92123-2917
Aero Auto Repair,TEK,1159,6532511,1023,101,,3,CHRIS,WALKER,7848 CAMINO HUERTA,,SAN DIEGO,CA,92122-1832
Aero Auto Repair,TEK,1159,13178058,1023,101,,9,AALIYAH,Contreras,1097 EMERALD AVE,,EL CAJON,CA,92020-7313
Aero Auto Repair,TEK,1159,6541215,1023,101,,9,Robin,Cabak,5150 E CAMPUS DR,,SAN DIEGO,CA,92115-1400
Aero Auto Repair,TEK,1159,14057829,1023,101,,9,Wes,Weaver,10277 BRONSTEIN PL,,SAN DIEGO,CA,92124-3502
Aero Auto Repair,TEK,1159,14086019,1023,101,,9,Jun,Etrata,10565 GABACHO DR,,SAN DIEGO,CA,92124-1402
Aero Auto Repair,TEK,1159,6543092,1023,101,,9,Tim,Jenkins,9238 PIANTINO WAY,,SAN DIEGO,CA,92108-4725
Aero Auto Repair,TEK,1159,14960338,1023,101,,9,Mimi,Rodriguez,3443 SANDROCK RD,,SAN DIEGO,CA,92123-2156
Aero Auto Repair,TEK,1159,10957032,1023,101,,9,Calvin,Jensen,3350 ROSECRANS ST,Unit 212,SAN DIEGO,CA,92110-4228
Aero Auto Repair,TEK,1159,15308118,1023,101,,9,Nichole,Andrus,3811 COLINA DORADA DR,,SAN DIEGO,CA,92124-2836
Aero Auto Repair,TEK,1159,15107656,1023,101,,3,Hannah,Guard,10245 BORDELON ST,,SAN DIEGO,CA,92124-3206
Aero Auto Repair,TEK,1159,6533756,1023,101,,9,Molly,Young,4817 MOUNT ARMOUR DR,,SAN DIEGO,CA,92111-3922
Aero Auto Repair,TEK,1159,15981766,1023,101,,9,Dekota,Kneedler,3695 NORMAN SCOTT RD,,SAN DIEGO,CA,92136-5309
Aero Auto Repair,TEK,1159,6541783,1023,101,,9,Jake,Siebenlist,264 C AVE,,CORONADO,CA,92118-1453
Aero Auto Repair,TEK,1159,6532658,1023,101,,3,William,Orilio,3031 MARTINDALE CT,,SAN DIEGO,CA,92123-3235
Aero Auto Repair,TEK,1159,6541194,1023,101,,9,Corey,Rollins,1296 LOUDEN LN,,IMPERIAL BEACH,CA,91932-3241
Aero Auto Repair,TEK,1159,16499181,1023,101,,3,Carlos,Sanchez,31246 VALLEY CENTER RD,,VALLEY CENTER,CA,92082-6757
Aero Auto Repair,TEK,1159,16492031,1023,101,,9,Angelika,Figuerro,4230 CHEROKEE AVE APT 7,,SAN DIEGO,CA,92104-1589
Aero Auto Repair,TEK,1159,16577340,1023,101,,3,Srinagesh,Keerpi,1050 BENTON ST APT 2312,,SANTA CLARA,CA,95050-4875
Aero Auto Repair,TEK,1159,14362835,1023,101,,3,Chad,Benner,3027 ADMIRAL AVE,,SAN DIEGO,CA,92123-3103
Aero Auto Repair,TEK,1159,16724652,1023,101,,3,Gretchen,Quade,8583 AERO DR,,SAN DIEGO,CA,92123-1709
Aero Auto Repair,TEK,1159,16730248,1023,101,,9,Andres,Aguirre,3499 RUFFIN RD APT 1S,,SAN DIEGO,CA,92123-2527
Aero Auto Repair,TEK,1159,16875896,1023,101,,3,Timber,Bossard,3399 RUFFIN RD,,SAN DIEGO,CA,92123-4036
Aero Auto Repair,TEK,1159,6543183,1023,101,,3,STEVEN,BOLLERMAN,9739 DEER HOLLOW CT,,SANTEE,CA,92071-2812
Aero Auto Repair,TEK,1159,6535407,1023,101,,3,Theresa,Gardner,10289 WADDELL CIR,,SAN DIEGO,CA,92124-2932
Aero Auto Repair,TEK,1159,6540461,1023,101,,9,Colton,Mclaughlin,13019 SUNDANCE AVE,,SAN DIEGO,CA,92129-2397
Aero Auto Repair,TEK,1159,17051117,1023,101,,9,Alejandra,Quiroga,1451 S 45TH ST,,SAN DIEGO,CA,92113-3459
Aero Auto Repair,TEK,1159,6532485,1023,101,,3,Peyton,Powell,3352 DALE ST # 1103,,SAN DIEGO,CA,92104-4538
Aero Auto Repair,TEK,1159,6539808,1023,101,,3,Cindy,Costa,3833 MIDWAY DR APT 106,,SAN DIEGO,CA,92110-5210
Aero Auto Repair,TEK,1159,17283546,1023,101,,9,Scheuyler,Mack,4690 CONVOY ST,,SAN DIEGO,CA,92111-2317
Aero Auto Repair,TEK,1159,18438058,1023,101,,9,Payton,Chu,2760 MONTEGO CV,,DEL MAR,CA,92014-3506
Aero Auto Repair,TEK,1159,12621370,1023,101,,9,Jason,Wright,3277 BERGER AVE APT 97,,SAN DIEGO,CA,92123-1990
Aero Auto Repair,TEK,1159,18607614,1023,101,,9,James,Chisholm,3333 RUFFIN RD UNIT 6S,,SAN DIEGO,CA,92123-4029
Aero Auto Repair,TEK,1159,18635308,1023,101,,9,Gabriella,Souza,PO BOX 236083,,ENCINITAS,CA,92023-6083
Aero Auto Repair,TEK,1159,18855488,1023,101,,9,Andrew,Myers,3360 DALEY CENTER DR,,SAN DIEGO,CA,92123-4619
Aero Auto Repair,TEK,1159,18624117,1023,101,,9,Jacob,Hammersley,8418 ENCINO AVE,,SAN DIEGO,CA,92123-3815
Aero Auto Repair,TEK,1159,19108488,1023,101,,9,Lazar,Jovanovic,4541 HAMILTON ST APT 3,,SAN DIEGO,CA,92116-3033
Aero Auto Repair,TEK,1159,19281074,1023,101,,3,Marc,Albano,3374 DALEY CENTER DR APT 1714,,SAN DIEGO,CA,92123-4638
Aero Auto Repair,TEK,1159,6531924,1023,101,,3,O'Donnell,Parker,4333 VIEWRIDGE AVE,,SAN DIEGO,CA,92123-1619
Aero Auto Repair,TEK,1159,19513392,1023,101,,9,Aaron,Tenner,7787 TOMMY ST APT 6,,SAN DIEGO,CA,92119-1741
Aero Auto Repair,TEK,1159,20000411,1023,101,,9,Justin,Zanardi,5385 REPECHO DR APT D202,,SAN DIEGO,CA,92124-1752
Aero Auto Repair,TEK,1159,20145704,1023,101,,3,Quang,Mhiau,3087 MELBOURNE DR,,SAN DIEGO,CA,92123-3132
Aero Auto Repair,TEK,1159,20168889,1023,101,,3,Caroline,Dillman,3939 7TH AVE,,SAN DIEGO,CA,92103-3223
Aero Auto Repair,TEK,1159,20244793,1023,101,,3,Bob,Dietrich,5041 ARTESIAN ST,,SAN DIEGO,CA,92117-1347
Aero Auto Repair,TEK,1159,20247580,1023,101,,3,Chenoa,Musillo,929817 One Miramar St,,LA JOLLA,CA,92092-0001
Aero Auto Repair,TEK,1159,20411734,1023,101,,3,Phillip,Deeb,10233 WADDELL CIR,,SAN DIEGO,CA,92124-2932
Aero Auto Repair,TEK,1159,20744610,1023,101,,9,Christian,Richardson,9929 AZUAGA ST,,SAN DIEGO,CA,92129-4062
Aero Auto Repair,TEK,1159,20763580,1023,101,,9,Tucker,Weir,699 14TH ST UNIT 440,,SAN DIEGO,CA,92101-8629
Aero Auto Repair,TEK,1159,6545153,1023,101,,9,ERICK,SOTO,2667 B ST,,SAN DIEGO,CA,92102-1021
Aero Auto Repair,TEK,1159,20887781,1023,101,,9,Michael,Cirillo,1860 SWAN ST,,SAN DIEGO,CA,92114-2031
Aero Auto Repair,TEK,1159,20161493,1023,101,,9,Kevin,Latimer,27680 N CLAGSTONE RD,,ATHOL,ID,83801-6077
Aero Auto Repair,TEK,1159,21180418,1023,101,,9,Gabriell,Quinlan,2531 OLD QUARRY RD APT 1725,,SAN DIEGO,CA,92108-2768
Aero Auto Repair,TEK,1159,12829725,1023,101,,3,Alec,Dachx,2675 W CANYON AVE,,SAN DIEGO,CA,92123-4709
Aero Auto Repair,TEK,1159,21444104,1023,101,,9,Frank,Kuras,2767 W CANYON AVE,,SAN DIEGO,CA,92123-4695
Aero Auto Repair,TEK,1159,6545351,1023,101,,9,TONY,WILLIAM,5220 FIORE TER,,SAN DIEGO,CA,92122-5646
Aero Auto Repair,TEK,1159,21693711,1023,101,,9,Stefan,Lemperle,1140 WALL ST APT 884,,LA JOLLA,CA,92037-4531
Aero Auto Repair,TEK,1159,21858873,1023,101,,3,Mohammad,Shayan,612 E 8TH ST APT E,,NATIONAL CITY,CA,91950-2459
Aero Auto Repair,TEK,1159,21869826,1023,101,,9,Lee,Ngo,9154 IRVINGTON AVE,,SAN DIEGO,CA,92123-3127
Aero Auto Repair,TEK,1159,18472149,1023,101,,3,Whittney,Richard,3538 KELSEY ST,,SAN DIEGO,CA,92124-3519
Aero Auto Repair,TEK,1159,21876578,1023,101,,3,Megan,Ross,3840 BAYSIDE WALK,,SAN DIEGO,CA,92109-7047
Aero Auto Repair,TEK,1159,22028175,1023,101,,9,Keshawna,Davis,1035 INSIGNIA LOOP APT A303,,BREMERTON,WA,98310-2552
Aero Auto Repair,TEK,1159,22181334,1023,101,,9,Warren,Ovadia,8948 LAKEVIEW RD,,LAKESIDE,CA,92040-5124
Aero Auto Repair,TEK,1159,22029417,1023,101,,9,Freddie,Crawford,2645 DURHAM RIDGE PL,,SAN DIEGO,CA,92110-4259
Aero Auto Repair,TEK,1159,12933973,1023,101,,9,James,Feist,10358 ORLECK ST,,SAN DIEGO,CA,92124-2522
Aero Auto Repair,TEK,1159,22486307,1023,101,,3,JOSE,ORTEGA,7974 CONVOY CT,,SAN DIEGO,CA,92111-1212
Aero Auto Repair,TEK,1159,22682157,1023,101,,9,ROSEMARY,WILLIAMS,3166 TAUSSIG ST,,SAN DIEGO,CA,92124-3615
Aero Auto Repair,TEK,1159,21868672,1023,101,,9,Laura,Rosecrans,6330 MARINDUSTRY DR,210,SAN DIEGO,CA,92121-2533
Aero Auto Repair,TEK,1159,21689358,1023,101,,3,Rafael,Verdugo,5607 TORTUGA CT,,SAN DIEGO,CA,92124-1303
Aero Auto Repair,TEK,1159,22897760,1023,101,,9,SAYED,HOSSAINI,3453 CASTLE GLEN DR APT 2P,,SAN DIEGO,CA,92123-2404
Aero Auto Repair,TEK,1159,22905956,1023,101,,9,Eliott,Calderon,3024 MURRAY RIDGE RD,,SAN DIEGO,CA,92123-2925
Aero Auto Repair,TEK,1159,22927522,1023,101,,3,Daniel,Sanchez,210 RANCHO DEL ORO DR APT 213,,OCEANSIDE,CA,92057-7302
Aero Auto Repair,TEK,1159,23387813,1023,101,,9,Jacob,Prast,6540 REFLECTION DR,,SAN DIEGO,CA,92124-5119
Aero Auto Repair,TEK,1159,16738001,1023,101,,9,Tyler,Copenhaver,1836 PARIVA DR,,CARDIFF BY THE SEA,CA,92007-1424
Aero Auto Repair,TEK,1159,18325797,1023,101,,9,Haley,West,4899 COLLWOOD BLVD UNIT A,,SAN DIEGO,CA,92115-7401
Aero Auto Repair,TEK,1159,23507909,1023,101,,3,Jason,Osborn,2787 W CANYON AVE APT 208,,SAN DIEGO,CA,92123-4693
Aero Auto Repair,TEK,1159,23533457,1023,101,,3,Kieran,Solik,5463 SAN ONOFRE TER,,SAN DIEGO,CA,92114-6312
Aero Auto Repair,TEK,1159,23534902,1023,101,,3,Dave,Melanese,3528 MEADE AVE,# 9,SAN DIEGO,CA,92116-3501
Aero Auto Repair,TEK,1159,23873856,1023,101,,9,Zachary,Spencer,8523 LARKDALE AVE,,SAN DIEGO,CA,92123-2047
Aero Auto Repair,TEK,1159,23519429,1023,101,,3,Evan,Bollinger,2185 STATION VILLAGE WAY,,SAN DIEGO,CA,92108-6521
Aero Auto Repair,TEK,1159,24035442,1023,101,,3,Jeremy,Brace,3352 DALEY CENTER DR,,SAN DIEGO,CA,92123-4622
Aero Auto Repair,TEK,1159,23909404,1023,101,,9,James,Klaus,11949 RIVERSIDE DR SPC 68,,LAKESIDE,CA,92040-2322
Aero Auto Repair,TEK,1159,24218861,1023,101,,9,Steven,Tran,3135 WINGLEWOOD CIR,,LUTZ,FL,33558-5051
Aero Auto Repair,TEK,1159,24402460,1023,101,,9,Haochen,Wu,3841 COLINA DORADA DR,,SAN DIEGO,CA,92124-2851
Aero Auto Repair,TEK,1159,24409925,1023,101,,9,Esmeralda,Chacon,311 S 1ST ST APT 6,,EL CAJON,CA,92019-4706
Aero Auto Repair,TEK,1159,24453144,1023,101,,3,Joseph,Ong,9269 VILLAGE GLEN DR UNIT 128,,SAN DIEGO,CA,92123-2483
Aero Auto Repair,TEK,1159,23905707,1023,101,,3,Andrew,Malvani,2707 MISSION VILLAGE DR,,SAN DIEGO,CA,92123-3249
Aero Auto Repair,TEK,1159,24660473,1023,101,,9,Brandon,Beck,3695 SYRACUSE CT,,SAN DIEGO,CA,92122-3324
Aero Auto Repair,TEK,1159,24700725,1023,101,,9,Treveon,Henderson,3375 HURLBUT PL,,SAN DIEGO,CA,92123-2054
Aero Auto Repair,TEK,1159,24659412,1023,101,,9,David,Santos,2100 W ORANGEWOOD AVE STE 212,,ORANGE,CA,92868-1982
Aero Auto Repair,TEK,1159,7542121,1023,101,,9,Sonia,Putnam,4810 CAMPANILE DR,,SAN DIEGO,CA,92115-3704
Aero Auto Repair,TEK,1159,22204119,1023,101,,3,Adam,Reines,4560 VIEWRIDGE AVE,,SAN DIEGO,CA,92123-1637
Aero Auto Repair,TEK,1159,25908780,1023,101,,3,Louay,Alakhras,1450 MARKET ST,,SAN DIEGO,CA,92101-4187
Aero Auto Repair,TEK,1159,25966775,1023,101,,9,Angel,Castanada,2843 E 18TH ST,,NATIONAL CITY,CA,91950-5303
Aero Auto Repair,TEK,1159,25968121,1023,101,,3,Omar,Dominquez,8332 KRENZ ST,,SAN DIEGO,CA,92123-2022
Aero Auto Repair,TEK,1159,26144707,1023,101,,3,William,Chamberlain,7271 CONESTOGA PL,,SAN DIEGO,CA,92120-1819
Aero Auto Repair,TEK,1159,6530722,1023,101,,3,Amanda,ZIZZO,2173 CAMINO DEL ESTE APT 6225,,SAN DIEGO,CA,92108-1555
Aero Auto Repair,TEK,1159,27337488,1023,101,,3,Cambryn,Wettlaufer,8737 LARKDALE AVE,,SAN DIEGO,CA,92123-2966
Aero Auto Repair,TEK,1159,27527032,1023,101,,3,Oscar,Sanchez,8939 LOMBARD PL # 104,,SAN DIEGO,CA,92122-6302
Aero Auto Repair,TEK,1159,6545867,1023,101,,9,BRADLEY,STEWART,10263 SCULPIN ST,,SAN DIEGO,CA,92124-3617
Aero Auto Repair,TEK,1159,27601913,1023,101,,3,Rebecca,Yzaguirre,PO BOX 942897,,SACRAMENTO,CA,94297-0897
Aero Auto Repair,TEK,1159,18871044,1023,101,,3,Ashley,Coleman,10257 SCULPIN ST,,SAN DIEGO,CA,92124-3617
Aero Auto Repair,TEK,1159,27841611,1023,101,,3,Jeremy,Rehagen,105 LONG POND DR,,SNEADS FERRY,NC,28460-8308
Aero Auto Repair,TEK,1159,27333261,1023,101,,3,Ari,Cairo,3565 JEMEZ DR,,SAN DIEGO,CA,92117-3707
Aero Auto Repair,TEK,1159,28321716,1023,101,,3,Leandra,Williams,3859 COLINA DORADA DR APT 202,,SAN DIEGO,CA,92124-2862
Aero Auto Repair,TEK,1159,28522476,1023,101,,9,Spencer,Broek,1559 ALAMEDA GLN,,ESCONDIDO,CA,92027-1069
Aero Auto Repair,TEK,1159,10228173,1023,101,,3,Jacob,Bowlin,4642 GAINARD WAY,,SAN DIEGO,CA,92124-2911
Aero Auto Repair,TEK,1159,24057068,1023,101,,9,Bismark,Franco,11340 PORTOBELO DR,,SAN DIEGO,CA,92124-4022
Aero Auto Repair,TEK,1159,29207041,1023,101,,9,Ryan,Peete,10263 SCULPIN ST,,SAN DIEGO,CA,92124-3617
Aero Auto Repair,TEK,1159,29365420,1023,101,,9,Joe,Hurney,3571 FIREWAY DR,,SAN DIEGO,CA,92111-4735
Aero Auto Repair,TEK,1159,6541921,1023,101,,9,Kay Teeters,Witt,4866 SUSSEX DR,,SAN DIEGO,CA,92116-2313
Aero Auto Repair,TEK,1159,8289313,1023,101,,3,Journey,Hobson,10126 VOGE ST,,SAN DIEGO,CA,92124-3636
Aero Auto Repair,TEK,1159,29934331,1023,101,,9,Clair,Aragon,5758 AVENIDA SANCHEZ,,SAN DIEGO,CA,92124-1201
Aero Auto Repair,TEK,1159,17275804,1023,101,,9,Ke,Tranh,5959 PORTOBELO CT,,SAN DIEGO,CA,92124-1111
Aero Auto Repair,TEK,1159,30006185,1023,101,,3,Ruben,Perez,5405 BALTIMORE DR,,LA MESA,CA,91942-2061
Aero Auto Repair,TEK,1159,30089876,1023,101,,3,Tom,Kimora,9133 RONDA AVE,,SAN DIEGO,CA,92123-3553
Aero Auto Repair,TEK,1159,30099319,1023,101,,3,Paul,Maizener,13385 HIGHLANDS PL,,SAN DIEGO,CA,92130-2829
Aero Auto Repair,TEK,1159,30176174,1023,101,,3,Alexis,Cohen,9753 W CANYON TER UNIT 3,,SAN DIEGO,CA,92123-4674
Aero Auto Repair,TEK,1159,30209262,1023,101,,9,Gage,Bazinet,4594 ROBBINS ST,,SAN DIEGO,CA,92122-3033
Aero Auto Repair,TEK,1159,21444041,1023,101,,9,Mitch,Weingel,3495 UNIVERSITY AVE,,SAN DIEGO,CA,92104-2254
Aero Auto Repair,TEK,1159,30206808,1023,101,,9,Paul,Cook,9929 AZUAGA ST UNIT F106,,SAN DIEGO,CA,92129-6054
Aero Auto Repair,TEK,1159,30305154,1023,101,,9,Landon,Nguyen,2543 OLD QUARRY RD APT 1812,,SAN DIEGO,CA,92108-2774
Aero Auto Repair,TEK,1159,30159540,1023,101,,3,Lauren,Felix,2938 ADMIRAL AVE,,SAN DIEGO,CA,92123-3102
Aero Auto Repair,TEK,1159,30624338,1023,101,,9,Amjid,Karimi,Matthews Apartment,,LA JOLLA,CA,92093-0001
Aero Auto Repair,TEK,1159,10802879,1023,101,,3,Jeri Renee,Heath,4985 ORLECK PL,,SAN DIEGO,CA,92124-2523
Aero Auto Repair,TEK,1159,15772871,1023,101,,3,Kashawna,Canady,12010 WINTERCREST DR,,LAKESIDE,CA,92040-3787
Aero Auto Repair,TEK,1159,31247344,1023,101,,9,Chirley,Ogbe,3550 RUFFIN RD,,SAN DIEGO,CA,92123-2540
Aero Auto Repair,TEK,1159,31246716,1023,101,,9,Andrew,Tran,8835 SPECTRUM CENTER BLVD,,SAN DIEGO,CA,92123-1462
Aero Auto Repair,TEK,1159,24396433,1023,101,,3,Nathanael,Yarbrough,5047 PEMBERTON ST APT C,,VIRGINIA BEACH,VA,23455-2789
Aero Auto Repair,TEK,1159,31274830,1023,101,,9,Chenean,Tang,8859 SPECTRUM CENTER BLVD APT 8305,,SAN DIEGO,CA,92123-1493
Aero Auto Repair,TEK,1159,31380029,1023,101,,3,Davonte,Mccraven,2576 CREWE ST,,MEMPHIS,TN,38119-7922
Aero Auto Repair,TEK,1159,31635122,1023,101,,3,Loni,Spence,5159 AVENIDA PLAYA CANCUN,,SAN DIEGO,CA,92124-1537
Aero Auto Repair,TEK,1159,6538276,1023,101,,3,STEVE,AARDAPPEL,9985 LEMONWOOD LN,,SAN DIEGO,CA,92124-1834
Aero Auto Repair,TEK,1159,32018149,1023,101,,9,Isaac,Pierce,3549 CASTLE GLEN DR,,SAN DIEGO,CA,92123-2425
Aero Auto Repair,TEK,1159,32052308,1023,101,,3,Norman,Black,2632 PALACE DR,,SAN DIEGO,CA,92123-3622
Aero Auto Repair,TEK,1159,21877184,1023,101,,9,Connor,McDermott,3302 JEWELL ST,,SAN DIEGO,CA,92109-6718
Aero Auto Repair,TEK,1159,32618479,1023,101,,9,Kaitlyn,Smith,10148 KEPPLER DR,,SAN DIEGO,CA,92124-2504
Aero Auto Repair,TEK,1159,30289908,1023,101,,9,William,Walker,867 N 2ND ST,,EL CAJON,CA,92021-8216
Aero Auto Repair,TEK,1159,29183120,1023,101,,3,Joe,Bartel,5463 POR TECHO CT,,SAN DIEGO,CA,92124-1913
Aero Auto Repair,TEK,1159,32094162,1023,101,,3,Elizabeth,Poe,3078 MINUTEMAN ST,,SAN DIEGO,CA,92124-3604
Aero Auto Repair,TEK,1159,33255931,1023,101,,3,Rita,Harchelroad,3405 FLORIDA ST,,SAN DIEGO,CA,92104-8204
Aero Auto Repair,TEK,1159,12490540,1023,101,,3,Angelo,Antonio,10240 MELOJO LN,,SAN DIEGO,CA,92124-1815
Aero Auto Repair,TEK,1159,33293278,1023,101,,9,David,Cepeda,6755 MISSION GORGE RD,,SAN DIEGO,CA,92120-2457
Aero Auto Repair,TEK,1159,33296808,1023,101,,3,Kalena,Abney,2724 LARKIN PL,,SAN DIEGO,CA,92123-3020
Aero Auto Repair,TEK,1159,33506146,1023,101,,9,Maya,Condori,10229 HOOPER ST,,SAN DIEGO,CA,92124-3509
Aero Auto Repair,TEK,1159,33507341,1023,101,,3,Michael,Tisdall,2645 W CANYON AVE,,SAN DIEGO,CA,92123-4735
Aero Auto Repair,TEK,1159,34000737,1023,101,,3,Noah,Chess,6546 FRIARS RD APT 105,,SAN DIEGO,CA,92108-1043
Aero Auto Repair,TEK,1159,34325646,1023,101,,3,Judi,Hoff,10601 TIERRASANTA BLVD,,SAN DIEGO,CA,92124-2631
Aero Auto Repair,TEK,1159,34398115,1023,101,,9,Eric,Resendiz,710 E SAN YSIDRO BLVD,,SAN DIEGO,CA,92173-3123
Aero Auto Repair,TEK,1159,8809659,1023,101,,3,Jesse,Azriel,2212 UNION ST,,SAN DIEGO,CA,92101-1846
Aero Auto Repair,TEK,1159,34703437,1023,101,,9,Kevin,White,2675 ROOSEVELT ST,,CARLSBAD,CA,92008-1625
Aero Auto Repair,TEK,1159,34913003,1023,101,,3,Jose,Collazo,4522 DAMATO ST,,SAN DIEGO,CA,92124-2907
Aero Auto Repair,TEK,1159,34950506,1023,101,,3,Ronald,Zarotsky,3378 DALEY CENTER DR,,SAN DIEGO,CA,92123-4749
Aero Auto Repair,TEK,1159,34954115,1023,101,,9,Jaylen,Busch,10277 YORKTOWN DR,,SAN DIEGO,CA,92124-3629
Aero Auto Repair,TEK,1159,34983003,1023,101,,3,Cindy,Davis,2206 RIVER RUN DR,,SAN DIEGO,CA,92108-5883
Aero Auto Repair,TEK,1159,34407693,1023,101,,9,Haley,Martinez,2265 ULRIC ST,,SAN DIEGO,CA,92111-6424
Aero Auto Repair,TEK,1159,10579398,1023,101,,9,Ruth,Monteith,5779 MISSION CENTER RD APT 103,,SAN DIEGO,CA,92108-4367
Aero Auto Repair,TEK,1159,34670542,1023,101,,3,Loretta,Timis,4485 HAMILTON ST APT 6,,SAN DIEGO,CA,92116-3011
Aero Auto Repair,TEK,1159,12798007,1023,101,,9,Alec,Beattie,5455 REPECHO DR,,SAN DIEGO,CA,92124-1724
Aero Auto Repair,TEK,1159,35587646,1023,101,,9,Canyon,Breyer,11698 BLUEGRASS RD,,YUCAIPA,CA,92399-6970
Aero Auto Repair,TEK,1159,13183311,1023,101,,3,Mia,Panelli,5025 COLLWOOD BLVD,,SAN DIEGO,CA,92115-2126
Aero Auto Repair,TEK,1159,35835311,1023,101,,3,Charles,Roberts,6540 REFLECTION DR APT 114,,SAN DIEGO,CA,92124-5119
Aero Auto Repair,TEK,1159,35854549,1023,101,,3,Charles,Connoy,903 26TH ST,,SAN DIEGO,CA,92102-2702
Aero Auto Repair,TEK,1159,35839065,1023,101,,9,Nancy,Zhou,11549 CAMINO PLAYA CATALINA,,SAN DIEGO,CA,92124-1549
Aero Auto Repair,TEK,1159,33268663,1023,101,,9,Nayman,Leung,3456 CASTLE GLEN DR UNIT 281,,SAN DIEGO,CA,92123-2440
Aero Auto Repair,TEK,1159,35854373,1023,101,,3,Mike,Rigdon,11379 CASCADA WAY,,SAN DIEGO,CA,92124-2879
Aero Auto Repair,TEK,1159,24411070,1023,101,,9,Duncan,Ceriani,11422 MADERA ROSA WAY,,SAN DIEGO,CA,92124-2876
Aero Auto Repair,TEK,1159,36014430,1023,101,,9,Tim,Gahris,2355 VIA ALTA,,SAN DIEGO,CA,92108-5126
Aero Auto Repair,TEK,1159,36011791,1023,101,,3,Savelii,Gulylii,3360 DALEY CENTER DR,,SAN DIEGO,CA,92123-4619
Aero Auto Repair,TEK,1159,7987939,1023,101,,9,Jordan,Klatt,714 7TH ST,,CORONADO,CA,92118-2115
Aero Auto Repair,TEK,1159,36008111,1023,101,,3,Edna,Rickling,11451 WIDE VALLEY LN,,SAN DIEGO,CA,92131-1353
Aero Auto Repair,TEK,1159,36008266,1023,101,,3,Allan,Deoliveria,6757 FRIARS RD UNIT 47,,SAN DIEGO,CA,92108-1176
Aero Auto Repair,TEK,1159,35887051,1023,101,,9,David,Rodriguez,4611 BEATTY PL,,SAN DIEGO,CA,92124-2901
Aero Auto Repair,TEK,1159,36050895,1023,101,,3,Daniel,Castro,3399 RUFFIN RD APT 1K,k1,SAN DIEGO,CA,92123-4092
Aero Auto Repair,TEK,1159,19284018,1023,101,,3,Javier,Canela,4340 VIEWRIDGE AVE,,SAN DIEGO,CA,92123-1682
Aero Auto Repair,TEK,1159,35311098,1023,101,,9,Jason,When,5325 JAMESTOWN RD,,SAN DIEGO,CA,92117-1247
Aero Auto Repair,TEK,1159,22068493,1023,101,,3,Cameron,Erickson,2750 WHEATSTONE ST SPC 115,,SAN DIEGO,CA,92111-5450
Aero Auto Repair,TEK,1159,32048131,1023,101,,9,Victor,Troia,445 ISLAND AVE UNIT 406,,SAN DIEGO,CA,92101-8614
Aero Auto Repair,TEK,1159,15771978,1023,101,,3,Vonessa,Arroyo,3766 33RD ST UNIT 3,,SAN DIEGO,CA,92104-3747
Aero Auto Repair,TEK,1159,36253028,1023,101,,9,Lauren,Brown,3720 28TH ST,,SAN DIEGO,CA,92104-3504
Aero Auto Repair,TEK,1159,36253489,1023,101,,3,Robbie,Dieterle,11360 CAMINO PLAYA CANCUN UNIT 6,,SAN DIEGO,CA,92124-1584
Aero Auto Repair,TEK,1159,6545131,1023,101,,3,JULIAN,JAEGER,10573 PORTO CT,,SAN DIEGO,CA,92124-2015
Aero Auto Repair,TEK,1159,36360758,1023,101,,9,Karen,Manley,4080 HANCOCK ST,,SAN DIEGO,CA,92110-5137
Aero Auto Repair,TEK,1159,36362021,1023,101,,3,Emiliano,Martinez,10045 EPPERSON WAY,,SAN DIEGO,CA,92124-3210
Aero Auto Repair,TEK,1159,36360907,1023,101,,9,Andrew,Callan,4970 MANSFIELD ST,,SAN DIEGO,CA,92116-1936
Aero Auto Repair,TEK,1159,36607326,1023,101,,3,Jake,Helsing,3499 RUFFIN RD,,SAN DIEGO,CA,92123-2522
Aero Auto Repair,TEK,1159,36578661,1023,101,,3,David,Frey,5750 GUINCHO RD,,SAN DIEGO,CA,92124-1207
Aero Auto Repair,TEK,1159,16264230,1023,101,,9,Kim,Torrence,9796 GUISANTE TER,,SAN DIEGO,CA,92124-1621
Aero Auto Repair,TEK,1159,36655635,1023,101,,3,Andres,Garcia,3499 RUFFIN RD APT 2A,,SAN DIEGO,CA,92123-2526
Aero Auto Repair,TEK,1159,6536767,1023,101,,3,Bryan,Magsino,5977 ERLANGER ST,,SAN DIEGO,CA,92122-3803
Aero Auto Repair,TEK,1159,6532107,1023,101,,3,STEVE,MARTIN,8965 HAVETEUR WAY,,SAN DIEGO,CA,92123-2316
Aero Auto Repair,TEK,1159,36687315,1023,101,,9,Philip,Chun,10815 ESCOBAR DR,,SAN DIEGO,CA,92124-2033
Aero Auto Repair,TEK,1159,36782721,1023,101,,3,Meghan,Jenkins,14505 OLIVE VISTA DR,,JAMUL,CA,91935-3228
Aero Auto Repair,TEK,1159,36802584,1023,101,,3,Lin,Summers,4575 WINONA AVE APT 8,,SAN DIEGO,CA,92115-3366
Aero Auto Repair,TEK,1159,36806953,1023,101,,3,Kaylani,Dacanai,3370 DALEY CENTER DR,,SAN DIEGO,CA,92123-4633
Aero Auto Repair,TEK,1159,36787383,1023,101,,9,Maycee,Walker,10264 KEPPLER DR,,SAN DIEGO,CA,92124-2506
Aero Auto Repair,TEK,1159,36918824,1023,101,,3,Gregg,Pina,10821 CARAVELLE PL,,SAN DIEGO,CA,92124-2004
Aero Auto Repair,TEK,1159,33291164,1023,101,,3,Rudolph,Moon,40005 COLISEUM WAY,,MURRIETA,CA,92562-5863
Aero Auto Repair,TEK,1159,36932609,1023,101,,9,Kevin,Lieu,3051 KOBE DR,,SAN DIEGO,CA,92123-3008
