Shop Name,Software,SID,CID,WSID,WCID,MBdayMo,TBdayMo,First,Last,Address,Address2,City,St,Zip
Aero Auto Repair,TEK,1552,12896287,1024,101,,9,Andy,Figuroa Diaz,633 ASCOT DR APT 88,,VISTA,CA,92083-4229
Aero Auto Repair,TEK,1552,13177128,1024,101,,3,Rafael,Manzo,633 ASCOT DR APT 50,,VISTA,CA,92083-4221
Aero Auto Repair,TEK,1552,11850452,1024,101,,3,Colonel,Surratt,5847 JEFFRIES RANCH RD,,OCEANSIDE,CA,92057-4848
Aero Auto Repair,TEK,1552,12795632,1024,101,,9,Sherman,Frank,1026 W EL NORTE PKWY,# 153,ESCONDIDO,CA,92026-3341
Aero Auto Repair,TEK,1552,13447821,1024,101,,9,Mickey,Rohe,960 POSTAL WAY UNIT 3046,,VISTA,CA,92085-7123
Aero Auto Repair,TEK,1552,13835281,1024,101,,9,Diana,Wright,100 E SAN MARCOS BLVD STE 400,,SAN MARCOS,CA,92069-2988
Aero Auto Repair,TEK,1552,8631764,1024,101,,3,Darcy,Greenhut,1463 BELMONT PARK RD,,OCEANSIDE,CA,92057-5727
Aero Auto Repair,TEK,1552,15563051,1024,101,,9,Dante,Delarosa,1363 N SANTA FE AVE,,VISTA,CA,92084-3770
Aero Auto Repair,TEK,1552,15913346,1024,101,,3,brian,waddao,564 BIG BEND WAY APT L,,OCEANSIDE,CA,92058-7909
Aero Auto Repair,TEK,1552,13185180,1024,101,,3,Leslie,Gutierrez,4759 LIVE OAK CT,,OCEANSIDE,CA,92056-3027
Aero Auto Repair,TEK,1552,16141061,1024,101,,3,Julius,Aziz,3423 VIA BELTRAN,,SAN DIEGO,CA,92117-5729
Aero Auto Repair,TEK,1552,16194619,1024,101,,3,Sarah,Lopez,1360 SEVEN OAKES RD,,ESCONDIDO,CA,92026-2306
Aero Auto Repair,TEK,1552,15294722,1024,101,,9,Juan,Valdez,636 W CALIFORNIA AVE,,VISTA,CA,92083-3601
Aero Auto Repair,TEK,1552,16495750,1024,101,,3,Maria,Ardizeo,633 ASCOT DR,,VISTA,CA,92083-4200
Aero Auto Repair,TEK,1552,17292392,1024,101,,9,Deyzi,Ortiz,4616 N RIVER RD SPC 92,,OCEANSIDE,CA,92057-2805
Aero Auto Repair,TEK,1552,18341292,1024,101,,9,Jasmyne,Palomo,2984 SILVER EST,,SAN JOSE,CA,95135-1234
Aero Auto Repair,TEK,1552,18436996,1024,101,,9,Bo,Griffith,1447 CALLE MARBELLA,,OCEANSIDE,CA,92056-6963
Aero Auto Repair,TEK,1552,19072757,1024,101,,9,Corey,Perry,1118 GERONIMO PL,,VISTA,CA,92084-4376
Aero Auto Repair,TEK,1552,18870924,1024,101,,3,Alain,Solis,365 POMELO DR,,VISTA,CA,92081-6387
Aero Auto Repair,TEK,1552,19987299,1024,101,,3,Seth,Daniels,3384 MORNING VIEW DR,,OCEANSIDE,CA,92058-7468
Aero Auto Repair,TEK,1552,19322888,1024,101,,9,Stephen,Arteaga,221 SMILAX RD APT 142,,VISTA,CA,92083-8233
Aero Auto Repair,TEK,1552,19998666,1024,101,,9,Tylee,Hodson,209 WOODLAND PKWY,,SAN MARCOS,CA,92069-3087
Aero Auto Repair,TEK,1552,18465758,1024,101,,3,Torben,Sundergard,990 AUDREY PL,,VISTA,CA,92084-4816
Aero Auto Repair,TEK,1552,20276306,1024,101,,3,Virginia,Galindo,785 VALE VIEW DR,,VISTA,CA,92081-6742
Aero Auto Repair,TEK,1552,20751121,1024,101,,9,Noah,Supnet,3409 ITALIA WAY UNIT 6,,OCEANSIDE,CA,92056-3792
Aero Auto Repair,TEK,1552,23348457,1024,101,,9,Fabricio,Reynoso,4593 MAPLE DR,,OCEANSIDE,CA,92056-3537
Aero Auto Repair,TEK,1552,23348767,1024,101,,3,Juana,Cruz,1051 S SANTA FE AVE SPC 27,,VISTA,CA,92083-6924
Aero Auto Repair,TEK,1552,8627485,1024,101,,3,Sagar,Hahn,6158 PASEO PALERO,,CARLSBAD,CA,92009-2224
Aero Auto Repair,TEK,1552,24076336,1024,101,,9,Isaac,Dearnley,580 STARSTONE PL,,SAN MARCOS,CA,92078-2337
Aero Auto Repair,TEK,1552,24218433,1024,101,,9,Travis,Barrett,553 W BOBIER DR,,VISTA,CA,92083-1822
Aero Auto Repair,TEK,1552,24723803,1024,101,,3,Randy,Locke,7262 SURFBIRD CIR,,CARLSBAD,CA,92011-4021
Aero Auto Repair,TEK,1552,26928448,1024,101,,3,Som,Letiea,713 LA VIDA CIR,,VISTA,CA,92083-3415
Aero Auto Repair,TEK,1552,22850553,1024,101,,3,Gino,Elgelvy,PO BOX 2052,,SAN MARCOS,CA,92079-2052
Aero Auto Repair,TEK,1552,26172552,1024,101,,3,Natalie,Avila,1153 TINAMOU PL,,VISTA,CA,92083-3039
Aero Auto Repair,TEK,1552,27856916,1024,101,,3,JJ,Crawford,2403 CATALINA CIR APT 458,,OCEANSIDE,CA,92056-5351
Aero Auto Repair,TEK,1552,28900376,1024,101,,3,Benita,Karo,439 CHAD CT,,VISTA,CA,92083-3076
Aero Auto Repair,TEK,1552,28936178,1024,101,,9,Keith,Han,747 MARYLAND CT,,VISTA,CA,92083-3331
Aero Auto Repair,TEK,1552,29200396,1024,101,,3,Cameron,Eshelman,7270 VIA MARIPOSA SUR,,BONSALL,CA,92003-5625
Aero Auto Repair,TEK,1552,29368203,1024,101,,3,Mingwhei,Teng,3825 SIENNA ST,,OCEANSIDE,CA,92056-7283
Aero Auto Repair,TEK,1552,29553373,1024,101,,3,Steve,Summers,2260 WATSON WAY,,VISTA,CA,92083-7924
Aero Auto Repair,TEK,1552,8628614,1024,101,,9,Les,Cherman,1565 AVENIDA OCEANO,,OCEANSIDE,CA,92056-6940
Aero Auto Repair,TEK,1552,24160109,1024,101,,9,Nicholas,Alvarez,3194 BLACKWELL DR,,VISTA,CA,92084-1426
Aero Auto Repair,TEK,1552,30291382,1024,101,,3,Patricia,Knight,633 ASCOT DR APT 92,,VISTA,CA,92083-4230
Aero Auto Repair,TEK,1552,30318740,1024,101,,3,Sherry,Morison,5476 LOGANBERRY WAY,,OCEANSIDE,CA,92057-4645
Aero Auto Repair,TEK,1552,8635083,1024,101,,9,Riche,Vergara,1441 CALLE MARBELLA,,OCEANSIDE,CA,92056-6963
Aero Auto Repair,TEK,1552,29365398,1024,101,,3,Freddy,Oginz,716 NOB CIR,,VISTA,CA,92084-3810
Aero Auto Repair,TEK,1552,28322113,1024,101,,9,Miranda,Hubert,171 NETTLETON RD APT 11,,VISTA,CA,92083-5127
Aero Auto Repair,TEK,1552,30644714,1024,101,,3,Chidi,Onyekwere,1610 N SANTA FE AVE,,VISTA,CA,92083-2004
Aero Auto Repair,TEK,1552,32670302,1024,101,,9,Vernice,Gaona,4132 LAKE BLVD,,OCEANSIDE,CA,92056-4731
Aero Auto Repair,TEK,1552,24702608,1024,101,,3,Jose,Campa,1219 MARYLAND DR,,VISTA,CA,92083-3381
Aero Auto Repair,TEK,1552,8636347,1024,101,,9,Robert,Chaves,207 DIAMOND WAY APT 119,,VISTA,CA,92083-4400
Aero Auto Repair,TEK,1552,20170190,1024,101,,9,Susy,Cruz,2359 VIEWRIDGE PL,,ESCONDIDO,CA,92026-1229
Aero Auto Repair,TEK,1552,33294100,1024,101,,9,Mavi,Sadeghi,5138 BERRYESSA ST,,OCEANSIDE,CA,92056-7279
Aero Auto Repair,TEK,1552,33531322,1024,101,,3,Edwin,Garcia,365 POMELO DR,,VISTA,CA,92081-6387
Aero Auto Repair,TEK,1552,33957082,1024,101,,9,Landus,Cox,24055 CLINTON KEITH RD APT 117,,WILDOMAR,CA,92595-8520
Aero Auto Repair,TEK,1552,16493738,1024,101,,3,Don,Cuthbert,2638 PIRINEOS WAY,,CARLSBAD,CA,92009-7331
Aero Auto Repair,TEK,1552,8630198,1024,101,,9,Kai,Spencer,2018 WINTERWARM DR,,FALLBROOK,CA,92028-8257
Aero Auto Repair,TEK,1552,34717384,1024,101,,3,Norma,Salazar,633 ASCOT DR APT 173,,VISTA,CA,92083-4240
Aero Auto Repair,TEK,1552,34999876,1024,101,,9,Feng,Lee,2136 BULRUSH LN,,CARDIFF BY THE SEA,CA,92007-1408
Aero Auto Repair,TEK,1552,35354350,1024,101,,9,Josh,Mosqueda,628 W CALIFORNIA AVE APT 9,,VISTA,CA,92083-3563
Aero Auto Repair,TEK,1552,35701569,1024,101,,3,Eric,Ramirez,3946 LONITA WAY,,SAN MARCOS,CA,92078-3619
Aero Auto Repair,TEK,1552,36004708,1024,101,,9,Joanne,Postle,3294 GREENWICH DR,,SHASTA LAKE,CA,96019-2252
Aero Auto Repair,TEK,1552,36044906,1024,101,,3,Frank,Murdock,2060 RIDGELINE AVE,,VISTA,CA,92081-8810
Aero Auto Repair,TEK,1552,36066105,1024,101,,9,Courtney,Hopkins,2330 CATALINA CIR APT 406,,OCEANSIDE,CA,92056-5346
Aero Auto Repair,TEK,1552,8628514,1024,101,,9,Pete,Neu,4850 GLENHOLLOW CIR,,OCEANSIDE,CA,92057-7940
Aero Auto Repair,TEK,1552,36278619,1024,101,,9,Bryan,Montes,1363 N SANTA FE AVE APT 206,,VISTA,CA,92084-3772
Aero Auto Repair,TEK,1552,36262706,1024,101,,9,Alisha,Silva,5000 EL MIRLO DR,,OCEANSIDE,CA,92057-2707
Aero Auto Repair,TEK,1552,36623977,1024,101,,9,Paige,Long,2130 S SANTA FE AVE,,VISTA,CA,92084-7800
Aero Auto Repair,TEK,1552,34403502,1024,101,,9,James,Stephens,4706 WESTRIDGE DR,,OCEANSIDE,CA,92056-3002
Aero Auto Repair,TEK,1552,36749655,1024,101,,9,Desiree,Fiorentino,1017 SILVER STALLION DR,,VISTA,CA,92081-6746
Aero Auto Repair,TEK,1552,36713535,1024,101,,9,Mike,Mooers,734 LOCKWOOD PL,,OCEANSIDE,CA,92057-6936
Aero Auto Repair,TEK,1552,36698433,1024,101,,9,Niels,Schroeter,771 MARSOPA DR,,VISTA,CA,92081-6484
Aero Auto Repair,TEK,1552,36790286,1024,101,,3,Jodi,Mainor,8795 YELLOWSTONE LN,,LANSING,MI,48917-5804
Aero Auto Repair,TEK,1552,36936898,1024,101,,3,Erin,O'connell,26371 CEDAR CREST DR,,SUN CITY,CA,92586-2821
