Shop Name,Software,SID,CID,WSID,WCID,MBdayMo,TBdayMo,First,Last,Address,Address2,City,St,Zip
California Autohaus,TEK,3472,17673198,1026,101,,9,SANGMIN,OH,1827 BAKERSFIELD ST,,LEMON GROVE,CA,91945-3734
California Autohaus,TEK,3472,17673868,1026,101,,3,KAYLYNN,TOSCAS,6277 ALVERTON DR,,CARLSBAD,CA,92009-3061
California Autohaus,TEK,3472,17678177,1026,101,,3,DAISY,MOLLICA,3102 VIA MERDE,,CARLSBAD,CA,92010-1380
California Autohaus,TEK,3472,17673577,1026,101,,9,NICK,OVCHINNIKOV,PO BOX 9043,,RANCHO SANTA FE,CA,92067-4043
California Autohaus,TEK,3472,17678471,1026,101,,3,KAREN,REILLY,7047 SALTIE CT,,CARLSBAD,CA,92011-3921
California Autohaus,TEK,3472,17678311,1026,101,,3,NICOLE,LAWLER,13801 MERCADO DR,,DEL MAR,CA,92014-3122
California Autohaus,TEK,3472,17673703,1026,101,,9,ALEC,TILLEY,1460 CORAL WAY,,SAN MARCOS,CA,92078-7987
California Autohaus,TEK,3472,21179804,1026,101,,9,Noah,West,1513 RUBENSTEIN AVE,,CARDIFF BY THE SEA,CA,92007-2401
California Autohaus,TEK,3472,17619873,1026,101,,3,Sian,Choi,2332 TERRAZA RIBERA,,CARLSBAD,CA,92009-6632
California Autohaus,TEK,3472,17677591,1026,101,,3,JAMES,PERAKIS,2110 WOODWIND DR,,ENCINITAS,CA,92024-6433
California Autohaus,TEK,3472,23524679,1026,101,,9,Ze,Rodas,959 GREENLAKE CT,,CARDIFF,CA,92007-1019
California Autohaus,TEK,3472,17677136,1026,101,,9,CARLON,ROGERS,3257 ANNRAE ST,,SAN DIEGO,CA,92123-1915
California Autohaus,TEK,3472,24076689,1026,101,,9,OMAR,JAVAID,PO BOX 9094,,RANCHO SANTA FE,CA,92067-4094
California Autohaus,TEK,3472,24713559,1026,101,,3,Kevin,White,975 DEL DIOS RD APT 313,,ESCONDIDO,CA,92029-2257
California Autohaus,TEK,3472,27326737,1026,101,,9,Xavier,Fuentes,1423 RAINBOW RIDGE LN,,ENCINITAS,CA,92024-1817
California Autohaus,TEK,3472,24156889,1026,101,,9,Taylor,McKee,1729 SUMMERTIME DR,,EL CAJON,CA,92021-1072
California Autohaus,TEK,3472,28316891,1026,101,,3,Phil,Cunningham,2701 OAKHURST AVE,,AUSTIN,TX,78703-1947
California Autohaus,TEK,3472,30208050,1026,101,,3,Jarvis,Lagman,3823 INGRAHAM ST APT B201,,SAN DIEGO,CA,92109-6460
California Autohaus,TEK,3472,31261438,1026,101,,3,Donna,Fritts,451 ACERO PL,,CHULA VISTA,CA,91910-8016
California Autohaus,TEK,3472,17679514,1026,101,,9,JOE,MURPHY,1430 YOURELL AVE,,CARLSBAD,CA,92008-1051
California Autohaus,TEK,3472,31665102,1026,101,,9,Nick,Kavaehas,109 AVENIDA LAS BRISAS APT B,,OCEANSIDE,CA,92057-6732
California Autohaus,TEK,3472,32613043,1026,101,,3,Rob,Winschip,2654 GALICIA WAY,,CARLSBAD,CA,92009-8140
California Autohaus,TEK,3472,32081184,1026,101,,3,Steven,Diep,1205 PACIFIC HWY UNIT 601,,SAN DIEGO,CA,92101-8457
California Autohaus,TEK,3472,33518952,1026,101,,3,Nemanja,Eckert,1962 NORTHSTAR WAY # APT,,SAN MARCOS,CA,92078-0958
California Autohaus,TEK,3472,17678898,1026,101,,3,CLAUDINE,DAU,636 SANDSIDE CT,,CARLSBAD,CA,92011-3255
California Autohaus,TEK,3472,31665613,1026,101,,3,Doruk,Kocamanlar,3128 VIA ALICANTE,,LA JOLLA,CA,92037-0049
California Autohaus,TEK,3472,25979017,1026,101,,3,Sam,Norris,530 CAMINO VERDE,,SAN MARCOS,CA,92078-8908
California Autohaus,TEK,3472,34630911,1026,101,,9,George,Champion,141 QUAIL DR,,ENCINITAS,CA,92024-2702
California Autohaus,TEK,3472,35278803,1026,101,,3,Joe,Nappi,924 ENCINITAS BLVD APT 93,,ENCINITAS,CA,92024-5394
California Autohaus,TEK,3472,24652620,1026,101,,3,Michael,Gregory,987 HYMETTUS AVE,,ENCINITAS,CA,92024-2154
California Autohaus,TEK,3472,35885626,1026,101,,3,Daniel,Lukasik,14740 CAMINITO PORTA DELGADA,,DEL MAR,CA,92014-4307
California Autohaus,TEK,3472,36225991,1026,101,,3,Bryan,Bybee,1444 N COAST HIGHWAY 101,,ENCINITAS,CA,92024-1443
California Autohaus,TEK,3472,36262490,1026,101,,3,Dan,Ballard,2804 ATADERO CT,,CARLSBAD,CA,92009-9201
California Autohaus,TEK,3472,17677975,1026,101,,9,KEVIN,ELLIOT,14331 BARRYMORE ST,,SAN DIEGO,CA,92129-3308
California Autohaus,TEK,3472,36575403,1026,101,,3,Margaret,Coleman,220 CONEFLOWER ST,,ENCINITAS,CA,92024-3301
California Autohaus,TEK,3472,17673530,1026,101,,3,RICK,NEALE,3715 COPPER CREST RD,,ENCINITAS,CA,92024-7206
California Autohaus,TEK,3472,31261106,1026,101,,3,Luke,Andreotti,2331 HOGAN WAY,,OCEANSIDE,CA,92056-3709
California Autohaus,TEK,3472,36835219,1026,101,,3,Eric,Cooper,906 CAMINITO MADRIGAL UNIT A,,CARLSBAD,CA,92011-2449
