Shop Name,Software,SID,CID,WSID,WCID,MBdayMo,TBdayMo,First,Last,Address,Address2,City,St,Zip
California Autohaus,TEK,3472,17673897,1026,101,9,,ANDRES,VOTH,13638 DERBY DOWNS CT,,SAN DIEGO,CA,92130-3164
California Autohaus,TEK,3472,17674603,1026,101,9,,SALAM,RAZUKI,7977 BROADWAY,,LEMON GROVE,CA,91945-1865
California Autohaus,TEK,3472,17677465,1026,101,9,,EDWARD,GOOLD,404 ENCINITAS BLVD APT 281,,ENCINITAS,CA,92024-6717
California Autohaus,TEK,3472,17673893,1026,101,9,,RALEIGH,WATSON,1625 LUGANO LN,,DEL MAR,CA,92014-4126
California Autohaus,TEK,3472,17679685,1026,101,9,,SUE,DISERENS,402 VILLA BLANCA CT,,ENCINITAS,CA,92024-6700
California Autohaus,TEK,3472,17674918,1026,101,9,,ED,GRAUBART,10914 HORSESHOE RIDGE CT,,SAN DIEGO,CA,92130-6834
California Autohaus,TEK,3472,17679496,1026,101,9,,ANGELA,MEAKINS,13576 PORTOFINO DR,,DEL MAR,CA,92014-3558
California Autohaus,TEK,3472,17679255,1026,101,9,,VICTOR,THOMAS,7883 VISTA HIGUERA,,CARLSBAD,CA,92009-6988
California Autohaus,TEK,3472,17677986,1026,101,9,,SANDRO,PELLIGRINI,1614 LANDQUIST DR,,ENCINITAS,CA,92024-4755
California Autohaus,TEK,3472,17678996,1026,101,9,,PAMELA,HYATT,221 PRINCEHOUSE LN,,ENCINITAS,CA,92024-2834
California Autohaus,TEK,3472,17679282,1026,101,9,,MONIQUE,SCHAAF,31905 CORTEZ CIR,,MURRIETA,CA,92563-6296
California Autohaus,TEK,3472,17676395,1026,101,9,,SAM,KRUPNICK,6752 AZUL LUNA WAY,,SAN DIEGO,CA,92130-1375
California Autohaus,TEK,3472,17676076,1026,101,9,,BENTLEY,ADAMS,14912 MC KENDREE AVE,,PACIFIC PALISADES,CA,90272-2634
California Autohaus,TEK,3472,17674113,1026,101,9,,JONI,LAURA,1741 GASCONY RD,,ENCINITAS,CA,92024-1226
California Autohaus,TEK,3472,17676775,1026,101,9,,VADIM,FIDEL,508 LATIGO ROW,,ENCINITAS,CA,92024-7270
California Autohaus,TEK,3472,17676510,1026,101,9,,SCOTT,LENTZ,824 SAXONY RD,,ENCINITAS,CA,92024-2353
California Autohaus,TEK,3472,17673969,1026,101,9,,STEVE,TORNEO,736 LYNWOOD DR,,ENCINITAS,CA,92024-2389
California Autohaus,TEK,3472,17676204,1026,101,9,,KAREN,BONNER,PO BOX 644,,SOLANA BEACH,CA,92075-0644
California Autohaus,TEK,3472,17678186,1026,101,9,,TODD,HOULE,PO BOX 712,,SUN VALLEY,ID,83353-0712
California Autohaus,TEK,3472,17673224,1026,101,09,,HOWARD,TADLOCK,7378 CIRCULO RONDA,,CARLSBAD,CA,92009-8555
California Autohaus,TEK,3472,17679231,1026,101,9,,DERIK,ENGEBRETSEN,2955 CORTE LA BELLA,,ENCINITAS,CA,92024-7273
California Autohaus,TEK,3472,17679645,1026,101,9,,BILL,HAELING,PO BOX 70,,RANCHO SANTA FE,CA,92067-0070
California Autohaus,TEK,3472,17678980,1026,101,9,,ESTRELLA,DOMINGO,PO BOX 2696,,SAN MARCOS,CA,92079-2696
California Autohaus,TEK,3472,17675865,1026,101,9,,PRANAV,PATEL,340 NEPTUNE AVE,,ENCINITAS,CA,92024-2523
California Autohaus,TEK,3472,17676133,1026,101,9,,ANA,SEPETA,3560 OVERPARK RD,,SAN DIEGO,CA,92130-1825
California Autohaus,TEK,3472,17678628,1026,101,9,,RYAN,DENK,12911 VIA LATINA,,DEL MAR,CA,92014-3731
California Autohaus,TEK,3472,17674054,1026,101,9,,JON,PASQUINI,3677 FOXGROVE PL,,SAN DIEGO,CA,92130-1834
California Autohaus,TEK,3472,17676496,1026,101,9,,CORY,ASSINK,2721 SOUTHAMPTON RD,,CARLSBAD,CA,92010-2896
California Autohaus,TEK,3472,17675082,1026,101,9,,STEPHON,SCOLA,PO BOX 383,,DEL MAR,CA,92014-0383
California Autohaus,TEK,3472,17679114,1026,101,9,,MONICA,MARTINEZ,2614 PIRINEOS WAY UNIT 6,,CARLSBAD,CA,92009-7366
California Autohaus,TEK,3472,17674608,1026,101,9,,SPENCER,DAVIS,1525 AVENIDA DE LAS ADELSAS,,ENCINITAS,CA,92024-4715
California Autohaus,TEK,3472,17679256,1026,101,9,,KIUMARS,GOURKI,207 CONEFLOWER ST,,ENCINITAS,CA,92024-3302
California Autohaus,TEK,3472,17675336,1026,101,9,,OLE,OLESON,402 PARKWOOD LN,,ENCINITAS,CA,92024-1534
California Autohaus,TEK,3472,17676380,1026,101,9,,ELAYNE,FOWLER,2124 BUENA CREEK RD,,VISTA,CA,92084-7703
California Autohaus,TEK,3472,17679513,1026,101,9,,GILES,MULLEN,255 PACIFIC VIEW LN,,ENCINITAS,CA,92024-7720
California Autohaus,TEK,3472,17677105,1026,101,9,,GARRETT,ESKANDARI,6550 PONTO DR SPC 18,,CARLSBAD,CA,92011-2305
California Autohaus,TEK,3472,17679392,1026,101,9,,ANDREW,PAUL,PO BOX 2022,,RANCHO SANTA FE,CA,92067-2022
California Autohaus,TEK,3472,17677498,1026,101,9,,JENNIFER,DEMSEY,3327 CAMINO CORONADO,,CARLSBAD,CA,92009-9326
California Autohaus,TEK,3472,17676082,1026,101,9,,PHIL,BASSAN,924 ENCINITAS BLVD APT 81,,ENCINITAS,CA,92024-5394
California Autohaus,TEK,3472,17676894,1026,101,9,,GEORGE,SCHOELL,2924 N BOYER AVE,,SANDPOINT,ID,83864-8497
California Autohaus,TEK,3472,17675413,1026,101,9,,ERIK,SKYHAR,PO BOX 534,,RANCHO SANTA FE,CA,92067-0534
California Autohaus,TEK,3472,17673666,1026,101,9,,MASON,BAILEY,805 NEPTUNE AVE,,ENCINITAS,CA,92024-2063
California Autohaus,TEK,3472,17673579,1026,101,9,,IAN,OKEEFE,933 CREST DR,,ENCINITAS,CA,92024-4041
California Autohaus,TEK,3472,17617193,1026,101,9,,Jake,Hollingsworth,14018 MANGO DR,,DEL MAR,CA,92014-2923
California Autohaus,TEK,3472,18331421,1026,101,9,,ANOOP,PATEL,2869 LEVANTE ST,,CARLSBAD,CA,92009-8224
California Autohaus,TEK,3472,17675548,1026,101,9,,DENNIS,DEL REY,2211 CAMBRIDGE AVE,,CARDIFF BY THE SEA,CA,92007-1901
California Autohaus,TEK,3472,18872885,1026,101,9,,SCOTT,STANLEY,2712 LA GRAN VIA,,CARLSBAD,CA,92009-8111
California Autohaus,TEK,3472,17677870,1026,101,09,,CHRIS,WILLES,1327 WALNUTVIEW DR,,ENCINITAS,CA,92024-4023
California Autohaus,TEK,3472,17678239,1026,101,9,,KATINKA,KIGHT,3311 FOSCA ST,,CARLSBAD,CA,92009-7833
California Autohaus,TEK,3472,17675642,1026,101,9,,LOVIDA,GREINER,4738 SUN VALLEY RD,,DEL MAR,CA,92014-4223
California Autohaus,TEK,3472,17678136,1026,101,9,,SARAH,ADAMS,5846 CARNEGIE ST,,SAN DIEGO,CA,92122-3236
California Autohaus,TEK,3472,17679098,1026,101,9,,DAN,MCCOY,5114 WHITMAN WAY APT 202,,CARLSBAD,CA,92008-4640
California Autohaus,TEK,3472,17678509,1026,101,9,,CHRISTINE,YONAN,1403 EOLUS AVE,,ENCINITAS,CA,92024-1798
California Autohaus,TEK,3472,17675020,1026,101,9,,VICTORIA,KIHNKE,1431 PACIFIC HWY,,SAN DIEGO,CA,92101-8300
California Autohaus,TEK,3472,17678588,1026,101,9,,MICHAEL,ABERNATHY,1655 CORTE ORCHIDIA,,CARLSBAD,CA,92011-4066
California Autohaus,TEK,3472,17679435,1026,101,9,,JOSE,PIETSCH,273 RANCHO DR UNIT B,,CHULA VISTA,CA,91911-6424
California Autohaus,TEK,3472,17674213,1026,101,9,,JIM,CARDINES,1345 ENCINITAS BLVD # 823,,ENCINITAS,CA,92024-2845
California Autohaus,TEK,3472,20158087,1026,101,9,,CHRIS,GOUMAS,3356 CORTE PANORAMA,,CARLSBAD,CA,92009-2035
California Autohaus,TEK,3472,17673229,1026,101,9,,RANDOLPH,CHEREWICK,2033 SAN ELIJO AVE # 423,,CARDIFF BY THE SEA,CA,92007-1726
California Autohaus,TEK,3472,19321483,1026,101,9,,SEAN,MCWHORTER,818 OKRA CT,,CARLSBAD,CA,92011-4728
California Autohaus,TEK,3472,17679066,1026,101,9,,LARRY,WATANABE,18656 VIA VARESE,,RANCHO SANTA FE,CA,92091-0295
California Autohaus,TEK,3472,17676908,1026,101,9,,HENDRIK,MEIJER,3220 AVENIDA LA CIMA,,CARLSBAD,CA,92009-9540
California Autohaus,TEK,3472,17677209,1026,101,9,,STEPHANIE,SCHROEDER,721 SAXONY RD,,ENCINITAS,CA,92024-2351
California Autohaus,TEK,3472,17676549,1026,101,9,,BRAD,LESSARD,PO BOX 2854,,VALLEY CENTER,CA,92082-2603
California Autohaus,TEK,3472,20886472,1026,101,9,,STEPHANIE,GRAUER,2133 PLEASANT GROVE RD,,ENCINITAS,CA,92024-4328
California Autohaus,TEK,3472,17679602,1026,101,9,,SHANNON,MACKLEY,1205 CAMINITO CAROLINA,,ENCINITAS,CA,92024-7001
California Autohaus,TEK,3472,17678430,1026,101,9,,JENNIE,CORTI,1727 OXFORD AVE,,CARDIFF BY THE SEA,CA,92007-1632
California Autohaus,TEK,3472,17677940,1026,101,9,,BRANDON,BILOTTA,2208 RECODO CT,,CARLSBAD,CA,92009-8528
California Autohaus,TEK,3472,17674126,1026,101,9,,JIMMY,QUIA,7298 CALLE TARIFA,,CARLSBAD,CA,92009-8554
California Autohaus,TEK,3472,17675168,1026,101,9,,PAT,ZEISING,444 N EL CAMINO REAL SPC 73,,ENCINITAS,CA,92024-1311
California Autohaus,TEK,3472,22450272,1026,101,9,,ERIC,CASAZZA,2049 FREDA LN,,CARDIFF BY THE SEA,CA,92007-1418
California Autohaus,TEK,3472,21874688,1026,101,9,,EUL,KANG,3271 AVENIDA ARAGON,,CARLSBAD,CA,92009-9549
California Autohaus,TEK,3472,17674859,1026,101,9,,CLAY,RENICK,7410 PELICAN ST,,CARLSBAD,CA,92011-4881
California Autohaus,TEK,3472,22909575,1026,101,9,,John,Cleaves,1446 RANCH RD,,ENCINITAS,CA,92024-6200
California Autohaus,TEK,3472,17673591,1026,101,9,,TROY,KENNEDY,933 OCEAN AVE,,DEL MAR,CA,92014-2718
California Autohaus,TEK,3472,23488013,1026,101,9,,Tyler,Johnson,7040 HERON CIR,,CARLSBAD,CA,92011-3975
California Autohaus,TEK,3472,17675592,1026,101,9,,JAMIE,CHAFIN,2032 SHADYTREE LN,,ENCINITAS,CA,92024-3120
California Autohaus,TEK,3472,17676471,1026,101,09,,DAVID,FOOS,17595 RANCHO DE LA ANGEL RD,,RAMONA,CA,92065-6917
California Autohaus,TEK,3472,23534715,1026,101,9,,PARISE,PAK,2906 WISHBONE WAY,,ENCINITAS,CA,92024-7235
California Autohaus,TEK,3472,17678356,1026,101,9,,STEVEN,SUYDAM,1350 RAVEAN CT,,ENCINITAS,CA,92024-6203
California Autohaus,TEK,3472,19981280,1026,101,9,,Shaun,Lawton,2653 CAZADERO DR,,CARLSBAD,CA,92009-5811
California Autohaus,TEK,3472,26935484,1026,101,09,,Daniel,Guthrie,212 RANCHO SANTA FE RD,,ENCINITAS,CA,92024-6421
California Autohaus,TEK,3472,17676042,1026,101,9,,ALEX,LOPEZ,1112 COTTONTAIL RD,,VISTA,CA,92081-8619
California Autohaus,TEK,3472,27241967,1026,101,09,,Lisa,Matsumoto,1679 BELLA LAGUNA CT,,ENCINITAS,CA,92024-1292
California Autohaus,TEK,3472,17674667,1026,101,9,,Charlie,GEORGE,2266 MANCHESTER AVE,,CARDIFF BY THE SEA,CA,92007-1944
California Autohaus,TEK,3472,17675197,1026,101,9,,BRANDON,COKER,2915 SONDRA CT,,CARLSBAD,CA,92009-7107
California Autohaus,TEK,3472,27617745,1026,101,09,,Mark,Lerner,3833 MEGAN LN,,ENCINITAS,CA,92024-7254
California Autohaus,TEK,3472,17673146,1026,101,9,,SCOTT,TRAVASOS,838 ACADEMY DR,,SOLANA BEACH,CA,92075-2034
California Autohaus,TEK,3472,29199778,1026,101,09,,Parke,Lupo,3546 VOYAGER CIR,,SAN DIEGO,CA,92130-1846
California Autohaus,TEK,3472,29217300,1026,101,09,,Rick,Kaminoff,3555 OLD WINDY BUSH RD,,NEW HOPE,PA,18938-1161
California Autohaus,TEK,3472,17676810,1026,101,9,,SCOTT,SIMS,7324 BINNACLE DR,,CARLSBAD,CA,92011-4680
California Autohaus,TEK,3472,17673803,1026,101,9,,BOB,BUCKINGHAM,3131 DEL REY AVE,,CARLSBAD,CA,92009-7513
California Autohaus,TEK,3472,29210675,1026,101,09,,Andrew,Mehren,1466 CLEARVIEW WAY,,SAN MARCOS,CA,92078-1049
California Autohaus,TEK,3472,29337655,1026,101,09,,Ed,Cook,PO BOX 675983,,RANCHO SANTA FE,CA,92067-5983
California Autohaus,TEK,3472,17677222,1026,101,9,,LEXIE,LARCHER,927 5TH ST,,SANTA MONICA,CA,90403-2600
California Autohaus,TEK,3472,17678793,1026,101,9,,MILOS,SAFARIK,1943 AZURE WAY,,ENCINITAS,CA,92024-1901
California Autohaus,TEK,3472,29993924,1026,101,09,,Shelly,Vanbrabant,3315 PIRAGUA ST,,CARLSBAD,CA,92009-7842
California Autohaus,TEK,3472,25966236,1026,101,9,,David,Crist,331 SHOEMAKER LN,,SOLANA BEACH,CA,92075-2387
California Autohaus,TEK,3472,17677265,1026,101,9,,PAUL,RAINBOW,PO BOX 1552,,JULIAN,CA,92036-1552
California Autohaus,TEK,3472,30300906,1026,101,09,,David,Cowhig,6139 RANCHO BRIDA,,CARLSBAD,CA,92009-2270
California Autohaus,TEK,3472,17677617,1026,101,9,,JULIA,SZABO,PO BOX 2035,,RANCHO SANTA FE,CA,92067-2035
California Autohaus,TEK,3472,31190499,1026,101,09,,Mark,Reeves,692 CYPRESS HILLS DR,,ENCINITAS,CA,92024-2394
California Autohaus,TEK,3472,17678723,1026,101,9,,SHAUN,WORTHEN,1248 HIGHBLUFF AVE,,SAN MARCOS,CA,92078-1051
California Autohaus,TEK,3472,31370445,1026,101,09,,Nick,Dame,302 BARBARA AVE,,SOLANA BEACH,CA,92075-1234
California Autohaus,TEK,3472,17675704,1026,101,9,,KEVIN,OROURKE,2946 SOMBROSA ST,,CARLSBAD,CA,92009-9249
California Autohaus,TEK,3472,17674704,1026,101,9,,LYNNE,JOHNSON,5265 MANDARIN DR,,OCEANSIDE,CA,92056-6447
California Autohaus,TEK,3472,17678282,1026,101,9,,DAVE,GEIER,2956 CAMINO SERBAL,,CARLSBAD,CA,92009-2900
California Autohaus,TEK,3472,17677581,1026,101,09,,NAOMI,ESSERMAN,237 N VULCAN AVE,,ENCINITAS,CA,92024-2646
California Autohaus,TEK,3472,32859067,1026,101,09,,Robert,Quinn,682 CYPRESS HILLS DR,,ENCINITAS,CA,92024-2394
California Autohaus,TEK,3472,22093906,1026,101,9,,BECKY,NEWSON,1948 COBALT DR,,CARLSBAD,CA,92009-5201
California Autohaus,TEK,3472,17677786,1026,101,9,,CHASE,FIELDS,560 ORPHEUS AVE,,ENCINITAS,CA,92024-2660
California Autohaus,TEK,3472,33296318,1026,101,09,,Jeramiah,Pierce,1349 EUCALYPTUS AVE,,VISTA,CA,92084-6337
California Autohaus,TEK,3472,27270167,1026,101,09,,Douglas,Rein,919 OLIVE CREST DR,,ENCINITAS,CA,92024-6828
California Autohaus,TEK,3472,24144512,1026,101,9,,Chris,Collins,2707 CAZADERO DR,,CARLSBAD,CA,92009-5814
California Autohaus,TEK,3472,17673538,1026,101,9,,ANDY,HUGHES,7309 LILY PL,,CARLSBAD,CA,92011-4828
California Autohaus,TEK,3472,17678127,1026,101,9,,TAMMY,WEBB,1770 HAYDN DR,,CARDIFF BY THE SEA,CA,92007-2306
California Autohaus,TEK,3472,17675690,1026,101,9,,MARISA,HARDY,1041 GOLDENEYE VW,,CARLSBAD,CA,92011-1225
California Autohaus,TEK,3472,17679125,1026,101,9,,MONICA,FARMAR,PO BOX 1854,,RANCHO SANTA FE,CA,92067-1854
California Autohaus,TEK,3472,34133587,1026,101,09,,Robert,Beck,2663 MARQUITA PL,,CARLSBAD,CA,92009-8135
California Autohaus,TEK,3472,29666006,1026,101,09,,John,Christensen,6322 MOUNT AINSWORTH WAY,,SAN DIEGO,CA,92111-3221
California Autohaus,TEK,3472,17677634,1026,101,9,,DAVID,TRASK,1875 BLACK MUSTARD LN,,CARLSBAD,CA,92011-4089
California Autohaus,TEK,3472,17675180,1026,101,09,,JEFF,JENSEN,PO BOX 1763,,RANCHO SANTA FE,CA,92067-1763
California Autohaus,TEK,3472,35012936,1026,101,09,,Julie,Watts,4736 FINCHLEY TER,,SAN DIEGO,CA,92130-1336
California Autohaus,TEK,3472,31270109,1026,101,09,,Aaron,Schacht,900 CUSTER AVE,,SAN MARCOS,CA,92078-5357
California Autohaus,TEK,3472,17677272,1026,101,9,,BETH,CLARKE,1810 LAKE DR,,CARDIFF BY THE SEA,CA,92007-1205
