Shop Name,Software,SID,CID,WSID,WCID,MBdayMo,TBdayMo,First,Last,Address,Address2,City,St,Zip
O'Bryan Auto Repair,TEK,331,2615385,1027,102,,3,Leaseplan,Chambers,10510 UDALL RD,,SAINT PAUL,KS,66771-3001
O'Bryan Auto Repair,TEK,331,3543012,1027,102,,9,James,Haynes,629 E 3RD ST,,ERIE,KS,66733-4094
O'Bryan Auto Repair,TEK,331,4366319,1027,102,,9,Dallas,Robertson,304 W 3RD ST,,CHERRYVALE,KS,67335-1216
O'Bryan Auto Repair,TEK,331,5705897,1027,102,,3,Lemuel,Espinosa,1558 1/2 DALLAS ST,,AURORA,CO,80010-2073
O'Bryan Auto Repair,TEK,331,1038986,1027,102,,3,Terry,McMunn,1636 18000 RD,,PARSONS,KS,67357-8058
O'Bryan Auto Repair,TEK,331,6166900,1027,102,,9,Jacob,Miller,7191 UNICORN RD,,PIERCE CITY,MO,65723-9228
O'Bryan Auto Repair,TEK,331,6477433,1027,102,,9,Leanna,Guajardo,1837 HUDSON ST,,CORPUS CHRISTI,TX,78416-1549
O'Bryan Auto Repair,TEK,331,6171258,1027,102,,3,Dillon,Lyons,2312 BELMONT AVE,,PARSONS,KS,67357-4038
O'Bryan Auto Repair,TEK,331,7148382,1027,102,,9,Lonnie,Burkholder,500 BAKER RD,,FREDONIA,KY,42411-9202
O'Bryan Auto Repair,TEK,331,7330507,1027,102,,3,Shay,Johnson,1710 APPLETON AVE,,PARSONS,KS,67357-4330
O'Bryan Auto Repair,TEK,331,7538092,1027,102,,9,Jose,Badillo,1805 CLARK AVE,,PARSONS,KS,67357-3141
O'Bryan Auto Repair,TEK,331,8478868,1027,102,,3,Chris,Duley,927 S SCHIFFERDECKER AVE,,JOPLIN,MO,64801-3528
O'Bryan Auto Repair,TEK,331,8644456,1027,102,,3,Shella,Joy,104 S GRANT ST,,ERIE,KS,66733-1325
O'Bryan Auto Repair,TEK,331,8748804,1027,102,,3,Cienna,Best,1722 24000 RD,,PARSONS,KS,67357-8494
O'Bryan Auto Repair,TEK,331,8814632,1027,102,,9,Hayden,Smith,801 E 5TH ST,,ALTAMONT,KS,67330-9295
O'Bryan Auto Repair,TEK,331,3748038,1027,102,,9,Christian,Guzeman,515 LAFAYETTE ST,,SAINT PAUL,KS,66771-4083
O'Bryan Auto Repair,TEK,331,8961964,1027,102,,9,ILS,Express,1635 RIO VIS,,EAGLE PASS,TX,78852-3597
O'Bryan Auto Repair,TEK,331,9586251,1027,102,,9,Kasie,Vincent,501 W CANVILLE ST,,ERIE,KS,66733-9583
O'Bryan Auto Repair,TEK,331,10218411,1027,102,,9,Juan,Mendez,2515 CLARK AVE,,PARSONS,KS,67357-2518
O'Bryan Auto Repair,TEK,331,10796440,1027,102,,3,jesse,martin,1703 LIBERTY ST,,OSWEGO,KS,67356-8784
O'Bryan Auto Repair,TEK,331,11391338,1027,102,,3,Dean,Lehrke,PO BOX 326,,ALTAMONT,KS,67330-0326
O'Bryan Auto Repair,TEK,331,12209554,1027,102,,3,John,Do,119 N CAYUGA ST,,FRONTENAC,KS,66763-2248
O'Bryan Auto Repair,TEK,331,15307031,1027,102,,3,Drake,Anderson,1504 CORNING AVE,,PARSONS,KS,67357-4252
O'Bryan Auto Repair,TEK,331,9500126,1027,102,,3,Jacob,Coleman,22102 MEADE RD,,PARSONS,KS,67357-8018
O'Bryan Auto Repair,TEK,331,15110826,1027,102,,9,Yasmine,Trammeoo,1407 BROADWAY AVE,,PARSONS,KS,67357-3306
O'Bryan Auto Repair,TEK,331,18606385,1027,102,,3,AM Cohron,SEE,17580 DOUGLAS RD,,CHANUTE,KS,66720-5110
O'Bryan Auto Repair,TEK,331,20265461,1027,102,,9,John,Vorughton,508 E 3RD ST,,CHERRYVALE,KS,67335-1518
O'Bryan Auto Repair,TEK,331,21070434,1027,102,,3,Alexandra,McCray,933 19000 RD,,MOUND VALLEY,KS,67354-9254
O'Bryan Auto Repair,TEK,331,21826954,1027,102,,9,Ryan,Brown,215 W 18TH ST,,PITTSBURG,KS,66762-3013
O'Bryan Auto Repair,TEK,331,22831284,1027,102,,3,Jeremiah,Schaible,2605 CLARK AVE,,PARSONS,KS,67357-2426
O'Bryan Auto Repair,TEK,331,23914765,1027,102,,3,Sara,Reimer,24050 ROOKS RD,,PARSONS,KS,67357-8445
O'Bryan Auto Repair,TEK,331,24409574,1027,102,,3,John,Jenkins,1108 N 20TH ST,,PARSONS,KS,67357-2812
O'Bryan Auto Repair,TEK,331,13717257,1027,102,,3,Bill,Troester,1607 GABRIEL AVE,,PARSONS,KS,67357-3030
O'Bryan Auto Repair,TEK,331,21038051,1027,102,,9,Pam,Bouziden,2504 CRAWFORD AVE,,PARSONS,KS,67357-2529
O'Bryan Auto Repair,TEK,331,22935444,1027,102,,9,John,Colclazier,26057 PRATT RD,,PARSONS,KS,67357-8011
O'Bryan Auto Repair,TEK,331,27614575,1027,102,,3,Demarco,Shoat,1716 24000 RD,,PARSONS,KS,67357-8483
O'Bryan Auto Repair,TEK,331,30643167,1027,102,,3,Cutter,Boone,611 LEAWOOD DR,,PARSONS,KS,67357-3434
O'Bryan Auto Repair,TEK,331,31242960,1027,102,,9,Rodney,Oliver,1211 W 12TH ST,,COFFEYVILLE,KS,67337-3701
O'Bryan Auto Repair,TEK,331,23874791,1027,102,,3,William,Hoffman,210 W 1ST ST,,ERIE,KS,66733-1209
O'Bryan Auto Repair,TEK,331,32679876,1027,102,,3,Kevin,Crow,21052 NESS RD,,PARSONS,KS,67357-8082
O'Bryan Auto Repair,TEK,331,1039688,1027,102,,9,Tony,Hernandez,2220 MORTON AVE,,PARSONS,KS,67357-4504
O'Bryan Auto Repair,TEK,331,33559629,1027,102,,3,Tyler,Robinson,1520 US HIGHWAY 59,,PARSONS,KS,67357-7401
O'Bryan Auto Repair,TEK,331,34129864,1027,102,,9,Elizabeth,Miller,2703 CHESS AVE,,PARSONS,KS,67357-2318
O'Bryan Auto Repair,TEK,331,35597977,1027,102,,9,Allen,Parlier,2200 BROADWAY AVE,,PARSONS,KS,67357-2744
