Shop Name,Software,SID,CID,WSID,WCID,MBdayMo,TBdayMo,First,Last,Address,Address2,City,St,Zip
O'Bryan Auto Repair - Pitt,TEK,1692,13801562,1028,102,3,,Daniel,Campbell,516 E JEFFERSON ST,,PITTSBURG,KS,66762-5443
O'Bryan Auto Repair - Pitt,TEK,1692,9157684,1028,102,3,,GEANETTE,STROUD,1209 E 7TH ST,,PITTSBURG,KS,66762-4413
O'Bryan Auto Repair - Pitt,TEK,1692,12145474,1028,102,3,,Ron,Blackford,3007 N FREE KING HWY,,PITTSBURG,KS,66762-8405
O'Bryan Auto Repair - Pitt,TEK,1692,9162966,1028,102,3,,AMANDA,TOMLINSON,526 W MARTIN ST,,PITTSBURG,KS,66762-4945
O'Bryan Auto Repair - Pitt,TEK,1692,15456745,1028,102,3,,Sam,Viranda,300 N LINN ST,,FRONTENAC,KS,66763-2044
O'Bryan Auto Repair - Pitt,TEK,1692,12949588,1028,102,3,,Mary,Hunt,350 E 520TH AVE,,PITTSBURG,KS,66762-6831
O'Bryan Auto Repair - Pitt,TEK,1692,15777893,1028,102,3,,Trinity,Moore,3340 W 271ST ST,,LOUISBURG,KS,66053-8298
O'Bryan Auto Repair - Pitt,TEK,1692,15908342,1028,102,3,,Reneigh,Beard,811 W 1ST ST,,PITTSBURG,KS,66762-4601
O'Bryan Auto Repair - Pitt,TEK,1692,15909567,1028,102,3,,Gabe,Robles,205 W KANSAS ST,,PITTSBURG,KS,66762-5111
O'Bryan Auto Repair - Pitt,TEK,1692,15934040,1028,102,3,,Chad,White,503 E PARK ST,,PITTSBURG,KS,66762-5336
O'Bryan Auto Repair - Pitt,TEK,1692,16009449,1028,102,3,,Shelby,Corbus,1210 N JOPLIN ST,,PITTSBURG,KS,66762-3214
O'Bryan Auto Repair - Pitt,TEK,1692,16149881,1028,102,3,,Samaudria,Cox,305 S WEST ST,,ARMA,KS,66712-9445
O'Bryan Auto Repair - Pitt,TEK,1692,16259244,1028,102,3,,Amy,Shoemaker,209 W PARK ST,,PITTSBURG,KS,66762-5145
O'Bryan Auto Repair - Pitt,TEK,1692,16260974,1028,102,3,,Sharon,Henderson,1109 W 4TH ST,,PITTSBURG,KS,66762-4647
O'Bryan Auto Repair - Pitt,TEK,1692,16282934,1028,102,3,,Lisa,Gray,423 E JEFFERSON ST,,PITTSBURG,KS,66762-5440
O'Bryan Auto Repair - Pitt,TEK,1692,16397377,1028,102,3,,Jim,Manley,21659 SUMAC RD,,ORONOGO,MO,64855-9293
O'Bryan Auto Repair - Pitt,TEK,1692,10788857,1028,102,3,,JENNIFER,MEADOWS,301 E 24TH TER,,PITTSBURG,KS,66762-2610
O'Bryan Auto Repair - Pitt,TEK,1692,16498779,1028,102,3,,Riley,Chaffee,507 S SINNETT ST,,GIRARD,KS,66743-2358
O'Bryan Auto Repair - Pitt,TEK,1692,16501042,1028,102,3,,Angelo,Merando,103 S WRIGHT ST,,FRONTENAC,KS,66763-2267
O'Bryan Auto Repair - Pitt,TEK,1692,16605908,1028,102,3,,Dusty,Pennington,1020 E 16TH ST,,PITTSBURG,KS,66762-3447
O'Bryan Auto Repair - Pitt,TEK,1692,16733030,1028,102,3,,Mark,Baker,1901 S HOMER ST,,PITTSBURG,KS,66762-6320
O'Bryan Auto Repair - Pitt,TEK,1692,16878082,1028,102,3,,Todd,Lemaster,116 DEVONA LN,,PITTSBURG,KS,66762-6803
O'Bryan Auto Repair - Pitt,TEK,1692,16895170,1028,102,3,,Jemon,Allen,701 S 25TH ST,,PARSONS,KS,67357-4502
O'Bryan Auto Repair - Pitt,TEK,1692,17296552,1028,102,3,,Jim,Simone,415 W WASHINGTON ST,,PITTSBURG,KS,66762-5058
O'Bryan Auto Repair - Pitt,TEK,1692,18852024,1028,102,3,,Lauren,Pearson,123 N CAYUGA ST,,FRONTENAC,KS,66763-2248
O'Bryan Auto Repair - Pitt,TEK,1692,12210547,1028,102,3,,MARC,DOHERTY,2602 S SPRINGDALE ST,,PITTSBURG,KS,66762-6690
O'Bryan Auto Repair - Pitt,TEK,1692,12162447,1028,102,3,,DIANE,VANBECELAERE,1108 S JOPLIN ST,,PITTSBURG,KS,66762-5914
O'Bryan Auto Repair - Pitt,TEK,1692,11733735,1028,102,3,,David,Ivy,121 W FOREST ST,,PITTSBURG,KS,66762-5135
O'Bryan Auto Repair - Pitt,TEK,1692,15543638,1028,102,3,,Logan,Wiley,20761 CINCINNATI CREEK RD,,SILOAM SPRINGS,AR,72761-9324
O'Bryan Auto Repair - Pitt,TEK,1692,22633805,1028,102,3,,Autumn,George,808 E ATKINSON AVE,,PITTSBURG,KS,66762-2300
O'Bryan Auto Repair - Pitt,TEK,1692,21691150,1028,102,03,,Blake,Lee,714 E 7TH ST,,PITTSBURG,KS,66762-4254
O'Bryan Auto Repair - Pitt,TEK,1692,12133710,1028,102,3,,Lauren,Gladney,2006 S ROUSE ST,,PITTSBURG,KS,66762-6629
O'Bryan Auto Repair - Pitt,TEK,1692,11267156,1028,102,3,,Thomas,Jorgensen,5212 NW 109TH ST,,OKLAHOMA CITY,OK,73162-5903
O'Bryan Auto Repair - Pitt,TEK,1692,23340522,1028,102,03,,Caleb,Klinzing,1307 S JOPLIN ST,Clemson Commons BLD B UNIT 114,PITTSBURG,KS,66762-5427
O'Bryan Auto Repair - Pitt,TEK,1692,11706902,1028,102,3,,Erik,Batalia,203 E MAIN ST,,ARMA,KS,66712-4002
O'Bryan Auto Repair - Pitt,TEK,1692,22915431,1028,102,3,,Rusty,Vanbeclaere,2102 COUNTRYSIDE DR,,PITTSBURG,KS,66762-3528
O'Bryan Auto Repair - Pitt,TEK,1692,23913405,1028,102,3,,Leon,Bogner,1709 COLONIAL DR,,PITTSBURG,KS,66762-3509
O'Bryan Auto Repair - Pitt,TEK,1692,24055768,1028,102,3,,Rhonda,Robson,804 S OLIVE ST,,PITTSBURG,KS,66762-5169
O'Bryan Auto Repair - Pitt,TEK,1692,24150300,1028,102,3,,Sharon,Cox,613 N SUMMIT ST,,GIRARD,KS,66743-1019
O'Bryan Auto Repair - Pitt,TEK,1692,24695547,1028,102,3,,Kelly,Johns,108 E 22ND ST,,PITTSBURG,KS,66762-2900
O'Bryan Auto Repair - Pitt,TEK,1692,24712274,1028,102,3,,Gage,Lamb,1226 SCOTT AVE,,FORT SCOTT,KS,66701-2728
O'Bryan Auto Repair - Pitt,TEK,1692,16149567,1028,102,3,,Kalynn,Marrs,309 E 16TH ST,,PITTSBURG,KS,66762-3116
O'Bryan Auto Repair - Pitt,TEK,1692,25985005,1028,102,3,,Ken,Wilson,3040 DALLAS FREEMAN RD,,HIWASSEE,VA,24347-2617
O'Bryan Auto Repair - Pitt,TEK,1692,20747368,1028,102,3,,Jason,Denman,2201 E MACARTHUR RD LOT B7,,WICHITA,KS,67216-5605
O'Bryan Auto Repair - Pitt,TEK,1692,27101269,1028,102,03,,Krista,Young,636 TALON DR,,NEWCASTLE,OK,73065-5985
O'Bryan Auto Repair - Pitt,TEK,1692,17037880,1028,102,03,,Jordan,Schreppl,812 E 10TH ST,,PITTSBURG,KS,66762-4227
O'Bryan Auto Repair - Pitt,TEK,1692,16512107,1028,102,3,,Sandy,Collins,2511 N WALNUT ST # APT,,PITTSBURG,KS,66762-2680
O'Bryan Auto Repair - Pitt,TEK,1692,10105770,1028,102,3,,Dakota,Huston,707 E QUINCY ST APT A,,PITTSBURG,KS,66762-5965
O'Bryan Auto Repair - Pitt,TEK,1692,27854675,1028,102,03,,Larry,Williams,103 W FOREST ST APT B,,PITTSBURG,KS,66762-5156
O'Bryan Auto Repair - Pitt,TEK,1692,19756715,1028,102,3,,April,Smith,400 W ANTELOPE ST,,GIRARD,KS,66743-1608
O'Bryan Auto Repair - Pitt,TEK,1692,29580412,1028,102,03,,Tangie,Beard,PO BOX 183,,LIBERAL,MO,64762-0183
O'Bryan Auto Repair - Pitt,TEK,1692,10404506,1028,102,3,,Jim,Jenkins,634 OHIO ST,,OSWEGO,KS,67356-2322
O'Bryan Auto Repair - Pitt,TEK,1692,23912633,1028,102,03,,Jennifer,Rowe,722 E 8TH ST,,PITTSBURG,KS,66762-4213
O'Bryan Auto Repair - Pitt,TEK,1692,20141619,1028,102,3,,Stephanie,Barber,1111 E 8TH ST,,PITTSBURG,KS,66762-4415
O'Bryan Auto Repair - Pitt,TEK,1692,13323684,1028,102,3,,Paige,Parks,310 E 2ND ST,,ADRIAN,MO,64720-9241
O'Bryan Auto Repair - Pitt,TEK,1692,10885047,1028,102,3,,John,Ragan,605 E 27TH ST,,PITTSBURG,KS,66762-2751
O'Bryan Auto Repair - Pitt,TEK,1692,15458228,1028,102,3,,Paul,Hanney,307 W 6TH ST,,PITTSBURG,KS,66762-3706
O'Bryan Auto Repair - Pitt,TEK,1692,22168139,1028,102,3,,Melissa,Haviland,709 W MAPLE ST,,COLUMBUS,KS,66725-1504
O'Bryan Auto Repair - Pitt,TEK,1692,32907790,1028,102,03,,April,Allen,411 S ELM ST,,PITTSBURG,KS,66762-5227
O'Bryan Auto Repair - Pitt,TEK,1692,32931349,1028,102,03,,Mary,Newport,7468 NE VILLAGE LN,,PITTSBURG,KS,66762-8568
O'Bryan Auto Repair - Pitt,TEK,1692,33526992,1028,102,03,,Shane,Wade,2012 COLONIAL DR,,PITTSBURG,KS,66762-3516
O'Bryan Auto Repair - Pitt,TEK,1692,24036440,1028,102,3,,Paris,Vratil,1222 S 230TH ST,,PITTSBURG,KS,66762-6856
O'Bryan Auto Repair - Pitt,TEK,1692,34385900,1028,102,03,,DEANDRA,CORNELIUS,3036 ELMWOOD AVE,,KANSAS CITY,MO,64128-1742
O'Bryan Auto Repair - Pitt,TEK,1692,9660495,1028,102,3,,James,Taylor,113 E 20TH ST,,PITTSBURG,KS,66762-3127
O'Bryan Auto Repair - Pitt,TEK,1692,13841679,1028,102,3,,Jennifer,Schafer,906 LIMESTONE RD,,UNIONTOWN,KS,66779-8036
O'Bryan Auto Repair - Pitt,TEK,1692,34667904,1028,102,03,,Kalob,Loyd,743 S EDDY ST,,FORT SCOTT,KS,66701-2563
O'Bryan Auto Repair - Pitt,TEK,1692,34699803,1028,102,03,,Ben,Fowler,226 W ADAMS ST,,PITTSBURG,KS,66762-5134
O'Bryan Auto Repair - Pitt,TEK,1692,34720242,1028,102,03,,David,Green,1701 COUNTRYSIDE DR,,PITTSBURG,KS,66762-3519
O'Bryan Auto Repair - Pitt,TEK,1692,34719482,1028,102,03,,Mike,Fields,1225 E 14TH ST,,PITTSBURG,KS,66762-6703
O'Bryan Auto Repair - Pitt,TEK,1692,31238553,1028,102,03,,Kayla,Reich,248 CREEK RD,,MIFFLINBURG,PA,17844-7417
O'Bryan Auto Repair - Pitt,TEK,1692,32904313,1028,102,03,,Scott,Bailey,2101 W 4TH ST TRLR 23,,PITTSBURG,KS,66762-8636
O'Bryan Auto Repair - Pitt,TEK,1692,34953181,1028,102,03,,Tom,Sluder,417 E JACKSON ST,,PITTSBURG,KS,66762-5908
O'Bryan Auto Repair - Pitt,TEK,1692,18312331,1028,102,03,,Tony,Taylor,711 N GRAND ST APT B,,PITTSBURG,KS,66762-4160
O'Bryan Auto Repair - Pitt,TEK,1692,10890173,1028,102,3,,Brian,Moots,1002 AMBER DR,,PITTSBURG,KS,66762-2756
O'Bryan Auto Repair - Pitt,TEK,1692,35348538,1028,102,03,,Robert,Eagle,198 S 180TH ST,,GIRARD,KS,66743-9490
O'Bryan Auto Repair - Pitt,TEK,1692,29365258,1028,102,03,,Alex,McClelland,109 E MAPLE ST,,LIBERAL,MO,64762-9301
