Shop Name,Software,SID,CID,WSID,WCID,MBdayMo,TBdayMo,First,Last,Address,Address2,City,St,Zip
Matt's Automotive Service Center Pine City,TEK,1873,10192558,1029,104,9,,Adam,Zimmerman,2590 220TH AVE,,MORA,MN,55051-6928
Matt's Automotive Service Center Pine City,TEK,1873,10192021,1029,104,9,,Pam,Neuenfeldt,28242 W RIVER WAY,,PINE CITY,MN,55063-5593
Matt's Automotive Service Center Pine City,TEK,1873,10196757,1029,104,9,,Lori,Jacobson,18683 BIG ASPEN TRL,,PINE CITY,MN,55063-5475
Matt's Automotive Service Center Pine City,TEK,1873,10197904,1029,104,9,,Bow,Smith,30288 RIDGE RD,,PINE CITY,MN,55063-4051
Matt's Automotive Service Center Pine City,TEK,1873,10196346,1029,104,9,,Richard,Revak,28720 TREASURE ISLAND RD,,DANBURY,WI,54830-8710
Matt's Automotive Service Center Pine City,TEK,1873,10192867,1029,104,9,,Brad,Lind,495 8TH AVE NE,,PINE CITY,MN,55063-1174
Matt's Automotive Service Center Pine City,TEK,1873,10192281,1029,104,9,,David,Theede,711 NINA ST SW,,ISANTI,MN,55040-7242
Matt's Automotive Service Center Pine City,TEK,1873,10196023,1029,104,9,,Rayonna,Vanvickle,14497 GOVERNMENT RD,,PINE CITY,MN,55063-5159
Matt's Automotive Service Center Pine City,TEK,1873,10193243,1029,104,9,,Kevin,Nyman,15 5TH AVE SE,,HENRIETTE,MN,55036-7519
Matt's Automotive Service Center Pine City,TEK,1873,10194486,1029,104,9,,Jodi,Johnson,705 2ND AVE SW,,PINE CITY,MN,55063-1404
Matt's Automotive Service Center Pine City,TEK,1873,10193944,1029,104,9,,Bruce,Anderson,10752 BRUNSWICK RD,,PINE CITY,MN,55063-4622
Matt's Automotive Service Center Pine City,TEK,1873,10196571,1029,104,9,,Rikki,Hugger,57890 MAPLE AVE,,PINE CITY,MN,55063-9355
Matt's Automotive Service Center Pine City,TEK,1873,10191824,1029,104,9,,Brianna,Clemmer,9995 CRESTVIEW LN,,GRASSTON,MN,55030-3205
Matt's Automotive Service Center Pine City,TEK,1873,10194375,1029,104,9,,Val,Stanton,18601 CASSIE LN,,PINE CITY,MN,55063-5737
Matt's Automotive Service Center Pine City,TEK,1873,10196634,1029,104,9,,Don,Stoffel,1652 HILLSIDE AVE SW,,PINE CITY,MN,55063-4737
Matt's Automotive Service Center Pine City,TEK,1873,10192934,1029,104,9,,Ray,Barber,PO BOX 262,,PINE CITY,MN,55063-0262
Matt's Automotive Service Center Pine City,TEK,1873,10191880,1029,104,9,,Margaret,Dolan,1305 8TH ST SW # 113,,PINE CITY,MN,55063-2003
Matt's Automotive Service Center Pine City,TEK,1873,10192415,1029,104,9,,Georgia,Shreve,13204 CANALVILLE LN,,GRASSTON,MN,55030-2116
Matt's Automotive Service Center Pine City,TEK,1873,10198047,1029,104,9,,Bob,Tompkins,420 BEAN AVE APT 312,,MORA,MN,55051-1487
Matt's Automotive Service Center Pine City,TEK,1873,10197454,1029,104,9,,Andi,Browning,400 5TH AVE SE,,PINE CITY,MN,55063-1719
Matt's Automotive Service Center Pine City,TEK,1873,10198347,1029,104,9,,Mark,Clark,1021 9TH ST SW,,PINE CITY,MN,55063-2200
Matt's Automotive Service Center Pine City,TEK,1873,10197201,1029,104,9,,Greg,Geisler,20495 DOWNEY RD,,PINE CITY,MN,55063-4971
Matt's Automotive Service Center Pine City,TEK,1873,10196018,1029,104,9,,Kevin,Kroschel,52077 SJODAHL RD,,SANDSTONE,MN,55072-2716
Matt's Automotive Service Center Pine City,TEK,1873,10192472,1029,104,9,,Brian,Trantanella,16485 PAR CIR SW,,PINE CITY,MN,55063-5662
Matt's Automotive Service Center Pine City,TEK,1873,10197324,1029,104,9,,Mike,Stumne,11751 POKEGAMA LAKE RD,,PINE CITY,MN,55063-5629
Matt's Automotive Service Center Pine City,TEK,1873,10192434,1029,104,9,,Jackie,Labelle,PO BOX 533,,NORTH BRANCH,MN,55056-0533
Matt's Automotive Service Center Pine City,TEK,1873,10196217,1029,104,9,,Jake,Schneider,7324 ROLLING MEADOWS CIR,,PINE CITY,MN,55063-5901
Matt's Automotive Service Center Pine City,TEK,1873,10191937,1029,104,9,,Wes,Prose,11591 SNAKE RIVER DR,,PINE CITY,MN,55063-4577
Matt's Automotive Service Center Pine City,TEK,1873,10195837,1029,104,9,,Brett,Klemz,9371 BROOK DR,,PINE CITY,MN,55063-5436
Matt's Automotive Service Center Pine City,TEK,1873,10192634,1029,104,9,,Jim,Shatava,26405 CROOKED RIVER RD,,PINE CITY,MN,55063-4952
Matt's Automotive Service Center Pine City,TEK,1873,10198481,1029,104,9,,Chris,Maas,1729 LE BOIS DR,,JACKSONVILLE,FL,32221-6748
Matt's Automotive Service Center Pine City,TEK,1873,10193658,1029,104,9,,Kevin,Neitzel,41257 GOVERNMENT RD,,HINCKLEY,MN,55037-7394
Matt's Automotive Service Center Pine City,TEK,1873,10198559,1029,104,9,,Bob,Day,12754 CROSS LAKE RD SE,,PINE CITY,MN,55063-5168
Matt's Automotive Service Center Pine City,TEK,1873,10194586,1029,104,9,,Cooper,Douglass,160 N ELIOT AVE APT,,RUSH CITY,MN,55069-5006
Matt's Automotive Service Center Pine City,TEK,1873,10198630,1029,104,9,,Travis,Hudlow,15970 CROSS LAKE RD,,PINE CITY,MN,55063-4860
Matt's Automotive Service Center Pine City,TEK,1873,10197529,1029,104,9,,Micheal,Bunting,16108 SUNNYSIDE RD,,PINE CITY,MN,55063-5571
Matt's Automotive Service Center Pine City,TEK,1873,10196030,1029,104,9,,Vi,Cole,16947 SUNSET TRL,,PINE CITY,MN,55063-5606
Matt's Automotive Service Center Pine City,TEK,1873,10195966,1029,104,9,,Nick,Fulweiler,635 2ND ST SE,,PINE CITY,MN,55063-1905
Matt's Automotive Service Center Pine City,TEK,1873,10192023,1029,104,9,,Jack,Brown,28701 FOREST RD,,PINE CITY,MN,55063-4896
Matt's Automotive Service Center Pine City,TEK,1873,10196363,1029,104,9,,Dan,Willert,825 10TH ST SW,,PINE CITY,MN,55063-2042
Matt's Automotive Service Center Pine City,TEK,1873,10191909,1029,104,9,,Jake,Kaysen,9151 MAPLE SHORES DR,,PINE CITY,MN,55063-4715
Matt's Automotive Service Center Pine City,TEK,1873,10198479,1029,104,9,,David,Pajnic,7749 TIMBER RIDGE DR,,RUSH CITY,MN,55069-3404
Matt's Automotive Service Center Pine City,TEK,1873,10192453,1029,104,9,,Mike S,Schmidt,48328 RIVER RD,,RUSH CITY,MN,55069-2057
Matt's Automotive Service Center Pine City,TEK,1873,10194065,1029,104,9,,Steve,Ovick,930 3RD AVE NW,,PINE CITY,MN,55063-1017
Matt's Automotive Service Center Pine City,TEK,1873,10785225,1029,104,9,,Kenneth,Cummings,215 10TH ST NW,,PINE CITY,MN,55063-1038
Matt's Automotive Service Center Pine City,TEK,1873,10197490,1029,104,9,,Randy,Skalicky,820 7TH AVE SW,,PINE CITY,MN,55063-1809
Matt's Automotive Service Center Pine City,TEK,1873,10192135,1029,104,9,,Ron,Westberg,7243 550TH ST,,RUSH CITY,MN,55069-2178
Matt's Automotive Service Center Pine City,TEK,1873,10192915,1029,104,9,,Jeremy,Wiberg,350 JOHNSON AVE SE UNIT E2,,PINE CITY,MN,55063-2138
Matt's Automotive Service Center Pine City,TEK,1873,10191863,1029,104,9,,Wayne,Elliott,56885 NATURE AVE,,PINE CITY,MN,55063-9005
Matt's Automotive Service Center Pine City,TEK,1873,10195040,1029,104,9,,Tammy,DeWolf,142 7TH AVE SE,,PINE CITY,MN,55063-1920
Matt's Automotive Service Center Pine City,TEK,1873,10195565,1029,104,9,,Bruce,Kuchnicki,1670 AIRWAVES RD NE,,PINE CITY,MN,55063-5796
Matt's Automotive Service Center Pine City,TEK,1873,10197888,1029,104,9,,Ed,Palmer,PO BOX 216,,FINLAYSON,MN,55735-0216
Matt's Automotive Service Center Pine City,TEK,1873,15451555,1029,104,9,,Tom,Howard,12985 TIGUA RD,,PINE CITY,MN,55063-4504
Matt's Automotive Service Center Pine City,TEK,1873,10193092,1029,104,9,,David,Karas,11201 MILKYWAY LN SE,,PINE CITY,MN,55063-4486
Matt's Automotive Service Center Pine City,TEK,1873,10192355,1029,104,9,,Matt,Mattson,10600 580TH ST,,PINE CITY,MN,55063-9364
Matt's Automotive Service Center Pine City,TEK,1873,10196611,1029,104,9,,Todd,Barton,7220 560TH ST,,PINE CITY,MN,55063-9240
Matt's Automotive Service Center Pine City,TEK,1873,10192862,1029,104,9,,Jim,Launderville,1598 RAINBOW ST,,GRASSTON,MN,55030-9723
Matt's Automotive Service Center Pine City,TEK,1873,12027827,1029,104,9,,Adeline,Crawford,36002 OASIS RD,,LINDSTROM,MN,55045-9622
Matt's Automotive Service Center Pine City,TEK,1873,10196804,1029,104,9,,Marc,Frogner,16519 TIGUA RD,,PINE CITY,MN,55063-4536
Matt's Automotive Service Center Pine City,TEK,1873,10192753,1029,104,9,,Brian,Wasche,350 JOHNSON AVE SE UNIT D7,,PINE CITY,MN,55063-2130
Matt's Automotive Service Center Pine City,TEK,1873,10193353,1029,104,9,,David,Gusk,715 SPRING LN APT 6,,HINCKLEY,MN,55037-8371
Matt's Automotive Service Center Pine City,TEK,1873,10197101,1029,104,9,,Char,Meckel,925 6TH AVE SW APT 4,,PINE CITY,MN,55063-1801
Matt's Automotive Service Center Pine City,TEK,1873,10198356,1029,104,9,,Wolfgang,Rothen,22960 TUNNEL RD,,PINE CITY,MN,55063-5447
Matt's Automotive Service Center Pine City,TEK,1873,10192718,1029,104,9,,Stephanie,Toman,29615 SUNNY HILL RD,,BROOK PARK,MN,55007-4738
Matt's Automotive Service Center Pine City,TEK,1873,10196704,1029,104,9,,Brady,Helseth,4016 HERU CT,,COLLEGE STATION,TX,77845-7085
Matt's Automotive Service Center Pine City,TEK,1873,19776907,1029,104,9,,Brad,James,19193 ISLAND RESORT RD,,PINE CITY,MN,55063-5415
Matt's Automotive Service Center Pine City,TEK,1873,11740657,1029,104,9,,Jeremy,Dunagan,2591 LITTLE TELANDER DR,,MORA,MN,55051-6572
Matt's Automotive Service Center Pine City,TEK,1873,10193454,1029,104,9,,Jeff,Schlaeger,9613 BRUNSWICK RD,,PINE CITY,MN,55063-4625
Matt's Automotive Service Center Pine City,TEK,1873,10196560,1029,104,9,,Mary Ann,Mangan,155 2ND AVE SE,,PINE CITY,MN,55063-1519
Matt's Automotive Service Center Pine City,TEK,1873,20852071,1029,104,9,,Juan,Cortez,2543 17TH AVE E,,SAINT PAUL,MN,55109-1808
Matt's Automotive Service Center Pine City,TEK,1873,10193263,1029,104,9,,Dwayne,VanVickle,920 LINK DR SE,,PINE CITY,MN,55063-6005
Matt's Automotive Service Center Pine City,TEK,1873,10197795,1029,104,9,,Jolyn,Winger,16917 DOWNEY RD,,PINE CITY,MN,55063-4967
Matt's Automotive Service Center Pine City,TEK,1873,21672527,1029,104,9,,Shirley,Rice,200 PARK ST S,,MORA,MN,55051-1473
Matt's Automotive Service Center Pine City,TEK,1873,22030863,1029,104,9,,michael,Gonzser,530 4TH ST SE,,PINE CITY,MN,55063-1717
Matt's Automotive Service Center Pine City,TEK,1873,22092124,1029,104,9,,tyler,Sahr,14024 POND LN,,PINE CITY,MN,55063-4511
Matt's Automotive Service Center Pine City,TEK,1873,22212002,1029,104,09,,Mike,Odonnell,22596 ELSTON CT,,FOREST LAKE,MN,55025-6503
Matt's Automotive Service Center Pine City,TEK,1873,22186398,1029,104,9,,Matt,Winden,30458 BIRCH DR,,PINE CITY,MN,55063-5095
Matt's Automotive Service Center Pine City,TEK,1873,10195823,1029,104,9,,Andrew,Johnson,126 POKEGAMA AVE W,,HENRIETTE,MN,55036-7503
Matt's Automotive Service Center Pine City,TEK,1873,10194677,1029,104,09,,James,Hunter,8725 BIRCHVIEW RD,,GRASSTON,MN,55030-2148
Matt's Automotive Service Center Pine City,TEK,1873,23406129,1029,104,9,,Ben,Besser,49860 BAYSIDE AVE,,RUSH CITY,MN,55069-2524
Matt's Automotive Service Center Pine City,TEK,1873,10198567,1029,104,09,,Chad,Houston,212 8TH AVE NE,,ISANTI,MN,55040-4547
Matt's Automotive Service Center Pine City,TEK,1873,10192004,1029,104,9,,Ted,Vonasek,30048 E RIVER WAY,,PINE CITY,MN,55063-5978
Matt's Automotive Service Center Pine City,TEK,1873,10193200,1029,104,9,,Tiffany,Vanguilder,910 4TH AVE SW,,PINE CITY,MN,55063-1606
Matt's Automotive Service Center Pine City,TEK,1873,10197215,1029,104,9,,Jared,Clementson,18442 N LAKE LN,,PINE CITY,MN,55063-5141
Matt's Automotive Service Center Pine City,TEK,1873,10198598,1029,104,9,,Tom,Huettl,16219 SUNNYSIDE RD,,PINE CITY,MN,55063-4412
Matt's Automotive Service Center Pine City,TEK,1873,12826432,1029,104,9,,Lynn,Kent,13593 220TH ST,,MILACA,MN,56353-3026
Matt's Automotive Service Center Pine City,TEK,1873,10192104,1029,104,9,,Paula,McKellar,20313 BLACKBIRD RD,,PINE CITY,MN,55063-4982
Matt's Automotive Service Center Pine City,TEK,1873,30639757,1029,104,09,,Jared,Carpenter,5356 570TH ST,,PINE CITY,MN,55063-5012
Matt's Automotive Service Center Pine City,TEK,1873,10195867,1029,104,9,,Bill,Thompson,20249 DUDLEY DR,,PINE CITY,MN,55063-5829
Matt's Automotive Service Center Pine City,TEK,1873,10194886,1029,104,9,,Sally,Silva,420 7TH AVE SE,,PINE CITY,MN,55063-1926
Matt's Automotive Service Center Pine City,TEK,1873,10196527,1029,104,9,,Cary,Helmin,20635 SCOTT DR,,PINE CITY,MN,55063-5164
Matt's Automotive Service Center Pine City,TEK,1873,31515094,1029,104,09,,Dean,Elliot,1020 MAIN ST S APT 4,,PINE CITY,MN,55063-2152
Matt's Automotive Service Center Pine City,TEK,1873,11238238,1029,104,9,,Mike,Willert,905 5TH AVE NW,,PINE CITY,MN,55063-1026
Matt's Automotive Service Center Pine City,TEK,1873,31469849,1029,104,09,,Jeanne,Kvam,925 2ND AVE SW,,PINE CITY,MN,55063-1408
Matt's Automotive Service Center Pine City,TEK,1873,10192956,1029,104,9,,Daniel,Schultz,1641 RUSH POINT DRIVE CIR W,,STANCHFIELD,MN,55080-6500
Matt's Automotive Service Center Pine City,TEK,1873,31657294,1029,104,09,,Sharon,Bean,20251 CROSS LAKE RD,,PINE CITY,MN,55063-4851
Matt's Automotive Service Center Pine City,TEK,1873,10195200,1029,104,09,,Janet,Wilson,PO BOX 111,,PINE CITY,MN,55063-0111
Matt's Automotive Service Center Pine City,TEK,1873,10192522,1029,104,9,,Dan,Pulju,15917 CROSS LAKE RD,,PINE CITY,MN,55063-4860
Matt's Automotive Service Center Pine City,TEK,1873,32920380,1029,104,09,,Micheal,Erickson,2382 SHERWOOD ST,,BROOK PARK,MN,55007-5744
Matt's Automotive Service Center Pine City,TEK,1873,33252487,1029,104,09,,Dan,Johnson,320 8TH ST SW,,PINE CITY,MN,55063-1627
Matt's Automotive Service Center Pine City,TEK,1873,33519983,1029,104,09,,Martin,Waldera,1010 ORANGE AVE E,,SAINT PAUL,MN,55106-2056
Matt's Automotive Service Center Pine City,TEK,1873,20881245,1029,104,9,,Dave,Bloom,23549 CEDAR CREEK RD,,PINE CITY,MN,55063-6040
Matt's Automotive Service Center Pine City,TEK,1873,10197961,1029,104,9,,Cheryl,Brennan,7872 WOODLAND RD,,PINE CITY,MN,55063-4689
Matt's Automotive Service Center Pine City,TEK,1873,10193250,1029,104,9,,Frank,Branszovsky,17352 TWO CREEK RD,,BROOK PARK,MN,55007-2130
Matt's Automotive Service Center Pine City,TEK,1873,34711335,1029,104,09,,Lisa,Bailey,300 7TH AVE SE,,PINE CITY,MN,55063-1924
Matt's Automotive Service Center Pine City,TEK,1873,34740896,1029,104,09,,Maren,Beckman,15059 MAPLE KNOLL RD,,PINE CITY,MN,55063-5618
Matt's Automotive Service Center Pine City,TEK,1873,35280727,1029,104,09,,Dan,Cooley,57667 GOVERNMENT RD,,PINE CITY,MN,55063-9054
Matt's Automotive Service Center Pine City,TEK,1873,10194733,1029,104,9,,Shane,Roatch,14392 MAPLE LEAF RD,,PINE CITY,MN,55063-4526
Matt's Automotive Service Center Pine City,TEK,1873,29374939,1029,104,09,,Victor,Archibong,165 7TH ST SW,,PINE CITY,MN,55063-1426
