Shop Name,Software,SID,CID,WSID,WCID,MBdayMo,TBdayMo,First,Last,Address,Address2,City,St,Zip
Matt's Automotive Service Center Pine City,TEK,1873,10195179,1029,104,,3,Robert,Brangard,15387 EDGEWATER RD NE,,PINE CITY,MN,55063-4784
Matt's Automotive Service Center Pine City,TEK,1873,10193711,1029,104,,9,Jon,Palmer,512 CENTRAL AVE E,,MORA,MN,55051-1119
Matt's Automotive Service Center Pine City,TEK,1873,10198104,1029,104,,9,Oscar,Sutherland,19846 EDGEWATER RD,,PINE CITY,MN,55063-5700
Matt's Automotive Service Center Pine City,TEK,1873,10192279,1029,104,,3,Debra,Taylor,309 OLD HIGHWAY 61 S,,HINCKLEY,MN,55037-8353
Matt's Automotive Service Center Pine City,TEK,1873,10196685,1029,104,,9,Branden,Kulenkamp,15292 TIGUA RD,,PINE CITY,MN,55063-4508
Matt's Automotive Service Center Pine City,TEK,1873,10195108,1029,104,,9,Claude,Hanson,56647 NATURE AVE,,PINE CITY,MN,55063-9007
Matt's Automotive Service Center Pine City,TEK,1873,10195240,1029,104,,9,Joe,Foster,32763 CEDAR CREEK RD,,HINCKLEY,MN,55037-7334
Matt's Automotive Service Center Pine City,TEK,1873,10193560,1029,104,,3,Butch,Anderson,16364 CEDAR CREEK RD,,PINE CITY,MN,55063-5884
Matt's Automotive Service Center Pine City,TEK,1873,10194231,1029,104,,9,Loren,Nelson,39233 CROOKED CREEK RD,,HINCKLEY,MN,55037-5326
Matt's Automotive Service Center Pine City,TEK,1873,10192742,1029,104,,9,Monique,Muller,4620 DIMBATH DR,,LAKELAND,FL,33813-2009
Matt's Automotive Service Center Pine City,TEK,1873,10874099,1029,104,,3,Carol,Lee,20519 RIDGEWAY RD NE,,PINE CITY,MN,55063-5890
Matt's Automotive Service Center Pine City,TEK,1873,10197075,1029,104,,9,Cierra,Shelton,232 W BENSON AVE,,GRANTSBURG,WI,54840-7024
Matt's Automotive Service Center Pine City,TEK,1873,10195509,1029,104,,9,Quinn,Briski,12307 HENRIETTE RD,,PINE CITY,MN,55063-5726
Matt's Automotive Service Center Pine City,TEK,1873,10198558,1029,104,,3,Parker,Soderbeck,820 GOLF AVE SW,,PINE CITY,MN,55063-5016
Matt's Automotive Service Center Pine City,TEK,1873,21055235,1029,104,,3,Joylyn,Kako,115 FOWLER RD,,CAMPOBELLO,SC,29322-9115
Matt's Automotive Service Center Pine City,TEK,1873,10194851,1029,104,,9,Wyatt,Babolik,1015 7TH AVE SW,,PINE CITY,MN,55063-1814
Matt's Automotive Service Center Pine City,TEK,1873,22210779,1029,104,,3,Becky,Walters,30 MAIN ST S APT 13M,,PINE CITY,MN,55063-1477
Matt's Automotive Service Center Pine City,TEK,1873,10193498,1029,104,,3,Roy,Moore,500 1ST ST SW,,HINCKLEY,MN,55037-8745
Matt's Automotive Service Center Pine City,TEK,1873,11405699,1029,104,,9,Zach,Yerke,56101 FALCON AVE,,PINE CITY,MN,55063-9289
Matt's Automotive Service Center Pine City,TEK,1873,31629019,1029,104,,9,Lola,Parks,720 8TH AVE SW,,PINE CITY,MN,55063-1817
Matt's Automotive Service Center Pine City,TEK,1873,34123082,1029,104,,3,Jackson,Smith,56198 LILY AVE,,RUSH CITY,MN,55069-9404
Matt's Automotive Service Center Pine City,TEK,1873,15295570,1029,104,,9,Michael,Connelly,14239 TANGLEWOOD LN,,PINE CITY,MN,55063-4539
Matt's Automotive Service Center Pine City,TEK,1873,10192671,1029,104,,9,Sam,Wegleitner,48900 DOGWOOD AVE,,RUSH CITY,MN,55069-2627
Matt's Automotive Service Center Pine City,TEK,1873,10192307,1029,104,,9,Gary,Wojtowicz,720 7TH AVE NE,,PINE CITY,MN,55063-1130
