Shop Name,Software,SID,CID,WSID,WCID,MBdayMo,TBdayMo,First,Last,Address,Address2,City,St,Zip
Matt's Automotive Service Center NOMO,TEK,3539,17745097,1030,104,3,,Darren,Schneider,3513 WESTMOOR CIR,,MOORHEAD,MN,56560-6923
Matt's Automotive Service Center NOMO,TEK,3539,17762714,1030,104,3,,Karen,Brown,253 20TH ST E,,WEST FARGO,ND,58078-2373
Matt's Automotive Service Center NOMO,TEK,3539,17743833,1030,104,3,,Casey,Culkins,1108 BELSLY BLVD APT 116,,MOORHEAD,MN,56560-5045
Matt's Automotive Service Center NOMO,TEK,3539,17730943,1030,104,3,,Keith,Malakowsky,1203 20TH ST N,,MOORHEAD,MN,56560-1844
Matt's Automotive Service Center NOMO,TEK,3539,17759113,1030,104,3,,LaRissa,Hendricks,810 4TH AVE S APT 222,,MOORHEAD,MN,56560-2816
Matt's Automotive Service Center NOMO,TEK,3539,17771159,1030,104,3,,Alex,Aldrich,612 SHORT ST N,,FARGO,ND,58102-3834
Matt's Automotive Service Center NOMO,TEK,3539,17712270,1030,104,3,,Anita,Profitt,6 2ND ST NE APT 3,,DILWORTH,MN,56529-1284
Matt's Automotive Service Center NOMO,TEK,3539,17724936,1030,104,3,,Travis,Huffman,415 14TH ST N,,MOORHEAD,MN,56560-2147
Matt's Automotive Service Center NOMO,TEK,3539,17760345,1030,104,3,,Kara,Carpenter,902 10TH AVE N,,MOORHEAD,MN,56560-1526
Matt's Automotive Service Center NOMO,TEK,3539,17737185,1030,104,3,,Lisa,Anderson,PO BOX 528,,FELTON,MN,56536-0528
Matt's Automotive Service Center NOMO,TEK,3539,17758721,1030,104,03,,Rebecca,Carrington,214 MORRISON ST APT 2,,WEST FARGO,ND,58078-1654
Matt's Automotive Service Center NOMO,TEK,3539,17758848,1030,104,3,,Shannon,Dahlberg,3744 41ST AVE S,,MOORHEAD,MN,56560-7417
Matt's Automotive Service Center NOMO,TEK,3539,17758775,1030,104,3,,Kelli,Hanson,412 33RD ST N,,MOORHEAD,MN,56560-1300
Matt's Automotive Service Center NOMO,TEK,3539,17758224,1030,104,3,,Mari,Berggren,15764 210TH ST S,,BARNESVILLE,MN,56514-9652
Matt's Automotive Service Center NOMO,TEK,3539,17721381,1030,104,3,,Gary,Schuler,801 1ST ST S,,MOORHEAD,MN,56560-3302
Matt's Automotive Service Center NOMO,TEK,3539,17758272,1030,104,3,,Dave,Kemper,44 16TH AVE N,,FARGO,ND,58102-2338
Matt's Automotive Service Center NOMO,TEK,3539,17728522,1030,104,3,,Erica,Finneseth,1864 39TH ST S APT 301,,FARGO,ND,58103-4872
Matt's Automotive Service Center NOMO,TEK,3539,17754888,1030,104,3,,Sandra,Hedtke,611 11TH AVE N,,MOORHEAD,MN,56560-1572
Matt's Automotive Service Center NOMO,TEK,3539,17717605,1030,104,3,,Dwight,Johnson,1614 17TH ST S,,MOORHEAD,MN,56560-5724
Matt's Automotive Service Center NOMO,TEK,3539,17772125,1030,104,3,,Isaac,Lovdahl,525 DEMERS AVE APT 305,,EAST GRAND FORKS,MN,56721-1852
Matt's Automotive Service Center NOMO,TEK,3539,17751066,1030,104,3,,Ethan,Sip,3150 SHEYENNE ST,,WEST FARGO,ND,58078-8546
Matt's Automotive Service Center NOMO,TEK,3539,17757843,1030,104,3,,Troy,Olson,5091 44TH ST S,,FARGO,ND,58104-6067
Matt's Automotive Service Center NOMO,TEK,3539,17720788,1030,104,3,,Donald,Tang,705 13TH AVE N,,FARGO,ND,58102-2680
Matt's Automotive Service Center NOMO,TEK,3539,17770478,1030,104,3,,Allison,Bundy,1021 9TH AVE S,,MOORHEAD,MN,56560-3536
Matt's Automotive Service Center NOMO,TEK,3539,17721613,1030,104,3,,Faith,Luing,2914 29TH AVENUE CIR S,,MOORHEAD,MN,56560-5426
Matt's Automotive Service Center NOMO,TEK,3539,17725449,1030,104,3,,Jessica,Haut,1733 3RD ST N,,FARGO,ND,58102-2333
Matt's Automotive Service Center NOMO,TEK,3539,17746981,1030,104,03,,Lauren,Clapp,902 13TH ST S,,MOORHEAD,MN,56560-3723
Matt's Automotive Service Center NOMO,TEK,3539,17741152,1030,104,3,,Matt,Hall,2306 CHANCERY ST S,,MOORHEAD,MN,56560-5317
Matt's Automotive Service Center NOMO,TEK,3539,17760136,1030,104,3,,Jennie,Riesen,206 1ST AVE SE,,DILWORTH,MN,56529-1464
Matt's Automotive Service Center NOMO,TEK,3539,17729162,1030,104,3,,Marissa,Thompson,2335 MEADOW LN,,HAWLEY,MN,56549-4110
Matt's Automotive Service Center NOMO,TEK,3539,17733557,1030,104,3,,Peter,Urton,521 17TH ST N,,MOORHEAD,MN,56560-2356
Matt's Automotive Service Center NOMO,TEK,3539,17736785,1030,104,3,,Patricia,Beiswenger,2114 19TH ST S,,MOORHEAD,MN,56560-5845
Matt's Automotive Service Center NOMO,TEK,3539,17755874,1030,104,03,,Amanda,Martens,405 MARIANN LN,,DILWORTH,MN,56529-1605
Matt's Automotive Service Center NOMO,TEK,3539,17720741,1030,104,3,,Steve,Nelson,1222 18TH ST S,,MOORHEAD,MN,56560-3127
Matt's Automotive Service Center NOMO,TEK,3539,17750650,1030,104,3,,Ethan,Block,5420 AMBER VALLEY PKWY S APT 204,,FARGO,ND,58104-8942
Matt's Automotive Service Center NOMO,TEK,3539,17763002,1030,104,3,,Ingrid,Harbo,2310 10TH ST S,,MOORHEAD,MN,56560-4323
Matt's Automotive Service Center NOMO,TEK,3539,17763899,1030,104,3,,Ashley,Stadum,1113 15TH ST N,,MOORHEAD,MN,56560-1726
Matt's Automotive Service Center NOMO,TEK,3539,17732194,1030,104,3,,Joseph,Evans,1890 10TH ST W,,WEST FARGO,ND,58078-3241
Matt's Automotive Service Center NOMO,TEK,3539,17737167,1030,104,3,,Clark,Peterson,306 2ND ST NW,,DILWORTH,MN,56529-1051
Matt's Automotive Service Center NOMO,TEK,3539,17733884,1030,104,3,,Alex,Rasmussen,1514 42ND AVE S,,MOORHEAD,MN,56560-7459
Matt's Automotive Service Center NOMO,TEK,3539,17715709,1030,104,3,,Brad,Hurner,4308 S RIVERSHORE DR,,MOORHEAD,MN,56560-5612
Matt's Automotive Service Center NOMO,TEK,3539,17750627,1030,104,3,,Jess,Bruns,1933 51ST AVE N,,MOORHEAD,MN,56560-8802
Matt's Automotive Service Center NOMO,TEK,3539,17723924,1030,104,3,,Kathryn,Nicklay,1911 8TH AVE N,,MOORHEAD,MN,56560-1803
Matt's Automotive Service Center NOMO,TEK,3539,17736856,1030,104,03,,Jill,Daignault,936 51ST AVE W,,WEST FARGO,ND,58078-8367
Matt's Automotive Service Center NOMO,TEK,3539,17765914,1030,104,03,,Connor,Fitzgerald,1701 1ST AVE N APT 209,,MOORHEAD,MN,56560-2397
Matt's Automotive Service Center NOMO,TEK,3539,17769908,1030,104,3,,Rocky,Wagendorf,210 48TH AVE SW,,MOORHEAD,MN,56560-6746
Matt's Automotive Service Center NOMO,TEK,3539,17720552,1030,104,3,,Megan,Van Vlaenderen,421 17TH ST N,,MOORHEAD,MN,56560-2354
Matt's Automotive Service Center NOMO,TEK,3539,17762882,1030,104,3,,Noah,Pauley,4414 18TH ST S,,MOORHEAD,MN,56560-7189
Matt's Automotive Service Center NOMO,TEK,3539,17743570,1030,104,3,,Cassie,Hoversten,1206 4TH AVE NW,,DILWORTH,MN,56529-1837
Matt's Automotive Service Center NOMO,TEK,3539,17756523,1030,104,3,,Tracy,Bedford,2902 7TH AVE N,,MOORHEAD,MN,56560-2566
Matt's Automotive Service Center NOMO,TEK,3539,17751633,1030,104,3,,Marie,Hvidsten,1612 5TH AVE NE,,DILWORTH,MN,56529-2800
Matt's Automotive Service Center NOMO,TEK,3539,17722513,1030,104,3,,Nikki,Aipperspach,1713 3RD AVE NW APT 104,,DILWORTH,MN,56529-1821
Matt's Automotive Service Center NOMO,TEK,3539,17743524,1030,104,03,,Steve,Jarvis,1119 WEST AVE,,DETROIT LAKES,MN,56501-3209
Matt's Automotive Service Center NOMO,TEK,3539,17746136,1030,104,3,,Alex,Funk,3048 COLUMBUS AVE,,MINNEAPOLIS,MN,55407-1514
Matt's Automotive Service Center NOMO,TEK,3539,17737747,1030,104,3,,Kelly,Counihan,676 APPLETREE LN,,MOORHEAD,MN,56560-3202
Matt's Automotive Service Center NOMO,TEK,3539,17748487,1030,104,3,,Josh,Johnk,1100 13TH ST S,,MOORHEAD,MN,56560-3727
Matt's Automotive Service Center NOMO,TEK,3539,17750974,1030,104,3,,Jeremy,Thompson,221 11TH AVE N,,FARGO,ND,58102-3758
Matt's Automotive Service Center NOMO,TEK,3539,17726142,1030,104,3,,Tricia,Mosser,1109 13TH AVE S,,FARGO,ND,58103-4135
Matt's Automotive Service Center NOMO,TEK,3539,17716068,1030,104,3,,Will,Hartog,211 13TH ST S,,MOORHEAD,MN,56560-2932
Matt's Automotive Service Center NOMO,TEK,3539,17753948,1030,104,3,,Jeremey,Tjon,3120 34TH ST S,,MOORHEAD,MN,56560-6940
Matt's Automotive Service Center NOMO,TEK,3539,17713052,1030,104,03,,Nate,Sele,2334 12TH ST W,,WEST FARGO,ND,58078-4831
Matt's Automotive Service Center NOMO,TEK,3539,20232375,1030,104,03,,Veronica,Wyland,3506 30TH ST S,,MOORHEAD,MN,56560-6030
Matt's Automotive Service Center NOMO,TEK,3539,17771592,1030,104,3,,Matthew,Hansen,1309 16TH ST S,,FARGO,ND,58103-3930
Matt's Automotive Service Center NOMO,TEK,3539,17735433,1030,104,3,,Paula,Broten,1521 1ST AVE N # 507,,MOORHEAD,MN,56560-2227
Matt's Automotive Service Center NOMO,TEK,3539,17752704,1030,104,3,,Billy,Quiggle,2456 LILAC LN N,,FARGO,ND,58102-2124
Matt's Automotive Service Center NOMO,TEK,3539,17767872,1030,104,3,,Brittany,Anderson,3664 22ND AVE S,,MOORHEAD,MN,56560-8142
Matt's Automotive Service Center NOMO,TEK,3539,17755919,1030,104,3,,Cindee,Gentry,PO BOX 234,,BARNESVILLE,MN,56514-0234
Matt's Automotive Service Center NOMO,TEK,3539,17740279,1030,104,3,,Nate,Anderson,3664 22ND AVE S,,MOORHEAD,MN,56560-8142
Matt's Automotive Service Center NOMO,TEK,3539,17769491,1030,104,3,,Larry,Quiggle,354 30TH ST N,,MOORHEAD,MN,56560-2574
Matt's Automotive Service Center NOMO,TEK,3539,17756593,1030,104,3,,Dubravko,Kolakovic,3222 36TH AVE S,,MOORHEAD,MN,56560-6042
Matt's Automotive Service Center NOMO,TEK,3539,17713623,1030,104,3,,Michael,Lenhart,906 4TH AVE NE,,DILWORTH,MN,56529-1273
Matt's Automotive Service Center NOMO,TEK,3539,22668707,1030,104,3,,Lucas,Demarais,1534 7TH ST N,,FARGO,ND,58102-2231
Matt's Automotive Service Center NOMO,TEK,3539,17766846,1030,104,3,,Noah,Gjesdahl,2822 LILAC LN N,,FARGO,ND,58102-1703
Matt's Automotive Service Center NOMO,TEK,3539,17742622,1030,104,3,,Aliza,Hochhalter,17111 SAYLERS BEACH RD,,LAKE PARK,MN,56554-9611
Matt's Automotive Service Center NOMO,TEK,3539,17728960,1030,104,3,,Tyler,Muchow,1103 43 1/2 ST S APT 304,,FARGO,ND,58103-7335
Matt's Automotive Service Center NOMO,TEK,3539,17758016,1030,104,3,,Emma,Vatnsdal,712 13TH ST N,,MOORHEAD,MN,56560-2144
Matt's Automotive Service Center NOMO,TEK,3539,17735327,1030,104,3,,Larry,Johnson,607 13TH AVE N,,MOORHEAD,MN,56560-1578
Matt's Automotive Service Center NOMO,TEK,3539,17718770,1030,104,3,,Anne,Stras,825 WESTGATE CIR,,HAWLEY,MN,56549-4430
Matt's Automotive Service Center NOMO,TEK,3539,17751929,1030,104,03,,Lewis,Pahl,10718 50TH AVE S,,GLYNDON,MN,56547-9518
Matt's Automotive Service Center NOMO,TEK,3539,29126441,1030,104,03,,Cory,Gibson,3712 11TH AVE S,,MOORHEAD,MN,56560-6867
Matt's Automotive Service Center NOMO,TEK,3539,17734271,1030,104,03,,Nathan,Schroeder,1700 3RD AVE S TRLR 216,,MOORHEAD,MN,56560-3063
Matt's Automotive Service Center NOMO,TEK,3539,17724534,1030,104,03,,Zoe,Lee,1005 35TH ST N APT 218,,FARGO,ND,58102-3190
Matt's Automotive Service Center NOMO,TEK,3539,27312462,1030,104,3,,Nick,Olson,1417 6TH AVE S,,FARGO,ND,58103-2519
Matt's Automotive Service Center NOMO,TEK,3539,19750801,1030,104,3,,Doug,Schmidt,18 RIVER OAKS PT,,MOORHEAD,MN,56560-5662
Matt's Automotive Service Center NOMO,TEK,3539,30089745,1030,104,03,,Sabrina,Drewett,918 23RD AVE S,,MOORHEAD,MN,56560-4318
Matt's Automotive Service Center NOMO,TEK,3539,30010295,1030,104,03,,Evan,Balko,4017 10TH ST S,,MOORHEAD,MN,56560-7447
Matt's Automotive Service Center NOMO,TEK,3539,30093576,1030,104,03,,Melissa,Tjon,1460 365TH ST,,TWIN VALLEY,MN,56584-9282
Matt's Automotive Service Center NOMO,TEK,3539,24163150,1030,104,03,,Benard,Benson,1318 6TH AVE S,,FARGO,ND,58103-2508
Matt's Automotive Service Center NOMO,TEK,3539,29557335,1030,104,03,,Joel,Kittelson,1216 8TH ST N,,FARGO,ND,58102-2610
Matt's Automotive Service Center NOMO,TEK,3539,17773154,1030,104,3,,Joyela,Cooper,306 11TH ST S,,MOORHEAD,MN,56560-2841
Matt's Automotive Service Center NOMO,TEK,3539,17720753,1030,104,03,,Richard,Forbes,3045 23RD AVE S UNIT E,,FARGO,ND,58103-6137
Matt's Automotive Service Center NOMO,TEK,3539,31377229,1030,104,03,,Mike,Lynch,1325 1ST ST N,,FARGO,ND,58102-2720
Matt's Automotive Service Center NOMO,TEK,3539,31274320,1030,104,03,,Carol,Gettel,639 33RD AVE W,,WEST FARGO,ND,58078-7794
Matt's Automotive Service Center NOMO,TEK,3539,31377313,1030,104,03,,Tayseer,Abdullah,3216 17TH ST S,,MOORHEAD,MN,56560-5216
Matt's Automotive Service Center NOMO,TEK,3539,32641541,1030,104,03,,Sharon,Thompson,605 12TH ST N,Unit A,MOORHEAD,MN,56560-2131
Matt's Automotive Service Center NOMO,TEK,3539,31650950,1030,104,03,,Mark,Baumgardner,3920 3RD ST S,,MOORHEAD,MN,56560-5602
Matt's Automotive Service Center NOMO,TEK,3539,31909284,1030,104,03,,Sam,Mann,1326 9TH AVE S,,FARGO,ND,58103-2506
Matt's Automotive Service Center NOMO,TEK,3539,33158544,1030,104,03,,Ryan,Liebenow,3910 22ND ST S,,FARGO,ND,58104-6855
Matt's Automotive Service Center NOMO,TEK,3539,22807427,1030,104,3,,Bryan,Kutter,1048 36TH ST S,,MOORHEAD,MN,56560-8105
Matt's Automotive Service Center NOMO,TEK,3539,21881872,1030,104,03,,Katelynn,Norman,3885 30TH AVE S APT 308,,FARGO,ND,58104-7814
Matt's Automotive Service Center NOMO,TEK,3539,20278456,1030,104,03,,Reshia,Rheault,3501 10TH AVE S APT 101,,MOORHEAD,MN,56560-6849
Matt's Automotive Service Center NOMO,TEK,3539,17755300,1030,104,3,,Robyn,Welch,121 6TH AVE S APT 5,,MOORHEAD,MN,56560-2656
Matt's Automotive Service Center NOMO,TEK,3539,23898690,1030,104,03,,Paul,Fossum,56 165 1/2 AVE NE,,HILLSBORO,ND,58045-9221
Matt's Automotive Service Center NOMO,TEK,3539,33280349,1030,104,03,,Paul,Bernabucci,7226 MAPLE LN,,HORACE,ND,58047-4711
Matt's Automotive Service Center NOMO,TEK,3539,17757596,1030,104,3,,Grace,Brennan,1026 NP AVE N,,FARGO,ND,58102-4691
Matt's Automotive Service Center NOMO,TEK,3539,17774324,1030,104,3,,Sheila,Laney,92 PARK VIEW DR,,VERGAS,MN,56587-4233
Matt's Automotive Service Center NOMO,TEK,3539,17716327,1030,104,3,,David,Jaeger,116 W ROOSEVELT AVE,,MAHNOMEN,MN,56557-4922
Matt's Automotive Service Center NOMO,TEK,3539,18482998,1030,104,3,,Mike,Olson,1407 13TH ST N,,MOORHEAD,MN,56560-1638
Matt's Automotive Service Center NOMO,TEK,3539,17740741,1030,104,3,,Steve,Skoblik,629 BIRCH LN,,MOORHEAD,MN,56560-3226
Matt's Automotive Service Center NOMO,TEK,3539,26136120,1030,104,3,,Denise,Adkins,1318 1ST AVE N APT 8,,MOORHEAD,MN,56560-2263
Matt's Automotive Service Center NOMO,TEK,3539,17772373,1030,104,3,,Lori,Braun,605 18TH ST N,,MOORHEAD,MN,56560-2337
Matt's Automotive Service Center NOMO,TEK,3539,17732984,1030,104,3,,Jonathan,Braski,18 4TH ST S STE 306,,MOORHEAD,MN,56560-2660
