Shop Name,Software,SID,CID,WSID,WCID,MBdayMo,TBdayMo,First,Last,Address,Address2,City,St,Zip
Matt's Automotive Service Center NOMO,TEK,3539,17759850,1030,104,9,,Rory,Hoven,2571 VILLA DR S,,FARGO,ND,58103-3698
Matt's Automotive Service Center NOMO,TEK,3539,17748691,1030,104,9,,Harvey,Larson,5004 OAKPORT ST N,,MOORHEAD,MN,56560-6644
Matt's Automotive Service Center NOMO,TEK,3539,17732329,1030,104,9,,Jason,Riebel,3010 36TH ST S UNIT 8,,FARGO,ND,58103-6291
Matt's Automotive Service Center NOMO,TEK,3539,17731148,1030,104,09,,Kim,Kroupa,620 11TH ST N,,MOORHEAD,MN,56560-2041
Matt's Automotive Service Center NOMO,TEK,3539,17726423,1030,104,9,,Dianne,Archer,2616 COUNTRY CLUB PKWY,,MOORHEAD,MN,56560-1443
Matt's Automotive Service Center NOMO,TEK,3539,17746865,1030,104,9,,Brian,Farlow,109 22ND AVE N,,FARGO,ND,58102-2020
Matt's Automotive Service Center NOMO,TEK,3539,17745408,1030,104,9,,Sara,Lau,497 TESSA DR,,MOORHEAD,MN,56560-5653
Matt's Automotive Service Center NOMO,TEK,3539,17723252,1030,104,9,,Mac,Link,4561 URBAN PLAINS DR APT 106,,FARGO,ND,58104-3502
Matt's Automotive Service Center NOMO,TEK,3539,17740986,1030,104,9,,Lori,Rieber,908 UNIVERSITY DR N,,FARGO,ND,58102-3547
Matt's Automotive Service Center NOMO,TEK,3539,17721535,1030,104,9,,Kim,Hankel,26690 APPLE LN,,HARTFORD,SD,57033-6725
Matt's Automotive Service Center NOMO,TEK,3539,17742359,1030,104,9,,Tim,Bertsch,3007 15TH AVE S,,MOORHEAD,MN,56560-3910
Matt's Automotive Service Center NOMO,TEK,3539,17761258,1030,104,9,,Sara,Hastings,1115 3RD ST S,,MOORHEAD,MN,56560-4015
Matt's Automotive Service Center NOMO,TEK,3539,17757737,1030,104,9,,David,Jacobsen,21 35TH AVE NE,,FARGO,ND,58102-1204
Matt's Automotive Service Center NOMO,TEK,3539,17766324,1030,104,9,,Cody,Krueger,1702 4TH AVE S,,FARGO,ND,58103-1538
Matt's Automotive Service Center NOMO,TEK,3539,17768624,1030,104,09,,Joyce,Ehalt,806 W 5TH ST APT 20,,MORRIS,MN,56267-1173
Matt's Automotive Service Center NOMO,TEK,3539,17762360,1030,104,9,,Richard,Larson,1642 AMERICAN WAY S,,FARGO,ND,58103-5516
Matt's Automotive Service Center NOMO,TEK,3539,17748882,1030,104,9,,Shane,Mondry,614 19TH ST N,,MOORHEAD,MN,56560-2343
Matt's Automotive Service Center NOMO,TEK,3539,17740264,1030,104,9,,Stacey,Wright,1213 13 1/2 ST S,,FARGO,ND,58103-3007
Matt's Automotive Service Center NOMO,TEK,3539,17764508,1030,104,9,,Chris,Allen,4846 35TH AVE N,,REILES ACRES,ND,58102-5424
Matt's Automotive Service Center NOMO,TEK,3539,17725757,1030,104,9,,Dustin,Holsne,605 4TH ST NE,,DILWORTH,MN,56529-1130
Matt's Automotive Service Center NOMO,TEK,3539,17763344,1030,104,9,,Corey,Normandin,6405 1ST ST N,,MOORHEAD,MN,56560-6420
Matt's Automotive Service Center NOMO,TEK,3539,17765954,1030,104,9,,Tammy,Risinger,3209 4TH AVE N,,MOORHEAD,MN,56560-1304
Matt's Automotive Service Center NOMO,TEK,3539,17743231,1030,104,9,,Wendy,Breitbach,320 W LASALLE DR UNIT 227,,BISMARCK,ND,58503-7908
Matt's Automotive Service Center NOMO,TEK,3539,17773523,1030,104,09,,Mitch,Semanko,1732 PLUMTREE RD N,,FARGO,ND,58102-2411
Matt's Automotive Service Center NOMO,TEK,3539,17765132,1030,104,9,,Charlie,Seaburg,202 2ND ST NE,,DILWORTH,MN,56529-1234
Matt's Automotive Service Center NOMO,TEK,3539,17770140,1030,104,9,,Leroy,Hansen,1103 ELM ST S,,MOORHEAD,MN,56560-4046
Matt's Automotive Service Center NOMO,TEK,3539,17737223,1030,104,9,,Michael,Lundberg,1016 16TH ST N,,MOORHEAD,MN,56560-1740
Matt's Automotive Service Center NOMO,TEK,3539,17730108,1030,104,09,,Nick,Stickler,1187 LONG BRIDGE CIR,,DETROIT LAKES,MN,56501-4917
Matt's Automotive Service Center NOMO,TEK,3539,17768644,1030,104,9,,Sarah,Gjesdahl,2822 LILAC LN N,,FARGO,ND,58102-1703
Matt's Automotive Service Center NOMO,TEK,3539,17745694,1030,104,9,,Robert,Jones,1015 11TH ST S,,MOORHEAD,MN,56560-3616
Matt's Automotive Service Center NOMO,TEK,3539,17742177,1030,104,9,,Marlene,Knutson,105 3RD ST N APT 405,,MOORHEAD,MN,56560-1942
Matt's Automotive Service Center NOMO,TEK,3539,17730137,1030,104,9,,Dean,Somers,4239 16TH ST S,,MOORHEAD,MN,56560-6963
Matt's Automotive Service Center NOMO,TEK,3539,17748956,1030,104,9,,Dianne,Daley,29428 SUNNY BEACH RD,,GRAND RAPIDS,MN,55744-4568
Matt's Automotive Service Center NOMO,TEK,3539,17764942,1030,104,9,,Brant,Hagen,3519 13TH ST S,,MOORHEAD,MN,56560-5120
Matt's Automotive Service Center NOMO,TEK,3539,17767886,1030,104,9,,Paula,Gilliam,801 8TH ST N,,WAHPETON,ND,58075-3604
Matt's Automotive Service Center NOMO,TEK,3539,17768193,1030,104,9,,George,Wolfe,701 33RD AVE N APT 213,,FARGO,ND,58102-0903
Matt's Automotive Service Center NOMO,TEK,3539,17763933,1030,104,9,,Will,Edmonds,1462 12TH ST N,,FARGO,ND,58102-2530
Matt's Automotive Service Center NOMO,TEK,3539,17730925,1030,104,9,,Doris,Kassenborg,602 32ND ST N,,MOORHEAD,MN,56560-2585
Matt's Automotive Service Center NOMO,TEK,3539,17766734,1030,104,9,,Nicole,Scotting,2941 OAK AVE,,SLAYTON,MN,56172-1433
Matt's Automotive Service Center NOMO,TEK,3539,17721651,1030,104,9,,Missi,Chandler,1213 12TH ST S,,MOORHEAD,MN,56560-3707
Matt's Automotive Service Center NOMO,TEK,3539,17742649,1030,104,09,,Brad,Gray,3619 PAR ST N,,FARGO,ND,58102-1236
Matt's Automotive Service Center NOMO,TEK,3539,17714798,1030,104,09,,Sherri,Frahm,702 LUND AVE S,,GLYNDON,MN,56547-4414
Matt's Automotive Service Center NOMO,TEK,3539,17746595,1030,104,09,,Robert,Wright,9335 160TH AVE N,,FELTON,MN,56536-9354
Matt's Automotive Service Center NOMO,TEK,3539,17744249,1030,104,9,,Bobbi,Rehder,633 7TH ST,,FELTON,MN,56536-3605
Matt's Automotive Service Center NOMO,TEK,3539,17734146,1030,104,9,,Matt,Rios,10243 BURGUNDY DR,,HORACE,ND,58047-9015
Matt's Automotive Service Center NOMO,TEK,3539,20266618,1030,104,9,,Bruce,Anderson,105 BURT CT NE,,LEESBURG,VA,20176-4970
Matt's Automotive Service Center NOMO,TEK,3539,17757405,1030,104,9,,Rachel,Shipp,3836 10TH AVE S,,MOORHEAD,MN,56560-6865
Matt's Automotive Service Center NOMO,TEK,3539,17724853,1030,104,9,,Ailsa,Falck,247 ROBERTS ST N,,FARGO,ND,58102-3291
Matt's Automotive Service Center NOMO,TEK,3539,17750298,1030,104,9,,Andrew,Sletten,3511 POLK ST S,,FARGO,ND,58104-7500
Matt's Automotive Service Center NOMO,TEK,3539,17753075,1030,104,9,,Kris,Opitz,620 16TH ST N,,MOORHEAD,MN,56560-2109
Matt's Automotive Service Center NOMO,TEK,3539,17761612,1030,104,9,,Victoria,Gardner,914 46TH AVE S UNIT 11,,MOORHEAD,MN,56560-7148
Matt's Automotive Service Center NOMO,TEK,3539,17732233,1030,104,9,,Yara,Mabor,3530 28TH ST S APT 302,,FARGO,ND,58104-8849
Matt's Automotive Service Center NOMO,TEK,3539,22628466,1030,104,9,,Don,Lorsung,4546 PRAIRIE DR,,MOORHEAD,MN,56560-7901
Matt's Automotive Service Center NOMO,TEK,3539,17719106,1030,104,9,,Brent,Wasem,602 SHEYENNE DR,,HORACE,ND,58047-4427
Matt's Automotive Service Center NOMO,TEK,3539,17760211,1030,104,9,,Sarah,Hoseck,1809 4TH AVE S,,MOORHEAD,MN,56560-3022
Matt's Automotive Service Center NOMO,TEK,3539,17718059,1030,104,9,,Melanie,Unger,1254 5TH ST N,,FARGO,ND,58102-2715
Matt's Automotive Service Center NOMO,TEK,3539,17735739,1030,104,9,,Carol,Saastad,566 42ND ST S APT 256,,FARGO,ND,58103-1178
Matt's Automotive Service Center NOMO,TEK,3539,17719680,1030,104,9,,Chris,Blaze,1103 W SUMMERWOOD TRL,,DILWORTH,MN,56529-1546
Matt's Automotive Service Center NOMO,TEK,3539,17718250,1030,104,9,,Brandon,Swanson,115 8TH AVE S,,MOORHEAD,MN,56560-3334
Matt's Automotive Service Center NOMO,TEK,3539,17726504,1030,104,9,,Izabell,Krueger,425 RIVERVIEW RD,,DELANO,MN,55328-8631
Matt's Automotive Service Center NOMO,TEK,3539,24467198,1030,104,9,,Travis,Wehrenberg,4561 URBAN PLAINS DR APT 310,,FARGO,ND,58104-3504
Matt's Automotive Service Center NOMO,TEK,3539,17753681,1030,104,9,,Ole,Rygg,1109 W SUMMERWOOD TRL,,DILWORTH,MN,56529-1546
Matt's Automotive Service Center NOMO,TEK,3539,19110881,1030,104,9,,Melissa,Bethard,808 11TH ST N APT 5,,MOORHEAD,MN,56560-2054
Matt's Automotive Service Center NOMO,TEK,3539,27317776,1030,104,09,,Natasha,Hagen,4619 SAN JUAN DR S,,FARGO,ND,58103-1047
Matt's Automotive Service Center NOMO,TEK,3539,17772604,1030,104,9,,Angel,Rhodes,PO BOX 10743,,FARGO,ND,58106-0743
Matt's Automotive Service Center NOMO,TEK,3539,17759959,1030,104,9,,Bev,Schmidt,919 13TH ST S,,MOORHEAD,MN,56560-3722
Matt's Automotive Service Center NOMO,TEK,3539,29375417,1030,104,09,,Bruce,Davidson,2514 34TH AVE S,,FARGO,ND,58104-8803
Matt's Automotive Service Center NOMO,TEK,3539,17767989,1030,104,9,,Allison,Pillar,607 11TH ST N,,MOORHEAD,MN,56560-2040
Matt's Automotive Service Center NOMO,TEK,3539,17761204,1030,104,9,,Granville,Wood,1106 10TH ST S,,FARGO,ND,58103-3106
Matt's Automotive Service Center NOMO,TEK,3539,17730084,1030,104,9,,Yolanda,Gonzalez,26 ROBERTS ST N,,FARGO,ND,58102-5200
Matt's Automotive Service Center NOMO,TEK,3539,30300899,1030,104,09,,Taylor,Pelkey,1342 BROADWAY N APT 102,,FARGO,ND,58102-2656
Matt's Automotive Service Center NOMO,TEK,3539,17734933,1030,104,9,,Joshua,Voit,1530 1ST AVE N APT 204,,MOORHEAD,MN,56560-2279
Matt's Automotive Service Center NOMO,TEK,3539,17716933,1030,104,9,,Markeela,Mcdonald,409 4TH ST N APT 19,,FARGO,ND,58102-4585
Matt's Automotive Service Center NOMO,TEK,3539,17750988,1030,104,9,,Laura,Bakeman,4460 GALTIER ST,,SHOREVIEW,MN,55126-2104
Matt's Automotive Service Center NOMO,TEK,3539,20880124,1030,104,9,,Brett,Kuehl,8534 90TH ST N,,GLYNDON,MN,56547-9448
Matt's Automotive Service Center NOMO,TEK,3539,31419627,1030,104,09,,Jason,Grindeland,111 7TH AVE N,,FARGO,ND,58102-4533
Matt's Automotive Service Center NOMO,TEK,3539,17772998,1030,104,9,,Kristi,Luing,2914 29TH AVENUE CIR S,,MOORHEAD,MN,56560-5426
Matt's Automotive Service Center NOMO,TEK,3539,31625777,1030,104,09,,Jessica,Kallenbach,2810 LILAC LN N,,FARGO,ND,58102-1703
Matt's Automotive Service Center NOMO,TEK,3539,31521166,1030,104,09,,Sharleen,Leach,301 2ND ST NW,,DILWORTH,MN,56529-1050
Matt's Automotive Service Center NOMO,TEK,3539,17763992,1030,104,9,,Shana,McGough,610 18TH ST N,,MOORHEAD,MN,56560-2338
Matt's Automotive Service Center NOMO,TEK,3539,32046058,1030,104,09,,Cory,Erickson,424 WELCH ST,,PERLEY,MN,56574-7414
Matt's Automotive Service Center NOMO,TEK,3539,28441954,1030,104,9,,Hannah,Jones,1909 8TH ST S,,MOORHEAD,MN,56560-3636
Matt's Automotive Service Center NOMO,TEK,3539,32918025,1030,104,09,,Ruth,Jackson,3300 28TH ST S APT 308,,MOORHEAD,MN,56560-6629
Matt's Automotive Service Center NOMO,TEK,3539,17729928,1030,104,9,,Heather,Bjur,5287 40TH ST N,,MOORHEAD,MN,56560-7007
Matt's Automotive Service Center NOMO,TEK,3539,17773855,1030,104,9,,Tony,Gehrig,1329 9TH ST N,,FARGO,ND,58102-2618
Matt's Automotive Service Center NOMO,TEK,3539,21688991,1030,104,9,,Hans,Miller,910 10TH ST S,,FARGO,ND,58103-3102
Matt's Automotive Service Center NOMO,TEK,3539,32654467,1030,104,09,,Annalise,Botnen,2944 5TH ST W UNIT B,,WEST FARGO,ND,58078-8189
Matt's Automotive Service Center NOMO,TEK,3539,29214112,1030,104,09,,Anthony,Knopik,1206 27TH AVE S APT 208,,MOORHEAD,MN,56560-4639
Matt's Automotive Service Center NOMO,TEK,3539,17734061,1030,104,9,,Jennifer,Bitz,1217 2ND ST S,,MOORHEAD,MN,56560-4007
Matt's Automotive Service Center NOMO,TEK,3539,33560728,1030,104,09,,Curtis,Turley,102 9TH AVE N,,FARGO,ND,58102-3751
Matt's Automotive Service Center NOMO,TEK,3539,17726551,1030,104,9,,Lacosta,Potter,7055 9TH ST N,,MOORHEAD,MN,56560-6445
Matt's Automotive Service Center NOMO,TEK,3539,34381754,1030,104,09,,Bekes,Mossa,1801 41ST AVE S,,MOORHEAD,MN,56560-7431
Matt's Automotive Service Center NOMO,TEK,3539,21375862,1030,104,09,,Christopher,Birkholz,1106 9TH AVE SE,,BARNESVILLE,MN,56514-3968
Matt's Automotive Service Center NOMO,TEK,3539,17715545,1030,104,9,,Nicole,Nelson,1116 18TH ST N,,MOORHEAD,MN,56560-1848
Matt's Automotive Service Center NOMO,TEK,3539,17762822,1030,104,9,,Galen,Bares,2402 COUNTRY CLUB PKWY,,MOORHEAD,MN,56560-1416
Matt's Automotive Service Center NOMO,TEK,3539,17723347,1030,104,9,,Linda,Wick,2505 COUNTRY CLUB PKWY APT 13,,MOORHEAD,MN,56560-1440
Matt's Automotive Service Center NOMO,TEK,3539,17719977,1030,104,9,,Joann,Koble,3321 17TH ST S,,FARGO,ND,58104-6118
Matt's Automotive Service Center NOMO,TEK,3539,17721455,1030,104,09,,Janelle,Stahl Ladbury,2402 9TH ST N,,FARGO,ND,58102-5036
Matt's Automotive Service Center NOMO,TEK,3539,17743952,1030,104,09,,Jason,Blotzky,3242 4TH AVE N,,MOORHEAD,MN,56560-1303
Matt's Automotive Service Center NOMO,TEK,3539,17746242,1030,104,9,,Mike,Bannach,4122 OSGOOD PKWY S,,FARGO,ND,58104-3302
