Shop Name,Software,SID,CID,WSID,WCID,MBdayMo,TBdayMo,First,Last,Address,Address2,City,St,Zip
Matt's Automotive Service Center NOMO,TEK,3539,17724742,1030,104,,9,Jordan,Knutson,3420 18TH ST S APT 114,,MOORHEAD,MN,56560-7114
Matt's Automotive Service Center NOMO,TEK,3539,17748299,1030,104,,3,Jordan,Miller,3507 10TH AVE S APT 208,,MOORHEAD,MN,56560-6856
Matt's Automotive Service Center NOMO,TEK,3539,17755322,1030,104,,3,Andy,Hall,306 1ST ST NW,,CLIMAX,MN,56523-2326
Matt's Automotive Service Center NOMO,TEK,3539,17712481,1030,104,,3,Molly,Schlangen,1614 18TH ST S,,MOORHEAD,MN,56560-4711
Matt's Automotive Service Center NOMO,TEK,3539,17748319,1030,104,,3,Shawn,Murphy,914 46TH AVE S,,MOORHEAD,MN,56560-7147
Matt's Automotive Service Center NOMO,TEK,3539,17727861,1030,104,,9,Nicholas,Beers,1226 10TH ST N APT 7,,FARGO,ND,58102-2537
Matt's Automotive Service Center NOMO,TEK,3539,17731770,1030,104,,3,Hannah,Heitz,810 11TH AVE S,,SAINT CLOUD,MN,56301-5219
Matt's Automotive Service Center NOMO,TEK,3539,17716571,1030,104,,9,Brandon,OHara,1309 34TH AVE S,,MOORHEAD,MN,56560-5153
Matt's Automotive Service Center NOMO,TEK,3539,17746830,1030,104,,9,Legacy,Plumbing,3955 40TH AVE S STE A,,FARGO,ND,58104-3996
Matt's Automotive Service Center NOMO,TEK,3539,17733378,1030,104,,9,Claire,Rix,5508 20TH ST N,,MOORHEAD,MN,56560-6660
Matt's Automotive Service Center NOMO,TEK,3539,17727900,1030,104,,3,Leah,Kendall,4391 33RD AVE S APT 307,,FARGO,ND,58104-6947
Matt's Automotive Service Center NOMO,TEK,3539,17745829,1030,104,,9,Lindsey,Schmidt,719 7TH ST N,,FARGO,ND,58102-4476
Matt's Automotive Service Center NOMO,TEK,3539,17727858,1030,104,,9,Alexis,Centers,502 37TH AVE S,,MOORHEAD,MN,56560-5518
Matt's Automotive Service Center NOMO,TEK,3539,17725317,1030,104,,9,Eventide,Corporate,801 MAIN AVE STE 201,,MOORHEAD,MN,56560-2871
Matt's Automotive Service Center NOMO,TEK,3539,17764966,1030,104,,3,Jessica,Livingston,1195 35TH ST N APT 216,,FARGO,ND,58102-3175
Matt's Automotive Service Center NOMO,TEK,3539,17760949,1030,104,,3,Nelson,Weniger,212 6TH ST S,,MOORHEAD,MN,56560-2760
Matt's Automotive Service Center NOMO,TEK,3539,17748540,1030,104,,3,Evan,Grabofsky,3015 7TH ST W APT 203,,WEST FARGO,ND,58078-7754
Matt's Automotive Service Center NOMO,TEK,3539,17747741,1030,104,,3,Sam,Hawkins,1650 2ND ST N,,FARGO,ND,58102-2326
Matt's Automotive Service Center NOMO,TEK,3539,17713485,1030,104,,3,Amber,Klug,1701 1ST AVE N APT 411,,MOORHEAD,MN,56560-2399
Matt's Automotive Service Center NOMO,TEK,3539,17763590,1030,104,,3,Jaden,Blondeau,24902 215TH AVE,,FERGUS FALLS,MN,56537-7507
Matt's Automotive Service Center NOMO,TEK,3539,17757273,1030,104,,3,Kate,Baldock,6251 16TH ST S,,FARGO,ND,58104-7223
Matt's Automotive Service Center NOMO,TEK,3539,17770996,1030,104,,9,Emily,Harmon,4345 10TH AVE S APT 206,,FARGO,ND,58103-2038
Matt's Automotive Service Center NOMO,TEK,3539,17744442,1030,104,,9,Justin,Erickson,1526 12TH ST N,,FARGO,ND,58102-2220
Matt's Automotive Service Center NOMO,TEK,3539,18335847,1030,104,,3,Jeonghwa,Kim,512 45TH ST S APT 309,,FARGO,ND,58103-1035
Matt's Automotive Service Center NOMO,TEK,3539,20274405,1030,104,,9,Ashley,Ostrander,1103 20TH ST S APT 4,,MOORHEAD,MN,56560-3165
Matt's Automotive Service Center NOMO,TEK,3539,17728652,1030,104,,3,Katelyn,Kunz,1420 14TH ST N,,FARGO,ND,58105-5777
Matt's Automotive Service Center NOMO,TEK,3539,17767256,1030,104,,9,Rachel,Bennett,515 5TH ST S,,MOORHEAD,MN,56560-2720
Matt's Automotive Service Center NOMO,TEK,3539,17735686,1030,104,,3,Salman,Ali,1837 UNIVERSITY DR N APT 327,,FARGO,ND,58105-2504
Matt's Automotive Service Center NOMO,TEK,3539,17754569,1030,104,,3,AJ,Smith,2635 54TH AVE S,,FARGO,ND,58104-6302
Matt's Automotive Service Center NOMO,TEK,3539,17730638,1030,104,,9,Sabrina,Fogderud,303 11TH ST N APT 315,,FARGO,ND,58102-4385
Matt's Automotive Service Center NOMO,TEK,3539,28300545,1030,104,,3,Shannon,Petermeier,801 44TH AVE S APT 322,,MOORHEAD,MN,56560-7484
Matt's Automotive Service Center NOMO,TEK,3539,28901812,1030,104,,9,Erick,Adams,803 1ST ST N,,FARGO,ND,58102-3701
Matt's Automotive Service Center NOMO,TEK,3539,26196711,1030,104,,3,Jon,Stockford,1117 29TH ST N,,FARGO,ND,58102-3158
Matt's Automotive Service Center NOMO,TEK,3539,29207069,1030,104,,3,Demetrius,Glover,3002 18TH ST S APT 301,,MOORHEAD,MN,56560-5252
Matt's Automotive Service Center NOMO,TEK,3539,30012942,1030,104,,9,Alexis,Lyon,2614 11TH ST S APT 2,,MOORHEAD,MN,56560-4431
Matt's Automotive Service Center NOMO,TEK,3539,30423612,1030,104,,3,Chase,Evert,1010 CENTER AVE APT 215,,MOORHEAD,MN,56560-2070
Matt's Automotive Service Center NOMO,TEK,3539,31379277,1030,104,,3,Kwame,Blah,1201 BELSLY BLVD,,MOORHEAD,MN,56560-5189
Matt's Automotive Service Center NOMO,TEK,3539,17738099,1030,104,,9,Zach,McGough,610 18TH ST N,,MOORHEAD,MN,56560-2338
Matt's Automotive Service Center NOMO,TEK,3539,23488135,1030,104,,9,Tyler,Mclellan,4232 19TH ST S,,MOORHEAD,MN,56560-6983
Matt's Automotive Service Center NOMO,TEK,3539,31522303,1030,104,,9,Ralph,Vogelson,516 17TH ST S APT 2,,MOORHEAD,MN,56560-5772
Matt's Automotive Service Center NOMO,TEK,3539,31375970,1030,104,,9,Bridget,Lundgren,1310 34TH AVE S APT 203,,MOORHEAD,MN,56560-5163
Matt's Automotive Service Center NOMO,TEK,3539,17755402,1030,104,,9,Ben,Rieke,630 1ST AVE N,,FARGO,ND,58102-5268
Matt's Automotive Service Center NOMO,TEK,3539,32053085,1030,104,,3,Jon,Cossette,1339 5TH AVE S,,MOORHEAD,MN,56560-2947
Matt's Automotive Service Center NOMO,TEK,3539,22485457,1030,104,,9,Jenna,Dillon,919 SUNSET DR,,MAPLETON,ND,58059-4040
Matt's Automotive Service Center NOMO,TEK,3539,32906369,1030,104,,3,Jack,Becker,1515 19 1/2 ST S,,MOORHEAD,MN,56560-4723
Matt's Automotive Service Center NOMO,TEK,3539,21186652,1030,104,,3,Zach,Francois,512 11TH ST S,,FARGO,ND,58103-2644
Matt's Automotive Service Center NOMO,TEK,3539,17765439,1030,104,,9,Kewen,Cheng,902 OAK ST N,,FARGO,ND,58102-3839
Matt's Automotive Service Center NOMO,TEK,3539,32051174,1030,104,,3,Kyle,Schoenheit,806 OAK ST N APT 1,,FARGO,ND,58102-3873
Matt's Automotive Service Center NOMO,TEK,3539,17712214,1030,104,,3,Jason,Stein,3685 GRANDWOOD DR N,,FARGO,ND,58102-4866
Matt's Automotive Service Center NOMO,TEK,3539,35894205,1030,104,,9,Brian,Pearson,1212 12TH ST S,,MOORHEAD,MN,56560-3708
Matt's Automotive Service Center NOMO,TEK,3539,20867626,1030,104,,3,David,Schulz,1537 9TH ST N,,FARGO,ND,58102-2207
Matt's Automotive Service Center NOMO,TEK,3539,36041294,1030,104,,9,Atina,Heckard,1301 20TH ST S APT 6,,MOORHEAD,MN,56560-3150
Matt's Automotive Service Center NOMO,TEK,3539,36082463,1030,104,,9,Mike,Varriano,11 4TH ST S APT 203,,MOORHEAD,MN,56560-2608
Matt's Automotive Service Center NOMO,TEK,3539,17730822,1030,104,,9,Gordon,Sowl,814 7TH AVE NE,,DILWORTH,MN,56529-1509
Matt's Automotive Service Center NOMO,TEK,3539,17762321,1030,104,,3,Tom,Jacobson,1820 1ST AVE N,,MOORHEAD,MN,56560-2306
Matt's Automotive Service Center NOMO,TEK,3539,17744402,1030,104,,9,Nadir,Yusuf,3507 10TH AVE S APT 106,,MOORHEAD,MN,56560-6854
Matt's Automotive Service Center NOMO,TEK,3539,36712088,1030,104,,9,Jackie,Reuter,2601 10TH ST N,,FARGO,ND,58102-1325
Matt's Automotive Service Center NOMO,TEK,3539,23382529,1030,104,,9,Brent,Teiken,310 MAIN AVE APT 411,,FARGO,ND,58103-1989
Matt's Automotive Service Center NOMO,TEK,3539,36750387,1030,104,,9,Kelly,Dietz,3530 28TH ST S APT 204,,FARGO,ND,58104-8848
