Shop Name,Software,SID,CID,WSID,WCID,MBdayMo,TBdayMo,First,Last,Address,Address2,City,St,Zip
Matt's Automotive Service Center Fargo,TEK,3540,17844104,1031,104,09,,Nicole,Volmquist,920 E E ST,,IRON MOUNTAIN,MI,49801-3608
Matt's Automotive Service Center Fargo,TEK,3540,17791586,1031,104,9,,Lisa,Tellinghuisen,106 APPLE LN,,HORACE,ND,58047-4110
Matt's Automotive Service Center Fargo,TEK,3540,17793020,1031,104,9,,Richard,Flohrs,1743 23RD ST S,,FARGO,ND,58103-4725
Matt's Automotive Service Center Fargo,TEK,3540,17880034,1031,104,9,,Mark,Romenesko,2763 BOULDER RIDGE DR NW,,ROCHESTER,MN,55901-2214
Matt's Automotive Service Center Fargo,TEK,3540,17884420,1031,104,9,,Mackenzie,Schaffer,130 CHARLOTTE DR,,LAKE CRYSTAL,MN,56055-4549
Matt's Automotive Service Center Fargo,TEK,3540,17817366,1031,104,9,,Lori,Gilman,937 44TH ST S APT 306,,FARGO,ND,58103-7315
Matt's Automotive Service Center Fargo,TEK,3540,17809500,1031,104,9,,Beverly,Bosman,2716 29TH AVE S,,MOORHEAD,MN,56560-5360
Matt's Automotive Service Center Fargo,TEK,3540,17869978,1031,104,09,,Ryan,Rastedt,52 17 1/2 AVE N,,FARGO,ND,58102-2355
Matt's Automotive Service Center Fargo,TEK,3540,17848955,1031,104,9,,Claire,Anderson,2017 PARK BLVD S,,FARGO,ND,58103-4739
Matt's Automotive Service Center Fargo,TEK,3540,17817106,1031,104,9,,Cassie,Hokanson,8340 LAKE DR,,LINO LAKES,MN,55014-2135
Matt's Automotive Service Center Fargo,TEK,3540,17895888,1031,104,9,,Brittany,Lizakowski,3015 23RD AVE S UNIT C,,FARGO,ND,58103-6146
Matt's Automotive Service Center Fargo,TEK,3540,17892625,1031,104,9,,Andrea,Thompson,1227 21ST ST S,,FARGO,ND,58103-2938
Matt's Automotive Service Center Fargo,TEK,3540,17792443,1031,104,9,,Paul,Hansen,PO BOX 247,,EVANSVILLE,MN,56326-0247
Matt's Automotive Service Center Fargo,TEK,3540,17800427,1031,104,9,,Jennie,Hedstrom,1597 JOHNSON DR,,MOORHEAD,MN,56560-7441
Matt's Automotive Service Center Fargo,TEK,3540,17817012,1031,104,9,,Alyssa,Busche,1431 OAK MANOR AVE S APT 206,,FARGO,ND,58103-8000
Matt's Automotive Service Center Fargo,TEK,3540,17857345,1031,104,9,,Tyler,Hanson,50 160 1/2 AVE NE,,HILLSBORO,ND,58045-9109
Matt's Automotive Service Center Fargo,TEK,3540,17820308,1031,104,9,,Tara,Whitlock,1508 DEERWOOD BND,,EAGAN,MN,55122-1916
Matt's Automotive Service Center Fargo,TEK,3540,17781771,1031,104,9,,Annalise,Duffy,1451 61ST AVE S,,FARGO,ND,58104-7239
Matt's Automotive Service Center Fargo,TEK,3540,17855040,1031,104,9,,Hannah,Kainz,1002 43 1/2 ST S APT 102,,FARGO,ND,58103-7321
Matt's Automotive Service Center Fargo,TEK,3540,17890783,1031,104,9,,Tommy,Wadkins,904 13TH ST NE,,JAMESTOWN,ND,58401-3505
Matt's Automotive Service Center Fargo,TEK,3540,17844744,1031,104,9,,Sarah,Altepeter,2314 30TH AVE S APT 7,,FARGO,ND,58103-5816
Matt's Automotive Service Center Fargo,TEK,3540,17830855,1031,104,9,,Kasey,Mead,2938 7TH ST W APT 206,,WEST FARGO,ND,58078-7787
Matt's Automotive Service Center Fargo,TEK,3540,17805061,1031,104,9,,Molly,Fox,913 11TH AVE N,,FARGO,ND,58102-2646
Matt's Automotive Service Center Fargo,TEK,3540,17885938,1031,104,9,,Jennifer,Morgan,6215 35TH ST S,,FARGO,ND,58104-6797
Matt's Automotive Service Center Fargo,TEK,3540,17846217,1031,104,09,,Nicole,Johnson,1223 WESTPORT BEACH WAY UNIT C,,WEST FARGO,ND,58078-8889
Matt's Automotive Service Center Fargo,TEK,3540,17828481,1031,104,9,,Todd,Jablonsky,2334 129TH LN NW,,COON RAPIDS,MN,55448-7092
Matt's Automotive Service Center Fargo,TEK,3540,17864189,1031,104,09,,Josh,Blume,2085 65TH AVE S,,FARGO,ND,58104-6724
Matt's Automotive Service Center Fargo,TEK,3540,17835112,1031,104,9,,Steve,Krenik,1354 6TH ST E APT 19,,WEST FARGO,ND,58078-4008
Matt's Automotive Service Center Fargo,TEK,3540,17870528,1031,104,9,,Gerry,Kennedy,201 PRAIRIEWOOD DR S UNIT E,,FARGO,ND,58103-4648
Matt's Automotive Service Center Fargo,TEK,3540,17861093,1031,104,9,,Philippe,Dmitriew,3302 30TH AVE S,,FARGO,ND,58103-6223
Matt's Automotive Service Center Fargo,TEK,3540,17891588,1031,104,9,,Todd,Braud,4140 58TH ST S,,FARGO,ND,58104-4254
Matt's Automotive Service Center Fargo,TEK,3540,17781326,1031,104,9,,Courtney,Mosloski,1408 GOLDENWOOD DR,,WEST FARGO,ND,58078-3961
Matt's Automotive Service Center Fargo,TEK,3540,17782002,1031,104,9,,Troy,Lorenz,530 6TH AVE W APT 6,,WEST FARGO,ND,58078-1640
Matt's Automotive Service Center Fargo,TEK,3540,17854607,1031,104,9,,Ethan,Holder,4421 49TH ST S,,FARGO,ND,58104-4265
Matt's Automotive Service Center Fargo,TEK,3540,17880537,1031,104,09,,Preston,Braathen,1350 8TH ST N,,FARGO,ND,58102-2611
Matt's Automotive Service Center Fargo,TEK,3540,17839709,1031,104,9,,Sarah,Pederson,6590 ALIVIA AVE,,HORACE,ND,58047-4816
Matt's Automotive Service Center Fargo,TEK,3540,17801017,1031,104,9,,Tommy,Conmy,1612 9TH ST S,,FARGO,ND,58103-4119
Matt's Automotive Service Center Fargo,TEK,3540,17841916,1031,104,9,,Deanna,Harvala,627 19TH ST E,,WEST FARGO,ND,58078-2325
Matt's Automotive Service Center Fargo,TEK,3540,17860324,1031,104,9,,Blaine,Halter,PO BOX 3174,,BISMARCK,ND,58502-3174
Matt's Automotive Service Center Fargo,TEK,3540,17873182,1031,104,9,,Russell,Kreps,9327 10TH ST NW,,MOORHEAD,MN,56560-7208
Matt's Automotive Service Center Fargo,TEK,3540,17894255,1031,104,9,,Cameron,Blake,1724 GOLD DR S APT 302,,FARGO,ND,58103-6405
Matt's Automotive Service Center Fargo,TEK,3540,17891032,1031,104,9,,Ashley,Kaltvedt,915 43RD ST S APT 105,,FARGO,ND,58103-2086
Matt's Automotive Service Center Fargo,TEK,3540,17833142,1031,104,9,,Leann,Moore,3306 5TH AVE NE,,NORTHWOOD,ND,58267-9528
Matt's Automotive Service Center Fargo,TEK,3540,17817224,1031,104,9,,Bryan,Porath,1914 5TH ST S,,MOORHEAD,MN,56560-4141
Matt's Automotive Service Center Fargo,TEK,3540,17812890,1031,104,09,,Heather,O'Donnell,880 16TH AVE W,,WEST FARGO,ND,58078-4607
Matt's Automotive Service Center Fargo,TEK,3540,17855487,1031,104,09,,Sarah,Sarazin,1717 40TH ST S APT 135,,FARGO,ND,58103-4432
Matt's Automotive Service Center Fargo,TEK,3540,17818125,1031,104,9,,Ann,Angrand,4102 18TH AVE S APT 302,,FARGO,ND,58103-7118
Matt's Automotive Service Center Fargo,TEK,3540,17794558,1031,104,9,,Brandon,Olson,4974 30TH AVE S APT 209,,FARGO,ND,58104-9030
Matt's Automotive Service Center Fargo,TEK,3540,17800778,1031,104,9,,Mary,Bearstail,PO BOX 243,,GARRISON,ND,58540-0243
Matt's Automotive Service Center Fargo,TEK,3540,17805489,1031,104,9,,Gail,Fisk,3255 16TH AVE S,,FARGO,ND,58103-4526
Matt's Automotive Service Center Fargo,TEK,3540,17884549,1031,104,09,,Bobbie,Engquist,1548 5TH AVE S,,FARGO,ND,58103-1540
Matt's Automotive Service Center Fargo,TEK,3540,17883086,1031,104,9,,Paige,Gierke,27823 86TH AVE S,,HAWLEY,MN,56549-8982
Matt's Automotive Service Center Fargo,TEK,3540,17857621,1031,104,9,,Caleb,Hendershot,2053 YORKSHIRE AVE APT 104,,SAINT PAUL,MN,55116-2569
Matt's Automotive Service Center Fargo,TEK,3540,17787222,1031,104,9,,Jenna,Downey,909 16TH ST S,,FARGO,ND,58103-3050
Matt's Automotive Service Center Fargo,TEK,3540,17835397,1031,104,9,,Jim,Gunkelman,16240 55TH ST SE,,KINDRED,ND,58051-9521
Matt's Automotive Service Center Fargo,TEK,3540,17854912,1031,104,9,,Darby,Hetzler,1829 57TH AVE S,,FARGO,ND,58104-7218
Matt's Automotive Service Center Fargo,TEK,3540,17806235,1031,104,09,,Gary,Housh,99 10TH ST E,,WEST FARGO,ND,58078-2162
Matt's Automotive Service Center Fargo,TEK,3540,17875413,1031,104,9,,Aaron,Hall,455 POPPLE DR SE,,BEMIDJI,MN,56601-7400
Matt's Automotive Service Center Fargo,TEK,3540,17833467,1031,104,9,,Mark,Eckelberg,354 EDGEWATER DR,,WEST FARGO,ND,58078-4247
Matt's Automotive Service Center Fargo,TEK,3540,17880106,1031,104,09,,Andrea,Denault,309 ROBERTS ST N APT 303,,FARGO,ND,58102-4760
Matt's Automotive Service Center Fargo,TEK,3540,17893161,1031,104,09,,Darrell,Dahl,513 2ND AVE E,,WEST FARGO,ND,58078-1902
Matt's Automotive Service Center Fargo,TEK,3540,17838134,1031,104,09,,Rollie,Swedberg,1440 STERLING CT,,WEST FARGO,ND,58078-4250
Matt's Automotive Service Center Fargo,TEK,3540,17818273,1031,104,9,,Cody,Moen,1035 46TH AVE W,,WEST FARGO,ND,58078-8809
Matt's Automotive Service Center Fargo,TEK,3540,17857317,1031,104,09,,Shane,Krick,501 4TH ST E,,HORACE,ND,58047-4627
Matt's Automotive Service Center Fargo,TEK,3540,17828679,1031,104,9,,David,Veum,908 N BROADWAY,,FERGUS FALLS,MN,56537-1314
Matt's Automotive Service Center Fargo,TEK,3540,17777885,1031,104,09,,Mary,Unhjem,4222 CLUBHOUSE DR S,,FARGO,ND,58104-3332
Matt's Automotive Service Center Fargo,TEK,3540,17888754,1031,104,09,,Angela,Goltz,1315 4TH ST NW,,WEST FARGO,ND,58078-3937
Matt's Automotive Service Center Fargo,TEK,3540,17802740,1031,104,09,,Jim,Hamann,4788 CLOCK TOWER LN S,,FARGO,ND,58104-3956
Matt's Automotive Service Center Fargo,TEK,3540,17804403,1031,104,9,,William,Rogers,71 N COUNTRY CLUB DR,,CRYSTAL RIVER,FL,34429-5363
Matt's Automotive Service Center Fargo,TEK,3540,17837771,1031,104,9,,James,Fuchs,4436 12TH ST W,,WEST FARGO,ND,58078-8828
Matt's Automotive Service Center Fargo,TEK,3540,17869123,1031,104,09,,Carol,Andermann,1314 14 1/2 ST S,,FARGO,ND,58103-3939
Matt's Automotive Service Center Fargo,TEK,3540,17887151,1031,104,09,,Miquela,Scott,1053 17TH AVE N UNIT 159,,FARGO,ND,58102-2428
Matt's Automotive Service Center Fargo,TEK,3540,17881460,1031,104,9,,Kalista,Aamot,10120 COUNTY ROAD 47,,ASHBY,MN,56309-4681
Matt's Automotive Service Center Fargo,TEK,3540,17829841,1031,104,9,,Brian,Dusbabek,7633 220TH ST S,,HAWLEY,MN,56549-9017
Matt's Automotive Service Center Fargo,TEK,3540,17878263,1031,104,9,,Abdi,Hasson,4949 16TH AVE S,,FARGO,ND,58103-8929
Matt's Automotive Service Center Fargo,TEK,3540,17805777,1031,104,9,,Josh,Hua,1208 28TH AVE S,,MOORHEAD,MN,56560-4666
Matt's Automotive Service Center Fargo,TEK,3540,17834793,1031,104,09,,Tony,Mugavero,467 E AMBERSIDE DR,,ELGIN,IL,60124-7873
Matt's Automotive Service Center Fargo,TEK,3540,17775701,1031,104,9,,LIsa,Durensky,3046 18TH ST S,,MOORHEAD,MN,56560-5204
Matt's Automotive Service Center Fargo,TEK,3540,17817730,1031,104,9,,Will,Higgins,315 EDGEWOOD DR,,GLENCOE,MN,55336-3106
Matt's Automotive Service Center Fargo,TEK,3540,17855237,1031,104,9,,Dylan,Dunn,4901 39TH AVE S,,FARGO,ND,58104-4293
Matt's Automotive Service Center Fargo,TEK,3540,17829109,1031,104,9,,Wes,Griggs,2440 E COUNTRY CLUB DR S,,FARGO,ND,58103-5731
Matt's Automotive Service Center Fargo,TEK,3540,17836854,1031,104,9,,Tracy,Jerald,119 6TH ST NE,,BARNESVILLE,MN,56514-3502
Matt's Automotive Service Center Fargo,TEK,3540,17808554,1031,104,9,,Todd,Heinen,1606 8TH AVE S,,FARGO,ND,58103-2536
Matt's Automotive Service Center Fargo,TEK,3540,17790999,1031,104,9,,Cheri,Gould,5322 49TH AVE S,,FARGO,ND,58104-4423
Matt's Automotive Service Center Fargo,TEK,3540,17824154,1031,104,9,,Mellissa,Glander,2625 EASTGATE DR S,,FARGO,ND,58103-3613
Matt's Automotive Service Center Fargo,TEK,3540,17884359,1031,104,9,,Brian,Field,104 14TH ST NE,,BARNESVILLE,MN,56514-3701
Matt's Automotive Service Center Fargo,TEK,3540,17814749,1031,104,9,,Steven,Whaley,4962 45TH AVE S,,FARGO,ND,58104-4262
Matt's Automotive Service Center Fargo,TEK,3540,17884255,1031,104,9,,Michele,Scheuring,1750 49TH ST S APT 102,,FARGO,ND,58103-7765
Matt's Automotive Service Center Fargo,TEK,3540,17878904,1031,104,9,,Ryan,Odonnell,880 16TH AVE W,,WEST FARGO,ND,58078-4607
Matt's Automotive Service Center Fargo,TEK,3540,17809060,1031,104,9,,Justin,Schreiber,121 14TH ST S,,GLYNDON,MN,56547-4505
Matt's Automotive Service Center Fargo,TEK,3540,17885386,1031,104,9,,Spencer,Cummings,1931 19TH ST S,,FARGO,ND,58103-4716
Matt's Automotive Service Center Fargo,TEK,3540,17790876,1031,104,9,,Angie,Peterson,4416 9TH AVENUE CIR S,,FARGO,ND,58103-7026
Matt's Automotive Service Center Fargo,TEK,3540,17860853,1031,104,9,,Jessica,Holbrook,4247 9TH AVENUE CIR S APT 103,,FARGO,ND,58103-7042
Matt's Automotive Service Center Fargo,TEK,3540,17794829,1031,104,9,,Crystal,Malaterre,1203 43 1/2 ST S APT 101,,FARGO,ND,58103-7343
Matt's Automotive Service Center Fargo,TEK,3540,17827402,1031,104,9,,Devin,Seibold,2754 10TH ST W,,WEST FARGO,ND,58078-3219
Matt's Automotive Service Center Fargo,TEK,3540,17881856,1031,104,09,,Marci,Jury,273 HOLIDAY AVE,,PAGOSA SPRINGS,CO,81147-9203
Matt's Automotive Service Center Fargo,TEK,3540,17807917,1031,104,9,,Eric,Marvel,3412 5TH ST W APT 103,,WEST FARGO,ND,58078-7738
Matt's Automotive Service Center Fargo,TEK,3540,18442528,1031,104,9,,Matt,Olson,4808 2ND ST SW,,MOORHEAD,MN,56560-6759
Matt's Automotive Service Center Fargo,TEK,3540,18484647,1031,104,9,,Agatha,Nywah,1103 43 1/2 ST S APT 202,,FARGO,ND,58103-7335
Matt's Automotive Service Center Fargo,TEK,3540,18607244,1031,104,9,,Lyle,Lauritsen,1124 8TH AVE W,,WEST FARGO,ND,58078-2437
Matt's Automotive Service Center Fargo,TEK,3540,18436909,1031,104,9,,Sam,Gaye,1709 35TH ST S APT 203,,FARGO,ND,58103-4881
Matt's Automotive Service Center Fargo,TEK,3540,17876885,1031,104,9,,Cory,Tonsager,5119 193RD ST W,,FARMINGTON,MN,55024-8129
Matt's Automotive Service Center Fargo,TEK,3540,19071678,1031,104,9,,Bob,Walker,310 7TH ST SW,,JAMESTOWN,ND,58401-4631
Matt's Automotive Service Center Fargo,TEK,3540,20148420,1031,104,9,,Ann,Trosper,13303 ELIZABETH CT,,THORNTON,CO,80241-2089
Matt's Automotive Service Center Fargo,TEK,3540,17812651,1031,104,9,,Dennis,Nelson,5151 AMBER VALLEY PKWY S APT 6,,FARGO,ND,58104-8675
Matt's Automotive Service Center Fargo,TEK,3540,20738510,1031,104,9,,Clarissa,Moon,305 N MIDVALE BLVD,,MADISON,WI,53705-3259
Matt's Automotive Service Center Fargo,TEK,3540,20858799,1031,104,9,,Missi,Chandler,2833 29TH ST S,,MOORHEAD,MN,56560-5449
Matt's Automotive Service Center Fargo,TEK,3540,21014205,1031,104,9,,Gary,Heisler,5004 16TH ST N,,FARGO,ND,58102-1877
Matt's Automotive Service Center Fargo,TEK,3540,21158523,1031,104,9,,Kris,Kevorkian,10455 110TH AVE S,,SABIN,MN,56580-9601
Matt's Automotive Service Center Fargo,TEK,3540,17893070,1031,104,9,,Vicky,Nikle,1517 7TH AVE S,,FARGO,ND,58103-2527
Matt's Automotive Service Center Fargo,TEK,3540,21878070,1031,104,9,,Michael,Rott,4440 50TH ST S,,FARGO,ND,58104-4242
Matt's Automotive Service Center Fargo,TEK,3540,17802728,1031,104,9,,Mary,McCall,1320 5TH ST N,,FARGO,ND,58102-2717
Matt's Automotive Service Center Fargo,TEK,3540,17861287,1031,104,09,,Janet,Roppe,2824 5TH ST W UNIT E,,WEST FARGO,ND,58078-8112
Matt's Automotive Service Center Fargo,TEK,3540,17848695,1031,104,09,,Morgan,Svingen,3105 EDGEWOOD DR N,,FARGO,ND,58102-1642
Matt's Automotive Service Center Fargo,TEK,3540,17793275,1031,104,9,,Cody,Shevich,1151 32ND AVE N APT 404,,FARGO,ND,58102-1093
Matt's Automotive Service Center Fargo,TEK,3540,24408474,1031,104,9,,Homer,Barberena,1316 8TH ST N,,FARGO,ND,58102-2406
Matt's Automotive Service Center Fargo,TEK,3540,24158527,1031,104,9,,Mike,Hurley,7 28TH AVE NE,,FARGO,ND,58102-1708
Matt's Automotive Service Center Fargo,TEK,3540,24416036,1031,104,9,,Mark,Miesen,4102 18TH AVE S APT 106,,FARGO,ND,58103-7115
Matt's Automotive Service Center Fargo,TEK,3540,23412413,1031,104,9,,Pat,Foret,1727 HUNTINGTON DR,,WEST FARGO,ND,58078-4304
Matt's Automotive Service Center Fargo,TEK,3540,17833926,1031,104,9,,Donnie,Luecke,6581 21ST ST S,,FARGO,ND,58104-6810
Matt's Automotive Service Center Fargo,TEK,3540,26135673,1031,104,9,,Lyle,Anderson,4545 HIGH TRAIL RD,,BILLINGS,MT,59101-9005
Matt's Automotive Service Center Fargo,TEK,3540,26135711,1031,104,9,,Mike,Hagen,1928 QUEENSBURY ST,,WEST FARGO,ND,58078-4351
Matt's Automotive Service Center Fargo,TEK,3540,26136711,1031,104,9,,Courtney,Medcalf,1750 49TH ST S APT 303,,FARGO,ND,58103-7768
Matt's Automotive Service Center Fargo,TEK,3540,23485699,1031,104,9,,Steve,Heggen,5526 14TH ST S,,FARGO,ND,58104-6465
Matt's Automotive Service Center Fargo,TEK,3540,25984523,1031,104,9,,Tim,Paper,1541 3RD AVE N,,FARGO,ND,58102-4212
Matt's Automotive Service Center Fargo,TEK,3540,26917761,1031,104,9,,Cass,Meyers,6044 79TH AVE S,,HORACE,ND,58047-5522
Matt's Automotive Service Center Fargo,TEK,3540,26193760,1031,104,9,,Todd,Popp,3458 SHADOW WOOD LN,,WEST FARGO,ND,58078-7954
Matt's Automotive Service Center Fargo,TEK,3540,26193720,1031,104,9,,Craig,Benson,1345 7TH ST S,,FARGO,ND,58103-4215
Matt's Automotive Service Center Fargo,TEK,3540,24471083,1031,104,9,,Tim,Atkinson,386 156TH AVE SE,,BLANCHARD,ND,58009-9322
Matt's Automotive Service Center Fargo,TEK,3540,27006406,1031,104,9,,Kristen,Reede,2613 5TH CT W,,WEST FARGO,ND,58078-8539
Matt's Automotive Service Center Fargo,TEK,3540,17819353,1031,104,9,,Lana,Swartz,424 19TH AVE W UNIT A,,WEST FARGO,ND,58078-4647
Matt's Automotive Service Center Fargo,TEK,3540,27337343,1031,104,9,,Justin,Nachatilo,3632 POLK ST S,,FARGO,ND,58104-7592
Matt's Automotive Service Center Fargo,TEK,3540,22489719,1031,104,9,,Allen,Marjama,108 SETER CIR,,GLYNDON,MN,56547-4431
Matt's Automotive Service Center Fargo,TEK,3540,26192738,1031,104,9,,Kelly,Kraft,6076 78TH AVE S,,HORACE,ND,58047-5521
Matt's Automotive Service Center Fargo,TEK,3540,28923095,1031,104,09,,Tom,Cummings,PO BOX 122,,GRANDIN,ND,58038-0122
Matt's Automotive Service Center Fargo,TEK,3540,17857462,1031,104,9,,Merete,Christianson,1408 W 28TH ST APT 4,,MINNEAPOLIS,MN,55408-1935
Matt's Automotive Service Center Fargo,TEK,3540,17854087,1031,104,09,,Matt,Olson,4808 2ND ST SW,,MOORHEAD,MN,56560-6759
Matt's Automotive Service Center Fargo,TEK,3540,17822405,1031,104,9,,Gretchen,Rademacher,1257 340TH ST,,BELLINGHAM,MN,56212-2051
Matt's Automotive Service Center Fargo,TEK,3540,17888928,1031,104,9,,Kelli,Emerson,138 PINE AVE,,MAPLETON,ND,58059-8507
Matt's Automotive Service Center Fargo,TEK,3540,17807576,1031,104,9,,Jason,Bedsaul,3020 7TH ST E,,WEST FARGO,ND,58078-7979
Matt's Automotive Service Center Fargo,TEK,3540,29949709,1031,104,09,,Mekenzie,Whaley,1104 44TH ST S APT 303,,FARGO,ND,58103-7336
Matt's Automotive Service Center Fargo,TEK,3540,22480335,1031,104,09,,Jacob,Meyer,237 31ST AVE E UNIT C,,WEST FARGO,ND,58078-8310
Matt's Automotive Service Center Fargo,TEK,3540,17827255,1031,104,09,,Andy,Wei,639 38TH AVE E,,WEST FARGO,ND,58078-5444
Matt's Automotive Service Center Fargo,TEK,3540,17781591,1031,104,09,,Dan,Cushing,2415 2ND ST N,,FARGO,ND,58102-2007
Matt's Automotive Service Center Fargo,TEK,3540,17832525,1031,104,09,,Cyd,Sanchez,3721 4TH ST E,,WEST FARGO,ND,58078-4818
Matt's Automotive Service Center Fargo,TEK,3540,30617307,1031,104,09,,Kevin,Ingeman,1444 10TH AVE S,,FARGO,ND,58103-3010
Matt's Automotive Service Center Fargo,TEK,3540,30640653,1031,104,09,,Brian,Maynard,1717 40TH ST S APT 230,,FARGO,ND,58103-4449
Matt's Automotive Service Center Fargo,TEK,3540,31519658,1031,104,09,,Alex,Schwarz,5250 28TH AVE S,,FARGO,ND,58104-8998
Matt's Automotive Service Center Fargo,TEK,3540,31911404,1031,104,09,,Emily,Pascavis,1919 UNIVERSITY DR N,,FARGO,ND,58102-1843
Matt's Automotive Service Center Fargo,TEK,3540,27305934,1031,104,9,,Betty,Chevis,3019 18TH ST S,,MOORHEAD,MN,56560-5203
Matt's Automotive Service Center Fargo,TEK,3540,17886128,1031,104,9,,John,Gondrez,2918 29TH AVENUE CIR S,,MOORHEAD,MN,56560-5426
Matt's Automotive Service Center Fargo,TEK,3540,22634221,1031,104,9,,Rooney,Villegas,519 33RD AVE W APT 311,,WEST FARGO,ND,58078-7846
Matt's Automotive Service Center Fargo,TEK,3540,32612086,1031,104,09,,Cindi,Peterson,4915 28TH AVE S APT 303,,FARGO,ND,58104-8466
Matt's Automotive Service Center Fargo,TEK,3540,22450348,1031,104,9,,Suzanne,Opperman,1431 7TH AVE S,,FARGO,ND,58103-2525
Matt's Automotive Service Center Fargo,TEK,3540,33285886,1031,104,09,,Noah,Lund,3700 42ND ST S APT 115,,FARGO,ND,58104-6978
Matt's Automotive Service Center Fargo,TEK,3540,17806995,1031,104,9,,Will,Stayman,1113 UNIVERSITY DR N UNIT 306,,FARGO,ND,58102-5532
Matt's Automotive Service Center Fargo,TEK,3540,34198265,1031,104,09,,Nic,Avakian,4325 10TH AVE S APT 107,,FARGO,ND,58103-2074
Matt's Automotive Service Center Fargo,TEK,3540,17786341,1031,104,9,,Alicia,Upton,3406 EAGLE RUN DR,,WEST FARGO,ND,58078-7750
Matt's Automotive Service Center Fargo,TEK,3540,34210853,1031,104,09,,Anthony,Fischer,1136 10TH ST N APT 201,,FARGO,ND,58102-3552
Matt's Automotive Service Center Fargo,TEK,3540,33251736,1031,104,09,,David,Swanson,7890 FIREFLY LN,,HORACE,ND,58047-3700
Matt's Automotive Service Center Fargo,TEK,3540,17876821,1031,104,9,,Katie,Huebner,3769 NORMAN CT S,,FARGO,ND,58104-8503
Matt's Automotive Service Center Fargo,TEK,3540,34695672,1031,104,09,,Nicole,Nelson,1116 18TH ST N,,MOORHEAD,MN,56560-1848
Matt's Automotive Service Center Fargo,TEK,3540,34712386,1031,104,09,,Scott,Matheson,403 6TH ST S,,MOORHEAD,MN,56560-2734
Matt's Automotive Service Center Fargo,TEK,3540,34954829,1031,104,09,,Todd,Metzger,4906 MEADOW CREEK DR S,,FARGO,ND,58104-7116
Matt's Automotive Service Center Fargo,TEK,3540,35274990,1031,104,09,,Jessie,McClaflin,680 17TH AVE E,,WEST FARGO,ND,58078-4357
Matt's Automotive Service Center Fargo,TEK,3540,34718698,1031,104,09,,Corey,Vetter,531 10TH ST E,,WEST FARGO,ND,58078-2171
Matt's Automotive Service Center Fargo,TEK,3540,33965057,1031,104,09,,Troy,Morken,221 24TH AVE N,,FARGO,ND,58102-2034
Matt's Automotive Service Center Fargo,TEK,3540,35337458,1031,104,09,,Craig,Brengson,3914 50TH ST N,,FARGO,ND,58102-5452
Matt's Automotive Service Center Fargo,TEK,3540,35008797,1031,104,09,,Jason,Cassella,1804 39TH ST S APT 205,,FARGO,ND,58103-7402
Matt's Automotive Service Center Fargo,TEK,3540,35696469,1031,104,09,,Celia,Reisenauer,1400 MAPLE LN,,WEST FARGO,ND,58078-3415
Matt's Automotive Service Center Fargo,TEK,3540,17823993,1031,104,9,,Daniel,Kenzie,1320 5TH ST N,,FARGO,ND,58102-2717
Matt's Automotive Service Center Fargo,TEK,3540,35659683,1031,104,09,,Quinto,Lotti,306 FINGAL DR,,ALEXANDRIA,MN,56308-2176
Matt's Automotive Service Center Fargo,TEK,3540,21673017,1031,104,9,,Matt,Hockert,144 17TH AVE W,,WEST FARGO,ND,58078-4208
Matt's Automotive Service Center Fargo,TEK,3540,17833115,1031,104,9,,Tyler,Mclean,823 6TH ST S,,FARGO,ND,58103-2741
Matt's Automotive Service Center Fargo,TEK,3540,20155432,1031,104,9,,Brian,Feickert,1713 4TH ST N,,FARGO,ND,58102-2305
Matt's Automotive Service Center Fargo,TEK,3540,31623251,1031,104,09,,Carol,Vandal,2612 36TH AVE S,,FARGO,ND,58104-5163
