Shop Name,Software,SID,CID,WSID,WCID,MBdayMo,TBdayMo,First,Last,Address,Address2,City,St,Zip
Matt's Automotive Service Center Fargo,TEK,3540,17836058,1031,104,3,,Dan,Toy,2522 AMBER VALLEY CT S,,FARGO,ND,58104-8665
Matt's Automotive Service Center Fargo,TEK,3540,17836184,1031,104,3,,Nfengiyumva,Corode,1881 39TH ST S APT 208,,FARGO,ND,58103-7166
Matt's Automotive Service Center Fargo,TEK,3540,17881554,1031,104,3,,Piper,Gibson,5420 AMBER VALLEY PKWY S APT 310,,FARGO,ND,58104-8945
Matt's Automotive Service Center Fargo,TEK,3540,17798697,1031,104,3,,Jonathan,Stevenson,2110 7TH ST N,,FARGO,ND,58102-5006
Matt's Automotive Service Center Fargo,TEK,3540,17789462,1031,104,3,,Cheryl,Danielson,725 42ND ST S APT 130,,FARGO,ND,58103-1154
Matt's Automotive Service Center Fargo,TEK,3540,17786625,1031,104,3,,Jeremy,Thompson,221 11TH AVE N,,FARGO,ND,58102-3758
Matt's Automotive Service Center Fargo,TEK,3540,17783288,1031,104,3,,Courtney,Halter,2915 BLUESTEM DR APT 1161,,WEST FARGO,ND,58078-8027
Matt's Automotive Service Center Fargo,TEK,3540,17842820,1031,104,3,,Marshall,Mccord,1517 35TH AVE S,,FARGO,ND,58104-6113
Matt's Automotive Service Center Fargo,TEK,3540,17838820,1031,104,3,,Nick,Ulrich,1103 43 1/2 ST S APT 307,,FARGO,ND,58103-7335
Matt's Automotive Service Center Fargo,TEK,3540,17839533,1031,104,3,,Jessica,Nelson,410 6TH AVE NW,,JAMESTOWN,ND,58401-3161
Matt's Automotive Service Center Fargo,TEK,3540,17824289,1031,104,3,,Joe,Hamm,942 HOMESTEAD CT,,WEST FARGO,ND,58078-4805
Matt's Automotive Service Center Fargo,TEK,3540,17890352,1031,104,3,,Anthony,Tarquinto,1024 40TH ST S,,FARGO,ND,58103-2100
Matt's Automotive Service Center Fargo,TEK,3540,17882957,1031,104,3,,Angelyne,Sayee,5170 AMBER VALLEY PKWY S APT 138,,FARGO,ND,58104-8619
Matt's Automotive Service Center Fargo,TEK,3540,17777107,1031,104,3,,Addison,Czeck,3404 19TH ST S,,FARGO,ND,58104-6551
Matt's Automotive Service Center Fargo,TEK,3540,17810268,1031,104,3,,Melissa,Lau,1603 34TH AVE S,,FARGO,ND,58104-6123
Matt's Automotive Service Center Fargo,TEK,3540,17864648,1031,104,3,,Matthew,Ashburn,2748 11TH ST W,,WEST FARGO,ND,58078-2467
Matt's Automotive Service Center Fargo,TEK,3540,17873166,1031,104,3,,Maxine,Schmidt,4140 4TH AVE S APT 1116,,FARGO,ND,58103-1193
Matt's Automotive Service Center Fargo,TEK,3540,17898340,1031,104,3,,Brett,Hershberger,2733 47TH ST S APT 301,,FARGO,ND,58104-8450
Matt's Automotive Service Center Fargo,TEK,3540,17794647,1031,104,3,,Anna,Moffett,875 ELM ST APT 905,,MANCHESTER,NH,03101-2126
Matt's Automotive Service Center Fargo,TEK,3540,17897377,1031,104,3,,Jett,Statema,1355 2ND AVE NE,,VALLEY CITY,ND,58072-2203
Matt's Automotive Service Center Fargo,TEK,3540,17776158,1031,104,3,,Jason,Blaze,605 W HICKORY AVE,,LINTON,ND,58552-7227
Matt's Automotive Service Center Fargo,TEK,3540,17782854,1031,104,3,,Joshua,Garcia,5351 AMBER VALLEY PKWY S APT 23,,FARGO,ND,58104-8761
Matt's Automotive Service Center Fargo,TEK,3540,17879261,1031,104,3,,Ramey,Opp,4706 BAKERS LN,,REILES ACRES,ND,58102-5417
Matt's Automotive Service Center Fargo,TEK,3540,17816935,1031,104,3,,Chad,Knudson,1427 STERLING CT,,WEST FARGO,ND,58078-4250
Matt's Automotive Service Center Fargo,TEK,3540,17865932,1031,104,03,,Kelsey,Beyer,921 9TH ST N,,MOORHEAD,MN,56560-1507
Matt's Automotive Service Center Fargo,TEK,3540,17869601,1031,104,3,,Nicole,Baem,2540 18TH ST S APT 203,,FARGO,ND,58103-6655
Matt's Automotive Service Center Fargo,TEK,3540,17893080,1031,104,3,,Nicole,Sorby,2109 17TH ST S APT 2,,FARGO,ND,58103-5230
Matt's Automotive Service Center Fargo,TEK,3540,17796828,1031,104,3,,Bianca,Martinez,220 10TH ST N APT 2209,,FARGO,ND,58102-4782
Matt's Automotive Service Center Fargo,TEK,3540,17829030,1031,104,3,,Jenny,Kemp,200 DOUGLAS DR S,,ANNANDALE,MN,55302-4524
Matt's Automotive Service Center Fargo,TEK,3540,17811469,1031,104,3,,Stephanie,Henney,3729 NORMAN CT S # 1,,FARGO,ND,58104-8503
Matt's Automotive Service Center Fargo,TEK,3540,17879131,1031,104,3,,Edmund,Sykes,PO BOX 532,,WASHBURN,ND,58577-0532
Matt's Automotive Service Center Fargo,TEK,3540,17775802,1031,104,3,,Nikki,Rude,229 12 1/2 AVE E,,WEST FARGO,ND,58078-3020
Matt's Automotive Service Center Fargo,TEK,3540,17783495,1031,104,3,,Laurie,Back,2656 N 56TH ST # 46,,MESA,AZ,85215-1309
Matt's Automotive Service Center Fargo,TEK,3540,17891885,1031,104,3,,Elizabeth,Kieffer,4216 34TH AVE S,,FARGO,ND,58104-6973
Matt's Automotive Service Center Fargo,TEK,3540,17894920,1031,104,03,,Pam,Nygard,407 7TH AVE E,,WEST FARGO,ND,58078-2785
Matt's Automotive Service Center Fargo,TEK,3540,17892369,1031,104,3,,Tom,Enright,4211 12TH AVE N,,FARGO,ND,58102-2905
Matt's Automotive Service Center Fargo,TEK,3540,17825160,1031,104,3,,Charles,Schulz,321 PRAIRIEWOOD CIR S APT 102,,FARGO,ND,58103-4619
Matt's Automotive Service Center Fargo,TEK,3540,17838735,1031,104,3,,Suzie,Hartze,PO BOX 1054,,MOORHEAD,MN,56561-1054
Matt's Automotive Service Center Fargo,TEK,3540,17785633,1031,104,3,,Ross,Forney,4242 41ST AVE S,,FARGO,ND,58104-3942
Matt's Automotive Service Center Fargo,TEK,3540,17786106,1031,104,3,,David,Munyon,1001 42ND ST S APT 344,,FARGO,ND,58103-2139
Matt's Automotive Service Center Fargo,TEK,3540,17817761,1031,104,3,,Phil,Schmaltz,1001 42ND ST S APT 209,,FARGO,ND,58103-2134
Matt's Automotive Service Center Fargo,TEK,3540,17803896,1031,104,3,,Christian,Ekren,1543 5TH AVE S,,FARGO,ND,58103-1539
Matt's Automotive Service Center Fargo,TEK,3540,17775675,1031,104,3,,Nick,Stordahl,1708 41ST ST S,,MOORHEAD,MN,56560-7175
Matt's Automotive Service Center Fargo,TEK,3540,17836400,1031,104,3,,Terry,Monson,1625 33RD AVE S APT 102,,FARGO,ND,58104-6176
Matt's Automotive Service Center Fargo,TEK,3540,17831319,1031,104,3,,Gabbrial,Ouko,4936 21ST AVE S APT 107,,FARGO,ND,58103-7751
Matt's Automotive Service Center Fargo,TEK,3540,17859246,1031,104,3,,Ryan,Anderson,43 LIND BLVD,,HARWOOD,ND,58042-4114
Matt's Automotive Service Center Fargo,TEK,3540,17895291,1031,104,3,,Eric,Pikarski,2143 5TH AVE E,,WEST FARGO,ND,58078-2320
Matt's Automotive Service Center Fargo,TEK,3540,17895152,1031,104,3,,Kim,Idso,510 REED ST,,AMENIA,ND,58004-4004
Matt's Automotive Service Center Fargo,TEK,3540,17781340,1031,104,3,,Alyssa,Wilkie,3353 15TH AVE S APT 201,,FARGO,ND,58103-4570
Matt's Automotive Service Center Fargo,TEK,3540,17830755,1031,104,3,,Sharon,LaMont,12 BROADWAY N UNIT 204,,FARGO,ND,58102-5242
Matt's Automotive Service Center Fargo,TEK,3540,17828739,1031,104,3,,Jennifer,Lightowler,1700 25TH AVE S APT 102,,FARGO,ND,58103-5143
Matt's Automotive Service Center Fargo,TEK,3540,17783762,1031,104,3,,Kristie,Thompson,4245 28TH AVE S APT 303,,FARGO,ND,58104-9060
Matt's Automotive Service Center Fargo,TEK,3540,17892945,1031,104,3,,Ethan,Borgen,4974 30TH AVE S,,FARGO,ND,58104-9028
Matt's Automotive Service Center Fargo,TEK,3540,17875904,1031,104,3,,Shirley,Ripley,1527 68TH AVE S,,FARGO,ND,58104-3006
Matt's Automotive Service Center Fargo,TEK,3540,17794966,1031,104,3,,Elijah,Krystosek,204 8TH AVE N,,SARTELL,MN,56377-1843
Matt's Automotive Service Center Fargo,TEK,3540,17793228,1031,104,3,,Rick,Upchurch,303 2ND AVE SW,,STEELE,ND,58482-7209
Matt's Automotive Service Center Fargo,TEK,3540,17879807,1031,104,03,,Josiah,Marineau,2534 VESTAL AVE,,FAYETTEVILLE,NC,28301-2442
Matt's Automotive Service Center Fargo,TEK,3540,17808652,1031,104,3,,Jonathan,Pickard,922 RENSVOLD BLVD,,MOORHEAD,MN,56560-3251
Matt's Automotive Service Center Fargo,TEK,3540,17897794,1031,104,3,,Julian,Visto,1220 6TH ST S,,FARGO,ND,58103-2749
Matt's Automotive Service Center Fargo,TEK,3540,17879796,1031,104,3,,Koko,Bile,4730 16TH AVE S APT 301,,FARGO,ND,58103-3238
Matt's Automotive Service Center Fargo,TEK,3540,17870212,1031,104,3,,Noah,Irby,420 8TH ST S APT 2,,FARGO,ND,58103-1853
Matt's Automotive Service Center Fargo,TEK,3540,17817576,1031,104,3,,Colt,Wilkins,1103 43 1/2 ST S APT 306,,FARGO,ND,58103-7335
Matt's Automotive Service Center Fargo,TEK,3540,17891831,1031,104,3,,Harold,Rodenbiker,4570 49TH AVE S APT 301,,FARGO,ND,58104-4582
Matt's Automotive Service Center Fargo,TEK,3540,17891281,1031,104,3,,Rachel,Johnson,834 10TH AVE E,,WEST FARGO,ND,58078-3147
Matt's Automotive Service Center Fargo,TEK,3540,17818032,1031,104,3,,Brandon,Lewis,1820 DAKOTA DR N APT 420,,FARGO,ND,58102-3296
Matt's Automotive Service Center Fargo,TEK,3540,17776286,1031,104,3,,Chane,Hegel,1424 2ND AVE S,,FARGO,ND,58103-1612
Matt's Automotive Service Center Fargo,TEK,3540,17793180,1031,104,3,,Jason,Bossert,4735 37TH AVE N,,REILES ACRES,ND,58102-5437
Matt's Automotive Service Center Fargo,TEK,3540,17790120,1031,104,3,,Avery,Murray,959 9TH ST NE,,VALLEY CITY,ND,58072-2427
Matt's Automotive Service Center Fargo,TEK,3540,17893262,1031,104,03,,Ken,Schumacher,1531 25TH AVE S,,FARGO,ND,58103-5221
Matt's Automotive Service Center Fargo,TEK,3540,17823325,1031,104,03,,Spencer,Hilbrands,4820 48TH AVE S,,FARGO,ND,58104-6032
Matt's Automotive Service Center Fargo,TEK,3540,17817403,1031,104,3,,Kyle,Zahn,1101 10TH ST S,,FARGO,ND,58103-3105
Matt's Automotive Service Center Fargo,TEK,3540,17898021,1031,104,3,,Bruce,Bock,3532 30TH AVE S,,FARGO,ND,58103-6239
Matt's Automotive Service Center Fargo,TEK,3540,17866781,1031,104,3,,Geoff,Grout,4020 9TH ST S,,MOORHEAD,MN,56560-7465
Matt's Automotive Service Center Fargo,TEK,3540,17812551,1031,104,3,,Paige,Koepplin,3655 HARRISON ST S,,FARGO,ND,58104-7546
Matt's Automotive Service Center Fargo,TEK,3540,17891306,1031,104,3,,Richard,Melvin,PO BOX 985,,BEACH,ND,58621-0985
Matt's Automotive Service Center Fargo,TEK,3540,17835232,1031,104,3,,Shawn,Urbach,3802 50TH AVE S,,FARGO,ND,58104-4625
Matt's Automotive Service Center Fargo,TEK,3540,17802498,1031,104,3,,Daniel,Johnsen,54 RAILWAY ST,,ENDERLIN,ND,58027-1137
Matt's Automotive Service Center Fargo,TEK,3540,17836429,1031,104,3,,Verla,Hennings,1625 4TH ST N,,FARGO,ND,58102-2303
Matt's Automotive Service Center Fargo,TEK,3540,17898411,1031,104,3,,Kent,Madson,17882 FRUITWOOD LN,,EDEN PRAIRIE,MN,55347-3572
Matt's Automotive Service Center Fargo,TEK,3540,17779419,1031,104,03,,Duwayne,Huberty,23317 JACKSON ST NE,,EAST BETHEL,MN,55005-9703
Matt's Automotive Service Center Fargo,TEK,3540,17850091,1031,104,3,,Bryan,Blume,13910 BERGSTROM DR,,WILLISTON,ND,58801-9212
Matt's Automotive Service Center Fargo,TEK,3540,17870804,1031,104,3,,Megan,Lawler,PO BOX 284,,HUNTER,ND,58048-0284
Matt's Automotive Service Center Fargo,TEK,3540,17880444,1031,104,3,,Bob,Lingen,4815 28TH AVE S APT 1301,,FARGO,ND,58104-8984
Matt's Automotive Service Center Fargo,TEK,3540,17884443,1031,104,03,,Sabrena,Drewett,918 23RD AVE S,,MOORHEAD,MN,56560-4318
Matt's Automotive Service Center Fargo,TEK,3540,17897406,1031,104,3,,Devin,Wolff,829 12TH AVE W,,WEST FARGO,ND,58078-2410
Matt's Automotive Service Center Fargo,TEK,3540,17847294,1031,104,03,,Michael,Bolonchuk,1810 49TH ST S APT 208,,FARGO,ND,58103-7706
Matt's Automotive Service Center Fargo,TEK,3540,17877228,1031,104,3,,Carrol,Pritchard,1572 11TH AVE E,,WEST FARGO,ND,58078-5202
Matt's Automotive Service Center Fargo,TEK,3540,17876597,1031,104,03,,Lacy,Etter,3620 42ND ST S APT 101,,FARGO,ND,58104-7389
Matt's Automotive Service Center Fargo,TEK,3540,17807013,1031,104,3,,Amy,Lindquist,3027 7TH ST W APT 207,,WEST FARGO,ND,58078-7762
Matt's Automotive Service Center Fargo,TEK,3540,17857086,1031,104,3,,Shane,McCarthy,3321 JACKSON ST S,,FARGO,ND,58104-6988
Matt's Automotive Service Center Fargo,TEK,3540,17884406,1031,104,3,,Joe,Krabbenhoft,745 WYNDEMERE DR,,WEST FARGO,ND,58078-4039
Matt's Automotive Service Center Fargo,TEK,3540,17881866,1031,104,3,,Joel,Gagnon,4330 9TH AVE S APT 205,,FARGO,ND,58103-7090
Matt's Automotive Service Center Fargo,TEK,3540,17887142,1031,104,3,,Tawa,Sakilah,1001 42ND ST S APT 210,,FARGO,ND,58103-2134
Matt's Automotive Service Center Fargo,TEK,3540,17794801,1031,104,3,,Garrett,Berg,3142 44TH ST S APT 302,,FARGO,ND,58104-8425
Matt's Automotive Service Center Fargo,TEK,3540,17827829,1031,104,03,,Raychelle,Baughman,3055 33RD ST S UNIT 1,,FARGO,ND,58103-7884
Matt's Automotive Service Center Fargo,TEK,3540,17861011,1031,104,3,,Jean,Thorson,311 PRAIRIEWOOD CIR S APT 304,,FARGO,ND,58103-4652
Matt's Automotive Service Center Fargo,TEK,3540,17807154,1031,104,3,,Robbi,Strand,1101 1ST ST APT 82,,WEST FARGO,ND,58078-3039
Matt's Automotive Service Center Fargo,TEK,3540,17867325,1031,104,03,,Shari,Permann,121 1ST AVE W APT 304,,WEST FARGO,ND,58078-1795
Matt's Automotive Service Center Fargo,TEK,3540,17799907,1031,104,3,,Pat,Wodarek,5050 40TH AVE S APT 337,,FARGO,ND,58104-8902
Matt's Automotive Service Center Fargo,TEK,3540,17827308,1031,104,03,,Tom,Foreman,2521 W 37TH AVE,,DENVER,CO,80211-2850
Matt's Automotive Service Center Fargo,TEK,3540,17810648,1031,104,3,,Sadie,Sheppard,2581 VILLA DR S APT 319,,FARGO,ND,58103-3600
Matt's Automotive Service Center Fargo,TEK,3540,17819529,1031,104,03,,Sam,Betterman,4770 TIMBER PKWY S APT 207,,FARGO,ND,58104-4834
Matt's Automotive Service Center Fargo,TEK,3540,18859734,1031,104,3,,Justin,Ludwig,1205 14TH ST S,,FARGO,ND,58103-3031
Matt's Automotive Service Center Fargo,TEK,3540,18436773,1031,104,3,,Mitch,Finn,267 PRAIRIEWOOD DR S,,FARGO,ND,58103-4625
Matt's Automotive Service Center Fargo,TEK,3540,19333900,1031,104,3,,Joanna,Braun,2375 LONG AVE APT 4,,SAINT PAUL,MN,55114-1334
Matt's Automotive Service Center Fargo,TEK,3540,17883186,1031,104,3,,Jerry,Johnson,6308 17TH ST N,,FARGO,ND,58102-6027
Matt's Automotive Service Center Fargo,TEK,3540,17858785,1031,104,3,,Michelle,Strand,9 PRAIRIEWOOD DR S,,FARGO,ND,58103-4608
Matt's Automotive Service Center Fargo,TEK,3540,20755677,1031,104,3,,Assad,Amir,9200 S THOMAS AVE,,BRIDGEVIEW,IL,60455-2162
Matt's Automotive Service Center Fargo,TEK,3540,17779162,1031,104,3,,Ellick,Erickson,2015 23RD ST S APT 103,,FARGO,ND,58103-4760
Matt's Automotive Service Center Fargo,TEK,3540,20878210,1031,104,3,,Erwin,Huseby,1770 EVERGREEN WAY,,WEST FARGO,ND,58078-4285
Matt's Automotive Service Center Fargo,TEK,3540,17871890,1031,104,3,,Morgan,Hluchy,2153 DOCK DR,,WEST FARGO,ND,58078-8496
Matt's Automotive Service Center Fargo,TEK,3540,17828711,1031,104,3,,Ben,Sullivan,2802 26TH STREET CIR S,,MOORHEAD,MN,56560-5354
Matt's Automotive Service Center Fargo,TEK,3540,17851333,1031,104,03,,Nathan,Steele,5001 AMBER VALLEY PKWY S APT 212,,FARGO,ND,58104-8684
Matt's Automotive Service Center Fargo,TEK,3540,21389546,1031,104,3,,Trey,Hausmann,3702 NORMAN CT S,,FARGO,ND,58104-8503
Matt's Automotive Service Center Fargo,TEK,3540,17834169,1031,104,03,,Mike,Arnold,1415 4TH AVE E,,WEST FARGO,ND,58078-4500
Matt's Automotive Service Center Fargo,TEK,3540,21697388,1031,104,3,,Carley,Cummings,1998 BIRCH ST,,WHITE BEAR LAKE,MN,55110-4219
Matt's Automotive Service Center Fargo,TEK,3540,18470050,1031,104,3,,Don,Longfellow,203 VALLEY ST,,LISBON,ND,58054-4531
Matt's Automotive Service Center Fargo,TEK,3540,21178032,1031,104,3,,Chris,Tanke,1727 42ND ST S APT 3,,FARGO,ND,58103-4455
Matt's Automotive Service Center Fargo,TEK,3540,22200598,1031,104,3,,Preston,Hoppe,24338 350TH ST,,ALBANY,MN,56307-9718
Matt's Automotive Service Center Fargo,TEK,3540,17893412,1031,104,3,,Peter,Mathison,720 47TH AVE W,,WEST FARGO,ND,58078-4062
Matt's Automotive Service Center Fargo,TEK,3540,20871227,1031,104,3,,Courtney,Bjerken,1151 32ND AVE N APT 327,,FARGO,ND,58102-1060
Matt's Automotive Service Center Fargo,TEK,3540,22669779,1031,104,3,,Darren,Feist,302 MAUST WAY,,HORACE,ND,58047-4516
Matt's Automotive Service Center Fargo,TEK,3540,17776525,1031,104,3,,Ethan,Block,137A PRAIRIEWOOD DR S APT 204,,FARGO,ND,58103-4671
Matt's Automotive Service Center Fargo,TEK,3540,17840143,1031,104,3,,Leslie,Kisch,706 12TH ST SE,,BARNESVILLE,MN,56514-3960
Matt's Automotive Service Center Fargo,TEK,3540,22827130,1031,104,3,,Gery,Schumacher,3014 24TH AVE S,,FARGO,ND,58103-5014
Matt's Automotive Service Center Fargo,TEK,3540,22806110,1031,104,3,,Dale,Grigorenko,1905 56TH AVE N,,MOORHEAD,MN,56560-6669
Matt's Automotive Service Center Fargo,TEK,3540,17776033,1031,104,3,,Simona,Massie,1717 40TH ST S APT 319,,FARGO,ND,58103-4452
Matt's Automotive Service Center Fargo,TEK,3540,17827952,1031,104,3,,James,Stastny,1416 35TH STREET CIR S,,MOORHEAD,MN,56560-8128
Matt's Automotive Service Center Fargo,TEK,3540,17849184,1031,104,3,,Leslie,Becker,2308 18TH ST S,,FARGO,ND,58103-5139
Matt's Automotive Service Center Fargo,TEK,3540,24143476,1031,104,3,,Juan,Salinas,3530 2ND ST N APT 5,,FARGO,ND,58102-1148
Matt's Automotive Service Center Fargo,TEK,3540,23517363,1031,104,3,,Jason,Kulyk,1139 WESTPORT BEACH WAY UNIT G,,WEST FARGO,ND,58078-8858
Matt's Automotive Service Center Fargo,TEK,3540,26143308,1031,104,3,,Emily,Zimba,PO BOX 85,,MC INTOSH,SD,57641-0085
Matt's Automotive Service Center Fargo,TEK,3540,26287041,1031,104,3,,William,Clark,508 3RD STREET CT,,WEST FARGO,ND,58078-2715
Matt's Automotive Service Center Fargo,TEK,3540,17880210,1031,104,3,,Emily,Odegard,2847 7TH ST W APT 308,,WEST FARGO,ND,58078-6924
Matt's Automotive Service Center Fargo,TEK,3540,17829720,1031,104,3,,Kyle,Burbank,3734 ASPYN LN N,,FARGO,ND,58102-4879
Matt's Automotive Service Center Fargo,TEK,3540,28895607,1031,104,03,,Jill,Kratcha,1014 4TH AVE W,,WEST FARGO,ND,58078-1446
Matt's Automotive Service Center Fargo,TEK,3540,29131866,1031,104,03,,Carter,Rogers,5713 ROBERTS DR,,WACO,TX,76710-1529
Matt's Automotive Service Center Fargo,TEK,3540,29981221,1031,104,03,,Emily,Flanagan,3235 TIMBER CREEK CIR S,,FARGO,ND,58104-7745
Matt's Automotive Service Center Fargo,TEK,3540,17899182,1031,104,3,,Nicalaus,Powell,1112 47TH AVE N,,FARGO,ND,58102-5362
Matt's Automotive Service Center Fargo,TEK,3540,17856559,1031,104,3,,Jeff,Telander,614 2ND AVE E APT 2,,WEST FARGO,ND,58078-1964
Matt's Automotive Service Center Fargo,TEK,3540,30154153,1031,104,03,,Taylor,Jahner,305 10TH AVE E,,WEST FARGO,ND,58078-3003
Matt's Automotive Service Center Fargo,TEK,3540,30312030,1031,104,03,,Tiffany,Elsenpeter,109 5TH ST NE,,DILWORTH,MN,56529-1257
Matt's Automotive Service Center Fargo,TEK,3540,17778890,1031,104,3,,Andrew,Jensen,4325 10TH AVE S APT 208,,FARGO,ND,58103-2076
Matt's Automotive Service Center Fargo,TEK,3540,17842014,1031,104,3,,Joshua,Lanzdorf,3004 RIDGE DR E,,WEST FARGO,ND,58078-7803
Matt's Automotive Service Center Fargo,TEK,3540,17780231,1031,104,03,,Chris,Widhalm,1013 4TH AVE E,,WEST FARGO,ND,58078-2117
Matt's Automotive Service Center Fargo,TEK,3540,17895108,1031,104,3,,Dan,Cash,3563 50TH ST S,,FARGO,ND,58104-7149
Matt's Automotive Service Center Fargo,TEK,3540,31270430,1031,104,03,,Hunter,Hopkins,3700 42ND ST S APT 304,,FARGO,ND,58104-6980
Matt's Automotive Service Center Fargo,TEK,3540,31275212,1031,104,03,,John,Anderson,1421 18TH ST S,,FARGO,ND,58103-3829
Matt's Automotive Service Center Fargo,TEK,3540,31650422,1031,104,03,,David,Bortle,1750 40TH ST S APT 224,,FARGO,ND,58103-4484
Matt's Automotive Service Center Fargo,TEK,3540,31514204,1031,104,03,,Luther,King,3606 TAYLOR ST S,,FARGO,ND,58104-7588
Matt's Automotive Service Center Fargo,TEK,3540,32043327,1031,104,03,,Ana,Bowman,2433 20TH AVE S APT 302,,FARGO,ND,58103-4752
Matt's Automotive Service Center Fargo,TEK,3540,32052690,1031,104,03,,Dane,Schroeder,913 3RD AVE E,,WEST FARGO,ND,58078-2105
Matt's Automotive Service Center Fargo,TEK,3540,32007978,1031,104,03,,Shari,Woehl,3022 7TH ST W,,WEST FARGO,ND,58078-7775
Matt's Automotive Service Center Fargo,TEK,3540,17886152,1031,104,3,,Tammy,Schroeder,101 UNIVERSITY DR S APT 212,,FARGO,ND,58103-8216
Matt's Automotive Service Center Fargo,TEK,3540,24457204,1031,104,3,,Chris,Giese,3746 DOROTHEA CT S,,FARGO,ND,58104-8502
Matt's Automotive Service Center Fargo,TEK,3540,32084007,1031,104,03,,Kevin,Steinbach,1901 23RD AVE S,,FARGO,ND,58103-5155
Matt's Automotive Service Center Fargo,TEK,3540,33165021,1031,104,03,,Rachel,Erickson,3001 3RD ST E,,WEST FARGO,ND,58078-8249
Matt's Automotive Service Center Fargo,TEK,3540,33513868,1031,104,03,,Aaron,McCurdy,632 22ND ST E,,WEST FARGO,ND,58078-2335
Matt's Automotive Service Center Fargo,TEK,3540,33961805,1031,104,03,,Chandler,Diedrich,2052 123RD AVE NW,,COON RAPIDS,MN,55448-7089
Matt's Automotive Service Center Fargo,TEK,3540,17897845,1031,104,3,,Ernest,Gibson,1760 40TH ST S,,FARGO,ND,58103-4485
Matt's Automotive Service Center Fargo,TEK,3540,17859575,1031,104,03,,Bryce,Van Vleet,2502 8TH ST N,,FARGO,ND,58102-1411
Matt's Automotive Service Center Fargo,TEK,3540,17893566,1031,104,3,,Jared,Terres,3167 6TH ST E,,WEST FARGO,ND,58078-2867
Matt's Automotive Service Center Fargo,TEK,3540,24044879,1031,104,3,,Aaron,Krenelka,2910 3RD ST N,,FARGO,ND,58102-1502
Matt's Automotive Service Center Fargo,TEK,3540,17881153,1031,104,03,,Melody,Mcconnell,2838 1ST ST N,,FARGO,ND,58102-1602
Matt's Automotive Service Center Fargo,TEK,3540,34911935,1031,104,03,,Justin,Snow,322 23RD ST S,,FARGO,ND,58103-1326
Matt's Automotive Service Center Fargo,TEK,3540,35593580,1031,104,03,,Joseph,Moch,4772 32ND AVE N,,REILES ACRES,ND,58102-5414
Matt's Automotive Service Center Fargo,TEK,3540,17780642,1031,104,3,,Matthew,Lachowitzer,16492 42ND ST SE,,MAPLETON,ND,58059-9762
Matt's Automotive Service Center Fargo,TEK,3540,17893372,1031,104,3,,Sydney,McGowan,3254 16TH AVE S APT 302,,FARGO,ND,58103-4559
Matt's Automotive Service Center Fargo,TEK,3540,34388660,1031,104,03,,Dahga,Muhumed,2079 WOODBRIDGE WAY,,SAINT PAUL,MN,55125-9354
