Shop Name,Software,SID,CID,WSID,WCID,MBdayMo,TBdayMo,First,Last,Address,Address2,City,St,Zip
Matt's Automotive Service Center S Fago,TEK,3542,17962684,1033,104,9,,Richard,Lothspeich,1742 16TH ST S,,FARGO,ND,58103-4830
Matt's Automotive Service Center S Fago,TEK,3542,17981051,1033,104,09,,Rachael,Darling,3618 15TH ST S,,FARGO,ND,58104-6141
Matt's Automotive Service Center S Fago,TEK,3542,17961814,1033,104,9,,Kathy,Stottler,3820 25TH ST S UNIT 47,,FARGO,ND,58104-6889
Matt's Automotive Service Center S Fago,TEK,3542,18003728,1033,104,9,,Jon,Rognlie,1622 12TH AVE S,,FARGO,ND,58103-3026
Matt's Automotive Service Center S Fago,TEK,3542,17984600,1033,104,9,,Terry,Thompson,1826 18TH ST S,,FARGO,ND,58103-4702
Matt's Automotive Service Center S Fago,TEK,3542,18009508,1033,104,9,,Mike,Miller,5050 40TH AVE S APT 319,,FARGO,ND,58104-8907
Matt's Automotive Service Center S Fago,TEK,3542,17974420,1033,104,9,,Andy,Cossette,1625 30TH AVE S,,FARGO,ND,58103-5930
Matt's Automotive Service Center S Fago,TEK,3542,17994891,1033,104,9,,Brad,Schneider,3702 BURRITT ST S,,FARGO,ND,58104-6414
Matt's Automotive Service Center S Fago,TEK,3542,17999454,1033,104,9,,Mike,Townsend,2302 17TH ST S APT 205,,FARGO,ND,58103-5290
Matt's Automotive Service Center S Fago,TEK,3542,17982824,1033,104,9,,Jacklyn,Ausk,566 42ND ST S APT 172,,FARGO,ND,58103-1178
Matt's Automotive Service Center S Fago,TEK,3542,18004639,1033,104,9,,Matthew,Eck,5697 61ST ST S,,FARGO,ND,58104-5710
Matt's Automotive Service Center S Fago,TEK,3542,18003398,1033,104,9,,Tricia,Rudnick,2207 12TH ST S,,MOORHEAD,MN,56560-4531
Matt's Automotive Service Center S Fago,TEK,3542,17982623,1033,104,9,,Dawn,Stern,904 15TH ST,,LOGANSPORT,IN,46947-4409
Matt's Automotive Service Center S Fago,TEK,3542,17961953,1033,104,9,,Mike,Weber,2613 SOUTHGATE DR S,,FARGO,ND,58103-3517
Matt's Automotive Service Center S Fago,TEK,3542,17972616,1033,104,9,,Thomas,Moran,PO BOX 541,,ISLE,MN,56342-0541
Matt's Automotive Service Center S Fago,TEK,3542,18017433,1033,104,9,,Virgil,Mueller,31 FREMONT DR S,,FARGO,ND,58103-5094
Matt's Automotive Service Center S Fago,TEK,3542,18016434,1033,104,9,,Famatta,Francis,1601 34TH AVE S,,FARGO,ND,58104-6123
Matt's Automotive Service Center S Fago,TEK,3542,17990360,1033,104,9,,Carol,Hayenga,5319 UNIVERSITY DR S UNIT B,,FARGO,ND,58104-6484
Matt's Automotive Service Center S Fago,TEK,3542,17970727,1033,104,9,,Samir,Golos,2320 65TH AVE S APT 311,,FARGO,ND,58104-5771
Matt's Automotive Service Center S Fago,TEK,3542,18014591,1033,104,9,,Gavyn,Erickson,603 GREAT PLAINS CT,,GRAND FORKS,ND,58201-7747
Matt's Automotive Service Center S Fago,TEK,3542,18012057,1033,104,9,,Blair,Garrison,2803 17TH ST S,,FARGO,ND,58103-5909
Matt's Automotive Service Center S Fago,TEK,3542,17987907,1033,104,9,,Andrew,Johnson,5809 AUTUMN DR S,,FARGO,ND,58104-7654
Matt's Automotive Service Center S Fago,TEK,3542,17970001,1033,104,9,,Sarah,Swier,3513 20TH ST S,,FARGO,ND,58104-6512
Matt's Automotive Service Center S Fago,TEK,3542,18003965,1033,104,9,,Randy,Boehning,5599 36TH AVE S,,FARGO,ND,58104-5249
Matt's Automotive Service Center S Fago,TEK,3542,17985210,1033,104,9,,Noah,Korger,4740 TIMBER PKWY S APT 202,,FARGO,ND,58104-4822
Matt's Automotive Service Center S Fago,TEK,3542,18012965,1033,104,9,,Reese,Gillund,309 N MADISON ST,,MINNEOTA,MN,56264-9215
Matt's Automotive Service Center S Fago,TEK,3542,17993543,1033,104,9,,Mike,Flohrs,341 21ST ST N,,FARGO,ND,58102-4141
Matt's Automotive Service Center S Fago,TEK,3542,17975606,1033,104,9,,Kari,Holland,5452 66TH ST S,,FARGO,ND,58104-5727
Matt's Automotive Service Center S Fago,TEK,3542,18023107,1033,104,9,,Denis,Stead,3507 20TH ST S,,FARGO,ND,58104-6512
Matt's Automotive Service Center S Fago,TEK,3542,17978046,1033,104,9,,Jen,Montgomery,407 21ST ST S,,FARGO,ND,58103-1430
Matt's Automotive Service Center S Fago,TEK,3542,18020579,1033,104,9,,John,Melland,6217 31ST ST S,,FARGO,ND,58104-7847
Matt's Automotive Service Center S Fago,TEK,3542,18009560,1033,104,9,,Mark,Schneider,1011 8TH ST S,,FARGO,ND,58103-2725
Matt's Automotive Service Center S Fago,TEK,3542,17962461,1033,104,9,,Shara,Julik,9648 ROBIN RD,,HORACE,ND,58047-9519
Matt's Automotive Service Center S Fago,TEK,3542,18010466,1033,104,9,,Courtney,Apperson,18702 COUNTY HIGHWAY 1,,FERGUS FALLS,MN,56537-7713
Matt's Automotive Service Center S Fago,TEK,3542,17992292,1033,104,9,,David,Rogness,1762 23RD ST S,,FARGO,ND,58103-4726
Matt's Automotive Service Center S Fago,TEK,3542,18005844,1033,104,9,,Debra,Losiniecki,3121 32ND ST S APT 12,,FARGO,ND,58103-7852
Matt's Automotive Service Center S Fago,TEK,3542,18005445,1033,104,9,,Erlynne,Rogers,3342 35TH AVE S APT 104,,FARGO,ND,58104-5108
Matt's Automotive Service Center S Fago,TEK,3542,18023314,1033,104,9,,Paul,Teunissen,5006 MEADOW CREEK DR S,,FARGO,ND,58104-7118
Matt's Automotive Service Center S Fago,TEK,3542,17983038,1033,104,9,,Sandy,Thiel,3302 EVERGREEN RD N,,FARGO,ND,58102-1275
Matt's Automotive Service Center S Fago,TEK,3542,17969884,1033,104,9,,Maia,Mastel,2710 LILAC LN N,,FARGO,ND,58102-2163
Matt's Automotive Service Center S Fago,TEK,3542,18009617,1033,104,9,,Ken,Beall,2146 100TH AVE S,,MOORHEAD,MN,56560-7721
Matt's Automotive Service Center S Fago,TEK,3542,18012327,1033,104,9,,Jean,Seltvedt,3439 RIVER DR S,,FARGO,ND,58104-6214
Matt's Automotive Service Center S Fago,TEK,3542,17998983,1033,104,9,,Nicole,Braaten,3439 19TH ST S,,FARGO,ND,58104-6551
Matt's Automotive Service Center S Fago,TEK,3542,17967612,1033,104,09,,Roger,Stein,3944 15TH ST S,,FARGO,ND,58104-6349
Matt's Automotive Service Center S Fago,TEK,3542,18014759,1033,104,9,,Marshall,Johnson,PO BOX 470,,FARGO,ND,58107-0470
Matt's Automotive Service Center S Fago,TEK,3542,18012886,1033,104,9,,Michael,Vandevoort,4121 17TH ST S,,FARGO,ND,58104-6355
Matt's Automotive Service Center S Fago,TEK,3542,18002052,1033,104,09,,Ronnelle,Rodlund,3700 42ND ST S,,FARGO,ND,58104-6976
Matt's Automotive Service Center S Fago,TEK,3542,17986274,1033,104,9,,Ricky,Halverson,3101 34TH AVE S APT 117,,FARGO,ND,58104-5104
Matt's Automotive Service Center S Fago,TEK,3542,18003241,1033,104,9,,Brandon,Fitzgerald,5127 8TH AVE S,,FARGO,ND,58103-7249
Matt's Automotive Service Center S Fago,TEK,3542,18859755,1033,104,09,,Brittany,Wieers,2712 WHEATLAND DR S,,FARGO,ND,58103-7886
Matt's Automotive Service Center S Fago,TEK,3542,17994395,1033,104,9,,Neal,Doty,2427 VICTORIA ROSE DR S,,FARGO,ND,58104-6824
Matt's Automotive Service Center S Fago,TEK,3542,18855377,1033,104,9,,Brian,Jacobsen,3120 25TH ST S # 102,,FARGO,ND,58103-6110
Matt's Automotive Service Center S Fago,TEK,3542,18862860,1033,104,9,,Kyle,Hendrickson,1014 10TH ST N,,FARGO,ND,58102-3506
Matt's Automotive Service Center S Fago,TEK,3542,17999929,1033,104,9,,Sabe,Burgard,374 8TH AVE S,,FARGO,ND,58103-2826
Matt's Automotive Service Center S Fago,TEK,3542,17978052,1033,104,9,,Tara,Lipetzky,1808 6TH ST W,,WEST FARGO,ND,58078-4611
Matt's Automotive Service Center S Fago,TEK,3542,17975657,1033,104,9,,Randy,Abbott,6877 17TH ST S,,FARGO,ND,58104-7857
Matt's Automotive Service Center S Fago,TEK,3542,17990642,1033,104,9,,Seena,Silbernagel,3037 18TH ST S,,FARGO,ND,58103-6715
Matt's Automotive Service Center S Fago,TEK,3542,17988950,1033,104,09,,Dave,Malm,21659 GREAT DEER DR,,NEVIS,MN,56467-4454
Matt's Automotive Service Center S Fago,TEK,3542,17977315,1033,104,9,,Annalise,Botnen,3504 28TH AVE S APT 107,,FARGO,ND,58103-7807
Matt's Automotive Service Center S Fago,TEK,3542,17990480,1033,104,9,,Vern,Flanagan,1905 14TH AVE S,,FARGO,ND,58103-3802
Matt's Automotive Service Center S Fago,TEK,3542,17962119,1033,104,9,,Joni,Alfson,2741 PARKVIEW DR S,,FARGO,ND,58103-7871
Matt's Automotive Service Center S Fago,TEK,3542,18016592,1033,104,9,,Jasmine,Larson,1627 28TH AVE S,,FARGO,ND,58103-5918
Matt's Automotive Service Center S Fago,TEK,3542,17964209,1033,104,9,,Tom,Irvin,3728 FILLMORE ST S,,FARGO,ND,58104-7561
Matt's Automotive Service Center S Fago,TEK,3542,17984633,1033,104,09,,Tyler,Kimble,5051 44TH AVE S APT 204,,FARGO,ND,58104-4375
Matt's Automotive Service Center S Fago,TEK,3542,30004006,1033,104,09,,Chad,Mcquillan,413 TRENT JONES DR,,OXBOW,ND,58047-7203
Matt's Automotive Service Center S Fago,TEK,3542,22030660,1033,104,09,,Beth,Allen,1251 54TH AVE S APT 126,,FARGO,ND,58104-6476
Matt's Automotive Service Center S Fago,TEK,3542,17989141,1033,104,9,,Del,Herrmann,3820 25TH ST S,,FARGO,ND,58104-6889
Matt's Automotive Service Center S Fago,TEK,3542,18002295,1033,104,9,,Mike,Kloberdanz,1414 10TH ST S,,FARGO,ND,58103-4121
Matt's Automotive Service Center S Fago,TEK,3542,18014842,1033,104,09,,Jordan,Enstad,2901 26TH AVE S,,FARGO,ND,58103-5071
Matt's Automotive Service Center S Fago,TEK,3542,31651988,1033,104,09,,Chad,Martel,1812 HUNTINGTON CT,,WEST FARGO,ND,58078-4303
Matt's Automotive Service Center S Fago,TEK,3542,32015553,1033,104,09,,Bryce,Cervantes,3255 18TH ST S APT 203,,FARGO,ND,58104-6558
Matt's Automotive Service Center S Fago,TEK,3542,17979755,1033,104,09,,Jamey,Gahner,1917 18TH ST S,,FARGO,ND,58103-4703
Matt's Automotive Service Center S Fago,TEK,3542,18003548,1033,104,9,,Elisabeth,Beam,1881 39TH ST S APT 301,,FARGO,ND,58103-6523
Matt's Automotive Service Center S Fago,TEK,3542,17974808,1033,104,9,,Matt,Pobst,402 14TH AVE S,,FARGO,ND,58103-4307
Matt's Automotive Service Center S Fago,TEK,3542,18008450,1033,104,9,,Gary,Baune,615 HACKBERRY DR S,,FARGO,ND,58104-6222
Matt's Automotive Service Center S Fago,TEK,3542,33277476,1033,104,09,,Tatiana,Miller,5928 61ST AVE S,,FARGO,ND,58104-5743
Matt's Automotive Service Center S Fago,TEK,3542,32092828,1033,104,09,,Christopher,Regimbal,451 31ST AVE E,,WEST FARGO,ND,58078-8301
Matt's Automotive Service Center S Fago,TEK,3542,21176751,1033,104,9,,Adam,Weitzel,1703 25TH AVE S,,FARGO,ND,58103-5101
Matt's Automotive Service Center S Fago,TEK,3542,18009590,1033,104,9,,Patty,Mastel,1501 39TH AVE S,,FARGO,ND,58104-6315
Matt's Automotive Service Center S Fago,TEK,3542,34911622,1033,104,09,,Bertha,Pickell,1514 21ST AVE S APT 302,,FARGO,ND,58103-5273
Matt's Automotive Service Center S Fago,TEK,3542,18000097,1033,104,9,,Elspeth,Helblad,1114 8TH ST N,,FARGO,ND,58102-2608
Matt's Automotive Service Center S Fago,TEK,3542,18316129,1033,104,09,,Scott,Werlinger,6159 MARTENS WAY S,,FARGO,ND,58104-7233
Matt's Automotive Service Center S Fago,TEK,3542,17996808,1033,104,9,,Grant,Stromsodt,2915 BLUESTEM DR APT 3101,,WEST FARGO,ND,58078-8022
