Shop Name,Software,SID,CID,WSID,WCID,MBdayMo,TBdayMo,First,Last,Address,Address2,City,St,Zip
Matt's Automotive Service Center S Fago,TEK,3542,17973177,1033,104,3,,Ralph,Llewellyn,3501 18TH ST S,,FARGO,ND,58104-6541
Matt's Automotive Service Center S Fago,TEK,3542,18001017,1033,104,3,,Bob,Smith,4423 OAKCREEK DR S,,FARGO,ND,58104-6619
Matt's Automotive Service Center S Fago,TEK,3542,18016795,1033,104,3,,Wendy,Nightingale,4245 28TH AVE S APT 113,,FARGO,ND,58104-9058
Matt's Automotive Service Center S Fago,TEK,3542,17997454,1033,104,3,,Josh,Oswald,814 ELM ST S # 2,,MOORHEAD,MN,56560-3347
Matt's Automotive Service Center S Fago,TEK,3542,17986155,1033,104,3,,Brad,Kraft,3210 42ND AVE S,,FARGO,ND,58104-6632
Matt's Automotive Service Center S Fago,TEK,3542,18003946,1033,104,3,,Jermey,Mattison,13883 HIGHWAY 5,,CAVALIER,ND,58220-9503
Matt's Automotive Service Center S Fago,TEK,3542,18007538,1033,104,3,,Scott,Kennedy,1513 17TH ST S,,FARGO,ND,58103-4025
Matt's Automotive Service Center S Fago,TEK,3542,18001031,1033,104,3,,Ron,Lindblad,1622 28 1/2 AVE S,,FARGO,ND,58103-5963
Matt's Automotive Service Center S Fago,TEK,3542,17983541,1033,104,3,,Jerry,Flickinger,13478 10TH ST SE,,HOPE,ND,58046-9080
Matt's Automotive Service Center S Fago,TEK,3542,17964250,1033,104,3,,Lisa,Balzer,411 SUNRISE CIR,,MOORHEAD,MN,56560-2430
Matt's Automotive Service Center S Fago,TEK,3542,17988022,1033,104,03,,Ashleigh,Fjelde,57 16TH AVE N,,FARGO,ND,58102-2337
Matt's Automotive Service Center S Fago,TEK,3542,17978426,1033,104,3,,Rick,Bauman,15 BIRCH LN S,,FARGO,ND,58103-4605
Matt's Automotive Service Center S Fago,TEK,3542,17973221,1033,104,3,,Tom,Stoffel,602 5TH AVE S,,MOORHEAD,MN,56560-2725
Matt's Automotive Service Center S Fago,TEK,3542,18000726,1033,104,3,,Brian,Delaney,4209 35TH AVE S,,FARGO,ND,58104-7513
Matt's Automotive Service Center S Fago,TEK,3542,18004335,1033,104,3,,Steve,Kraushaar,3623 HARRISON ST S,,FARGO,ND,58104-7546
Matt's Automotive Service Center S Fago,TEK,3542,17970177,1033,104,3,,Casinda,Langseth,PO BOX 9338,,FARGO,ND,58106-9338
Matt's Automotive Service Center S Fago,TEK,3542,17968682,1033,104,3,,Ryan,Prellwitz,1701 1ST AVE N,,MOORHEAD,MN,56560-2376
Matt's Automotive Service Center S Fago,TEK,3542,18007558,1033,104,3,,Cody,Greff,1214 14TH ST S,,FARGO,ND,58103-3032
Matt's Automotive Service Center S Fago,TEK,3542,17985304,1033,104,3,,Dillan,Woodworth,5050 40TH AVE S,,FARGO,ND,58104-8906
Matt's Automotive Service Center S Fago,TEK,3542,17977107,1033,104,3,,Steve,Pris,2108 60TH AVE S,,FARGO,ND,58104-7603
Matt's Automotive Service Center S Fago,TEK,3542,17973319,1033,104,3,,Phil,Nohr,1619 31ST AVE S,,FARGO,ND,58103-5934
Matt's Automotive Service Center S Fago,TEK,3542,17967746,1033,104,3,,Ben,Black,1115 12TH ST S,,MOORHEAD,MN,56560-3705
Matt's Automotive Service Center S Fago,TEK,3542,17967359,1033,104,3,,Nancy,Newman,514 AMERICAS WAY PMB 6558,,BOX ELDER,SD,57719-7600
Matt's Automotive Service Center S Fago,TEK,3542,17998830,1033,104,3,,Carly,Grandner,6244 49TH AVE S,,FARGO,ND,58104-4521
Matt's Automotive Service Center S Fago,TEK,3542,18022347,1033,104,3,,John,Machacek,2625 39 1/2 AVE S,,FARGO,ND,58104-7032
Matt's Automotive Service Center S Fago,TEK,3542,17978143,1033,104,3,,Samantha,Thompson,2205 6TH AVE S,,FARGO,ND,58103-2411
Matt's Automotive Service Center S Fago,TEK,3542,18005049,1033,104,3,,Lynsey,Soyring,39933 N ELBOW LAKE DR,,WAUBUN,MN,56589-9396
Matt's Automotive Service Center S Fago,TEK,3542,17986472,1033,104,3,,Ron,Ellingson,1702 4TH ST N,,FARGO,ND,58102-2306
Matt's Automotive Service Center S Fago,TEK,3542,18017081,1033,104,3,,Kyle,Kragnes,4550 49TH AVE S,,FARGO,ND,58104-4552
Matt's Automotive Service Center S Fago,TEK,3542,18015749,1033,104,3,,Mark,Anderson,6517 CHRISTIANSON PKWY S,,FARGO,ND,58104-3326
Matt's Automotive Service Center S Fago,TEK,3542,17963085,1033,104,3,,Jeremy,Koland,508 21ST AVE S,,FARGO,ND,58103-5319
Matt's Automotive Service Center S Fago,TEK,3542,18008255,1033,104,3,,Aaron,Furstenau,6892 23RD ST S,,FARGO,ND,58104-7807
Matt's Automotive Service Center S Fago,TEK,3542,18013522,1033,104,3,,Austin,Vanderberg,3107 6TH ST E,,WEST FARGO,ND,58078-5433
Matt's Automotive Service Center S Fago,TEK,3542,17974625,1033,104,03,,Nicole,Kuehl,6073 14TH ST S,,FARGO,ND,58104-7335
Matt's Automotive Service Center S Fago,TEK,3542,18023493,1033,104,3,,Larry,Gauper,621 HACKBERRY DR S,,FARGO,ND,58104-6222
Matt's Automotive Service Center S Fago,TEK,3542,17966115,1033,104,3,,Erin,Blake,1601 UNIVERSITY DR N,,FARGO,ND,58102-2229
Matt's Automotive Service Center S Fago,TEK,3542,17996321,1033,104,3,,Tari,Joyce,920 5TH AVE S APT 112,,MOORHEAD,MN,56560-2857
Matt's Automotive Service Center S Fago,TEK,3542,17997285,1033,104,3,,Marianne,Garvey,3074 24TH AVE S,,FARGO,ND,58103-5014
Matt's Automotive Service Center S Fago,TEK,3542,17997912,1033,104,3,,Jeff,Tuhy,46319 COUNTY HIGHWAY 23,,PELICAN RAPIDS,MN,56572-7325
Matt's Automotive Service Center S Fago,TEK,3542,17977818,1033,104,3,,Brandon,Carpenter,1221 38TH AVE S,,FARGO,ND,58104-6431
Matt's Automotive Service Center S Fago,TEK,3542,17971323,1033,104,3,,Judy,Frisch,2869 35TH ST S,,MOORHEAD,MN,56560-5448
Matt's Automotive Service Center S Fago,TEK,3542,17972282,1033,104,3,,Heidi,Sabby,3001 34TH AVE S APT 1104,,FARGO,ND,58104-5152
Matt's Automotive Service Center S Fago,TEK,3542,17975719,1033,104,3,,Emily,Dawn,3534 28TH AVE S,,FARGO,ND,58103-6292
Matt's Automotive Service Center S Fago,TEK,3542,17965750,1033,104,3,,Mike,Lautt,3320 21ST ST S,,FARGO,ND,58104-6539
Matt's Automotive Service Center S Fago,TEK,3542,17962114,1033,104,3,,Mary,Kosir,4204 38TH AVE S,,FARGO,ND,58104-7549
Matt's Automotive Service Center S Fago,TEK,3542,18018349,1033,104,3,,Steve,DeMarco,4210 47TH ST S UNIT K,,FARGO,ND,58104-3988
Matt's Automotive Service Center S Fago,TEK,3542,17982336,1033,104,3,,Dick,Stenberg,1507 41ST AVE S,,FARGO,ND,58104-6359
Matt's Automotive Service Center S Fago,TEK,3542,18005127,1033,104,3,,Mike,Froslie,1720 25TH AVE S APT 102,,FARGO,ND,58103-5174
Matt's Automotive Service Center S Fago,TEK,3542,18011630,1033,104,3,,Jeremy,Skogen,15136 130TH ST,,MENAHGA,MN,56464-3536
Matt's Automotive Service Center S Fago,TEK,3542,17972877,1033,104,3,,Graham,Seignious,3201 20TH ST S,,FARGO,ND,58104-6526
Matt's Automotive Service Center S Fago,TEK,3542,17965888,1033,104,03,,Hillary,Stallings,3344 SEELEY ST,,YORKVILLE,IL,60560-2520
Matt's Automotive Service Center S Fago,TEK,3542,18014966,1033,104,3,,Sharon,Larson,4235 28TH AVE S APT 110,,FARGO,ND,58104-9142
Matt's Automotive Service Center S Fago,TEK,3542,17984051,1033,104,03,,David,Wallis,1333 E ROSE CREEK PKWY S,,FARGO,ND,58104-6373
Matt's Automotive Service Center S Fago,TEK,3542,17978511,1033,104,3,,Samantha,Binkard,1404 7TH ST S,,FARGO,ND,58103-4200
Matt's Automotive Service Center S Fago,TEK,3542,17986571,1033,104,3,,Chelsie,Lang,3525 11TH ST S APT 206,,FARGO,ND,58104-6244
Matt's Automotive Service Center S Fago,TEK,3542,17967365,1033,104,3,,Molly,Fuchsel,3323 26TH AVE S,,FARGO,ND,58103-7804
Matt's Automotive Service Center S Fago,TEK,3542,17988240,1033,104,3,,Haley,Skramstad,2551 36TH AVE S,,FARGO,ND,58104-8818
Matt's Automotive Service Center S Fago,TEK,3542,17999155,1033,104,3,,Rob,Heinley,3301 LAKE SHORE CT,,CHASKA,MN,55318-1059
Matt's Automotive Service Center S Fago,TEK,3542,17997066,1033,104,03,,Deanna,Hennebry,3565 HARRISON ST S,,FARGO,ND,58104-6998
Matt's Automotive Service Center S Fago,TEK,3542,18016708,1033,104,3,,Steve,Neumann,23202 OAKVIEW HEIGHTS DR,,FERGUS FALLS,MN,56537-8162
Matt's Automotive Service Center S Fago,TEK,3542,18022324,1033,104,3,,Jen,Gravos,14 CLARK DR,,NEW TOWN,ND,58763-9131
Matt's Automotive Service Center S Fago,TEK,3542,18015743,1033,104,3,,Nicholas,Stokke,3201 20TH ST S,,FARGO,ND,58104-6526
Matt's Automotive Service Center S Fago,TEK,3542,17962582,1033,104,3,,Baylee,Swenson,4974 30TH AVE S APT 213,,FARGO,ND,58104-9030
Matt's Automotive Service Center S Fago,TEK,3542,18018160,1033,104,3,,Lisa,Flatin,35 HORSESHOE BND,,HORACE,ND,58047-5718
Matt's Automotive Service Center S Fago,TEK,3542,17961636,1033,104,3,,Derek,Felber,2812 PARKVIEW CIR S,,FARGO,ND,58103-7849
Matt's Automotive Service Center S Fago,TEK,3542,18019936,1033,104,3,,Barbara,Schultz,1417 CORBETT RD,,DETROIT LAKES,MN,56501-4516
Matt's Automotive Service Center S Fago,TEK,3542,17968547,1033,104,3,,Dwight,Chenoweth,1110 MONTE CARLO DR N,,FARGO,ND,58102-5504
Matt's Automotive Service Center S Fago,TEK,3542,18001565,1033,104,3,,Hannah,Linnard,1225 MORNINGSIDE DR,,CASSELTON,ND,58012-3713
Matt's Automotive Service Center S Fago,TEK,3542,18004768,1033,104,3,,Mark,Larson,2394 63RD AVE S,,FARGO,ND,58104-7601
Matt's Automotive Service Center S Fago,TEK,3542,18863615,1033,104,03,,Kristina,Koenig,2709 15TH ST S,,FARGO,ND,58103-5949
Matt's Automotive Service Center S Fago,TEK,3542,19072823,1033,104,3,,Lauren,Wubben,1810 49TH ST S,,FARGO,ND,58103-7729
Matt's Automotive Service Center S Fago,TEK,3542,19105205,1033,104,3,,Amy,Smith,5519 36TH AVE S,,FARGO,ND,58104-5216
Matt's Automotive Service Center S Fago,TEK,3542,17965016,1033,104,3,,Jenna,Eckstein,3885 30TH AVE S APT 301,,FARGO,ND,58104-7814
Matt's Automotive Service Center S Fago,TEK,3542,18002696,1033,104,3,,Dan,Mengedoth,3004 30TH AVE S,,FARGO,ND,58103-6158
Matt's Automotive Service Center S Fago,TEK,3542,17993545,1033,104,3,,Connie,Jones,5000 28TH AVE S APT 422,,FARGO,ND,58104-8997
Matt's Automotive Service Center S Fago,TEK,3542,18856151,1033,104,3,,Linda,Boyd,2724 39 1/2 AVE S,,FARGO,ND,58104-7012
Matt's Automotive Service Center S Fago,TEK,3542,21446190,1033,104,3,,Geoff,Grout,4020 9TH ST S,,MOORHEAD,MN,56560-7465
Matt's Automotive Service Center S Fago,TEK,3542,21396908,1033,104,3,,Paige,Koepplin,3655 HARRISON ST S,,FARGO,ND,58104-7546
Matt's Automotive Service Center S Fago,TEK,3542,17973365,1033,104,3,,Justin,Carlson,3334 44TH AVE S,,FARGO,ND,58104-6644
Matt's Automotive Service Center S Fago,TEK,3542,22212753,1033,104,3,,Spencer,Dietrich,1511 3RD ST N,,FARGO,ND,58102-2329
Matt's Automotive Service Center S Fago,TEK,3542,22471923,1033,104,3,,Kevin,Card,2535 14TH ST S APT 101,,FARGO,ND,58103-5669
Matt's Automotive Service Center S Fago,TEK,3542,18010118,1033,104,3,,Kris,Martin,1412 11TH ST S,,FARGO,ND,58103-4128
Matt's Automotive Service Center S Fago,TEK,3542,18001847,1033,104,3,,Sarah,Gunderson,5237 50TH AVE S,,FARGO,ND,58104-6001
Matt's Automotive Service Center S Fago,TEK,3542,17991148,1033,104,3,,Ron,Smith,1507 36TH AVE S,,FARGO,ND,58104-6107
Matt's Automotive Service Center S Fago,TEK,3542,17987040,1033,104,3,,Shawn,Tennyson,3419 44TH AVE S,,FARGO,ND,58104-6674
Matt's Automotive Service Center S Fago,TEK,3542,21448649,1033,104,03,,Katterrius,Reams,505 4TH ST E,,HORACE,ND,58047-4627
Matt's Automotive Service Center S Fago,TEK,3542,30297083,1033,104,03,,Dave,Oestreich,3032 37TH AVE S,,FARGO,ND,58104-7047
Matt's Automotive Service Center S Fago,TEK,3542,17979849,1033,104,3,,Mary,Smith,2855 MAPLE ST N,,FARGO,ND,58102-1718
Matt's Automotive Service Center S Fago,TEK,3542,18004531,1033,104,3,,Emily,Rogness,1619 31ST AVE S,,FARGO,ND,58103-5934
Matt's Automotive Service Center S Fago,TEK,3542,31269682,1033,104,03,,Matthew,Hanson,1402 7TH ST S,,FARGO,ND,58103-4200
Matt's Automotive Service Center S Fago,TEK,3542,31392015,1033,104,03,,Rikki,Bunyard,404 7TH AVE S APT 10,,FARGO,ND,58103-2843
Matt's Automotive Service Center S Fago,TEK,3542,17999564,1033,104,3,,Loraline,Cummins,1803 29TH AVE S,,FARGO,ND,58103-6727
Matt's Automotive Service Center S Fago,TEK,3542,17991373,1033,104,3,,Ryan,Seeger,2424 13TH AVE S,,FARGO,ND,58103-3748
Matt's Automotive Service Center S Fago,TEK,3542,31263661,1033,104,03,,Labi,Banjoko,1449 35TH ST S,,FARGO,ND,58103-3453
Matt's Automotive Service Center S Fago,TEK,3542,17966998,1033,104,03,,Dave,Binkard,1404 7TH ST S,,FARGO,ND,58103-4200
Matt's Automotive Service Center S Fago,TEK,3542,18003579,1033,104,3,,Barbara,Ahlberg,1144 EAGLE PARK DR S,,FARGO,ND,58104-6278
Matt's Automotive Service Center S Fago,TEK,3542,18008540,1033,104,3,,Nicole,Binek,417 PLUM TREE RD,,HICKSON,ND,58047-5140
Matt's Automotive Service Center S Fago,TEK,3542,32933015,1033,104,03,,Tyler,Ukestad,201 22ND AVE N,,FARGO,ND,58102-2022
Matt's Automotive Service Center S Fago,TEK,3542,18014117,1033,104,3,,James,Schumann,2620 14TH ST S APT 26A,,FARGO,ND,58103-6912
Matt's Automotive Service Center S Fago,TEK,3542,18009493,1033,104,3,,Abigail,Seitz,2221 33RD AVE S APT 308,,FARGO,ND,58104-6574
Matt's Automotive Service Center S Fago,TEK,3542,18005022,1033,104,3,,John,Olson,6275 35TH ST S,,FARGO,ND,58104-6797
Matt's Automotive Service Center S Fago,TEK,3542,22076025,1033,104,03,,Delson,Saintal,707 10TH ST N APT 301,,FARGO,ND,58102-4380
Matt's Automotive Service Center S Fago,TEK,3542,17973486,1033,104,3,,Gavin,Vink,4114 TIMBERLINE DR S,,FARGO,ND,58104-6628
Matt's Automotive Service Center S Fago,TEK,3542,18022658,1033,104,3,,James,Deutsch,1006 SOUTHWOOD DR S,,FARGO,ND,58103-6024
