Shop Name,Software,SID,CID,WSID,WCID,MBdayMo,TBdayMo,First,Last,Address,Address2,City,St,Zip
Matt's Automotive Service Center S Fago,TEK,3542,17968773,1033,104,,9,Aaron,Lund,2320 33RD AVE S,,FARGO,ND,58104-6575
Matt's Automotive Service Center S Fago,TEK,3542,17995201,1033,104,,3,Wandrous,Reeves,1401 27TH AVE S APT 201,,FARGO,ND,58103-6947
Matt's Automotive Service Center S Fago,TEK,3542,17995275,1033,104,,3,Andy,Haake,3417 WHEATLAND PINES DR S,,FARGO,ND,58103-6269
Matt's Automotive Service Center S Fago,TEK,3542,18015912,1033,104,,9,Jayson,Eddy,12477 196TH CT NW,,ELK RIVER,MN,55330-2175
Matt's Automotive Service Center S Fago,TEK,3542,17998208,1033,104,,3,Makenzie,Schmitz,5369 27TH ST S APT 109,,FARGO,ND,58104-7159
Matt's Automotive Service Center S Fago,TEK,3542,18007954,1033,104,,9,Alec,Spillum,5925 58TH ST S,,FARGO,ND,58104-5725
Matt's Automotive Service Center S Fago,TEK,3542,17985934,1033,104,,3,Nichole,Melby,5369 27TH ST S APT 213,,FARGO,ND,58104-7163
Matt's Automotive Service Center S Fago,TEK,3542,18014791,1033,104,,3,Kyle,Kjeldgaard,806 PARK DR S,,FARGO,ND,58103-5336
Matt's Automotive Service Center S Fago,TEK,3542,17997822,1033,104,,3,Bert,Eidukat,907 12TH AVE S,,FARGO,ND,58103-3129
Matt's Automotive Service Center S Fago,TEK,3542,18001427,1033,104,,9,Christopher,Stoldt,404 24TH ST S,,FARGO,ND,58103-1336
Matt's Automotive Service Center S Fago,TEK,3542,17975789,1033,104,,9,Andrew,Graveline,3240 9TH ST W APT 106,,WEST FARGO,ND,58078-7745
Matt's Automotive Service Center S Fago,TEK,3542,17975515,1033,104,,3,Rhonda,Rostberg,4759 6TH ST W,,WEST FARGO,ND,58078-4600
Matt's Automotive Service Center S Fago,TEK,3542,18004678,1033,104,,9,Caroline,Levesque,5619 19TH ST S,,FARGO,ND,58104-6398
Matt's Automotive Service Center S Fago,TEK,3542,17972259,1033,104,,3,Amber,Graves,2452 18TH ST S,,FARGO,ND,58103-5110
Matt's Automotive Service Center S Fago,TEK,3542,17972039,1033,104,,9,Matt,Burke,3219 18TH ST S,,FARGO,ND,58104-5905
Matt's Automotive Service Center S Fago,TEK,3542,17966864,1033,104,,3,Eclipse,Shorten,1051 1ST ST APT 119,,WEST FARGO,ND,58078-3038
Matt's Automotive Service Center S Fago,TEK,3542,17962598,1033,104,,3,Chad,Gorman,1620 36TH AVE S,,FARGO,ND,58104-6106
Matt's Automotive Service Center S Fago,TEK,3542,17977494,1033,104,,3,Luci,Topete,1606 28 1/2 AVE S,,FARGO,ND,58103-5963
Matt's Automotive Service Center S Fago,TEK,3542,17999463,1033,104,,3,Ayden,Blessum,1710 15TH ST S,,FARGO,ND,58103-4815
Matt's Automotive Service Center S Fago,TEK,3542,17963328,1033,104,,3,Hannah,McIntyre,5965 61ST AVE S,,FARGO,ND,58104-5738
Matt's Automotive Service Center S Fago,TEK,3542,18006345,1033,104,,3,Juan,Amador Neri,2620 14TH ST S,,FARGO,ND,58103-5624
Matt's Automotive Service Center S Fago,TEK,3542,18008487,1033,104,,3,Kayleigh,Schaefer,1538 27TH AVE S,,FARGO,ND,58103-5666
Matt's Automotive Service Center S Fago,TEK,3542,18008864,1033,104,,9,Eloijio,Contreras,3362 119TH AVE SE,,VALLEY CITY,ND,58072-9405
Matt's Automotive Service Center S Fago,TEK,3542,17965473,1033,104,,9,Armanda,Spitzer,410 2ND AVE E,,WEST FARGO,ND,58078-2041
Matt's Automotive Service Center S Fago,TEK,3542,18624476,1033,104,,3,Megan,Odegard,5813 14TH ST S,,FARGO,ND,58104-7614
Matt's Automotive Service Center S Fago,TEK,3542,19075055,1033,104,,3,Ethan,Cox,4723 WOODHAVEN DR S,,FARGO,ND,58104-4291
Matt's Automotive Service Center S Fago,TEK,3542,17982359,1033,104,,3,Lexi,Corwin,1901 18TH ST S,,FARGO,ND,58103-4703
Matt's Automotive Service Center S Fago,TEK,3542,18010969,1033,104,,9,Richie,Noreen,3825 12TH AVE N,,FARGO,ND,58102-2913
Matt's Automotive Service Center S Fago,TEK,3542,17978809,1033,104,,9,Erin,Smith,1837 UNIVERSITY DR N,,FARGO,ND,58105-2504
Matt's Automotive Service Center S Fago,TEK,3542,18001822,1033,104,,3,Ellery,Bresnahan,3650 TAYLOR ST S,,FARGO,ND,58104-7588
Matt's Automotive Service Center S Fago,TEK,3542,29185689,1033,104,,3,Waynita,Twohearts,5209 34TH AVE S,,MINNEAPOLIS,MN,55417-2160
Matt's Automotive Service Center S Fago,TEK,3542,29330444,1033,104,,9,Ben,Gulsvig,2801 24TH AVE S,Apt 367,FARGO,ND,58103-5085
Matt's Automotive Service Center S Fago,TEK,3542,29350760,1033,104,,9,Sarah,Tijan,123 MAIN AVE E APT 2,,WEST FARGO,ND,58078-1837
Matt's Automotive Service Center S Fago,TEK,3542,29337816,1033,104,,9,Kameron,Morrissette,3401 18TH ST S,,FARGO,ND,58104-6538
Matt's Automotive Service Center S Fago,TEK,3542,29639896,1033,104,,3,Joshua,Baker,2549 15TH ST S,,FARGO,ND,58103-5630
Matt's Automotive Service Center S Fago,TEK,3542,18002836,1033,104,,9,Greg,Diehl,1629 29TH AVE S,,FARGO,ND,58103-5922
Matt's Automotive Service Center S Fago,TEK,3542,29362920,1033,104,,3,Kirsten,Stave,1333 3RD ST N,,FARGO,ND,58102-2728
Matt's Automotive Service Center S Fago,TEK,3542,30609600,1033,104,,9,Juan,Amador Neri,2620 14TH ST S,,FARGO,ND,58103-5624
Matt's Automotive Service Center S Fago,TEK,3542,30600014,1033,104,,9,Kelly,Meers,2601 15TH ST S,,FARGO,ND,58103-5635
Matt's Automotive Service Center S Fago,TEK,3542,31628430,1033,104,,9,Dennis,Draeger,1311 5TH ST S,,FARGO,ND,58103-4201
Matt's Automotive Service Center S Fago,TEK,3542,24409001,1033,104,,9,Alena,Feltman,4784 TALL GRASS CV S,,FARGO,ND,58104-5406
Matt's Automotive Service Center S Fago,TEK,3542,31662044,1033,104,,9,Osdar,Nino,4391 33RD AVE S,,FARGO,ND,58104-8646
Matt's Automotive Service Center S Fago,TEK,3542,32008140,1033,104,,9,Tanner,Gerber,2205 12 1/8 AVE,,CAMERON,WI,54822-9752
Matt's Automotive Service Center S Fago,TEK,3542,31656043,1033,104,,3,Kate,Schmiesing,1151 32ND AVE N,,FARGO,ND,58102-1032
Matt's Automotive Service Center S Fago,TEK,3542,32077127,1033,104,,3,Leann,Luk,801 BARRETT ST N,,FARGO,ND,58102-3822
Matt's Automotive Service Center S Fago,TEK,3542,31626533,1033,104,,3,Ilamosime,Asekhaimhe,3302 31ST AVE S,,FARGO,ND,58103-7894
Matt's Automotive Service Center S Fago,TEK,3542,32875599,1033,104,,3,Jacob,Ham,630 1ST AVE N,,FARGO,ND,58102-5268
Matt's Automotive Service Center S Fago,TEK,3542,33503938,1033,104,,9,Drew,Ormsby,5450 26TH ST S APT 312,,FARGO,ND,58104-5253
Matt's Automotive Service Center S Fago,TEK,3542,19118748,1033,104,,9,Katlin,Marshall,5207 33RD AVE S APT 109,,FARGO,ND,58104-7462
Matt's Automotive Service Center S Fago,TEK,3542,32847562,1033,104,,9,Robert,Tyler Berry,2629 ARROWHEAD RD S APT 7B,,FARGO,ND,58103-5536
Matt's Automotive Service Center S Fago,TEK,3542,35275369,1033,104,,3,Kobe,Carlson,2804 26TH STREET CIR S,,MOORHEAD,MN,56560-5354
Matt's Automotive Service Center S Fago,TEK,3542,35307222,1033,104,,9,Steve,Scheel,8306 RIVER VIEW RD,,FARGO,ND,58104-7909
Matt's Automotive Service Center S Fago,TEK,3542,35602278,1033,104,,9,Jakob,Bloomquist,2542 VILLA DR S APT 103,,FARGO,ND,58103-3633
Matt's Automotive Service Center S Fago,TEK,3542,35329522,1033,104,,3,Sierra,Smith,3201 20TH ST S,,FARGO,ND,58104-6526
Matt's Automotive Service Center S Fago,TEK,3542,36194595,1033,104,,3,Ken,Bruce,929 36TH AVE S,,MOORHEAD,MN,56560-6135
Matt's Automotive Service Center S Fago,TEK,3542,35333083,1033,104,,3,Lisa,Kinker,1457 10TH ST N,,FARGO,ND,58102-2503
Matt's Automotive Service Center S Fago,TEK,3542,27841516,1033,104,,9,Jason,Sandford,6649 21ST ST S,,FARGO,ND,58104-6819
Matt's Automotive Service Center S Fago,TEK,3542,29663988,1033,104,,3,Mike,Kliewer,1624 E GATEWAY CIR S APT 101,,FARGO,ND,58103-3649
Matt's Automotive Service Center S Fago,TEK,3542,36357823,1033,104,,9,James,Satter,645 21ST AVE S,,FARGO,ND,58103-5320
Matt's Automotive Service Center S Fago,TEK,3542,36280479,1033,104,,3,Rachael,Anderson,521 S HILL DR,,NEW RICHMOND,WI,54017-2376
Matt's Automotive Service Center S Fago,TEK,3542,35704983,1033,104,,3,Piper,Gimbel,1414 12TH AVE N APT 204,,FARGO,ND,58102-3489
Matt's Automotive Service Center S Fago,TEK,3542,36205476,1033,104,,9,Karl,Savig,916 9TH ST S,,FARGO,ND,58103-3146
Matt's Automotive Service Center S Fago,TEK,3542,36751729,1033,104,,9,Jacques,Lien,1629 31ST AVE S,,FARGO,ND,58103-5934
