Shop Name,Software,SID,CID,WSID,WCID,MBdayMo,TBdayMo,First,Last,Address,Address2,City,St,Zip
Matt's Automotive & Collision Center Collision,TEK,3543,18027040,1034,104,3,,Christine,Runsvold,3117 10TH AVE N,,FARGO,ND,58102-3016
Matt's Automotive & Collision Center Collision,TEK,3543,18039219,1034,104,3,,Hunter,Anglemyer,6096 61ST AVE S,,FARGO,ND,58104-5742
Matt's Automotive & Collision Center Collision,TEK,3543,18059029,1034,104,3,,Matt,Moxness,7430 MAPLE CIR,,HORACE,ND,58047-4710
Matt's Automotive & Collision Center Collision,TEK,3543,18036654,1034,104,03,,Matthew,Floris,4920 30TH AVE S APT 310,,FARGO,ND,58104-9027
Matt's Automotive & Collision Center Collision,TEK,3543,18050313,1034,104,3,,Mark,Perry,401 CLEARVIEW CT,,MOORHEAD,MN,56560-6801
Matt's Automotive & Collision Center Collision,TEK,3543,18068140,1034,104,3,,Paul,Shanenko,4873 47TH AVE S,,FARGO,ND,58104-6037
Matt's Automotive & Collision Center Collision,TEK,3543,18040911,1034,104,3,,Maureen,Davies,1739 3RD ST N,,FARGO,ND,58102-2333
Matt's Automotive & Collision Center Collision,TEK,3543,18069384,1034,104,3,,Dan,Steiner,1011 1ST ST S,,MOORHEAD,MN,56560-3350
Matt's Automotive & Collision Center Collision,TEK,3543,18027018,1034,104,3,,Lucas,Palkowski,2842 15TH ST S,,FARGO,ND,58103-5977
Matt's Automotive & Collision Center Collision,TEK,3543,18069984,1034,104,3,,Gabrielle,Rippey,527 7TH ST S,,MOORHEAD,MN,56560-2746
Matt's Automotive & Collision Center Collision,TEK,3543,18024522,1034,104,3,,Daryl,Sieg,2501 26TH AVE S APT 4,,GRAND FORKS,ND,58201-6479
Matt's Automotive & Collision Center Collision,TEK,3543,18077720,1034,104,3,,Aaron,Knodel,4905 38TH AVE S,,FARGO,ND,58104-8513
Matt's Automotive & Collision Center Collision,TEK,3543,18028041,1034,104,3,,Zach,Thoreson,1520 38TH AVE S,,FARGO,ND,58104-6324
Matt's Automotive & Collision Center Collision,TEK,3543,18058444,1034,104,3,,Corinn,Gromatka,6855 SUNNYSIDE DR,,HORACE,ND,58047-4800
Matt's Automotive & Collision Center Collision,TEK,3543,18076722,1034,104,03,,April,Gates,418 8TH ST S APT 307,,BRECKENRIDGE,MN,56520-2024
Matt's Automotive & Collision Center Collision,TEK,3543,18056217,1034,104,3,,Marvin,Setness,8001 15TH ST S,,FARGO,ND,58104-7912
Matt's Automotive & Collision Center Collision,TEK,3543,18025088,1034,104,3,,Carol,Erb,PO BOX 33,,FRAZEE,MN,56544-0033
Matt's Automotive & Collision Center Collision,TEK,3543,18046365,1034,104,3,,Rena,Bjerke,3966 50TH AVE S,,FARGO,ND,58104-4622
Matt's Automotive & Collision Center Collision,TEK,3543,18033526,1034,104,3,,Laura,Davison,4918 MEADOW CREEK DR S,,FARGO,ND,58104-7116
Matt's Automotive & Collision Center Collision,TEK,3543,18063956,1034,104,3,,Chad,Derrick,920 6TH AVE N APT 113,,FARGO,ND,58102-4483
Matt's Automotive & Collision Center Collision,TEK,3543,18028756,1034,104,3,,Josh,Kinnunen,4936 47TH ST S APT 310,,FARGO,ND,58104-4261
Matt's Automotive & Collision Center Collision,TEK,3543,18026852,1034,104,3,,Alysha,Chmielewski,4948 47TH ST S APT 112,,FARGO,ND,58104-4424
Matt's Automotive & Collision Center Collision,TEK,3543,18056304,1034,104,3,,Dan,Nettum,5407 FARMSTEAD CT S,,FARGO,ND,58104-3960
Matt's Automotive & Collision Center Collision,TEK,3543,18060575,1034,104,3,,Chris,Nere,4830 168TH AVE SE,,DAVENPORT,ND,58021-9711
Matt's Automotive & Collision Center Collision,TEK,3543,18075344,1034,104,3,,Lydell,Renk,5748 62ND ST S,,FARGO,ND,58104-5719
Matt's Automotive & Collision Center Collision,TEK,3543,18078051,1034,104,3,,Jim,Richels,6235 57TH AVE S,,FARGO,ND,58104-5720
Matt's Automotive & Collision Center Collision,TEK,3543,18073205,1034,104,3,,Leon,Jargbah,5031 44TH AVE S APT 207,,FARGO,ND,58104-4379
Matt's Automotive & Collision Center Collision,TEK,3543,18031736,1034,104,3,,Anthony,Suda,7909 SUNSET DR,,HORACE,ND,58047-9555
Matt's Automotive & Collision Center Collision,TEK,3543,18067957,1034,104,3,,Dillon,Nettum,5407 FARMSTEAD CT S,,FARGO,ND,58104-3960
Matt's Automotive & Collision Center Collision,TEK,3543,18066578,1034,104,3,,Ryan,Engfer,1103 17TH ST S,,MOORHEAD,MN,56560-5751
Matt's Automotive & Collision Center Collision,TEK,3543,18055967,1034,104,3,,Nathan,Volk,302 12TH AVE N,,CASSELTON,ND,58012-3430
Matt's Automotive & Collision Center Collision,TEK,3543,18049575,1034,104,3,,Mark,Kosin,2114 10TH ST N,,FARGO,ND,58102-1862
Matt's Automotive & Collision Center Collision,TEK,3543,18025767,1034,104,3,,Stephanie,Domier,658 147TH AVE NE,,PORTLAND,ND,58274-9423
Matt's Automotive & Collision Center Collision,TEK,3543,18085759,1034,104,3,,Mason,Davis,4921 44TH AVE S APT 206,,FARGO,ND,58104-3984
Matt's Automotive & Collision Center Collision,TEK,3543,18075548,1034,104,3,,Trevor,McMartin,5882 DEB DR W,,WEST FARGO,ND,58078-4075
Matt's Automotive & Collision Center Collision,TEK,3543,18031300,1034,104,3,,Kent,Card,7428 EAGLE POINTE DR S,,FARGO,ND,58104-7719
Matt's Automotive & Collision Center Collision,TEK,3543,18338320,1034,104,3,,David,Hauff,4164 OSGOOD PKWY S,,FARGO,ND,58104-3302
Matt's Automotive & Collision Center Collision,TEK,3543,22923118,1034,104,3,,Lisa,Giese,3746 DOROTHEA CT S,,FARGO,ND,58104-8502
Matt's Automotive & Collision Center Collision,TEK,3543,22168693,1034,104,3,,Mark,Anderson,6517 CHRISTIANSON PKWY S,,FARGO,ND,58104-3326
Matt's Automotive & Collision Center Collision,TEK,3543,23409350,1034,104,3,,Marie,Knodel,4905 38TH AVE S,,FARGO,ND,58104-8513
Matt's Automotive & Collision Center Collision,TEK,3543,18055248,1034,104,03,,Chris,Brunt,409 3RD ST E,,HORACE,ND,58047-4615
Matt's Automotive & Collision Center Collision,TEK,3543,18085016,1034,104,3,,Ben,Woodside,4266 38TH AVE S,,FARGO,ND,58104-7549
Matt's Automotive & Collision Center Collision,TEK,3543,29578556,1034,104,03,,Katelyn,Engquist,1055 38 1/2 AVE W,,WEST FARGO,ND,58078-8150
Matt's Automotive & Collision Center Collision,TEK,3543,21705411,1034,104,3,,Garrett,Evans,5403 49TH AVE S,,FARGO,ND,58104-4279
Matt's Automotive & Collision Center Collision,TEK,3543,30637016,1034,104,03,,Robbi,Strand,1101 1ST ST,,WEST FARGO,ND,58078-3039
Matt's Automotive & Collision Center Collision,TEK,3543,23403952,1034,104,3,,Jerrett,Orvik,4969 37TH AVE S,,FARGO,ND,58104-5504
Matt's Automotive & Collision Center Collision,TEK,3543,32928968,1034,104,03,,Jacob,Jones,4601 36TH AVE S,,FARGO,ND,58104-5193
Matt's Automotive & Collision Center Collision,TEK,3543,18046062,1034,104,3,,Mark,Switajski,7223 27TH ST S,,FARGO,ND,58104-4588
Matt's Automotive & Collision Center Collision,TEK,3543,18033799,1034,104,3,,Lucas,Demarais,1534 7TH ST N,,FARGO,ND,58102-2231
Matt's Automotive & Collision Center Collision,TEK,3543,18025772,1034,104,3,,Lori,Beckius,7144 WOODLAND CIR,,HORACE,ND,58047-4812
Matt's Automotive & Collision Center Collision,TEK,3543,18035275,1034,104,3,,John,Glesne,2723 14TH ST W,,WEST FARGO,ND,58078-8563
Matt's Automotive & Collision Center Collision,TEK,3543,18079450,1034,104,03,,Michael,Essex,3530 28TH ST S APT 209,,FARGO,ND,58104-8848
Matt's Automotive & Collision Center Collision,TEK,3543,18075857,1034,104,3,,Bethany,Wall,128 WESTVIEW LN,,OXBOW,ND,58047-7200
