Shop Name,Software,SID,CID,WSID,WCID,MBdayMo,TBdayMo,First,Last,Address,Address2,City,St,Zip
Matt's Automotive Service Center Bloomington,TEK,3547,18381690,1035,104,3,,ANGELA,MESICH,8340 15TH AVE S,,BLOOMINGTON,MN,55425-1734
Matt's Automotive Service Center Bloomington,TEK,3547,18368548,1035,104,3,,MARY ELLEN,GODBE,7325 14TH AVE S,,RICHFIELD,MN,55423-3469
Matt's Automotive Service Center Bloomington,TEK,3547,18368033,1035,104,3,,TIM,MALEYHAPIP,12931 EXLEY AVE,,APPLE VALLEY,MN,55124-8792
Matt's Automotive Service Center Bloomington,TEK,3547,18378750,1035,104,3,,CHRIS,HULETT,932 E TRAVELERS TRL,,BURNSVILLE,MN,55337-2943
Matt's Automotive Service Center Bloomington,TEK,3547,18380980,1035,104,3,,MICHAEL,GERSZEWSKI,10508 BLAISDELL CIR,,BLOOMINGTON,MN,55420-5512
Matt's Automotive Service Center Bloomington,TEK,3547,18380508,1035,104,3,,JAMPA,PHUNTSOK,138 WINDSOR CT,,NEW BRIGHTON,MN,55112-3371
Matt's Automotive Service Center Bloomington,TEK,3547,18371702,1035,104,3,,VERLYN,SCHOEP,11000 93RD AVE N,,MAPLE GROVE,MN,55369-4113
Matt's Automotive Service Center Bloomington,TEK,3547,18370648,1035,104,3,,MONA,LANGMAACK,7614 HARRIET AVE,,RICHFIELD,MN,55423-4111
Matt's Automotive Service Center Bloomington,TEK,3547,18374518,1035,104,3,,RON,MIDDLESTAEDT,4841 OXBOROUGH LN,,BLOOMINGTON,MN,55437-3217
Matt's Automotive Service Center Bloomington,TEK,3547,18378016,1035,104,3,,PATRICK,SPROULL,15530 HALLMARK CT,,APPLE VALLEY,MN,55124-7175
Matt's Automotive Service Center Bloomington,TEK,3547,18369512,1035,104,3,,DIANE,BERGSTROM,2416 W 110TH ST,,BLOOMINGTON,MN,55431-3927
Matt's Automotive Service Center Bloomington,TEK,3547,18370301,1035,104,3,,CHRISTINE,KARGILL,7545 18TH AVE S,,RICHFIELD,MN,55423-4630
Matt's Automotive Service Center Bloomington,TEK,3547,18385036,1035,104,3,,JOE,DIXSON,16451 TIPPECANOE ST NE,,HAM LAKE,MN,55304-5930
Matt's Automotive Service Center Bloomington,TEK,3547,18367897,1035,104,3,,ELIZABETH,ZELLNER,4564 VILLA DR UNIT E,,EAGAN,MN,55122-2063
Matt's Automotive Service Center Bloomington,TEK,3547,18383311,1035,104,3,,KRISTA,MEYER,3247 23RD AVE S,,MINNEAPOLIS,MN,55407-2421
Matt's Automotive Service Center Bloomington,TEK,3547,18376623,1035,104,3,,KATHY,ROBBS,200 LEVEE DR W APT 404,,SHAKOPEE,MN,55379-1256
Matt's Automotive Service Center Bloomington,TEK,3547,18369371,1035,104,3,,STEVE,THOMPSON,10620 MORGAN AVE S,,BLOOMINGTON,MN,55431-3437
Matt's Automotive Service Center Bloomington,TEK,3547,18385128,1035,104,3,,ERIC,DINGELDEIN,316 4TH ST NW,,EAST GRAND FORKS,MN,56721-1814
Matt's Automotive Service Center Bloomington,TEK,3547,18370882,1035,104,3,,TAMI,JENKINS,10010 MORGAN AVE S,,BLOOMINGTON,MN,55431-2961
Matt's Automotive Service Center Bloomington,TEK,3547,18381859,1035,104,3,,TOM,BOGEN,5636 CEDAR AVE S,,MINNEAPOLIS,MN,55417-2646
Matt's Automotive Service Center Bloomington,TEK,3547,18376203,1035,104,3,,KIM,MATHE,2730 HERSCHEL ST APT 530,,SAINT PAUL,MN,55113-2838
Matt's Automotive Service Center Bloomington,TEK,3547,18376047,1035,104,3,,CHRIS,BRIGGS,8816 HUMBOLDT AVE S,,BLOOMINGTON,MN,55431-2053
Matt's Automotive Service Center Bloomington,TEK,3547,18381112,1035,104,3,,DAVID,WYNN,8728 HUMBOLDT AVE S,,BLOOMINGTON,MN,55431-2052
Matt's Automotive Service Center Bloomington,TEK,3547,18376433,1035,104,3,,JEREMY,LISTERUD,7220 43RD AVE N,,NEW HOPE,MN,55428-5050
Matt's Automotive Service Center Bloomington,TEK,3547,18368496,1035,104,3,,PAUL,DOMHOLT,4025 KIPLING AVE,,EDINA,MN,55416-5067
Matt's Automotive Service Center Bloomington,TEK,3547,18377618,1035,104,3,,GUY,WATKINS,16600 FRANCHISE AVE W,,ROSEMOUNT,MN,55068-1955
Matt's Automotive Service Center Bloomington,TEK,3547,18382374,1035,104,3,,ANDREW,RZEPKA,6000 EARLE BROWN DR,,BROOKLYN CENTER,MN,55430-2506
Matt's Automotive Service Center Bloomington,TEK,3547,18381416,1035,104,03,,SCOTT,SETERSTROM,1502 5TH ST N APT 504N,,HOPKINS,MN,55305-6205
Matt's Automotive Service Center Bloomington,TEK,3547,18368454,1035,104,3,,STEVE,MAKIE,8816 ALDRICH AVE S,,BLOOMINGTON,MN,55420-2722
Matt's Automotive Service Center Bloomington,TEK,3547,18385042,1035,104,3,,JAE,LEE,8030 UPTON AVE S,,BLOOMINGTON,MN,55431-1234
Matt's Automotive Service Center Bloomington,TEK,3547,18374918,1035,104,3,,RICK,MCNAMARA,7437 BRYANT AVE S,,RICHFIELD,MN,55423-3956
Matt's Automotive Service Center Bloomington,TEK,3547,18373513,1035,104,3,,JAMES,ELLIS,6223 HALIFAX AVE S,,EDINA,MN,55424-1915
Matt's Automotive Service Center Bloomington,TEK,3547,18381198,1035,104,3,,ANDREW,JENNISON,6800 W OLD SHAKOPEE RD APT 130,,BLOOMINGTON,MN,55438-2652
Matt's Automotive Service Center Bloomington,TEK,3547,18371572,1035,104,3,,GRACE,OLSON,5200 OVERLOOK DR,,BLOOMINGTON,MN,55437-3310
Matt's Automotive Service Center Bloomington,TEK,3547,18377787,1035,104,3,,RICHARD,BRORSON,8417 YORK AVE S,,BLOOMINGTON,MN,55431-1520
Matt's Automotive Service Center Bloomington,TEK,3547,18377984,1035,104,3,,MAURINE,PENNINGTON,11009 DREW AVE S,,BLOOMINGTON,MN,55431-3840
Matt's Automotive Service Center Bloomington,TEK,3547,18370294,1035,104,3,,JENNIFER,HETZER,9442 GRAND AVE S,,BLOOMINGTON,MN,55420-4219
Matt's Automotive Service Center Bloomington,TEK,3547,18367889,1035,104,3,,PAUL,RIFFEL,1935 W OLD SHAKOPEE RD APT 14,,BLOOMINGTON,MN,55431-3049
Matt's Automotive Service Center Bloomington,TEK,3547,18382477,1035,104,3,,ANNE,WONG,4133 COLFAX AVE S,,MINNEAPOLIS,MN,55409-1427
Matt's Automotive Service Center Bloomington,TEK,3547,18374251,1035,104,3,,RUTH,LONG,4501 TERRACEWOOD DR,,BLOOMINGTON,MN,55437-3443
Matt's Automotive Service Center Bloomington,TEK,3547,18378736,1035,104,3,,MARIJO,PAVELKA,8117 ABBOTT AVE S,,BLOOMINGTON,MN,55431-1021
Matt's Automotive Service Center Bloomington,TEK,3547,18368059,1035,104,3,,PAUL,THOMPSON,13214 KERRY LN,,EDEN PRAIRIE,MN,55346-3140
Matt's Automotive Service Center Bloomington,TEK,3547,18380709,1035,104,3,,MARK,HANSON,9830 PLEASANT AVE S,,BLOOMINGTON,MN,55420-4702
Matt's Automotive Service Center Bloomington,TEK,3547,18381839,1035,104,3,,ROGELIO,GONZALES,8073 14TH AVE S,,BLOOMINGTON,MN,55425-1100
Matt's Automotive Service Center Bloomington,TEK,3547,18381737,1035,104,03,,ANTHONY,BROWN,13775 CHESTNUT DR APT 116,,EDEN PRAIRIE,MN,55344-6760
Matt's Automotive Service Center Bloomington,TEK,3547,18372724,1035,104,3,,ARDELL,DEGROFF,2921 W 90TH ST,,BLOOMINGTON,MN,55431-2135
Matt's Automotive Service Center Bloomington,TEK,3547,18372158,1035,104,3,,ROBERT,GENEST,9446 12TH AVENUE CIR,,BLOOMINGTON,MN,55425-2508
Matt's Automotive Service Center Bloomington,TEK,3547,18381509,1035,104,3,,CHIHARU,MIKKELSON,8841 CHICAGO AVE S,,BLOOMINGTON,MN,55420-3009
Matt's Automotive Service Center Bloomington,TEK,3547,18371963,1035,104,3,,ED,FLETCHER,7421 EMERSON AVE S,,RICHFIELD,MN,55423-3932
Matt's Automotive Service Center Bloomington,TEK,3547,18382679,1035,104,3,,BRITTNEY,IRWIN,8501 GIRARD AVE S,,BLOOMINGTON,MN,55420-2131
Matt's Automotive Service Center Bloomington,TEK,3547,18368026,1035,104,3,,ERIKA,SELBY,8218 UPTON AVE S,,BLOOMINGTON,MN,55431-1654
Matt's Automotive Service Center Bloomington,TEK,3547,18380917,1035,104,3,,NATHAN,BANET,735 RAYMOND AVE APT 520,,SAINT PAUL,MN,55114-2042
Matt's Automotive Service Center Bloomington,TEK,3547,18375645,1035,104,3,,JOHN,EIDUM,1611 E 88TH ST,,BLOOMINGTON,MN,55425-1966
Matt's Automotive Service Center Bloomington,TEK,3547,18378265,1035,104,3,,PATRICIA,VOSSEN,8509 PENN CIR,,BLOOMINGTON,MN,55431-1743
Matt's Automotive Service Center Bloomington,TEK,3547,18378084,1035,104,3,,PAUL,DALTON,5201 W 96TH ST,,BLOOMINGTON,MN,55437-2007
Matt's Automotive Service Center Bloomington,TEK,3547,18369422,1035,104,3,,JAVIER,LOAYZA,6326 2ND AVE S,,RICHFIELD,MN,55423-1619
Matt's Automotive Service Center Bloomington,TEK,3547,18378392,1035,104,3,,DAVID,CRUIKSHANK,8430 KELL AVE S,,BLOOMINGTON,MN,55437-1502
Matt's Automotive Service Center Bloomington,TEK,3547,18375951,1035,104,3,,ROY,KYONO,8812 LOGAN AVE S,,BLOOMINGTON,MN,55431-2065
Matt's Automotive Service Center Bloomington,TEK,3547,18376497,1035,104,3,,GREG,FERGUSON,4724 XERXES AVE S,,MINNEAPOLIS,MN,55410-1864
Matt's Automotive Service Center Bloomington,TEK,3547,18381016,1035,104,3,,PATRICIA,MAZURKIEWICZ,PO BOX 17370,,SAINT PAUL,MN,55117-0370
Matt's Automotive Service Center Bloomington,TEK,3547,18384801,1035,104,3,,TIM,HUNT,4575 W 80TH STREET CIR APT 316,,BLOOMINGTON,MN,55437-1103
Matt's Automotive Service Center Bloomington,TEK,3547,18379088,1035,104,3,,RICKY,TURNER,8848 NICOLLET AVE S,,BLOOMINGTON,MN,55420-2870
Matt's Automotive Service Center Bloomington,TEK,3547,18374139,1035,104,3,,SHERMAN,SWENSON,8636 WOOD CLIFF CIR S,,BLOOMINGTON,MN,55438-1514
Matt's Automotive Service Center Bloomington,TEK,3547,18367756,1035,104,3,,NATE,YOUNGBLOOD,10200 COLORADO RD,,BLOOMINGTON,MN,55438-1842
Matt's Automotive Service Center Bloomington,TEK,3547,18374049,1035,104,3,,MONA,BELSTLER,7520 SHERIDAN AVE S,,RICHFIELD,MN,55423-3558
Matt's Automotive Service Center Bloomington,TEK,3547,18378557,1035,104,3,,JIM,HEILAND,9706 OAKLAND AVE S,,BLOOMINGTON,MN,55420-4546
Matt's Automotive Service Center Bloomington,TEK,3547,18375144,1035,104,3,,BILL,MONTAGUE,8301 STANLEY RD APT 110,,BLOOMINGTON,MN,55437-1249
Matt's Automotive Service Center Bloomington,TEK,3547,18376428,1035,104,3,,CARMELA,HEMZE,102 CIMARRON RD,,APPLE VALLEY,MN,55124-9776
Matt's Automotive Service Center Bloomington,TEK,3547,18379277,1035,104,3,,DANIELLE,KLECKNER,6145 W 144TH ST,,SAVAGE,MN,55378-2862
Matt's Automotive Service Center Bloomington,TEK,3547,18367556,1035,104,3,,JEFF,LUNDQUIST,8224 DUPONT AVE S,,BLOOMINGTON,MN,55420-2112
Matt's Automotive Service Center Bloomington,TEK,3547,18382764,1035,104,3,,STACEY,WAVINAK,107 HENRY RD UNIT F,,BIG LAKE,MN,55309-4880
Matt's Automotive Service Center Bloomington,TEK,3547,18383254,1035,104,3,,DAVID,JECSI,5857 BLAISDELL AVE,,MINNEAPOLIS,MN,55419-2402
Matt's Automotive Service Center Bloomington,TEK,3547,18368122,1035,104,03,,DAVE,RINGSTEAD,13257 INGLEWOOD CT,,SAVAGE,MN,55378-2522
Matt's Automotive Service Center Bloomington,TEK,3547,18382987,1035,104,3,,GARY,EHLERS,8441 IRWIN RD APT 116,,BLOOMINGTON,MN,55437-1535
Matt's Automotive Service Center Bloomington,TEK,3547,18383939,1035,104,3,,GARY,KOPPANG,9501 OAKLAND AVE S,,BLOOMINGTON,MN,55420-4509
Matt's Automotive Service Center Bloomington,TEK,3547,18384158,1035,104,3,,KEVIN,WILLIAMS,5715 BLOOMINGTON AVE,,MINNEAPOLIS,MN,55417-2642
Matt's Automotive Service Center Bloomington,TEK,3547,18368345,1035,104,3,,WILL,BENSON,7700 PENN AVE S APT 133,,RICHFIELD,MN,55423-3652
Matt's Automotive Service Center Bloomington,TEK,3547,18377687,1035,104,3,,MIKE,WALLIEN,8328 HAEG DR,,BLOOMINGTON,MN,55431-1722
Matt's Automotive Service Center Bloomington,TEK,3547,18368695,1035,104,3,,MARY,BERG,8715 BEARD RD S,,BLOOMINGTON,MN,55431-1532
Matt's Automotive Service Center Bloomington,TEK,3547,18370312,1035,104,3,,JUDY,HARRINGTON,8411 W 104TH ST,,BLOOMINGTON,MN,55438-1933
Matt's Automotive Service Center Bloomington,TEK,3547,18378883,1035,104,3,,GENNELL,LUE,3711 LYNDALE AVE S,,MINNEAPOLIS,MN,55409-1126
Matt's Automotive Service Center Bloomington,TEK,3547,18371006,1035,104,3,,HANNAH,KLUMB,1345 HIGH SITE DR,,EAGAN,MN,55121-2057
Matt's Automotive Service Center Bloomington,TEK,3547,18373051,1035,104,3,,DAVE,BLAYLOCK,7940 TIERNEYS WOODS RD,,BLOOMINGTON,MN,55438-1068
Matt's Automotive Service Center Bloomington,TEK,3547,18384498,1035,104,3,,STEVE,SHELDON,3001 W 112TH ST,,BLOOMINGTON,MN,55431-3814
Matt's Automotive Service Center Bloomington,TEK,3547,18368424,1035,104,3,,MICHAEL,MUNSON,8601 CHICAGO AVE S,,BLOOMINGTON,MN,55420-3005
Matt's Automotive Service Center Bloomington,TEK,3547,18375599,1035,104,3,,ROB,MAMULA,8635 BRYANT AVE S,,BLOOMINGTON,MN,55420-2666
Matt's Automotive Service Center Bloomington,TEK,3547,18372044,1035,104,3,,RICHARD,STRAND,1800 ORCHARD SPRINGS RD,,BLOOMINGTON,MN,55425-2554
Matt's Automotive Service Center Bloomington,TEK,3547,18372085,1035,104,3,,DEAN,MORRISON,7224 2ND AVE S,,RICHFIELD,MN,55423-3156
Matt's Automotive Service Center Bloomington,TEK,3547,18376182,1035,104,3,,MARCUS,BAILEY,500 E 66TH ST APT 305,,RICHFIELD,MN,55423-2484
Matt's Automotive Service Center Bloomington,TEK,3547,18368913,1035,104,3,,MAC,CASE,8207 STEVENS AVE S,,BLOOMINGTON,MN,55420-2321
Matt's Automotive Service Center Bloomington,TEK,3547,18380365,1035,104,3,,RICHARD,RINDAL,7309 4TH AVE S,,RICHFIELD,MN,55423-3204
Matt's Automotive Service Center Bloomington,TEK,3547,18371395,1035,104,3,,CRISTOBAL,DELGADO,6945 11TH AVE S,,RICHFIELD,MN,55423-2604
Matt's Automotive Service Center Bloomington,TEK,3547,18378741,1035,104,3,,ED,GABRYSH,61 CARRIAGE LN,,BURNSVILLE,MN,55306-5084
Matt's Automotive Service Center Bloomington,TEK,3547,18368776,1035,104,3,,LYNN,HERMAN,6805 14TH AVE S,,RICHFIELD,MN,55423-2652
Matt's Automotive Service Center Bloomington,TEK,3547,18379449,1035,104,3,,GARY,JOHNSON,8237 4TH AVE S,,BLOOMINGTON,MN,55420-2325
Matt's Automotive Service Center Bloomington,TEK,3547,18375497,1035,104,3,,RICHARD,QUINN,8245 MORGAN AVE S,,BLOOMINGTON,MN,55431-1734
Matt's Automotive Service Center Bloomington,TEK,3547,18384494,1035,104,3,,DUANE,HOULE,7301 12TH AVE S,,RICHFIELD,MN,55423-3344
Matt's Automotive Service Center Bloomington,TEK,3547,18366495,1035,104,3,,ADAM,SCHERWINSKI,101 6TH AVE N,,HOPKINS,MN,55343-7304
Matt's Automotive Service Center Bloomington,TEK,3547,18382893,1035,104,3,,TOM,VIDMAR,8800 IRVING AVE S,,BLOOMINGTON,MN,55431-2057
Matt's Automotive Service Center Bloomington,TEK,3547,18369474,1035,104,3,,DOUG,KENNEDY,14521 FLORISSANT PATH,,APPLE VALLEY,MN,55124-4535
Matt's Automotive Service Center Bloomington,TEK,3547,18376117,1035,104,3,,MIKE,MOLINE,6800 CATTAIL CT S,,COTTAGE GROVE,MN,55016-1722
Matt's Automotive Service Center Bloomington,TEK,3547,18385098,1035,104,3,,JOSE,SANTINA,2841 W 91ST ST,,BLOOMINGTON,MN,55431-2139
Matt's Automotive Service Center Bloomington,TEK,3547,18372820,1035,104,3,,DAMIAN,JOHNSON,6124 VINCENT AVE S,,MINNEAPOLIS,MN,55410-2845
Matt's Automotive Service Center Bloomington,TEK,3547,18368973,1035,104,03,,JANICE,ANDERSON,11111 RIVER HILLS DR APT 328,,BURNSVILLE,MN,55337-3285
Matt's Automotive Service Center Bloomington,TEK,3547,18383731,1035,104,3,,BRUCE,JOHNSON,3629 35TH AVE S,,MINNEAPOLIS,MN,55406-2744
Matt's Automotive Service Center Bloomington,TEK,3547,18366501,1035,104,3,,MATT,LUX,6047 BLAISDELL AVE,,MINNEAPOLIS,MN,55419-2556
Matt's Automotive Service Center Bloomington,TEK,3547,18375153,1035,104,3,,ARNOLD,PFLEPSEN,8132 XERXES AVE S,,BLOOMINGTON,MN,55431-1053
Matt's Automotive Service Center Bloomington,TEK,3547,18381738,1035,104,3,,ED,SOUTHER,8544 EMERSON AVE S,,BLOOMINGTON,MN,55420-2122
Matt's Automotive Service Center Bloomington,TEK,3547,18379373,1035,104,3,,ANNA,HUBBARD,10650 BRUNSWICK RD APT 208,,BLOOMINGTON,MN,55438-1856
Matt's Automotive Service Center Bloomington,TEK,3547,18369011,1035,104,3,,GLEN,REICHOW,7301 DUPONT AVE S,,RICHFIELD,MN,55423-3025
Matt's Automotive Service Center Bloomington,TEK,3547,18372725,1035,104,3,,JESSICA,KARL,8212 3RD AVE S,,BLOOMINGTON,MN,55420-2310
Matt's Automotive Service Center Bloomington,TEK,3547,18377171,1035,104,3,,RENAE,ISLER,1819 W OLD SHAKOPEE RD APT 306,,BLOOMINGTON,MN,55431-3053
Matt's Automotive Service Center Bloomington,TEK,3547,18371062,1035,104,3,,RITA,QUINN,620 E 99TH ST,,BLOOMINGTON,MN,55420-5062
Matt's Automotive Service Center Bloomington,TEK,3547,18380915,1035,104,3,,MELANIE,WILLIAMS,8345 12TH AVE S,,BLOOMINGTON,MN,55425-1711
Matt's Automotive Service Center Bloomington,TEK,3547,18368693,1035,104,3,,CRAIG,AUERS,9037 18TH AVE S,,BLOOMINGTON,MN,55425-2321
Matt's Automotive Service Center Bloomington,TEK,3547,18378976,1035,104,3,,JILL,ANDERSON,619 E 145TH ST,,BURNSVILLE,MN,55337-4619
Matt's Automotive Service Center Bloomington,TEK,3547,18370888,1035,104,3,,CHAD,LARSON,8649 PORTLAND AVE S,,BLOOMINGTON,MN,55420-2953
Matt's Automotive Service Center Bloomington,TEK,3547,18371735,1035,104,3,,JULIE,YOHNKE,9824 CHICAGO AVE S,,BLOOMINGTON,MN,55420-5005
Matt's Automotive Service Center Bloomington,TEK,3547,18383549,1035,104,3,,CHUCK,BREINGAN,8620 1ST AVE S,,BLOOMINGTON,MN,55420-2944
Matt's Automotive Service Center Bloomington,TEK,3547,18373367,1035,104,3,,ALEXIS,CLAUSEN,1708 23RD AVE NE # 2,,MINNEAPOLIS,MN,55418-3922
Matt's Automotive Service Center Bloomington,TEK,3547,18375281,1035,104,3,,SHELLY,KAIRIES,5261 HERITAGE HILLS DR,,BLOOMINGTON,MN,55437-2872
Matt's Automotive Service Center Bloomington,TEK,3547,18374562,1035,104,3,,STUART,MITCHELL,1925 EMERSON AVE S,,MINNEAPOLIS,MN,55403-2917
Matt's Automotive Service Center Bloomington,TEK,3547,18378177,1035,104,3,,JASON,TUTTLE,16799 FOLIAGE AVE W,,ROSEMOUNT,MN,55068-1824
Matt's Automotive Service Center Bloomington,TEK,3547,18368296,1035,104,3,,MIKE,KOPISCHKE,10324 10TH AVENUE CIR S,,BLOOMINGTON,MN,55420-5404
Matt's Automotive Service Center Bloomington,TEK,3547,18378999,1035,104,3,,KEVIN,DESROSIER,9642 COLUMBUS AVE S,,BLOOMINGTON,MN,55420-4532
Matt's Automotive Service Center Bloomington,TEK,3547,18369498,1035,104,3,,PETER,SWENSON,4116 VINCENT AVE S,,MINNEAPOLIS,MN,55410-1140
Matt's Automotive Service Center Bloomington,TEK,3547,18380368,1035,104,3,,ROBERT,REBER,4625 W 98TH ST,,BLOOMINGTON,MN,55437-2061
Matt's Automotive Service Center Bloomington,TEK,3547,18373318,1035,104,3,,TARA,BRTEK,421 MARKET PL,,NORFOLK,NE,68701-6935
Matt's Automotive Service Center Bloomington,TEK,3547,18379278,1035,104,3,,STACEY,HAYES,8401 FREMONT AVE S,,BLOOMINGTON,MN,55420-2125
Matt's Automotive Service Center Bloomington,TEK,3547,18375217,1035,104,3,,MIKE,BRASE,400 FORD RD APT 304,,MINNEAPOLIS,MN,55426-1012
Matt's Automotive Service Center Bloomington,TEK,3547,18377424,1035,104,3,,AUDREY,HENNINGS,2210 E 40TH ST APT 108,,MINNEAPOLIS,MN,55407-3089
Matt's Automotive Service Center Bloomington,TEK,3547,18376009,1035,104,3,,JAMES,HARVELL,7215 PILLSBURY AVE S,,RICHFIELD,MN,55423-3146
Matt's Automotive Service Center Bloomington,TEK,3547,18376925,1035,104,3,,SARAH,PITMAN,10333 CLINTON AVE S,,BLOOMINGTON,MN,55420-5337
Matt's Automotive Service Center Bloomington,TEK,3547,18381263,1035,104,3,,STEVE,SCHMITZ,3908 OVERLOOK DR,,BLOOMINGTON,MN,55437-3542
Matt's Automotive Service Center Bloomington,TEK,3547,18368564,1035,104,3,,STEVE,MILLER,3185 PRIEST LN,,MOUND,MN,55364-8563
Matt's Automotive Service Center Bloomington,TEK,3547,18369302,1035,104,3,,SANDY,INSERRA,5100 15TH AVE S,,MINNEAPOLIS,MN,55417-1808
Matt's Automotive Service Center Bloomington,TEK,3547,18384232,1035,104,3,,JIM,SCHROEDER,19 NORMAN RIDGE DR,,BLOOMINGTON,MN,55437-1749
Matt's Automotive Service Center Bloomington,TEK,3547,18377099,1035,104,3,,BILL,HAGSTROM,41 MID OAKS LN,,ROSEVILLE,MN,55113-5610
Matt's Automotive Service Center Bloomington,TEK,3547,18384037,1035,104,3,,DEB,ARTHURS,8201 BRYANT AVE S,,BLOOMINGTON,MN,55420-2135
Matt's Automotive Service Center Bloomington,TEK,3547,18380065,1035,104,3,,CHRIS,VARGAS,501 E 36TH ST,,MINNEAPOLIS,MN,55408-4546
Matt's Automotive Service Center Bloomington,TEK,3547,18369379,1035,104,3,,LEE,PETERSON,2016 W 83RD ST,,BLOOMINGTON,MN,55431-1702
Matt's Automotive Service Center Bloomington,TEK,3547,18383297,1035,104,3,,SANDRA,MILLER,2301 VILLAGE LN APT 322,,MINNEAPOLIS,MN,55431-5817
Matt's Automotive Service Center Bloomington,TEK,3547,18366622,1035,104,3,,PAUL,WEINHANDL,15945 COUNTY ROAD 16 NW,,EVANSVILLE,MN,56326-8296
Matt's Automotive Service Center Bloomington,TEK,3547,18377123,1035,104,3,,CAROL,WILLIAMS,9519 BRIAR CIR,,BLOOMINGTON,MN,55437-1902
Matt's Automotive Service Center Bloomington,TEK,3547,18379195,1035,104,3,,ART,ABRAHAMS,8009 LEA RD,,BLOOMINGTON,MN,55438-1257
Matt's Automotive Service Center Bloomington,TEK,3547,18372743,1035,104,3,,ANN,LUTZ,7245 PILLSBURY AVE S,,RICHFIELD,MN,55423-3146
Matt's Automotive Service Center Bloomington,TEK,3547,18383813,1035,104,3,,JOHN,BUSSE,35 PARKVIEW DR,,CANDLER,NC,28715-9453
Matt's Automotive Service Center Bloomington,TEK,3547,18367315,1035,104,3,,LANCE,CUMMINS,22470 PANAMA AVE,,PRIOR LAKE,MN,55372-8861
Matt's Automotive Service Center Bloomington,TEK,3547,18383380,1035,104,3,,DAN,KRETSINGER,6225 RUSSELL AVE S,,RICHFIELD,MN,55423-1003
Matt's Automotive Service Center Bloomington,TEK,3547,18373686,1035,104,3,,DAWN,CLEARENCE,2045 EMERALD LN,,EAGAN,MN,55122-2841
Matt's Automotive Service Center Bloomington,TEK,3547,18381706,1035,104,3,,LEONARD,PULS,9644 GRAND AVE S,,BLOOMINGTON,MN,55420-4223
Matt's Automotive Service Center Bloomington,TEK,3547,18376978,1035,104,3,,SCOTT,SIMMONS,8625 EMERSON AVE S,,BLOOMINGTON,MN,55420-2631
Matt's Automotive Service Center Bloomington,TEK,3547,18383053,1035,104,3,,MARGO,TIMMERMAN,10741 XERXES AVE S,,BLOOMINGTON,MN,55431-3710
Matt's Automotive Service Center Bloomington,TEK,3547,18380464,1035,104,3,,LEN,PIERCE,9222 DECATUR AVE S,,BLOOMINGTON,MN,55438-1435
Matt's Automotive Service Center Bloomington,TEK,3547,18369503,1035,104,3,,SUSAN,KANYUSIK,6939 STEVENS AVE,,RICHFIELD,MN,55423-2482
Matt's Automotive Service Center Bloomington,TEK,3547,18382528,1035,104,3,,JIM,MANLEY,4931 28TH AVE S,,MINNEAPOLIS,MN,55417-1322
Matt's Automotive Service Center Bloomington,TEK,3547,18380969,1035,104,3,,JOE,SKOGH,425 WALNUT LN,,APPLE VALLEY,MN,55124-3803
Matt's Automotive Service Center Bloomington,TEK,3547,18367805,1035,104,3,,TOM,ROYER,612 W 104TH ST,,BLOOMINGTON,MN,55420-5217
Matt's Automotive Service Center Bloomington,TEK,3547,18382258,1035,104,3,,MARY ANN,KAUFMAN,8917 PORTLAND AVE S,,BLOOMINGTON,MN,55420-2918
Matt's Automotive Service Center Bloomington,TEK,3547,18382431,1035,104,3,,ROGER,DANSON,8151 33RD AVE S,,BLOOMINGTON,MN,55425-4518
Matt's Automotive Service Center Bloomington,TEK,3547,18384837,1035,104,3,,MARK,GNESS,1000 PONTIAC CT,,CHANHASSEN,MN,55317-9445
Matt's Automotive Service Center Bloomington,TEK,3547,18372824,1035,104,3,,STEVEN,BARLAND,8407 5TH AVE S,,BLOOMINGTON,MN,55420-2331
Matt's Automotive Service Center Bloomington,TEK,3547,18378983,1035,104,3,,DIANE,PUNCHARD,11144 XAVIER CT,,BLOOMINGTON,MN,55437-3150
Matt's Automotive Service Center Bloomington,TEK,3547,18383339,1035,104,3,,KEN,CUMMINGS,4148 234TH LN NW,,SAINT FRANCIS,MN,55070-4408
Matt's Automotive Service Center Bloomington,TEK,3547,18378831,1035,104,3,,WALTER,NEWBURY,1723 PHILIPP DR,,SHAKOPEE,MN,55379-3166
Matt's Automotive Service Center Bloomington,TEK,3547,18383785,1035,104,3,,TONY,ERIKSEN,4216 POPLAR BRIDGE RD,,BLOOMINGTON,MN,55437-1427
Matt's Automotive Service Center Bloomington,TEK,3547,18366452,1035,104,3,,TONI,THUNSTROM,10723 JUREL CT W APT A,,LAKEVILLE,MN,55044-5554
Matt's Automotive Service Center Bloomington,TEK,3547,18382101,1035,104,3,,TOM,OLBERDING,7316 DUPONT AVE S,,RICHFIELD,MN,55423-3024
Matt's Automotive Service Center Bloomington,TEK,3547,18377042,1035,104,3,,RICHARD,SEEL,6327 STEVENS AVE,,RICHFIELD,MN,55423-1609
Matt's Automotive Service Center Bloomington,TEK,3547,18382526,1035,104,3,,JOSEPH,GAMBLE,8349 EMERSON AVE S,,BLOOMINGTON,MN,55420-2117
Matt's Automotive Service Center Bloomington,TEK,3547,18368140,1035,104,3,,TOM,STADELMAN,8930 XERXES CIR S,,BLOOMINGTON,MN,55431-1961
Matt's Automotive Service Center Bloomington,TEK,3547,18378955,1035,104,3,,MICHAEL,ROBINSON,7309 JAMES AVE S,,RICHFIELD,MN,55423-2961
Matt's Automotive Service Center Bloomington,TEK,3547,18384412,1035,104,3,,PAT,CLEARY,505 E OLD SHAKOPEE RD APT 204,,BLOOMINGTON,MN,55420-4962
Matt's Automotive Service Center Bloomington,TEK,3547,18375824,1035,104,3,,ALEXA,JOHNSON,4330 SEAN CT,,SAINT PAUL,MN,55123-3994
Matt's Automotive Service Center Bloomington,TEK,3547,18375093,1035,104,3,,STEVE,JOHNSON,8735 4TH AVE S,,BLOOMINGTON,MN,55420-2903
Matt's Automotive Service Center Bloomington,TEK,3547,18385272,1035,104,3,,MIGUEL,VILLANUEVA,508 E 73RD ST APT 6,,RICHFIELD,MN,55423-3213
Matt's Automotive Service Center Bloomington,TEK,3547,18383503,1035,104,3,,DAVID,DAWSON,3595 GERSHWIN PL N,,OAKDALE,MN,55128-2947
Matt's Automotive Service Center Bloomington,TEK,3547,18383572,1035,104,3,,EDDIE,JOHNSON,9310 PENN AVE S,,BLOOMINGTON,MN,55431-2321
Matt's Automotive Service Center Bloomington,TEK,3547,18382026,1035,104,3,,SARA,ALBRIGHT,1955 W OLD SHAKOPEE RD APT 110,,MINNEAPOLIS,MN,55431-3041
Matt's Automotive Service Center Bloomington,TEK,3547,18366797,1035,104,3,,NICOLE,TLATELPA,1701 E 80TH ST,,BLOOMINGTON,MN,55425-1179
Matt's Automotive Service Center Bloomington,TEK,3547,18382618,1035,104,3,,RICK,CASTELLANO,6244 UPTON AVE S,,RICHFIELD,MN,55423-1016
Matt's Automotive Service Center Bloomington,TEK,3547,18377840,1035,104,3,,MARY JO,CHRYST,20727 HURLEY AVE,,LAKEVILLE,MN,55044-5873
Matt's Automotive Service Center Bloomington,TEK,3547,18383744,1035,104,3,,HELEN,SCHILLINGER,10112 JAMES RD,,BLOOMINGTON,MN,55431-3012
Matt's Automotive Service Center Bloomington,TEK,3547,18375249,1035,104,3,,JASMINE,JOHNSON,7039 16TH AVE S,,RICHFIELD,MN,55423-3431
Matt's Automotive Service Center Bloomington,TEK,3547,18378985,1035,104,3,,SAM,HERRMANN,3340 38TH AVE S,,MINNEAPOLIS,MN,55406-2147
Matt's Automotive Service Center Bloomington,TEK,3547,18376634,1035,104,3,,MARK D,JOHNSON,11401 KELL RD,,BLOOMINGTON,MN,55437-3538
Matt's Automotive Service Center Bloomington,TEK,3547,18372701,1035,104,3,,TOM,BAILEY,1257 JEFF ST,,SHAKOPEE,MN,55379-3233
Matt's Automotive Service Center Bloomington,TEK,3547,18381393,1035,104,3,,JUSTIN,ZIMMERLE,8100 DUPONT AVE S,,BLOOMINGTON,MN,55420-5724
Matt's Automotive Service Center Bloomington,TEK,3547,18374818,1035,104,3,,JOHN,KOLKIND,8333 CHOWEN AVE S,,BLOOMINGTON,MN,55431-1031
Matt's Automotive Service Center Bloomington,TEK,3547,18374005,1035,104,3,,CHARLIE,SPURLIN,14630 GARRETT AVE,,APPLE VALLEY,MN,55124-8445
Matt's Automotive Service Center Bloomington,TEK,3547,18377750,1035,104,3,,PATTI,BLANQUIES,PO BOX 4490,,SAINT PAUL,MN,55104-0490
Matt's Automotive Service Center Bloomington,TEK,3547,18383280,1035,104,3,,SHERRY,RITTMILLER,11206 WREN ST NW,,COON RAPIDS,MN,55433-3569
Matt's Automotive Service Center Bloomington,TEK,3547,18384927,1035,104,3,,DENISE,PETERSON,1955 W OLD SHAKOPEE RD APT 227,,BLOOMINGTON,MN,55431-3044
Matt's Automotive Service Center Bloomington,TEK,3547,18378773,1035,104,3,,ANTHONY,WESTBERRY,7304 BLOOMINGTON AVE,,RICHFIELD,MN,55423-3414
Matt's Automotive Service Center Bloomington,TEK,3547,18379492,1035,104,3,,PAM,ERICKSON,8100 KNOX AVE S APT 404,,BLOOMINGTON,MN,55431-1417
Matt's Automotive Service Center Bloomington,TEK,3547,18377621,1035,104,3,,CHUCK,EDWINS,57 DAVIS DR,,SILVER BAY,MN,55614-1330
Matt's Automotive Service Center Bloomington,TEK,3547,18379529,1035,104,3,,BILL,ARMSTRONG,2200 SOUTHVIEW BLVD APT 204,,SOUTH SAINT PAUL,MN,55075-5803
Matt's Automotive Service Center Bloomington,TEK,3547,18383465,1035,104,3,,SONYA,WESTPHAL,10324 5TH AVE S,,BLOOMINGTON,MN,55420-5440
Matt's Automotive Service Center Bloomington,TEK,3547,18373011,1035,104,3,,CHRIS,CARLSON,716 LOWRY AVE NE,,MINNEAPOLIS,MN,55418-3622
Matt's Automotive Service Center Bloomington,TEK,3547,18370186,1035,104,3,,ROSS,DAML,3101 MAJOR AVE N,,GOLDEN VALLEY,MN,55422-3138
Matt's Automotive Service Center Bloomington,TEK,3547,18377356,1035,104,3,,CLAY,GOETZ,8124 ENSIGN RD,,BLOOMINGTON,MN,55438-1027
Matt's Automotive Service Center Bloomington,TEK,3547,18372541,1035,104,3,,LAWRENCE,MARTIN,7532 OAKLAND AVE,,RICHFIELD,MN,55423-4460
Matt's Automotive Service Center Bloomington,TEK,3547,18374087,1035,104,3,,GEORGE,RICKEY,2450 W LAKE OF THE ISLES PKWY,,MINNEAPOLIS,MN,55405-2331
Matt's Automotive Service Center Bloomington,TEK,3547,18367314,1035,104,3,,KAREN,BERGE,3325 W 81ST ST,,BLOOMINGTON,MN,55431-1012
Matt's Automotive Service Center Bloomington,TEK,3547,18375613,1035,104,3,,BOB,KUJAK,9500 BRIAR RD,,BLOOMINGTON,MN,55437-1905
Matt's Automotive Service Center Bloomington,TEK,3547,18370506,1035,104,3,,JOHN,CLOSE,653 SATORI WAY,,CHASKA,MN,55318-2745
Matt's Automotive Service Center Bloomington,TEK,3547,18369486,1035,104,3,,ROSE,FEKETE,62227 CROWN POINT RD,,COOS BAY,OR,97420-7607
Matt's Automotive Service Center Bloomington,TEK,3547,18376149,1035,104,3,,NELLIE,HARMON,9300 OLD CEDAR AVE S APT 304,,BLOOMINGTON,MN,55425-2476
Matt's Automotive Service Center Bloomington,TEK,3547,18380719,1035,104,3,,DAN,HALLADAY,3121 W 69TH ST APT 422,,EDINA,MN,55435-2566
Matt's Automotive Service Center Bloomington,TEK,3547,18383885,1035,104,3,,SAM,DEJOHN,5220 W 102ND ST APT 121,,BLOOMINGTON,MN,55437-2537
Matt's Automotive Service Center Bloomington,TEK,3547,18373568,1035,104,3,,PAUL,DORSEY,8925 NEWTON AVE S,,BLOOMINGTON,MN,55431-2016
Matt's Automotive Service Center Bloomington,TEK,3547,18367575,1035,104,3,,KERRY,ZUEHLSDORFF,9524 3RD AVE S,,BLOOMINGTON,MN,55420-4415
Matt's Automotive Service Center Bloomington,TEK,3547,18384314,1035,104,3,,JEFF,HUSABY,6101 3RD AVE S,,MINNEAPOLIS,MN,55419-2508
Matt's Automotive Service Center Bloomington,TEK,3547,18383394,1035,104,3,,ALEX,LO,8841 XERXES CIR S,,BLOOMINGTON,MN,55431-1959
Matt's Automotive Service Center Bloomington,TEK,3547,18373086,1035,104,3,,JILL,HOGAN,9819 COLUMBUS AVE S,,BLOOMINGTON,MN,55420-5012
Matt's Automotive Service Center Bloomington,TEK,3547,18379863,1035,104,3,,SARAH,BAKER,10139 WENTWORTH AVE S,,BLOOMINGTON,MN,55420-4834
Matt's Automotive Service Center Bloomington,TEK,3547,18376892,1035,104,3,,GARY,KING,4431 W 82ND ST,,BLOOMINGTON,MN,55437-1270
Matt's Automotive Service Center Bloomington,TEK,3547,18380454,1035,104,3,,JOHN,HERTSGAARD,5437 DOMINICK DR,,HOPKINS,MN,55343-8943
Matt's Automotive Service Center Bloomington,TEK,3547,18335149,1035,104,3,,Pat,Cleary,505 W 98TH ST,# 204,BLOOMINGTON,MN,55420-4713
Matt's Automotive Service Center Bloomington,TEK,3547,18379340,1035,104,3,,KIM,TRANBY,150 W 107TH ST,,BLOOMINGTON,MN,55420-5504
Matt's Automotive Service Center Bloomington,TEK,3547,18375600,1035,104,3,,JULIE,JUSCZAK,20745 IDAHO AVE,,LAKEVILLE,MN,55044-5875
Matt's Automotive Service Center Bloomington,TEK,3547,18335285,1035,104,3,,Don,Decknatel,12922 EVEREST AVE,,APPLE VALLEY,MN,55124-5225
Matt's Automotive Service Center Bloomington,TEK,3547,18366957,1035,104,3,,TOM,BAUER,3400 RED OAK CIR N,,BURNSVILLE,MN,55337-3309
Matt's Automotive Service Center Bloomington,TEK,3547,18371034,1035,104,3,,SHIRLEY,NELSON,2901 W 110TH ST,,MINNEAPOLIS,MN,55431-3803
Matt's Automotive Service Center Bloomington,TEK,3547,18377352,1035,104,3,,KIRK,HALL,6837 HARRIET AVE,,RICHFIELD,MN,55423-2342
Matt's Automotive Service Center Bloomington,TEK,3547,18374138,1035,104,3,,STEVE,SANCHO,18007 90TH PL N,,MAPLE GROVE,MN,55311-4443
Matt's Automotive Service Center Bloomington,TEK,3547,18380283,1035,104,3,,RYAN,WILSON,320 W 69TH ST,,RICHFIELD,MN,55423-2320
Matt's Automotive Service Center Bloomington,TEK,3547,18385140,1035,104,3,,GEOFF,JILLSON,8609 LYNDALE AVE S STE 202,,BLOOMINGTON,MN,55420-2775
Matt's Automotive Service Center Bloomington,TEK,3547,19757104,1035,104,03,,RAHMO,MOHAMUD,2100 E 117TH ST,,BURNSVILLE,MN,55337-7213
Matt's Automotive Service Center Bloomington,TEK,3547,19764817,1035,104,03,,JAMISON,MURPHY,6042 BLAINE AVE,,INVER GROVE HEIGHTS,MN,55076-1224
Matt's Automotive Service Center Bloomington,TEK,3547,19543546,1035,104,03,,HARVEY,ALLISON,2716 W 96TH ST,,MINNEAPOLIS,MN,55431-2412
Matt's Automotive Service Center Bloomington,TEK,3547,18370387,1035,104,3,,MIKE,KENYON,6048 DEER ST,,MONTICELLO,MN,55362-3326
Matt's Automotive Service Center Bloomington,TEK,3547,18374888,1035,104,3,,Riley,Hoffman,6714 GIRARD AVE S,,RICHFIELD,MN,55423-2239
Matt's Automotive Service Center Bloomington,TEK,3547,18378651,1035,104,3,,PHIL,ZUBER,3720 W 108TH ST,,BLOOMINGTON,MN,55431-3606
Matt's Automotive Service Center Bloomington,TEK,3547,18379037,1035,104,3,,PATTI,WALCHUK,5253 PORTLAND AVE,,MINNEAPOLIS,MN,55417-1721
Matt's Automotive Service Center Bloomington,TEK,3547,18369785,1035,104,3,,DONNA,HANSEN,7039 16TH AVE S,,RICHFIELD,MN,55423-3431
Matt's Automotive Service Center Bloomington,TEK,3547,18369980,1035,104,3,,DOUG,DORFNER,8213 RUSSELL AVE S,,BLOOMINGTON,MN,55431-1641
Matt's Automotive Service Center Bloomington,TEK,3547,18379349,1035,104,03,,RUSSELL,WEIBEL,8601 CLINTON AVE S,,BLOOMINGTON,MN,55420-2912
Matt's Automotive Service Center Bloomington,TEK,3547,18377330,1035,104,3,,RAY,GORES,9107 OAKLAND AVE S,,BLOOMINGTON,MN,55420-3826
Matt's Automotive Service Center Bloomington,TEK,3547,18367044,1035,104,3,,ALAN,WAHLSTROM,2537 BURNHAM RD,,MINNEAPOLIS,MN,55416-4333
Matt's Automotive Service Center Bloomington,TEK,3547,18384791,1035,104,3,,MIKE,SOUVANXAYLOP,4614 RUSSELL AVE N,,MINNEAPOLIS,MN,55412-1145
Matt's Automotive Service Center Bloomington,TEK,3547,18376967,1035,104,3,,JIM,DAVIS,360 MAPLE ST,,SAINT PAUL,MN,55106-5395
Matt's Automotive Service Center Bloomington,TEK,3547,18383817,1035,104,3,,SANDRA,BREN,7360 GALLAGHER DR APT 326,,MINNEAPOLIS,MN,55435-3186
Matt's Automotive Service Center Bloomington,TEK,3547,18376777,1035,104,3,,MARK,THORNSJO,3509 PERRY AVE N,,CRYSTAL,MN,55422-2873
Matt's Automotive Service Center Bloomington,TEK,3547,18380992,1035,104,3,,JENNY,SPONBERG,4920 FREMONT AVE S,,MINNEAPOLIS,MN,55419-5211
Matt's Automotive Service Center Bloomington,TEK,3547,22916386,1035,104,3,,Kirby,Ericson,7203 OAK POINTE CURV,,BLOOMINGTON,MN,55438-3406
Matt's Automotive Service Center Bloomington,TEK,3547,18375621,1035,104,3,,KARLA,MCKENZIE,10630 QUEEN CIR,,BLOOMINGTON,MN,55431-3401
Matt's Automotive Service Center Bloomington,TEK,3547,18372567,1035,104,3,,RON,HOYT,10306 BLAISDELL AVE S,,BLOOMINGTON,MN,55420-5221
Matt's Automotive Service Center Bloomington,TEK,3547,18369506,1035,104,3,,PAUL,LESLIE,4542 OAK CHASE RD,,EAGAN,MN,55123-1861
Matt's Automotive Service Center Bloomington,TEK,3547,18377434,1035,104,3,,LARRY,GARVIS,7539 BLOOMINGTON AVE,,RICHFIELD,MN,55423-4612
Matt's Automotive Service Center Bloomington,TEK,3547,18380597,1035,104,3,,BASMAH,ALI,8421 KNOX AVE S,,BLOOMINGTON,MN,55431-1760
Matt's Automotive Service Center Bloomington,TEK,3547,18378393,1035,104,3,,DICK,ERICKSON,9609 TOLEDO RD,,BLOOMINGTON,MN,55437-2030
Matt's Automotive Service Center Bloomington,TEK,3547,18381519,1035,104,3,,RYAN,CAMPBELL,8849 WENTWORTH AVE S APT 30,,BLOOMINGTON,MN,55420-2846
Matt's Automotive Service Center Bloomington,TEK,3547,18381464,1035,104,3,,LENNY,KRIDER,10057 HARRIET AVE S,,BLOOMINGTON,MN,55420-4726
Matt's Automotive Service Center Bloomington,TEK,3547,18368487,1035,104,3,,JEFF,HUMBERT,10606 ZENITH AVE S,,BLOOMINGTON,MN,55431-3630
Matt's Automotive Service Center Bloomington,TEK,3547,18374409,1035,104,3,,GREG,ZOOK,10650 BEARD AVE S,,BLOOMINGTON,MN,55431-3659
Matt's Automotive Service Center Bloomington,TEK,3547,18377243,1035,104,3,,RON,FELDHAUS,5117 W 92ND ST,,BLOOMINGTON,MN,55437-1820
Matt's Automotive Service Center Bloomington,TEK,3547,18367525,1035,104,3,,MICHELE,RUTLEDGE,5510 W 98 1/2 ST,,BLOOMINGTON,MN,55437-2281
Matt's Automotive Service Center Bloomington,TEK,3547,18379633,1035,104,3,,LISA,JOHNSON,3436 BRYANT AVE S,,MINNEAPOLIS,MN,55408-4110
Matt's Automotive Service Center Bloomington,TEK,3547,24451650,1035,104,3,,CATRICE,ONEAL,5138 WASHBURN AVE N,,MINNEAPOLIS,MN,55430-3321
Matt's Automotive Service Center Bloomington,TEK,3547,18370595,1035,104,3,,Betty,Bosch,9700 PORTLAND AVE S,,BLOOMINGTON,MN,55420-4565
Matt's Automotive Service Center Bloomington,TEK,3547,18375071,1035,104,3,,RANDY,LARSON,9914 QUEEN CIR,,BLOOMINGTON,MN,55431-2847
Matt's Automotive Service Center Bloomington,TEK,3547,18367295,1035,104,3,,Jan,Matheus,7515 3RD AVE S,,RICHFIELD,MN,55423-4324
Matt's Automotive Service Center Bloomington,TEK,3547,18375374,1035,104,3,,David,Carlson,2454 SKYLINE DR,,BLOOMINGTON,MN,55425-2188
Matt's Automotive Service Center Bloomington,TEK,3547,30284829,1035,104,03,,Tim,Bjerke,1801 RALEIGH DR,,BURNSVILLE,MN,55337-1234
Matt's Automotive Service Center Bloomington,TEK,3547,18368185,1035,104,3,,Bryan,Jensen,8320 1ST AVE S,,MINNEAPOLIS,MN,55420-2304
Matt's Automotive Service Center Bloomington,TEK,3547,18375034,1035,104,3,,Bob,Holt,10237 RICH CIR,,BLOOMINGTON,MN,55437-2548
Matt's Automotive Service Center Bloomington,TEK,3547,18380312,1035,104,3,,WEI,HUANG,9601 10TH AVE S,,BLOOMINGTON,MN,55420-4604
Matt's Automotive Service Center Bloomington,TEK,3547,30592151,1035,104,03,,Mariama,Kanu,1614 MCANDREWS RD W,,BURNSVILLE,MN,55337-5008
Matt's Automotive Service Center Bloomington,TEK,3547,18381462,1035,104,3,,Shirley,Kovach,9306 11TH AVE S,,BLOOMINGTON,MN,55420-3928
Matt's Automotive Service Center Bloomington,TEK,3547,18366702,1035,104,3,,RAY,GARVER,8704 FLAMINGO DR,,CHANHASSEN,MN,55317-8543
Matt's Automotive Service Center Bloomington,TEK,3547,18384588,1035,104,3,,Richard,Wagoner,3112 W LAKE ST,,MINNEAPOLIS,MN,55416-5271
Matt's Automotive Service Center Bloomington,TEK,3547,18366417,1035,104,03,,Ken,Levin,9601 CLINTON AVE S,,BLOOMINGTON,MN,55420-4432
Matt's Automotive Service Center Bloomington,TEK,3547,18382257,1035,104,3,,Chris,Dietzen,21 E 107TH STREET CIR,,BLOOMINGTON,MN,55420-5311
Matt's Automotive Service Center Bloomington,TEK,3547,18370776,1035,104,3,,Scott,Peters,7161 SHERWOOD RD,,WOODBURY,MN,55125-2736
Matt's Automotive Service Center Bloomington,TEK,3547,18381174,1035,104,3,,Jerry,Ulmer,9651 BELMONT LN,,EDEN PRAIRIE,MN,55347-3120
Matt's Automotive Service Center Bloomington,TEK,3547,18373890,1035,104,03,,Samuel,Berg,8715 BEARD RD S,,BLOOMINGTON,MN,55431-1532
Matt's Automotive Service Center Bloomington,TEK,3547,32916668,1035,104,03,,Nancy,Riess,9200 COLLEGEVIEW CIR,,MINNEAPOLIS,MN,55437-2161
Matt's Automotive Service Center Bloomington,TEK,3547,18379126,1035,104,3,,Bernice,Illetschko,2130 E OLD SHAKOPEE RD APT 304,,BLOOMINGTON,MN,55425-2169
Matt's Automotive Service Center Bloomington,TEK,3547,18368369,1035,104,03,,Kris,Lindstrom,47547 BEAR RD,,STANCHFIELD,MN,55080-5229
Matt's Automotive Service Center Bloomington,TEK,3547,18384725,1035,104,3,,Walt,Ebner,1000 DEVONSHIRE LN APT 107,,BLOOMINGTON,MN,55431-3196
Matt's Automotive Service Center Bloomington,TEK,3547,18368878,1035,104,03,,Jim,Hanggi,8825 IRVING AVE S,,MINNEAPOLIS,MN,55431-2056
Matt's Automotive Service Center Bloomington,TEK,3547,18368963,1035,104,3,,Michael,Herzog,10412 HARRIET AVE S,,BLOOMINGTON,MN,55420-5237
Matt's Automotive Service Center Bloomington,TEK,3547,34127766,1035,104,03,,Dan V,Johnson,9124 16TH AVE S,,BLOOMINGTON,MN,55425-2302
Matt's Automotive Service Center Bloomington,TEK,3547,18384653,1035,104,3,,Ken,Thoma,7205 WOODSTOCK CURV,,BLOOMINGTON,MN,55438-2362
Matt's Automotive Service Center Bloomington,TEK,3547,28597138,1035,104,3,,Justin,Bottem,7201 YORK AVE S APT S919,,EDINA,MN,55435-4446
Matt's Automotive Service Center Bloomington,TEK,3547,34915212,1035,104,03,,Paul,Freedland,9931 13TH AVE S,,BLOOMINGTON,MN,55425-2603
Matt's Automotive Service Center Bloomington,TEK,3547,18384018,1035,104,3,,Chris,Austin,5016 NINE MILE CREEK PKWY,,BLOOMINGTON,MN,55437-1331
Matt's Automotive Service Center Bloomington,TEK,3547,18376143,1035,104,3,,Lois,Sweeney,10784 LYNDALE BLUFFS TRL,,BLOOMINGTON,MN,55420-5653
Matt's Automotive Service Center Bloomington,TEK,3547,18376066,1035,104,03,,Matt,Dallmann,4524 W 88TH ST,,BLOOMINGTON,MN,55437-1402
Matt's Automotive Service Center Bloomington,TEK,3547,18384514,1035,104,03,,Ben,Bright,7414 STEVENS AVE,,RICHFIELD,MN,55423-4236
Matt's Automotive Service Center Bloomington,TEK,3547,18370228,1035,104,3,,Robert,Drew,8019 XERXES AVE S UNIT 203,,BLOOMINGTON,MN,55431-1081
Matt's Automotive Service Center Bloomington,TEK,3547,18366479,1035,104,3,,Robert,Wittsack,8109 FREMONT AVE S,,BLOOMINGTON,MN,55420-1054
Matt's Automotive Service Center Bloomington,TEK,3547,18367653,1035,104,3,,Ed,Heston,4817 NORMANDALE HIGHLANDS DR,,BLOOMINGTON,MN,55437-2316
Matt's Automotive Service Center Bloomington,TEK,3547,18376965,1035,104,3,,Tim,Klaus,3512 SAWGRASS TRL W,,EAGAN,MN,55123-1361
Matt's Automotive Service Center Bloomington,TEK,3547,18382668,1035,104,3,,Wyeth,Hecht,9525 GRAND AVE S,,BLOOMINGTON,MN,55420-4220
