Shop Name,Software,SID,CID,WSID,WCID,MBdayMo,TBdayMo,First,Last,Address,Address2,City,St,Zip
Matt's Automotive Service Center Bloomington,TEK,3547,18369484,1035,104,9,,MARY,MCNAMEE,8025 XERXES AVE S,,BLOOMINGTON,MN,55431-4401
Matt's Automotive Service Center Bloomington,TEK,3547,18370868,1035,104,9,,KIRSTEN,BUELOW,15346 WILDERNESS RIDGE RD NW,,PRIOR LAKE,MN,55372-3611
Matt's Automotive Service Center Bloomington,TEK,3547,18381264,1035,104,9,,JERRY,DAML,8712 19TH AVE S,,BLOOMINGTON,MN,55425-2100
Matt's Automotive Service Center Bloomington,TEK,3547,18377279,1035,104,9,,HEIU,HUYNH,8404 W 97TH ST,,BLOOMINGTON,MN,55438-1663
Matt's Automotive Service Center Bloomington,TEK,3547,18369030,1035,104,9,,GARRETT,RUDOLPH,56142 MINNESOTA ST,,NEW YORK MILLS,MN,56567-9340
Matt's Automotive Service Center Bloomington,TEK,3547,18376280,1035,104,9,,VINCETTA,CHRISTOPHERSON,8013 XERXES AVE S UNIT 204,,BLOOMINGTON,MN,55431-1073
Matt's Automotive Service Center Bloomington,TEK,3547,18376667,1035,104,9,,FRANK,LANG,4601 EXCELSIOR BLVD STE 650,,MINNEAPOLIS,MN,55416-4977
Matt's Automotive Service Center Bloomington,TEK,3547,18384748,1035,104,9,,RICHARD,MILLER,2701 W 71 1/2 ST,,RICHFIELD,MN,55423-2868
Matt's Automotive Service Center Bloomington,TEK,3547,18372643,1035,104,9,,MIKE,SCHIEFFERT,10530 QUEEN AVE S,,BLOOMINGTON,MN,55431-3449
Matt's Automotive Service Center Bloomington,TEK,3547,18374741,1035,104,9,,DAN,HALLBERG,9425 WOODBRIDGE RD,,BLOOMINGTON,MN,55438-1662
Matt's Automotive Service Center Bloomington,TEK,3547,18374814,1035,104,9,,DUKE,MAKORI,7501 LYNDALE AVE S,,RICHFIELD,MN,55423-4065
Matt's Automotive Service Center Bloomington,TEK,3547,18382227,1035,104,9,,SEAN,CORCORAN,1966 SKYLINE DR S,,BURNSVILLE,MN,55337-2932
Matt's Automotive Service Center Bloomington,TEK,3547,18383519,1035,104,9,,BILL,WEINBERGER,8100 RUSSELL AVE S UNIT 410,,BLOOMINGTON,MN,55431-4526
Matt's Automotive Service Center Bloomington,TEK,3547,18375461,1035,104,9,,JESSA,CONNELLY,8618 12TH AVE S,,BLOOMINGTON,MN,55425-1900
Matt's Automotive Service Center Bloomington,TEK,3547,18372604,1035,104,9,,BILL,JUSTICE,14173 GARLAND AVE,,APPLE VALLEY,MN,55124-8402
Matt's Automotive Service Center Bloomington,TEK,3547,18375740,1035,104,9,,JUSTIN,TIMM,1325 E 60TH ST,,MINNEAPOLIS,MN,55417-3230
Matt's Automotive Service Center Bloomington,TEK,3547,18384457,1035,104,9,,VALERIE,PEDERSEN,10024 GIRARD AVE S,,BLOOMINGTON,MN,55431-3111
Matt's Automotive Service Center Bloomington,TEK,3547,18376539,1035,104,9,,HANNAH,BAST,8430 KNOX AVE S,,BLOOMINGTON,MN,55431-1761
Matt's Automotive Service Center Bloomington,TEK,3547,18367576,1035,104,9,,AARON,SKOGSTAD,8705 12TH AVE S,,BLOOMINGTON,MN,55425-1903
Matt's Automotive Service Center Bloomington,TEK,3547,18368453,1035,104,9,,LINDA,SPENGLER,6319 GIRARD AVE S,,RICHFIELD,MN,55423-1205
Matt's Automotive Service Center Bloomington,TEK,3547,18374064,1035,104,9,,DEAN,RASMUSSEN,8949 OLD CEDAR AVE S APT 204,,BLOOMINGTON,MN,55425-2066
Matt's Automotive Service Center Bloomington,TEK,3547,18374511,1035,104,9,,JORDAN,DEHN,8731 3RD AVE S,,BLOOMINGTON,MN,55420-2934
Matt's Automotive Service Center Bloomington,TEK,3547,18380058,1035,104,9,,DIANE,BALD,9907 COLUMBUS AVE S,,BLOOMINGTON,MN,55420-5013
Matt's Automotive Service Center Bloomington,TEK,3547,18379347,1035,104,9,,MARK,SEEKAMP,2412 BLOOMINGTON AVE,,MINNEAPOLIS,MN,55404-3917
Matt's Automotive Service Center Bloomington,TEK,3547,18376728,1035,104,9,,RANDY,BAKKEN,8601 RICH RD,,BLOOMINGTON,MN,55437-1366
Matt's Automotive Service Center Bloomington,TEK,3547,18381073,1035,104,9,,GREG,STEPHANIE,8124 UPTON AVE S,,BLOOMINGTON,MN,55431-1248
Matt's Automotive Service Center Bloomington,TEK,3547,18375201,1035,104,9,,ARTURO,SANCHEZ,9025 OLD CEDAR AVE S APT 205,,BLOOMINGTON,MN,55425-2335
Matt's Automotive Service Center Bloomington,TEK,3547,18373415,1035,104,9,,SHARI,DUDREY,10946 QUEBEC AVE S,,BLOOMINGTON,MN,55438-2398
Matt's Automotive Service Center Bloomington,TEK,3547,18375238,1035,104,9,,CAROL,OLSEN,5312 RIVER BLUFF CIR,,BLOOMINGTON,MN,55437-3632
Matt's Automotive Service Center Bloomington,TEK,3547,18381896,1035,104,9,,DAVE,ABRAHAMS,8326 GARFIELD AVE S,,BLOOMINGTON,MN,55420-2229
Matt's Automotive Service Center Bloomington,TEK,3547,18370183,1035,104,9,,SHERRY,BAILEY,8641 WENTWORTH AVE S,,BLOOMINGTON,MN,55420-2816
Matt's Automotive Service Center Bloomington,TEK,3547,18381409,1035,104,9,,TIM,RICHTER,9041 RUSSELL AVE S,,BLOOMINGTON,MN,55431-2117
Matt's Automotive Service Center Bloomington,TEK,3547,18384377,1035,104,9,,MARC,BRANDER,2326 SILVER LN APT 107,,NEW BRIGHTON,MN,55112-7437
Matt's Automotive Service Center Bloomington,TEK,3547,18373562,1035,104,9,,JENNIFER,TENTIS,13670 VALLEY VIEW RD # 316,,EDEN PRAIRIE,MN,55344-1999
Matt's Automotive Service Center Bloomington,TEK,3547,18375062,1035,104,9,,KELLY,JENDRO,10560 UNITY ST NW,,COON RAPIDS,MN,55433-4957
Matt's Automotive Service Center Bloomington,TEK,3547,18368676,1035,104,9,,DAVID,WENZEL,1116 W 86TH ST,,BLOOMINGTON,MN,55420-2653
Matt's Automotive Service Center Bloomington,TEK,3547,18373565,1035,104,9,,KATIE,WIENS,8121 OAKLAND AVE S,,BLOOMINGTON,MN,55420-1325
Matt's Automotive Service Center Bloomington,TEK,3547,18368207,1035,104,9,,MATT,LARSON,8715 LOGAN AVE S,,BLOOMINGTON,MN,55431-2062
Matt's Automotive Service Center Bloomington,TEK,3547,18375064,1035,104,9,,CONNOR,WUORENMA,10300 5TH AVE S,,BLOOMINGTON,MN,55420-5440
Matt's Automotive Service Center Bloomington,TEK,3547,18384803,1035,104,9,,SETH,FOY,401 8TH ST SE APT 6,,MINNEAPOLIS,MN,55414-1251
Matt's Automotive Service Center Bloomington,TEK,3547,18383236,1035,104,9,,VICTORIA,VANESSELSTINE,10300 DEVONSHIRE CIR,,BLOOMINGTON,MN,55431-3178
Matt's Automotive Service Center Bloomington,TEK,3547,18376389,1035,104,9,,RYAN,EISERMAN,1819 W OLD SHAKOPEE RD APT 208,,BLOOMINGTON,MN,55431-3051
Matt's Automotive Service Center Bloomington,TEK,3547,18370794,1035,104,9,,CHARLES,MEREDITH,8354 EMERSON AVE S,,BLOOMINGTON,MN,55420-2118
Matt's Automotive Service Center Bloomington,TEK,3547,18384461,1035,104,9,,FRED,NEGAARD,10134 MOUND SPRING TER,,BLOOMINGTON,MN,55420-5134
Matt's Automotive Service Center Bloomington,TEK,3547,18377985,1035,104,9,,JOHN,HANNA,14311 EMBRY PATH,,APPLE VALLEY,MN,55124-6672
Matt's Automotive Service Center Bloomington,TEK,3547,18385018,1035,104,9,,JOHN,WOODWARD,4418 WENTWORTH AVE,,MINNEAPOLIS,MN,55419-4942
Matt's Automotive Service Center Bloomington,TEK,3547,18379682,1035,104,9,,MELISSA,NOEL,2812 BRYANT AVE S,,MINNEAPOLIS,MN,55408-2123
Matt's Automotive Service Center Bloomington,TEK,3547,18372114,1035,104,9,,LISA,MCALLISTER,3582 BASSWOOD CIR SW,,PRIOR LAKE,MN,55372-2300
Matt's Automotive Service Center Bloomington,TEK,3547,18372789,1035,104,9,,JON,VICTORSEN,7213 CORNELIA DR,,EDINA,MN,55435-4159
Matt's Automotive Service Center Bloomington,TEK,3547,18374359,1035,104,9,,DARCY,RAND,5357 HIGHPOINTE TER,,BLOOMINGTON,MN,55437-1972
Matt's Automotive Service Center Bloomington,TEK,3547,18384763,1035,104,9,,VERN,DAMM,5425 RHODE ISLAND AVE N,,NEW HOPE,MN,55428-3836
Matt's Automotive Service Center Bloomington,TEK,3547,18382213,1035,104,9,,SCOTT,FLOM,16896 WESTON BAY RD,,EDEN PRAIRIE,MN,55347-1146
Matt's Automotive Service Center Bloomington,TEK,3547,18382839,1035,104,9,,MARK,TANG,7603 SHERIDAN AVE S,,RICHFIELD,MN,55423-1576
Matt's Automotive Service Center Bloomington,TEK,3547,18383794,1035,104,9,,MARY,ANDREWS,8910 12TH AVE S,,BLOOMINGTON,MN,55425-1907
Matt's Automotive Service Center Bloomington,TEK,3547,18379384,1035,104,9,,MIKE,WILM,8916 VINCENT PL,,BLOOMINGTON,MN,55431-1970
Matt's Automotive Service Center Bloomington,TEK,3547,18370725,1035,104,9,,JIM,LEE,9600 PORTLAND AVE S,,BLOOMINGTON,MN,55420-4564
Matt's Automotive Service Center Bloomington,TEK,3547,18384188,1035,104,9,,BRIAN,FELDT,1507 SE 4TH AVE,,GRAND RAPIDS,MN,55744-4237
Matt's Automotive Service Center Bloomington,TEK,3547,18380811,1035,104,9,,ROGER,BLAD,17 PIN OAK DR,,PALM COAST,FL,32164-7090
Matt's Automotive Service Center Bloomington,TEK,3547,18377159,1035,104,9,,SANDRA,BASS,8343 RUSSELL AVE S,,BLOOMINGTON,MN,55431-1643
Matt's Automotive Service Center Bloomington,TEK,3547,18368814,1035,104,09,,DALE,GREENE,10912 GLEN WILDING LN,,BLOOMINGTON,MN,55431-4217
Matt's Automotive Service Center Bloomington,TEK,3547,18372157,1035,104,9,,SCOTT,SHIELDS,9131 RUSSELL AVE S,,BLOOMINGTON,MN,55431-2119
Matt's Automotive Service Center Bloomington,TEK,3547,18383866,1035,104,9,,PHIL,POPPLER,5217 MICHAELE LN,,HOPKINS,MN,55345-4223
Matt's Automotive Service Center Bloomington,TEK,3547,18383609,1035,104,9,,BOB,GILLIS,9109 2ND AVE S,,BLOOMINGTON,MN,55420-3733
Matt's Automotive Service Center Bloomington,TEK,3547,18367030,1035,104,9,,JOEY,BERGLUND,8614 BRYANT AVE S,,BLOOMINGTON,MN,55420-2667
Matt's Automotive Service Center Bloomington,TEK,3547,18380736,1035,104,9,,MICHELLE,SCRIBNER,W7501 SCOTT DR,,SPOONER,WI,54801-8642
Matt's Automotive Service Center Bloomington,TEK,3547,18382621,1035,104,9,,MATT,SNELLER,7208 CORNELIA DR,,EDINA,MN,55435-4160
Matt's Automotive Service Center Bloomington,TEK,3547,18366547,1035,104,9,,TIM,READ,22667 708TH AVE,,DASSEL,MN,55325-3318
Matt's Automotive Service Center Bloomington,TEK,3547,18377800,1035,104,9,,SCOTT,REED,10216 NESBITT AVE S,,BLOOMINGTON,MN,55437-2213
Matt's Automotive Service Center Bloomington,TEK,3547,18367223,1035,104,9,,MELISSA,REED,9343 PORTLAND AVE S,,BLOOMINGTON,MN,55420-3841
Matt's Automotive Service Center Bloomington,TEK,3547,18384999,1035,104,9,,TOM,PETERSON,8205 CHOWEN AVE S,,BLOOMINGTON,MN,55431-1029
Matt's Automotive Service Center Bloomington,TEK,3547,18382589,1035,104,9,,KARIE,KUBALE,8660 OLD CEDAR AVE S APT 201,,BLOOMINGTON,MN,55425-2027
Matt's Automotive Service Center Bloomington,TEK,3547,18381186,1035,104,9,,ERICA,TOBOLA,7339 GARFIELD AVE,,RICHFIELD,MN,55423-3047
Matt's Automotive Service Center Bloomington,TEK,3547,18380016,1035,104,9,,CYNTHIA,YOUTZ,8261 KENTUCKY CIR,,BLOOMINGTON,MN,55438-1261
Matt's Automotive Service Center Bloomington,TEK,3547,18372708,1035,104,9,,BETH,DIRCKS,9950 HARRIET AVE S,,BLOOMINGTON,MN,55420-4725
Matt's Automotive Service Center Bloomington,TEK,3547,18371815,1035,104,9,,RONALD,HINE,5731 COLFAX AVE S,,MINNEAPOLIS,MN,55419-1705
Matt's Automotive Service Center Bloomington,TEK,3547,18373671,1035,104,9,,DAN,POOS,9207 CHICAGO AVE S,,BLOOMINGTON,MN,55420-3843
Matt's Automotive Service Center Bloomington,TEK,3547,18384116,1035,104,9,,CALEB,GREGORY,10816 UPTON AVE S,,BLOOMINGTON,MN,55431-3751
Matt's Automotive Service Center Bloomington,TEK,3547,18377278,1035,104,9,,JULIE,ROBERTS,9100 PENN AVE S,,BLOOMINGTON,MN,55431-2228
Matt's Automotive Service Center Bloomington,TEK,3547,18384195,1035,104,9,,KEVIN,AUSTIN,2213 W 89TH ST,,BLOOMINGTON,MN,55431-2006
Matt's Automotive Service Center Bloomington,TEK,3547,18370061,1035,104,9,,JUDY,WATTMAN,8644 ZENITH RD,,BLOOMINGTON,MN,55431-1553
Matt's Automotive Service Center Bloomington,TEK,3547,18384243,1035,104,9,,RICHARD,HAGEN,8919 MORGAN AVE S,,BLOOMINGTON,MN,55431-2014
Matt's Automotive Service Center Bloomington,TEK,3547,18377762,1035,104,9,,PAULA,ASHLEY,7527 18TH AVE S,,RICHFIELD,MN,55423-4630
Matt's Automotive Service Center Bloomington,TEK,3547,18383641,1035,104,9,,SPENSER,GRIMM,2420 1ST AVE S,,MINNEAPOLIS,MN,55404-3456
Matt's Automotive Service Center Bloomington,TEK,3547,18380519,1035,104,9,,JOHN,COLBY,5801 HALIFAX AVE S,,EDINA,MN,55424-1940
Matt's Automotive Service Center Bloomington,TEK,3547,18382590,1035,104,9,,STEVE,ADELMANN,1578 E 87TH ST,,BLOOMINGTON,MN,55425-1938
Matt's Automotive Service Center Bloomington,TEK,3547,18376599,1035,104,9,,GAVIN,JACKSON,5161 BALMORAL LN,,BLOOMINGTON,MN,55437-2874
Matt's Automotive Service Center Bloomington,TEK,3547,18381648,1035,104,9,,JOHN,BORDEWICH,5108 15TH AVE S,,MINNEAPOLIS,MN,55417-1808
Matt's Automotive Service Center Bloomington,TEK,3547,18375194,1035,104,9,,JAMES,STRAMEL,10564 MARYLAND CIR S,,BLOOMINGTON,MN,55438-2128
Matt's Automotive Service Center Bloomington,TEK,3547,18371016,1035,104,9,,GARY,BRAUSEN,8727 WOOD CLIFF CIR S,,BLOOMINGTON,MN,55438-1520
Matt's Automotive Service Center Bloomington,TEK,3547,18380063,1035,104,9,,GREGORY,KOHLER,2764 LAHOMA CT,,SHAKOPEE,MN,55379-4481
Matt's Automotive Service Center Bloomington,TEK,3547,18380262,1035,104,9,,JOEL,NATHE,9715 UPTON RD,,BLOOMINGTON,MN,55431-2474
Matt's Automotive Service Center Bloomington,TEK,3547,18376272,1035,104,9,,FELICIA,MCCONVILLE,3801 BAILLIF PL,,BLOOMINGTON,MN,55431-3520
Matt's Automotive Service Center Bloomington,TEK,3547,18379164,1035,104,9,,RICHARD,BEENS,1314 WESTWOOD HILLS RD,,SAINT LOUIS PARK,MN,55426-1964
Matt's Automotive Service Center Bloomington,TEK,3547,18375723,1035,104,9,,NATASHA,ILAND,21601 MOUNTAIN DR,,TEHACHAPI,CA,93561-8861
Matt's Automotive Service Center Bloomington,TEK,3547,18380348,1035,104,9,,NICK,RUSCH MAIER,2113 W 82ND ST,,BLOOMINGTON,MN,55431-1305
Matt's Automotive Service Center Bloomington,TEK,3547,18377466,1035,104,9,,JOAN,CLEARENCE,7521 GIRARD AVE S,,RICHFIELD,MN,55423-3951
Matt's Automotive Service Center Bloomington,TEK,3547,18374671,1035,104,9,,ROB,ENDLY,9541 XYLON AVE S,,BLOOMINGTON,MN,55438-1631
Matt's Automotive Service Center Bloomington,TEK,3547,18377780,1035,104,9,,VISHAM,SINGH,5995 W 140TH ST,,SAVAGE,MN,55378-1945
Matt's Automotive Service Center Bloomington,TEK,3547,18381975,1035,104,9,,DAVID,ZESBAUGH,3000 COUNTY ROAD 101 S,,WAYZATA,MN,55391-2851
Matt's Automotive Service Center Bloomington,TEK,3547,18371743,1035,104,9,,AUDRIANA,HARDWICKE,842 GUINDA ST,,PALO ALTO,CA,94301-2905
Matt's Automotive Service Center Bloomington,TEK,3547,18380875,1035,104,9,,BETH,RYAN,653 VAN BUREN ST NE,,MINNEAPOLIS,MN,55413-2430
Matt's Automotive Service Center Bloomington,TEK,3547,18367856,1035,104,9,,ELLEN,MCDONNELL,10504 LYNDALE AVE S,,BLOOMINGTON,MN,55420-5241
Matt's Automotive Service Center Bloomington,TEK,3547,18369722,1035,104,9,,DANIEL,VIGILANTE,5 VANDERPOOL DR,,MORRISTOWN,NJ,07960-5808
Matt's Automotive Service Center Bloomington,TEK,3547,18379640,1035,104,9,,MARK,JOHNSON,9825 170TH ST E,,LAKEVILLE,MN,55044-8457
Matt's Automotive Service Center Bloomington,TEK,3547,18379328,1035,104,9,,CHRIS,RORWICK,7303 GLOUCHESTER DR,,EDINA,MN,55435-4165
Matt's Automotive Service Center Bloomington,TEK,3547,18377149,1035,104,9,,BOB,WHALEY,13537 BIRCHWOOD AVE,,ROSEMOUNT,MN,55068-3561
Matt's Automotive Service Center Bloomington,TEK,3547,18368367,1035,104,9,,CHRISTINA,THIESCHAFER,7029 15TH AVE S,,RICHFIELD,MN,55423-3427
Matt's Automotive Service Center Bloomington,TEK,3547,18380161,1035,104,9,,JOHN,MILLER,10551 GREENBRIER RD APT 221,,MINNETONKA,MN,55305-3461
Matt's Automotive Service Center Bloomington,TEK,3547,18370430,1035,104,9,,FRANK,WEBSTER,8720 12TH AVE S,,BLOOMINGTON,MN,55425-1902
Matt's Automotive Service Center Bloomington,TEK,3547,18376175,1035,104,9,,JOHN,LENTINI,8100 KNOX AVE S APT 1410,,BLOOMINGTON,MN,55431-1449
Matt's Automotive Service Center Bloomington,TEK,3547,18374039,1035,104,9,,RICHARD,SISSON,7527 BLAISDELL AVE,,RICHFIELD,MN,55423-4139
Matt's Automotive Service Center Bloomington,TEK,3547,18380472,1035,104,9,,CLAY,HENDERSON,5724 CEDAR AVE S,,MINNEAPOLIS,MN,55417-2647
Matt's Automotive Service Center Bloomington,TEK,3547,18367850,1035,104,9,,MICHAEL,SMITH,8439 12TH AVE S,,BLOOMINGTON,MN,55425-1713
Matt's Automotive Service Center Bloomington,TEK,3547,18376264,1035,104,9,,PETER,RIKKE,7001 LOGAN AVE S,,RICHFIELD,MN,55423-2955
Matt's Automotive Service Center Bloomington,TEK,3547,18372430,1035,104,9,,MARIE,SCHWARTZ,12900 45TH AVE N,,PLYMOUTH,MN,55442-2324
Matt's Automotive Service Center Bloomington,TEK,3547,18382331,1035,104,9,,MARILYN,STEINMETZ,9713 CHICAGO AVE S,,BLOOMINGTON,MN,55420-4563
Matt's Automotive Service Center Bloomington,TEK,3547,18380930,1035,104,9,,TRELAINE,JACKSON,8257 WYOMING AVE N,,BROOKLYN PARK,MN,55445-2401
Matt's Automotive Service Center Bloomington,TEK,3547,18384328,1035,104,9,,BOB,NORDIN,56 RUSSELL AVE S,,MINNEAPOLIS,MN,55405-1930
Matt's Automotive Service Center Bloomington,TEK,3547,18382143,1035,104,9,,HEATHER,GRAPEVINE,14571 PRAIRIE GRASS DR NW,,PRIOR LAKE,MN,55372-9005
Matt's Automotive Service Center Bloomington,TEK,3547,18370275,1035,104,9,,ANDREW,NORDINE,528 COTTONWOOD ST NE,,LONSDALE,MN,55046-5501
Matt's Automotive Service Center Bloomington,TEK,3547,18375350,1035,104,9,,JACK W,GORMAN,8230 UPTON AVE S,,BLOOMINGTON,MN,55431-1654
Matt's Automotive Service Center Bloomington,TEK,3547,18384563,1035,104,9,,MIKE,GRAY,8730 21ST AVE S,,BLOOMINGTON,MN,55425-2104
Matt's Automotive Service Center Bloomington,TEK,3547,18367244,1035,104,9,,ROBERT,MELBOSTAD,8243 3RD AVE S,,BLOOMINGTON,MN,55420-2309
Matt's Automotive Service Center Bloomington,TEK,3547,18370672,1035,104,9,,MICHAEL,DOTSON,1669 FORD PKWY,,SAINT PAUL,MN,55116-2138
Matt's Automotive Service Center Bloomington,TEK,3547,18383351,1035,104,9,,LUCAS,FROKJER,13501 GEORGIA DR,,APPLE VALLEY,MN,55124-7621
Matt's Automotive Service Center Bloomington,TEK,3547,18367419,1035,104,9,,SANDY,BARTICK,9120 1ST AVE S,,BLOOMINGTON,MN,55420-3702
Matt's Automotive Service Center Bloomington,TEK,3547,18380502,1035,104,9,,MIKE,SCHROEDER,19773 EVERHILL AVE,,FARMINGTON,MN,55024-8676
Matt's Automotive Service Center Bloomington,TEK,3547,18370258,1035,104,9,,ANDREW,STARKS,10309 BLAISDELL CIR,,BLOOMINGTON,MN,55420-5223
Matt's Automotive Service Center Bloomington,TEK,3547,18376022,1035,104,9,,TROY,REECE,4994 BARTLETT BLVD,,MOUND,MN,55364-1707
Matt's Automotive Service Center Bloomington,TEK,3547,18380657,1035,104,9,,TIA,OSWEILER,11327 VESSEY CIR,,BLOOMINGTON,MN,55437-3129
Matt's Automotive Service Center Bloomington,TEK,3547,18367758,1035,104,9,,JEAN,GIRARDOT,6501 WOODLAKE DR APT 806,,RICHFIELD,MN,55423-1396
Matt's Automotive Service Center Bloomington,TEK,3547,18376888,1035,104,9,,DAVID,KNESS,3817 45TH AVE S,,MINNEAPOLIS,MN,55406-3517
Matt's Automotive Service Center Bloomington,TEK,3547,18382605,1035,104,9,,DAN,LARSON,7039 16TH AVE S,,RICHFIELD,MN,55423-3431
Matt's Automotive Service Center Bloomington,TEK,3547,18380323,1035,104,9,,DUANE,MARCOTTE,10233 10TH AVENUE CIR S,,BLOOMINGTON,MN,55420-5401
Matt's Automotive Service Center Bloomington,TEK,3547,18381729,1035,104,9,,BRAD,GILLITZER,1200 E 98TH ST,,BLOOMINGTON,MN,55425-2604
Matt's Automotive Service Center Bloomington,TEK,3547,18367154,1035,104,9,,THOMAS,MONTGOMERY,6833 3RD AVE S,,RICHFIELD,MN,55423-2419
Matt's Automotive Service Center Bloomington,TEK,3547,18367862,1035,104,9,,ANNE,DUFF,1301 W 82ND ST,,BLOOMINGTON,MN,55420-2170
Matt's Automotive Service Center Bloomington,TEK,3547,18383107,1035,104,9,,STEVE,LIEN,10601 VESSEY RD,,BLOOMINGTON,MN,55437-2720
Matt's Automotive Service Center Bloomington,TEK,3547,18378539,1035,104,9,,JEN,KEAVY,6033 YORK AVE S,,EDINA,MN,55410-2829
Matt's Automotive Service Center Bloomington,TEK,3547,18381463,1035,104,9,,HEATHER,BERGLUND,8614 BRYANT AVE S,,BLOOMINGTON,MN,55420-2667
Matt's Automotive Service Center Bloomington,TEK,3547,18377870,1035,104,9,,SHAMEZ,BABVANI,2710 KYLE AVE N,,GOLDEN VALLEY,MN,55422-3633
Matt's Automotive Service Center Bloomington,TEK,3547,18381380,1035,104,9,,PAUL,LEININGER,9140 3RD AVE S,,BLOOMINGTON,MN,55420-3740
Matt's Automotive Service Center Bloomington,TEK,3547,18373474,1035,104,9,,TOM,LITTLE,505 UPPER WOOD WAY,,BURNSVILLE,MN,55337-5723
Matt's Automotive Service Center Bloomington,TEK,3547,18366487,1035,104,9,,TERRELL,POINTER,1900 E 86TH ST APT 222,,MINNEAPOLIS,MN,55425-2117
Matt's Automotive Service Center Bloomington,TEK,3547,18375742,1035,104,9,,VANCE,BUSHAY,275 PENN AVE N # 227,,MINNEAPOLIS,MN,55405-1216
Matt's Automotive Service Center Bloomington,TEK,3547,18383582,1035,104,9,,MARK,YOUNG,8100 KNOX AVE S APT 1000,,BLOOMINGTON,MN,55431-1440
Matt's Automotive Service Center Bloomington,TEK,3547,18383226,1035,104,9,,MATT,KIMMES,6707 EMERSON AVE S,,RICHFIELD,MN,55423-2216
Matt's Automotive Service Center Bloomington,TEK,3547,18374090,1035,104,9,,TARA,ULRICH,5534 138TH ST W,,APPLE VALLEY,MN,55124-6903
Matt's Automotive Service Center Bloomington,TEK,3547,18374357,1035,104,9,,SUSANNA,FRENKEL,9912 4TH AVE S,,BLOOMINGTON,MN,55420-4938
Matt's Automotive Service Center Bloomington,TEK,3547,18377937,1035,104,9,,LAURIE,KOECHLEIN,4116 OVERLOOK DR,,BLOOMINGTON,MN,55437-3545
Matt's Automotive Service Center Bloomington,TEK,3547,18369268,1035,104,9,,DIANE,SNOBECK,PO BOX 44,,HENDERSON,MN,56044-0044
Matt's Automotive Service Center Bloomington,TEK,3547,18382478,1035,104,9,,RICHARD,MARSHALL,7600 CEDAR AVE S,,RICHFIELD,MN,55423-4664
Matt's Automotive Service Center Bloomington,TEK,3547,18379729,1035,104,9,,KRISTINA,SANDVE,641 HERON CT N,,OAKDALE,MN,55128-5381
Matt's Automotive Service Center Bloomington,TEK,3547,18375866,1035,104,9,,ROY,SHIVES,10931 QUINN AVE S,,BLOOMINGTON,MN,55437-3043
Matt's Automotive Service Center Bloomington,TEK,3547,18382024,1035,104,9,,JEFFERY,THOMPSON,6805 LOGAN AVE S,,RICHFIELD,MN,55423-2155
Matt's Automotive Service Center Bloomington,TEK,3547,18384707,1035,104,9,,PAM,BRUNKOW,PO BOX 23103,,RICHFIELD,MN,55423-0103
Matt's Automotive Service Center Bloomington,TEK,3547,18383861,1035,104,9,,LORI,KICKER,2312 E 35TH ST,,MINNEAPOLIS,MN,55406-2548
Matt's Automotive Service Center Bloomington,TEK,3547,18384794,1035,104,9,,TAMMY,HEUER,10709 ZINRAN CIR S,,BLOOMINGTON,MN,55438-2262
Matt's Automotive Service Center Bloomington,TEK,3547,18383110,1035,104,9,,ROBERT,ZIEGELMEYER,1295 COUNTY ROAD A UNIT 14,,NEW RICHMOND,WI,54017-1442
Matt's Automotive Service Center Bloomington,TEK,3547,18376604,1035,104,9,,STEVE,RICHTER,9041 RUSSELL AVE S,,BLOOMINGTON,MN,55431-2117
Matt's Automotive Service Center Bloomington,TEK,3547,18377969,1035,104,9,,BRIAN,SENSIBAUG,9851 CAVELL CIR,,BLOOMINGTON,MN,55438-1983
Matt's Automotive Service Center Bloomington,TEK,3547,18378793,1035,104,9,,JOHN,WILLIAMS,8200 W 33RD ST APT 209,,MINNEAPOLIS,MN,55426-3889
Matt's Automotive Service Center Bloomington,TEK,3547,18385161,1035,104,9,,BOB,MONTGOMERY,9107 10TH AVE S,,BLOOMINGTON,MN,55420-3913
Matt's Automotive Service Center Bloomington,TEK,3547,18368387,1035,104,9,,JOSH,WAGNER,8278 BELDEN BLVD,,COTTAGE GROVE,MN,55016-2645
Matt's Automotive Service Center Bloomington,TEK,3547,18367753,1035,104,9,,KARL,OVERLAND,3905 BLOOMINGTON AVE,,MINNEAPOLIS,MN,55407-5800
Matt's Automotive Service Center Bloomington,TEK,3547,18381996,1035,104,9,,BOB,LUEHMANN,8505 PORTLAND AVE S,,BLOOMINGTON,MN,55420-2407
Matt's Automotive Service Center Bloomington,TEK,3547,18366923,1035,104,9,,JOHN,GILBERTSON,8712 IRVING AVE S,,BLOOMINGTON,MN,55431-2055
Matt's Automotive Service Center Bloomington,TEK,3547,18371391,1035,104,9,,PHIL,LILJA,3712 COLFAX AVE S,,MINNEAPOLIS,MN,55409-1024
Matt's Automotive Service Center Bloomington,TEK,3547,18382836,1035,104,9,,CRYSTAL,CORTEZ,2722 W 23RD PL FL 2ND,,CHICAGO,IL,60608-3604
Matt's Automotive Service Center Bloomington,TEK,3547,18375271,1035,104,9,,STEVEN,GRANDAW,8702 ALDRICH AVE S,,BLOOMINGTON,MN,55420-2720
Matt's Automotive Service Center Bloomington,TEK,3547,18375324,1035,104,9,,ALEX,DVORAK,7333 11TH AVE S,,RICHFIELD,MN,55423-3336
Matt's Automotive Service Center Bloomington,TEK,3547,18377283,1035,104,9,,JAIME,CLUKE,9908 NICOLLET AVE S,,BLOOMINGTON,MN,55420-4870
Matt's Automotive Service Center Bloomington,TEK,3547,18376310,1035,104,9,,JACK,SWEDLUND,11000 GIRARD CURV,,BLOOMINGTON,MN,55431-4207
Matt's Automotive Service Center Bloomington,TEK,3547,18370297,1035,104,9,,LUKE,DEAN,8807 ABBOTT AVE S,,BLOOMINGTON,MN,55431-1809
Matt's Automotive Service Center Bloomington,TEK,3547,18379534,1035,104,9,,DAVE,WALLER,1889 ARCHER ST,,SHAKOPEE,MN,55379-5728
Matt's Automotive Service Center Bloomington,TEK,3547,18374613,1035,104,9,,MIKE,OHLIGER,10309 HUMBOLDT AVE S,,BLOOMINGTON,MN,55431-3116
Matt's Automotive Service Center Bloomington,TEK,3547,18371605,1035,104,9,,DEBBIE,WILLIAMS,6616 VINCENT AVE S,,RICHFIELD,MN,55423-1914
Matt's Automotive Service Center Bloomington,TEK,3547,18367574,1035,104,9,,SCOTT,BAUER,15213 CHICAGO AVE,,BURNSVILLE,MN,55306-7304
Matt's Automotive Service Center Bloomington,TEK,3547,18380790,1035,104,9,,JENNIFER,STATHAM,701 N 2ND ST APT 205,,MINNEAPOLIS,MN,55401-1529
Matt's Automotive Service Center Bloomington,TEK,3547,18381627,1035,104,9,,SHARON,DALLMAN,8109 2ND AVE S,,BLOOMINGTON,MN,55420-1211
Matt's Automotive Service Center Bloomington,TEK,3547,18373923,1035,104,09,,HORACIA,SANCHEZ,9031 12TH AVE S,,BLOOMINGTON,MN,55425-2201
Matt's Automotive Service Center Bloomington,TEK,3547,18367430,1035,104,9,,KELLY,O'DONOGHUE,8448 BLAISDELL AVE S,,BLOOMINGTON,MN,55420-2223
Matt's Automotive Service Center Bloomington,TEK,3547,18375814,1035,104,9,,YI HAI,ZHAO,8739 CHICAGO AVE S,,BLOOMINGTON,MN,55420-3007
Matt's Automotive Service Center Bloomington,TEK,3547,18369329,1035,104,9,,ROSEANNE,HENNINGER,12940 NICOLLET AVE APT 201,,BURNSVILLE,MN,55337-3532
Matt's Automotive Service Center Bloomington,TEK,3547,18373599,1035,104,9,,ARLENE,YOUNG,4401 CINNAMON RIDGE TRL,,EAGAN,MN,55122-2386
Matt's Automotive Service Center Bloomington,TEK,3547,18367696,1035,104,9,,BRYON P,JOHNSON,9007 14TH AVE S,,BLOOMINGTON,MN,55425-2217
Matt's Automotive Service Center Bloomington,TEK,3547,20275140,1035,104,9,,Steve,Coffin,4108 W 100TH ST,,BLOOMINGTON,MN,55437-2408
Matt's Automotive Service Center Bloomington,TEK,3547,18368842,1035,104,9,,PAUL,DUGAN,214 20TH AVE N,,HOPKINS,MN,55343-6912
Matt's Automotive Service Center Bloomington,TEK,3547,18368238,1035,104,9,,KIM,MUNSON,10360 YORK LN,,BLOOMINGTON,MN,55431-3264
Matt's Automotive Service Center Bloomington,TEK,3547,18369168,1035,104,9,,ROURK,SCOTT,8917 GIRARD AVE S,,BLOOMINGTON,MN,55420-2650
Matt's Automotive Service Center Bloomington,TEK,3547,20771342,1035,104,09,,Danelle,Pierson,8900 EMERSON AVE S,,BLOOMINGTON,MN,55420-2638
Matt's Automotive Service Center Bloomington,TEK,3547,18382095,1035,104,09,,LEO,PIDDE,20 MISSION RD W,,BLOOMINGTON,MN,55420-5523
Matt's Automotive Service Center Bloomington,TEK,3547,18384855,1035,104,9,,JIM,SCHULTZ,7421 COLFAX AVE S,,RICHFIELD,MN,55423-3958
Matt's Automotive Service Center Bloomington,TEK,3547,18381782,1035,104,9,,VAUGHN,SCHWEITZER,10624 VERDI RD,,BLOOMINGTON,MN,55431-4149
Matt's Automotive Service Center Bloomington,TEK,3547,21671072,1035,104,9,,Gerald,Lamott,7738 VINCENT AVE S,,RICHFIELD,MN,55423-3533
Matt's Automotive Service Center Bloomington,TEK,3547,18383918,1035,104,9,,JIM,KEMPER,12745 DOVER DR,,APPLE VALLEY,MN,55124-8667
Matt's Automotive Service Center Bloomington,TEK,3547,18378020,1035,104,9,,JEANNE,HILLER,6715 STEVENS AVE,,RICHFIELD,MN,55423-2471
Matt's Automotive Service Center Bloomington,TEK,3547,18383743,1035,104,9,,JAN,BANKEY,6700 EMERSON AVE S,,RICHFIELD,MN,55423-2215
Matt's Automotive Service Center Bloomington,TEK,3547,18381222,1035,104,9,,BEVERLY,MCDOWELL,8524 3RD AVE S,,BLOOMINGTON,MN,55420-2346
Matt's Automotive Service Center Bloomington,TEK,3547,18374823,1035,104,9,,PATRICK,CONRAD,16134 71ST ST NE,,ELK RIVER,MN,55330-4623
Matt's Automotive Service Center Bloomington,TEK,3547,22808142,1035,104,9,,Logan,Heim,7750 36TH ST N APT 611,,SAINT PAUL,MN,55128-5767
Matt's Automotive Service Center Bloomington,TEK,3547,18373741,1035,104,9,,RAY,SOBOTTA,6600 PLEASANT AVE APT 304,,RICHFIELD,MN,55423-2391
Matt's Automotive Service Center Bloomington,TEK,3547,18384524,1035,104,9,,SHARON,EMDE,1100 W 66TH ST APT 5,,RICHFIELD,MN,55423-2278
Matt's Automotive Service Center Bloomington,TEK,3547,18372916,1035,104,9,,GARY,GILES,11309 FRANCE AVE S,,BLOOMINGTON,MN,55431-3860
Matt's Automotive Service Center Bloomington,TEK,3547,18368066,1035,104,9,,JOE,WRIGHT,9125 FOREST HILLS CIR,,BLOOMINGTON,MN,55437-1826
Matt's Automotive Service Center Bloomington,TEK,3547,18370795,1035,104,9,,TROY,LIDEL,10640 JOHNSON CIR,,BLOOMINGTON,MN,55437-2927
Matt's Automotive Service Center Bloomington,TEK,3547,18367678,1035,104,9,,DAVE,CITROWSKI,6829 VINCENT AVE S,,RICHFIELD,MN,55423-1919
Matt's Automotive Service Center Bloomington,TEK,3547,18369213,1035,104,9,,JAMES,BRONSON,8612 RICH RD,,BLOOMINGTON,MN,55437-1349
Matt's Automotive Service Center Bloomington,TEK,3547,18384800,1035,104,9,,STEVE,MCKEOWN,7104 PORTLAND AVE,,RICHFIELD,MN,55423-3264
Matt's Automotive Service Center Bloomington,TEK,3547,18367496,1035,104,9,,CHRIS,GIBSON,9600 PORTLAND AVE S,,BLOOMINGTON,MN,55420-4564
Matt's Automotive Service Center Bloomington,TEK,3547,18385192,1035,104,9,,Kiera,Buckley,111 MARQUETTE AVE,,MINNEAPOLIS,MN,55401-2038
Matt's Automotive Service Center Bloomington,TEK,3547,18383782,1035,104,9,,LAUREN,GREEVERS,131 MAPLEWOOD DR E,,BLOOMINGTON,MN,55420-4407
Matt's Automotive Service Center Bloomington,TEK,3547,28918407,1035,104,09,,Karen,Hamm,10784 LYNDALE BLUFFS TRL,,BLOOMINGTON,MN,55420-5653
Matt's Automotive Service Center Bloomington,TEK,3547,18371060,1035,104,09,,JAMES,RYAN,6644 ELLIOT AVE S,,RICHFIELD,MN,55423-2576
Matt's Automotive Service Center Bloomington,TEK,3547,29996483,1035,104,09,,Patrick,Judge,PO BOX 82,,MONTICELLO,MN,55362-0082
Matt's Automotive Service Center Bloomington,TEK,3547,18369105,1035,104,9,,KEITH,WOLFSTELLER,8340 CHICAGO AVE S,,BLOOMINGTON,MN,55420-2453
Matt's Automotive Service Center Bloomington,TEK,3547,30215325,1035,104,09,,Sarah,Bauer,691 GOODRICH AVE,,SAINT PAUL,MN,55105-3525
Matt's Automotive Service Center Bloomington,TEK,3547,18368585,1035,104,9,,JAMES,DUNHAM,10732 RUSSELL AVE S,,BLOOMINGTON,MN,55431-3460
Matt's Automotive Service Center Bloomington,TEK,3547,30426559,1035,104,09,,Cynthia,Bond,7024 HARRIET AVE,,MINNEAPOLIS,MN,55423-3060
Matt's Automotive Service Center Bloomington,TEK,3547,18384883,1035,104,09,,DAVE,COSTELLO,10500 ZENITH AVE S,,BLOOMINGTON,MN,55431-3553
Matt's Automotive Service Center Bloomington,TEK,3547,18372012,1035,104,09,,Margaret A,Olson,1324 NILES AVE,,SAINT PAUL,MN,55116-1631
Matt's Automotive Service Center Bloomington,TEK,3547,18381703,1035,104,09,,Wade,Stahl,S10360 COUNTY RD W,,ELEVA,WI,54738-9244
Matt's Automotive Service Center Bloomington,TEK,3547,18380855,1035,104,9,,Mark,Rodgers,7424 1ST AVE S,,RICHFIELD,MN,55423-4203
Matt's Automotive Service Center Bloomington,TEK,3547,18380775,1035,104,9,,Andrew,Garver,8704 FLAMINGO DR,,CHANHASSEN,MN,55317-8543
Matt's Automotive Service Center Bloomington,TEK,3547,18370271,1035,104,9,,Richard,Mitchell,5510 W 98 1/2 ST,,BLOOMINGTON,MN,55437-2281
Matt's Automotive Service Center Bloomington,TEK,3547,18372068,1035,104,9,,Shirley,Swenson,9636 4TH AVE S,,BLOOMINGTON,MN,55420-4423
Matt's Automotive Service Center Bloomington,TEK,3547,18368186,1035,104,9,,Mike,Sexton,4900 MAPLE RD,,EDINA,MN,55424-1241
Matt's Automotive Service Center Bloomington,TEK,3547,32679748,1035,104,09,,Kevin,Hernandez,14750 W BURNSVILLE PKWY LOT 13,,BURNSVILLE,MN,55306-4829
Matt's Automotive Service Center Bloomington,TEK,3547,18370666,1035,104,9,,Sandra,Stahl,9301 PORTLAND AVE S,,BLOOMINGTON,MN,55420-3841
Matt's Automotive Service Center Bloomington,TEK,3547,18377781,1035,104,9,,James,Lee,9600 PORTLAND AVE S APT 222,,BLOOMINGTON,MN,55420-4569
Matt's Automotive Service Center Bloomington,TEK,3547,18366818,1035,104,9,,Bruce,Pease,8420 ELLIOT AVE S,,BLOOMINGTON,MN,55420-2414
Matt's Automotive Service Center Bloomington,TEK,3547,33167120,1035,104,09,,Bill,Adams,2900 11TH AVE S APT 301,,MINNEAPOLIS,MN,55407-5814
Matt's Automotive Service Center Bloomington,TEK,3547,18371575,1035,104,9,,Roger,Wysong,8514 ELLIOT AVE S,,BLOOMINGTON,MN,55420-2416
Matt's Automotive Service Center Bloomington,TEK,3547,18380261,1035,104,9,,Sarah,Shepherd,8615 CLINTON AVE S,,BLOOMINGTON,MN,55420-2912
Matt's Automotive Service Center Bloomington,TEK,3547,18385183,1035,104,9,,Syler,Morgan,8432 WENTWORTH AVE S,,BLOOMINGTON,MN,55420-2252
Matt's Automotive Service Center Bloomington,TEK,3547,18382265,1035,104,9,,Julie,Norberg,11175 RHODE ISLAND AVE S,,BLOOMINGTON,MN,55438-2496
Matt's Automotive Service Center Bloomington,TEK,3547,18369148,1035,104,9,,Kim,Crumb,11043 STANLEY CURV,,BLOOMINGTON,MN,55437-3339
Matt's Automotive Service Center Bloomington,TEK,3547,30598374,1035,104,09,,Jennifer,Trombley,8341 LYNDALE AVE S,,BLOOMINGTON,MN,55420-2213
Matt's Automotive Service Center Bloomington,TEK,3547,30616536,1035,104,09,,Dave,Polensky,10432 VINCENT AVE S,,BLOOMINGTON,MN,55431-3326
Matt's Automotive Service Center Bloomington,TEK,3547,18383759,1035,104,9,,Guy,Schuster,10109 BEARD AVE S,,BLOOMINGTON,MN,55431-2721
Matt's Automotive Service Center Bloomington,TEK,3547,18373557,1035,104,9,,Ahmad,Makhtal,1435 STICKNEY AVE,,SOUTH SAINT PAUL,MN,55075-1045
Matt's Automotive Service Center Bloomington,TEK,3547,29126558,1035,104,09,,Andre,Martin,9913 DELLRIDGE RD,,BLOOMINGTON,MN,55425-2619
Matt's Automotive Service Center Bloomington,TEK,3547,18379366,1035,104,09,,Tim,Bertel,1819 W OLD SHAKOPEE RD APT 327,,BLOOMINGTON,MN,55431-3054
Matt's Automotive Service Center Bloomington,TEK,3547,18373175,1035,104,9,,Bob,Schriver,7465 RIDGEWAY RD,,GOLDEN VALLEY,MN,55426-1585
Matt's Automotive Service Center Bloomington,TEK,3547,18370772,1035,104,09,,Chris,Ransom,5516 ELLIOT AVE,,MINNEAPOLIS,MN,55417-2450
Matt's Automotive Service Center Bloomington,TEK,3547,35310289,1035,104,09,,Jeff,Forland,8331 CLINTON AVE S,,MINNEAPOLIS,MN,55420-2354
Matt's Automotive Service Center Bloomington,TEK,3547,18372983,1035,104,9,,Ken,Hitzeman,1055 BROADWAY,,CARVER,MN,55315-2106
Matt's Automotive Service Center Bloomington,TEK,3547,18367718,1035,104,9,,Leonard,Zimmel,10318 PARK AVE S,,BLOOMINGTON,MN,55420-5430
Matt's Automotive Service Center Bloomington,TEK,3547,18381595,1035,104,9,,Marcus,Mcrae,6932 UPTON AVE S,,RICHFIELD,MN,55423-1912
Matt's Automotive Service Center Bloomington,TEK,3547,18384537,1035,104,9,,Jim,Brewer,8237 THOMAS AVE S,,BLOOMINGTON,MN,55431-1649
Matt's Automotive Service Center Bloomington,TEK,3547,31422851,1035,104,09,,Bruce,Jacobson,251 NORMAN RIDGE DR,,BLOOMINGTON,MN,55437-1709
Matt's Automotive Service Center Bloomington,TEK,3547,18374200,1035,104,9,,Tim B.,Johnson,10148 JOHNSON AVE S,,BLOOMINGTON,MN,55437-2427
