Shop Name,Software,SID,CID,WSID,WCID,MBdayMo,TBdayMo,First,Last,Address,Address2,City,St,Zip
Matt's Automotive Service Center Columbia Heights,TEK,3758,23875377,1036,104,,3,Sahara,Hassen,2505 PENN AVE N,,MINNEAPOLIS,MN,55411-2267
Matt's Automotive Service Center Columbia Heights,TEK,3758,23387452,1036,104,,3,Jamar,Jackson,1612 68TH AVE NE,,MINNEAPOLIS,MN,55432-4718
Matt's Automotive Service Center Columbia Heights,TEK,3758,29350705,1036,104,,9,Zeng,Lee,2300 GRAND ST NE,,MINNEAPOLIS,MN,55418-3334
Matt's Automotive Service Center Columbia Heights,TEK,3758,30208010,1036,104,,9,Sarah,Sherar,44713 SE MT SI RD,,NORTH BEND,WA,98045-9254
Matt's Automotive Service Center Columbia Heights,TEK,3758,31421553,1036,104,,3,Chris,Andersen,966 JUNO AVE,,SAINT PAUL,MN,55102-3716
Matt's Automotive Service Center Columbia Heights,TEK,3758,32676335,1036,104,,9,Isaiah,Langat,5314 RANDOLPH BLVD,,SAN ANTONIO,TX,78233-6237
Matt's Automotive Service Center Columbia Heights,TEK,3758,33269211,1036,104,,9,Heerawatti,Tejpaul,2525 36TH AVE N,,MINNEAPOLIS,MN,55412-1851
Matt's Automotive Service Center Columbia Heights,TEK,3758,33521209,1036,104,,9,Kenneth,Scott,373 OLD HIGHWAY 8 SW APT 201,,NEW BRIGHTON,MN,55112-7726
Matt's Automotive Service Center Columbia Heights,TEK,3758,35274475,1036,104,,3,Ka,Xiong,909 GOULD AVE NE,,COLUMBIA HEIGHTS,MN,55421-3386
Matt's Automotive Service Center Columbia Heights,TEK,3758,35827481,1036,104,,9,Jim,Nelson,581 12TH AVE NW,,NEW BRIGHTON,MN,55112-4203
Matt's Automotive Service Center Columbia Heights,TEK,3758,36027400,1036,104,,9,John,Van Pilsum,4356 LEANDER LN,,MINNEAPOLIS,MN,55421-3067
Matt's Automotive Service Center Columbia Heights,TEK,3758,36041510,1036,104,,9,Patrick,Hunter,4300 ROBBINS LNDG N APT 411,,MINNEAPOLIS,MN,55422-2257
Matt's Automotive Service Center Columbia Heights,TEK,3758,36064124,1036,104,,3,Dawn,Peterson,4100 3RD ST NE UNIT 103,,COLUMBIA HEIGHTS,MN,55421-4614
Matt's Automotive Service Center Columbia Heights,TEK,3758,36067129,1036,104,,9,Charles,Kelly,724 VAN WHITE MEMORIAL BLVD,,MINNEAPOLIS,MN,55411-4175
Matt's Automotive Service Center Columbia Heights,TEK,3758,35826859,1036,104,,9,Emin,Tatic,4550 CENTRAL AVE NE,,MINNEAPOLIS,MN,55421-2482
Matt's Automotive Service Center Columbia Heights,TEK,3758,36249655,1036,104,,3,Bruce,Niemi,3825 TYLER ST NE,,MINNEAPOLIS,MN,55421-4038
Matt's Automotive Service Center Columbia Heights,TEK,3758,36256379,1036,104,,9,Jim,Dang,1694 129TH LN NW,,MINNEAPOLIS,MN,55448-1378
Matt's Automotive Service Center Columbia Heights,TEK,3758,20232865,1036,104,,9,Lori,Stene,4881 MAIN ST NE,,FRIDLEY,MN,55421-2134
Matt's Automotive Service Center Columbia Heights,TEK,3758,36622369,1036,104,,3,Roger,Mourad,909 45TH AVE NE,,HILLTOP,MN,55421-2306
Matt's Automotive Service Center Columbia Heights,TEK,3758,36227463,1036,104,,9,Mike,Haberman,3946 EMERSON AVE N,,MINNEAPOLIS,MN,55412-2041
Matt's Automotive Service Center Columbia Heights,TEK,3758,36712811,1036,104,,9,Julia,Bauroth,2601 UNIVERSITY AVE SE APT E211,,MINNEAPOLIS,MN,55414-3259
Matt's Automotive Service Center Columbia Heights,TEK,3758,36827913,1036,104,,3,Nhia,Thao,4548 4TH ST NE,,MINNEAPOLIS,MN,55421-2247
Matt's Automotive Service Center Columbia Heights,TEK,3758,36924892,1036,104,,9,Robert,Rozmarynowski,829 47TH AVE NE,,HILLTOP,MN,55421-2320
