Shop Name,Software,SID,CID,WSID,WCID,MBdayMo,TBdayMo,First,Last,Address,Address2,City,St,Zip
Matt's Automotive Service Center North Branch,TEK,3761,19978375,1038,104,3,,LYLE,WARD,8996 SAINT CROIX TRL,,NORTH BRANCH,MN,55056-5390
Matt's Automotive Service Center North Branch,TEK,3761,19972451,1038,104,03,,TIM,LEE,27726 VASSAR ST NE,,STACY,MN,55079-6124
Matt's Automotive Service Center North Branch,TEK,3761,19976994,1038,104,3,,KYLE,LUNDEEN,6100 375TH ST,,NORTH BRANCH,MN,55056-5642
Matt's Automotive Service Center North Branch,TEK,3761,19977003,1038,104,3,,DAVE,SINDT,6736 401ST ST,,NORTH BRANCH,MN,55056-3312
Matt's Automotive Service Center North Branch,TEK,3761,19977006,1038,104,3,,ELI,CHOUINARD,7588 392ND ST,,NORTH BRANCH,MN,55056-5098
Matt's Automotive Service Center North Branch,TEK,3761,19977008,1038,104,03,,DANIEL,DUFFY,208 PROCO CT,,DULUTH,MN,55808-2155
Matt's Automotive Service Center North Branch,TEK,3761,19975709,1038,104,3,,PHILIP,MARDAUS,360 ANDREW ST,,RUSH CITY,MN,55069-2276
Matt's Automotive Service Center North Branch,TEK,3761,19976863,1038,104,03,,CARL,EKSTEDT,13931 410TH ST,,NORTH BRANCH,MN,55056-6849
Matt's Automotive Service Center North Branch,TEK,3761,19976794,1038,104,03,,ARIC,BAUER,7569 WELLINGTON CIR,,NORTH BRANCH,MN,55056-5863
Matt's Automotive Service Center North Branch,TEK,3761,19976722,1038,104,3,,DAVID,HAGSTROM,23661 FONTANA ST NE,,STACY,MN,55079-8803
Matt's Automotive Service Center North Branch,TEK,3761,19972651,1038,104,3,,CHAD,TRIGGS,27452 LYONS ST NE,,NORTH BRANCH,MN,55056-4907
Matt's Automotive Service Center North Branch,TEK,3761,19971953,1038,104,3,,TRAVIS,OKSTAD,5360 FERNWOOD TRL,,NORTH BRANCH,MN,55056-5280
Matt's Automotive Service Center North Branch,TEK,3761,19972691,1038,104,03,,JOE,MOULTON,6554 CEDAR ST,,NORTH BRANCH,MN,55056-5785
Matt's Automotive Service Center North Branch,TEK,3761,19977138,1038,104,3,,CHARLIE,COOK,4892 TAMARACK LN APT A,,DULUTH,MN,55811-1440
Matt's Automotive Service Center North Branch,TEK,3761,19977188,1038,104,03,,DENNIS,MOEN,224 LAKEVIEW ST,,AVINGER,TX,75630-7679
Matt's Automotive Service Center North Branch,TEK,3761,19977210,1038,104,3,,KAYLIN,FORLITI,4437 399TH ST,,NORTH BRANCH,MN,55056-7072
Matt's Automotive Service Center North Branch,TEK,3761,19975538,1038,104,3,,CARRIE,SHEA,6581 RIVERCREST DR,,NORTH BRANCH,MN,55056-5766
Matt's Automotive Service Center North Branch,TEK,3761,19977254,1038,104,3,,JIM,PAYNTER,6645 381ST ST,,NORTH BRANCH,MN,55056-5866
Matt's Automotive Service Center North Branch,TEK,3761,19977270,1038,104,3,,DAN,PAYNE,37731 HAWTHORNE AVE,,NORTH BRANCH,MN,55056-5963
Matt's Automotive Service Center North Branch,TEK,3761,19971643,1038,104,3,,RICK,PINAMONTI,39661 HORUS AVE,,NORTH BRANCH,MN,55056-5306
Matt's Automotive Service Center North Branch,TEK,3761,19975959,1038,104,3,,KIRSTEN,VAUGHAN,1155 DELLWOOD ST S APT 253,,CAMBRIDGE,MN,55008-2216
Matt's Automotive Service Center North Branch,TEK,3761,19973764,1038,104,3,,NEIL,LADD,492 N PINE LAKE RD,,HARRIS,MN,55032-3513
Matt's Automotive Service Center North Branch,TEK,3761,19977320,1038,104,03,,LISA,IZARNOTEGUI,813 223RD ST,,OSCEOLA,WI,54020-4554
Matt's Automotive Service Center North Branch,TEK,3761,19980565,1038,104,3,,AMY,ROBILLARD,40200 GREENLAWN AVE,,NORTH BRANCH,MN,55056-6027
Matt's Automotive Service Center North Branch,TEK,3761,19977055,1038,104,3,,KATHERINE,PELL,6133 ALBERT LN,,NORTH BRANCH,MN,55056-3303
Matt's Automotive Service Center North Branch,TEK,3761,19977355,1038,104,3,,MITCHELL,TORKELSON,163 401ST AVE NE,,STANCHFIELD,MN,55080-3312
Matt's Automotive Service Center North Branch,TEK,3761,19976550,1038,104,3,,MARK,WATKINS,37820 GREENWAY AVE,,NORTH BRANCH,MN,55056-5782
Matt's Automotive Service Center North Branch,TEK,3761,19977382,1038,104,3,,MICHAEL,ANDERSON,PO BOX 23,,HARRIS,MN,55032-0023
Matt's Automotive Service Center North Branch,TEK,3761,19970935,1038,104,3,,ROBERT,MAKI,9799 285TH AVE NE,,NORTH BRANCH,MN,55056-6424
Matt's Automotive Service Center North Branch,TEK,3761,19977393,1038,104,3,,KRISTINE,DONAHUE,6581 CEDAR ST,,NORTH BRANCH,MN,55056-5785
Matt's Automotive Service Center North Branch,TEK,3761,19977961,1038,104,3,,JEFF,NELSON,37780 GRAND AVE,,NORTH BRANCH,MN,55056-6090
Matt's Automotive Service Center North Branch,TEK,3761,19972550,1038,104,03,,HELEN,WHITE,38558 GRAND AVE,,NORTH BRANCH,MN,55056-5747
Matt's Automotive Service Center North Branch,TEK,3761,19973137,1038,104,3,,JOHN,KANE,38951 2ND AVE,,NORTH BRANCH,MN,55056-5781
Matt's Automotive Service Center North Branch,TEK,3761,19778162,1038,104,3,,Jessica,Thelander,37745 HAWTHORNE AVE,,NORTH BRANCH,MN,55056-5963
Matt's Automotive Service Center North Branch,TEK,3761,19979492,1038,104,3,,JEFF,FERTIG,12180 SAINT CROIX TRL,,NORTH BRANCH,MN,55056-6780
Matt's Automotive Service Center North Branch,TEK,3761,19977684,1038,104,3,,ED,GAGNE,38895 KOST TRL,,NORTH BRANCH,MN,55056-6723
Matt's Automotive Service Center North Branch,TEK,3761,19975123,1038,104,03,,JERRY,KASLOW,40872 FAHRION RD,,NORTH BRANCH,MN,55056-4926
Matt's Automotive Service Center North Branch,TEK,3761,19973975,1038,104,3,,JERRY,YOUNGQUIST,38150 EGRET TRL,,NORTH BRANCH,MN,55056-5438
Matt's Automotive Service Center North Branch,TEK,3761,19976916,1038,104,3,,KRISTEN,LAKE,42936 GINGER AVE,,HARRIS,MN,55032-3684
Matt's Automotive Service Center North Branch,TEK,3761,19974001,1038,104,3,,JESSICA,THELANDER,37745 HAWTHORNE AVE,,NORTH BRANCH,MN,55056-5963
Matt's Automotive Service Center North Branch,TEK,3761,19976239,1038,104,3,,STEVE,KES,9588 475TH ST,,HARRIS,MN,55032-3050
Matt's Automotive Service Center North Branch,TEK,3761,19973537,1038,104,03,,KATHY,HAUAN,38506 JULY AVE,,NORTH BRANCH,MN,55056-5900
Matt's Automotive Service Center North Branch,TEK,3761,19980566,1038,104,3,,Doug,Berg,6754 313TH AVE NE,,NORTH BRANCH,MN,55056-6651
Matt's Automotive Service Center North Branch,TEK,3761,19976673,1038,104,3,,JOE,KEOCHER,48257 GULL AVE,,RUSH CITY,MN,55069-1903
Matt's Automotive Service Center North Branch,TEK,3761,29661066,1038,104,03,,Tony,Watters,6731 MAPLE ST,,NORTH BRANCH,MN,55056-5752
Matt's Automotive Service Center North Branch,TEK,3761,19974355,1038,104,3,,ROGER,PALMER,49307 CLOVER TRL,,RUSH CITY,MN,55069-2602
Matt's Automotive Service Center North Branch,TEK,3761,19980153,1038,104,3,,ARLAN,SCHLIPP,29502 REGULUS ST NE,,CAMBRIDGE,MN,55008-6310
Matt's Automotive Service Center North Branch,TEK,3761,19976666,1038,104,3,,SARAH,GORANSON,PO BOX 581,,NORTH BRANCH,MN,55056-0581
Matt's Automotive Service Center North Branch,TEK,3761,19976148,1038,104,3,,DESARAY,ST. JULIANA,45641 IRIS AVE,,HARRIS,MN,55032-3066
Matt's Automotive Service Center North Branch,TEK,3761,19976322,1038,104,3,,JONATHAN,KASPER,37430 FILL AVE,,NORTH BRANCH,MN,55056-5658
Matt's Automotive Service Center North Branch,TEK,3761,34373742,1038,104,03,,Mark,Rangitsch,4293 WESTON WAY,,SAINT PAUL,MN,55126-1400
Matt's Automotive Service Center North Branch,TEK,3761,19979978,1038,104,3,,JUDITH,JOHNSON,39737 CHEROKEE AVE,,NORTH BRANCH,MN,55056-6971
Matt's Automotive Service Center North Branch,TEK,3761,19970620,1038,104,3,,RON,PERRAULT,36328 JULY AVE,,NORTH BRANCH,MN,55056-5741
Matt's Automotive Service Center North Branch,TEK,3761,19977262,1038,104,3,,Samuel,Srock,38326 TIMBER LN,,NORTH BRANCH,MN,55056-5824
Matt's Automotive Service Center North Branch,TEK,3761,19972011,1038,104,3,,MELISSA,DUPRE,7801 277TH AVE NE,,NORTH BRANCH,MN,55056-4902
