Shop Name,Software,SID,CID,WSID,WCID,MBdayMo,TBdayMo,First,Last,Address,Address2,City,St,Zip
Doc Motor Works inc.,TEK,293,4641034,1039,,3,,Devin,Smith,2004 HASTINGS DR,,PLAINFIELD,IL,60586-5516
Doc Motor Works inc.,TEK,293,6990418,1039,,3,,Anthony,Monte,712 SUNSET LN,,SHOREWOOD,IL,60404-9282
Doc Motor Works inc.,TEK,293,7114391,1039,,3,,Serghei,Mititdl,2626 N NEW ENGLAND AVE,,CHICAGO,IL,60707-1731
Doc Motor Works inc.,TEK,293,7329783,1039,,3,,Kevin,Hill,2422 WALSH WAY APT 1B,,JOLIET,IL,60435-5358
Doc Motor Works inc.,TEK,293,7535921,1039,,3,,Connie,Tollios,1307 DAUPHIN DR,,JOLIET,IL,60431-5397
Doc Motor Works inc.,TEK,293,7732394,1039,,3,,Alyssa,Serno,216 CHANNAHON ST,,SHOREWOOD,IL,60404-9330
Doc Motor Works inc.,TEK,293,7984716,1039,,3,,Landon,Klotz,1745 FIELDSTONE DR S,,SHOREWOOD,IL,60404-7402
Doc Motor Works inc.,TEK,293,687354,1039,,3,,Kevin,Winquist,2238 ROSSITER PKWY,,PLAINFIELD,IL,60586-8349
Doc Motor Works inc.,TEK,293,8288189,1039,,3,,Roula,Sperelakis,529 SHOREWOOD DR,,SHOREWOOD,IL,60404-9766
Doc Motor Works inc.,TEK,293,8282946,1039,,3,,Maurice,Parker,2215 RED HAWK DR,,PLAINFIELD,IL,60586-5434
Doc Motor Works inc.,TEK,293,688340,1039,,3,,Kim,Thompson,24310 CEDAR CREEK LN,,PLAINFIELD,IL,60586-2265
Doc Motor Works inc.,TEK,293,4444800,1039,,3,,Sean,Delaney,25443 PRAIRIEWOOD LN,,SHOREWOOD,IL,60404-2528
Doc Motor Works inc.,TEK,293,6816095,1039,,3,,Dana,Schwarting,6506 FITZER DR,,JOLIET,IL,60431-5374
Doc Motor Works inc.,TEK,293,8285636,1039,,3,,Laura,Canniff,611 CONEFLOWER DR,,ROMEOVILLE,IL,60446-3946
Doc Motor Works inc.,TEK,293,8642633,1039,,3,,Joshua,Durham,1919 RIDGE MOOR DR,,PLAINFIELD,IL,60586-5938
Doc Motor Works inc.,TEK,293,8810932,1039,,3,,Ed,Prine,7150 MANCHESTER DR,,PLAINFIELD,IL,60586-6878
Doc Motor Works inc.,TEK,293,685917,1039,,3,,Curtis,Shay,5207 SUNMEADOW DR,,PLAINFIELD,IL,60586-7584
Doc Motor Works inc.,TEK,293,8920007,1039,,3,,Mark,Catuara,16951 S LILY CACHE RD,,PLAINFIELD,IL,60586-9032
Doc Motor Works inc.,TEK,293,8921778,1039,,3,,Pat,Schumacher,1206 GLEN MOR DR,Unit A,SHOREWOOD,IL,60404-8977
Doc Motor Works inc.,TEK,293,687339,1039,,3,,Gail,Girard,3040 US HIGHWAY 52,,MINOOKA,IL,60447-9665
Doc Motor Works inc.,TEK,293,8956965,1039,,3,,Keith,Watts,1806 ARBOR GATE DR,,PLAINFIELD,IL,60586-5734
Doc Motor Works inc.,TEK,293,8981696,1039,,3,,Jason,Johanses,1613 STANTON LN,,PLAINFIELD,IL,60586-2537
Doc Motor Works inc.,TEK,293,9155043,1039,,3,,David,Berry,1101 ADDLEMAN ST,,JOLIET,IL,60431-8771
Doc Motor Works inc.,TEK,293,9352479,1039,,3,,Genaro,Morales,420 APOLLO DR,,JOLIET,IL,60435-5331
Doc Motor Works inc.,TEK,293,9378453,1039,,3,,Gina,Quasney,9940 BROWN RD,,MORRIS,IL,60450-9330
Doc Motor Works inc.,TEK,293,9459104,1039,,3,,Mitch,Schlise,23336 W FEENEY DR,,PLAINFIELD,IL,60586-2352
Doc Motor Works inc.,TEK,293,9242072,1039,,3,,Shariece,Barnes,1411 LIBERTY MEADOW DR,,JOLIET,IL,60432-2927
Doc Motor Works inc.,TEK,293,9495631,1039,,3,,Joe,Wolny,4505 VICTORIA DR,,PLAINFIELD,IL,60586-8139
Doc Motor Works inc.,TEK,293,685532,1039,,3,,Lisa,Hagen,22223 W NORWICH LN,,PLAINFIELD,IL,60544-6039
Doc Motor Works inc.,TEK,293,9676932,1039,,3,,Janice,Schulze,21713 W EMPRESS LN,,PLAINFIELD,IL,60544-6321
Doc Motor Works inc.,TEK,293,4152716,1039,,3,,Joe,Scarcelli,2214 DOUGLAS ST,,JOLIET,IL,60435-5408
Doc Motor Works inc.,TEK,293,10106065,1039,,3,,James,Anderson,4754 GOODHUE LN,,PLAINFIELD,IL,60586-8305
Doc Motor Works inc.,TEK,293,7989961,1039,,3,,Duraid,Taha,3219 WINTERBERRY DR,,JOLIET,IL,60431-8382
Doc Motor Works inc.,TEK,293,10407065,1039,,3,,Dennis,Temko,3106 HARRIS DR,,JOLIET,IL,60431-1504
Doc Motor Works inc.,TEK,293,10469174,1039,,3,,Ethan,Kisiel,1613 CANTERBURY CT,,PLAINFIELD,IL,60586-7602
Doc Motor Works inc.,TEK,293,686106,1039,,3,,Pat,Maloney,730 METROPOLITAN AVE,,BOLINGBROOK,IL,60490-5014
Doc Motor Works inc.,TEK,293,10573049,1039,,3,,Nathan,Fisher,1319 PRAIRIE CREEK TRL,,JOLIET,IL,60431-7432
Doc Motor Works inc.,TEK,293,10787938,1039,,3,,Anthony,Pfieffer,200 PRIDELAND DR,,SHOREWOOD,IL,60404-7043
Doc Motor Works inc.,TEK,293,10894409,1039,,3,,Brian,Demitt,912 WILLOW LN,,SHOREWOOD,IL,60404-2546
Doc Motor Works inc.,TEK,293,11214534,1039,,3,,Mike,Dalton,1608 WILDFLOWER DR,,PLAINFIELD,IL,60586-8103
Doc Motor Works inc.,TEK,293,11229904,1039,,3,,Donna,Taylor,2305 HALEY DR,,PLAINFIELD,IL,60586-2559
Doc Motor Works inc.,TEK,293,686950,1039,,3,,Stewart,Ferreira,1513 MASON AVE,,JOLIET,IL,60435-5707
Doc Motor Works inc.,TEK,293,684816,1039,,3,,Sandy,Crachy,26306 W SILVER STREAM DR,,CHANNAHON,IL,60410-3450
Doc Motor Works inc.,TEK,293,698597,1039,,3,,Laura,Decker,113 SHOREWOOD LN,,SHOREWOOD,IL,60404-9284
Doc Motor Works inc.,TEK,293,11815892,1039,,3,,Dana,Randle,428 SUWANEE ST,,PARK FOREST,IL,60466-1925
Doc Motor Works inc.,TEK,293,11612763,1039,,03,,Subhash,Shah,1610 PATRIOT ST,,SHOREWOOD,IL,60404-7002
Doc Motor Works inc.,TEK,293,685369,1039,,3,,Jeff,Kubistal,16370 CELTIC CIR,,MANHATTAN,IL,60442-6104
Doc Motor Works inc.,TEK,293,11700834,1039,,3,,Gina,Joutras,702 DOVER WAY,,SHOREWOOD,IL,60404-0550
Doc Motor Works inc.,TEK,293,10440434,1039,,3,,Richard,Longhini,3021 HERITAGE DR,,JOLIET,IL,60435-4771
Doc Motor Works inc.,TEK,293,12674860,1039,,3,,Annete,Alvarez,1403 FITZER DR,,JOLIET,IL,60431-5380
Doc Motor Works inc.,TEK,293,686349,1039,,3,,Marlena,Castelli,2611 VISION AVE,,PLAINFIELD,IL,60586-9811
Doc Motor Works inc.,TEK,293,12950939,1039,,3,,Kyler,Cryder,60 US HIGHWAY 52,,MINOOKA,IL,60447-9677
Doc Motor Works inc.,TEK,293,12952437,1039,,3,,Ethaniel,Percoliza,6210 BLUE RIDGE DR,,PLAINFIELD,IL,60586-5109
Doc Motor Works inc.,TEK,293,5705257,1039,,3,,Airial,Gary,8900 BRADSTREET COMMONS WAY,,CHARLOTTE,NC,28215-5317
Doc Motor Works inc.,TEK,293,2835964,1039,,3,,Jessica,Junion,1822 PARKSIDE DR,,SHOREWOOD,IL,60404-0684
Doc Motor Works inc.,TEK,293,13429582,1039,,3,,Mike,Bolos,1223 CALLAWAY DR N,,SHOREWOOD,IL,60404-8161
Doc Motor Works inc.,TEK,293,13328429,1039,,3,,Kermit,Walker,2309 HOLLY RIDGE DR,,PLAINFIELD,IL,60586-5218
Doc Motor Works inc.,TEK,293,4642378,1039,,3,,John,Olijar,1901 CARRIER CIR,,PLAINFIELD,IL,60586-8340
Doc Motor Works inc.,TEK,293,11211346,1039,,3,,Phil,Durling,20229 COUNTY ROAD R,,ALVORDTON,OH,43501-9737
Doc Motor Works inc.,TEK,293,14078971,1039,,3,,Shannon,Jaronik,40466 N GOLDENROD LN,,WADSWORTH,IL,60083-9614
Doc Motor Works inc.,TEK,293,15102873,1039,,3,,David,Rico,1610 BRIGHTON LN,,PLAINFIELD,IL,60586-7554
Doc Motor Works inc.,TEK,293,15287181,1039,,3,,Elizabeth,Sierra,4427 W RIVERSIDE DR,,PLAINFIELD,IL,60586-8530
Doc Motor Works inc.,TEK,293,3377142,1039,,3,,Brooke,Polus,1207 PRAIRIE CREEK TRL,,JOLIET,IL,60431-7431
Doc Motor Works inc.,TEK,293,15454956,1039,,3,,James,Ramos,933 WISCONSIN RD,,NEW LENOX,IL,60451-2263
Doc Motor Works inc.,TEK,293,15458401,1039,,3,,Claudia,Hernandez,4826 CLOVER CT,,PLAINFIELD,IL,60586-8170
Doc Motor Works inc.,TEK,293,15548057,1039,,3,,Paul,Despojo,1815 OLEANDER DR,,PLAINFIELD,IL,60586-4129
Doc Motor Works inc.,TEK,293,15564522,1039,,3,,Jerry,Lyte,709 PLEASANT DR,,SHOREWOOD,IL,60404-9577
Doc Motor Works inc.,TEK,293,15758709,1039,,3,,Jay,Highland,812 BETHEL AVE,,BOLINGBROOK,IL,60490-5026
Doc Motor Works inc.,TEK,293,6478494,1039,,3,,Mitchell,Phillips,1022 ROCKY HILL CIR,,JOLIET,IL,60432-0816
Doc Motor Works inc.,TEK,293,7670127,1039,,03,,Vic,Goode,89 WILDERNESS WAY,,CROSSVILLE,TN,38571-3300
Doc Motor Works inc.,TEK,293,4735449,1039,,3,,Ericka,Williams,1109 MARION CT,,SHOREWOOD,IL,60404-9509
Doc Motor Works inc.,TEK,293,2714821,1039,,3,,Bryan,Barry,15962 WATERFRONT CIR,,PLAINFIELD,IL,60544-1989
Doc Motor Works inc.,TEK,293,2126921,1039,,3,,Kim,Craig,718 PRAIRIE DR,,SHOREWOOD,IL,60404-9585
Doc Motor Works inc.,TEK,293,16395091,1039,,3,,Mike,Abbott,511 W 25TH ST,,MARION,IN,46953-3108
Doc Motor Works inc.,TEK,293,7535140,1039,,3,,Amy,Benson,1020 BRECKENRIDGE LN,,SHOREWOOD,IL,60404-8546
Doc Motor Works inc.,TEK,293,16403982,1039,,3,,Helen,woods,760 PLEASANT DR,,SHOREWOOD,IL,60404-9580
Doc Motor Works inc.,TEK,293,16502594,1039,,3,,Surbrina,Glenn,2210 BROOKWOOD CT,,JOLIET,IL,60435-3309
Doc Motor Works inc.,TEK,293,687644,1039,,3,,Barbara H,Radecki,1742 VANTAGE DR,,SHOREWOOD,IL,60404-7011
Doc Motor Works inc.,TEK,293,16716213,1039,,3,,Martin,Chinderle,1111 COLONADE RD,,SHOREWOOD,IL,60404-9115
Doc Motor Works inc.,TEK,293,17148797,1039,,3,,Brandon,Wallace,427 DALHART AVE,,ROMEOVILLE,IL,60446-1317
Doc Motor Works inc.,TEK,293,7988481,1039,,3,,Thomas,Bahar,1125 HARVEST DR,,SHOREWOOD,IL,60404-8614
Doc Motor Works inc.,TEK,293,9499342,1039,,3,,Richard,Contreras,3917 BUCK AVE,,JOLIET,IL,60431-2715
Doc Motor Works inc.,TEK,293,18323591,1039,,3,,Jennifer,Izzl,1714 NORTHSHIRE DR,,PLAINFIELD,IL,60586-4140
Doc Motor Works inc.,TEK,293,687944,1039,,3,,Zory,Leon,1306 BRIDGEHAMPTON DR,,PLAINFIELD,IL,60586-5834
Doc Motor Works inc.,TEK,293,18859368,1039,,3,,Bob,Ferikaluk,630 AMERICANA DR,,SHOREWOOD,IL,60404-9591
Doc Motor Works inc.,TEK,293,18879793,1039,,3,,David,Abday,1313 ILLINOIS CT,,SHOREWOOD,IL,60404-7042
Doc Motor Works inc.,TEK,293,19319520,1039,,3,,Hannah,June,1615 MAPLE VALLEY RD,,CHARLOTTE,TN,37036-5366
Doc Motor Works inc.,TEK,293,19516961,1039,,3,,Dwain,Winfield,1808 SPRINGSIDE DR,,PLAINFIELD,IL,60586-4259
Doc Motor Works inc.,TEK,293,19777336,1039,,03,,James,Pennington,1809 WESTBROOK CT,,PLAINFIELD,IL,60586-4143
Doc Motor Works inc.,TEK,293,19282791,1039,,3,,Andrew,Eppers,2007 CUMBERLAND DR,,PLAINFIELD,IL,60586-5304
Doc Motor Works inc.,TEK,293,3110363,1039,,3,,Michael,Pagoria,2208 FALCON DR,,PLAINFIELD,IL,60586-6573
Doc Motor Works inc.,TEK,293,20391767,1039,,3,,Irene,Klobucar,1006 MIKASA CT,,JOLIET,IL,60431-7506
Doc Motor Works inc.,TEK,293,20396875,1039,,3,,Mallory,Tucker,204 OAKWOOD DR,,SHOREWOOD,IL,60404-9032
Doc Motor Works inc.,TEK,293,20361464,1039,,3,,Kevin,Salava,4303 ANTHONY LN,,PLAINFIELD,IL,60586-7750
Doc Motor Works inc.,TEK,293,13423138,1039,,3,,Cesar,Lopez,500 COMMONS DR,,SHOREWOOD,IL,60404-6804
Doc Motor Works inc.,TEK,293,4366960,1039,,3,,Maggie,Basile,4413 WOOD DUCK LN,,PLAINFIELD,IL,60586-7127
Doc Motor Works inc.,TEK,293,687461,1039,,03,,Paul,Barber,104 BRAVERY CT,,SHOREWOOD,IL,60404-9571
Doc Motor Works inc.,TEK,293,12668361,1039,,3,,Ray,Arriola,1814 SILVER RIDGE DR,,PLAINFIELD,IL,60586-2902
Doc Motor Works inc.,TEK,293,688169,1039,,3,,Andrea,Rivera,2824 SUN VALLEY DR,,PLAINFIELD,IL,60586-6651
Doc Motor Works inc.,TEK,293,21177158,1039,,3,,Kirk,Washington,1314 BROADLAWN DR,,PLAINFIELD,IL,60586-5816
Doc Motor Works inc.,TEK,293,21186579,1039,,3,,Bob,Dennett,407 CAMBRIDGE LN,,SHOREWOOD,IL,60404-0526
Doc Motor Works inc.,TEK,293,21698094,1039,,3,,Paul,Biernazdki,3818 LEOMINSTER AVE,,JOLIET,IL,60431-2724
Doc Motor Works inc.,TEK,293,21391054,1039,,3,,Alan,Mohler,24208 MERLOT LN,,PLAINFIELD,IL,60586-7203
Doc Motor Works inc.,TEK,293,17048325,1039,,3,,Jim,Rogers,8403 TRUMBULL AVE,,JOLIET,IL,60431-4536
Doc Motor Works inc.,TEK,293,1354723,1039,,3,,Dustin,Leonhardt,3013 RUTH FITZGERALD DR,,PLAINFIELD,IL,60586-6632
Doc Motor Works inc.,TEK,293,20364575,1039,,3,,Daniel,Casing,413 WESTWOOD DR,,SHOREWOOD,IL,60404-9428
Doc Motor Works inc.,TEK,293,21864701,1039,,3,,Kendra,Townsell,1503 ROTH DR,,JOLIET,IL,60431-7538
Doc Motor Works inc.,TEK,293,1189351,1039,,3,,Steven,Reyes,22319 S EASTCLIFF DR,,JOLIET,IL,60404-6669
Doc Motor Works inc.,TEK,293,22091933,1039,,3,,Scott,Gerrick,3525 CHRISTINE AVE,,JOLIET,IL,60431-9088
Doc Motor Works inc.,TEK,293,19322162,1039,,3,,Edward,Wegner,26346 W OLD KERRY GRV,,CHANNAHON,IL,60410-5468
Doc Motor Works inc.,TEK,293,22083544,1039,,3,,Michael,Doyle,1723 HIDDEN OAKS CT,,PLAINFIELD,IL,60586-1651
Doc Motor Works inc.,TEK,293,22190583,1039,,3,,Horace,O'kain,319 LOUISA ST N,,SHOREWOOD,IL,60404-8121
Doc Motor Works inc.,TEK,293,13136429,1039,,3,,Kyle,Doyle,2301 ASHWOOD DR,,PLAINFIELD,IL,60586-7250
Doc Motor Works inc.,TEK,293,687415,1039,,3,,Neil,Hodge,1218 VERTIN BLVD,,SHOREWOOD,IL,60404-7231
Doc Motor Works inc.,TEK,293,10883389,1039,,3,,Mike,Soehlke,1934 NOTTINGHAM LN,,WHEATON,IL,60189-8521
Doc Motor Works inc.,TEK,293,3788877,1039,,3,,Joe,Hession,1815 LARKSPUR DR,,PLAINFIELD,IL,60586-7839
Doc Motor Works inc.,TEK,293,22668465,1039,,3,,Daniel,O'Rourke,903 CAPRICE DR,,SHOREWOOD,IL,60404-9159
Doc Motor Works inc.,TEK,293,20268011,1039,,3,,Mike,Edwards,1916 CROSSWIND DR,,PLAINFIELD,IL,60586-2254
Doc Motor Works inc.,TEK,293,13333599,1039,,3,,Dan,Tomasik,1730 EAGLE CT,,MORRIS,IL,60450-8891
Doc Motor Works inc.,TEK,293,688297,1039,,3,,Chris,Baertschi,4417 WILLOWBEND DR,,PLAINFIELD,IL,60586-6401
Doc Motor Works inc.,TEK,293,8285294,1039,,3,,Robert,Billinger,5911 LAKE POINTE DR,,PLAINFIELD,IL,60586-5905
Doc Motor Works inc.,TEK,293,6368749,1039,,3,,Melvin,Delilly,1709 BRIGHTON LN,,PLAINFIELD,IL,60586-7822
Doc Motor Works inc.,TEK,293,688298,1039,,3,,Arlene,Gasner,820 W BLACK RD,,SHOREWOOD,IL,60404-8523
Doc Motor Works inc.,TEK,293,22904964,1039,,3,,Brandon,Cruz' Perez,510 MACK ST,,JOLIET,IL,60435-5922
Doc Motor Works inc.,TEK,293,23535102,1039,,03,,Steve,Lader,3000 JO ANN DR,,JOLIET,IL,60431-1529
Doc Motor Works inc.,TEK,293,687455,1039,,3,,Jason,Boggs,4607 LENNOX CT,,JOLIET,IL,60431-7511
Doc Motor Works inc.,TEK,293,687540,1039,,3,,Lorrie,Markley,1718 DEVONSHIRE LN,,SHOREWOOD,IL,60404-8177
Doc Motor Works inc.,TEK,293,24045510,1039,,03,,Bill,Confiliano,1002 WINDSOR DR,,SHOREWOOD,IL,60404-9153
Doc Motor Works inc.,TEK,293,24137079,1039,,03,,Brendan,Holmes,112 RYAN LN,,SHOREWOOD,IL,60404-0699
Doc Motor Works inc.,TEK,293,24138241,1039,,03,,Lauren,Lindeman,7217 SUTHERLAND DR,,PLAINFIELD,IL,60586-5803
Doc Motor Works inc.,TEK,293,22937758,1039,,03,,Richard,Armstrong,4614 MALLARD LN,,PLAINFIELD,IL,60586-7291
Doc Motor Works inc.,TEK,293,13198067,1039,,3,,Margert,Platos,1236 CALLAWAY DR N,,SHOREWOOD,IL,60404-8155
Doc Motor Works inc.,TEK,293,19111385,1039,,03,,Ben,Ferreira,1513 MASON AVE,,JOLIET,IL,60435-5707
Doc Motor Works inc.,TEK,293,10230016,1039,,3,,Nana,Sarpanyin,7008 MONMOUTH DR,,JOLIET,IL,60431-6042
Doc Motor Works inc.,TEK,293,25958113,1039,,03,,Gina,Mielke,603 COMMONS DR,,SHOREWOOD,IL,60404-9539
Doc Motor Works inc.,TEK,293,20271501,1039,,3,,Kevin,DeHoff,1810 OLDE MILL RD,,PLAINFIELD,IL,60586-8651
Doc Motor Works inc.,TEK,293,688344,1039,,3,,Geno,Turek,5500 SALMA ST,,PLAINFIELD,IL,60586-5682
Doc Motor Works inc.,TEK,293,1075531,1039,,3,,Ken,Hibben,1505 FITZER CT,,JOLIET,IL,60431-5382
Doc Motor Works inc.,TEK,293,17581943,1039,,3,,Jennifer,Esparza,900 PLAINTAIN DR,,JOLIET,IL,60431-7870
Doc Motor Works inc.,TEK,293,27302738,1039,,03,,JoAnn,Mess,1612 COURTWRIGHT DR,,PLAINFIELD,IL,60586-5260
Doc Motor Works inc.,TEK,293,687078,1039,,3,,Greg,Vollrath,1104 KENSINGTON ST,,SHOREWOOD,IL,60404-9407
Doc Motor Works inc.,TEK,293,2996249,1039,,3,,Tom,Zydek,16600 EDGEWOOD DR,,PLAINFIELD,IL,60586-9631
Doc Motor Works inc.,TEK,293,687693,1039,,3,,Esaul,Marquez,1002 HAMILTON ST,,SHOREWOOD,IL,60404-7247
Doc Motor Works inc.,TEK,293,28453665,1039,,03,,Artie,Morales,2418 EASTLINE DR,,JOLIET,IL,60431-1235
Doc Motor Works inc.,TEK,293,28532218,1039,,03,,Genevieve,Shimkus,2311 WOODHILL CT,,PLAINFIELD,IL,60586-6992
Doc Motor Works inc.,TEK,293,17283042,1039,,3,,Joaquin,Botello,5304 ALADDIN CT,,PLAINFIELD,IL,60586-7596
Doc Motor Works inc.,TEK,293,18464782,1039,,3,,Jeana,Bain,1011 SABLE RIDGE DR,,JOLIET,IL,60431-8885
Doc Motor Works inc.,TEK,293,20877074,1039,,3,,LJ,Semega,5800 ARBOR GATE DR,,PLAINFIELD,IL,60586-5743
Doc Motor Works inc.,TEK,293,10289722,1039,,3,,Brett,Uftring,708 SUNSET LN,,SHOREWOOD,IL,60404-9282
Doc Motor Works inc.,TEK,293,8956937,1039,,3,,David,Gardner,1401 STEVEN SMITH DR,,JOLIET,IL,60431-8736
Doc Motor Works inc.,TEK,293,23410220,1039,,03,,Deja,Carter,1015 SABLE RIDGE DR,,JOLIET,IL,60431-8885
Doc Motor Works inc.,TEK,293,28914606,1039,,03,,Carla,Kelly,507 CA CREST DR,,SHOREWOOD,IL,60404-9703
Doc Motor Works inc.,TEK,293,28924225,1039,,03,,Petra,Hollibaugh,619 WASHINGTON DR,,SHOREWOOD,IL,60404-9599
Doc Motor Works inc.,TEK,293,28534240,1039,,03,,Deanna,Franceschini,1011 HAMILTON ST,,SHOREWOOD,IL,60404-7248
Doc Motor Works inc.,TEK,293,687150,1039,,3,,Roger,Hitt,529 PARKSHORE DR,,SHOREWOOD,IL,60404-9763
Doc Motor Works inc.,TEK,293,29212023,1039,,03,,Ron,Schergen,PO BOX 401,,CASSVILLE,WI,53806-0401
Doc Motor Works inc.,TEK,293,687616,1039,,3,,Shanetta,Dase,8304 BUCKINGHAM RD,,JOLIET,IL,60431-7834
Doc Motor Works inc.,TEK,293,29354250,1039,,03,,Karen,Blunk,5610 MAJOR DR,,PLAINFIELD,IL,60586-5431
Doc Motor Works inc.,TEK,293,11560692,1039,,3,,Lorenzo,Vargas,638 NORTHGATE LN,,SHOREWOOD,IL,60404-9550
Doc Motor Works inc.,TEK,293,685254,1039,,03,,James,Crye,907 BARBERRY WAY,,JOLIET,IL,60431-7847
Doc Motor Works inc.,TEK,293,29371042,1039,,03,,Danny,Marrow,26541 W STONEBRIAR WAY,,CHANNAHON,IL,60410-8744
Doc Motor Works inc.,TEK,293,687212,1039,,3,,Paris,Estell,503 HERATH LN,,SHOREWOOD,IL,60404-6803
Doc Motor Works inc.,TEK,293,1451978,1039,,3,,Linda,Raczk,1755 FIELDSTONE DR S,,SHOREWOOD,IL,60404-7402
Doc Motor Works inc.,TEK,293,30210170,1039,,03,,Gary,Pike,4411 WILLOWBEND DR,,PLAINFIELD,IL,60586-6401
Doc Motor Works inc.,TEK,293,685426,1039,,3,,Lori,Heitman,401 WESTWOOD DR,,SHOREWOOD,IL,60404-9428
Doc Motor Works inc.,TEK,293,30296805,1039,,03,,Jose,Covarrubias,2330 OLDE MILL RD,,PLAINFIELD,IL,60586-8532
Doc Motor Works inc.,TEK,293,686767,1039,,3,,Marna,Ross,320 N BROOKSHORE DR,,SHOREWOOD,IL,60404-9665
Doc Motor Works inc.,TEK,293,11238776,1039,,3,,Rick,Weiss,807 DIAMOND HEAD DR E,,SHOREWOOD,IL,60404-8130
Doc Motor Works inc.,TEK,293,4426602,1039,,3,,Darla,Placencia,4319 OSULLIVAN DR,,JOLIET,IL,60431-8962
Doc Motor Works inc.,TEK,293,24147949,1039,,03,,Jim,Gajcak,505 HELENE ST,,SHOREWOOD,IL,60404-9262
Doc Motor Works inc.,TEK,293,29219730,1039,,03,,Sue,Fowler,2302 CARPENTER AVE,,PLAINFIELD,IL,60586-5126
Doc Motor Works inc.,TEK,293,13425562,1039,,3,,William,Black,3918 PANDOLA AVE,,JOLIET,IL,60431-8773
Doc Motor Works inc.,TEK,293,30320806,1039,,03,,Lani,Smith,19601 W GOODWIN RD,,WILMINGTON,IL,60481-9782
Doc Motor Works inc.,TEK,293,10579337,1039,,3,,Lindsey,Falkenberg,106 E JEFFERSON ST LOT 39,,SHOREWOOD,IL,60404-7912
Doc Motor Works inc.,TEK,293,30096479,1039,,03,,Thomas,Dolph,2401 JOE ADLER DR,,PLAINFIELD,IL,60586-6967
Doc Motor Works inc.,TEK,293,2512822,1039,,3,,Lamont,Watson,4756 FOSTER CT,,PLAINFIELD,IL,60586-8304
Doc Motor Works inc.,TEK,293,688215,1039,,3,,Justin,Matula,715 SILVER FOX DR,,JOLIET,IL,60431-8334
Doc Motor Works inc.,TEK,293,688221,1039,,3,,Jamie,Villarreal,1315 RIVERHAVEN TRL,,JOLIET,IL,60431-7751
Doc Motor Works inc.,TEK,293,24142364,1039,,03,,Steven,Kloberdanz,1500 BROOKFIELD DR,,PLAINFIELD,IL,60586-7575
Doc Motor Works inc.,TEK,293,21673641,1039,,03,,Maria,Capetillo,6308 BLUE RIDGE DR,,PLAINFIELD,IL,60586-5595
Doc Motor Works inc.,TEK,293,26286134,1039,,03,,Russel,King,1911 GREAT FALLS DR,,PLAINFIELD,IL,60586-5517
Doc Motor Works inc.,TEK,293,5999211,1039,,3,,Larry,Rak,20801 S CANTERBURY ST,,SHOREWOOD,IL,60404-6618
Doc Motor Works inc.,TEK,293,10971456,1039,,3,,Jessica,Farrell,1015 GAEL DR UNIT A,,JOLIET,IL,60435-3083
Doc Motor Works inc.,TEK,293,686909,1039,,03,,Rob,Sterioti,605 VERTIN BLVD,,SHOREWOOD,IL,60404-7225
Doc Motor Works inc.,TEK,293,31513806,1039,,03,,Tattiana,Morales,909 VERTIN BLVD,,SHOREWOOD,IL,60404-7237
Doc Motor Works inc.,TEK,293,16494565,1039,,3,,Ann,McIrvin,3900 LEOMINSTER AVE,,JOLIET,IL,60431-2726
Doc Motor Works inc.,TEK,293,32664138,1039,,03,,Melanie,Cruze,510 MACK ST,,JOLIET,IL,60435-5922
Doc Motor Works inc.,TEK,293,687196,1039,,03,,Tony,Gonke,2214 CATON RIDGE DR,,PLAINFIELD,IL,60586-5233
Doc Motor Works inc.,TEK,293,20882197,1039,,3,,Don,Cozzi,705 FLAG DR,,SHOREWOOD,IL,60404-9590
Doc Motor Works inc.,TEK,293,1074763,1039,,3,,Jill,Stover,1017 BROOK FOREST AVE,,SHOREWOOD,IL,60404-8849
Doc Motor Works inc.,TEK,293,685621,1039,,03,,Phil,Besler,628 SHOREWOOD DR,,SHOREWOOD,IL,60404-9725
Doc Motor Works inc.,TEK,293,685739,1039,,3,,Dennis,Janik,200 N BROOKSHORE DR,,SHOREWOOD,IL,60404-0500
Doc Motor Works inc.,TEK,293,3746940,1039,,3,,Shawn,Dyer,2144 ROSSITER PKWY,,PLAINFIELD,IL,60586-8125
Doc Motor Works inc.,TEK,293,13838156,1039,,3,,Billy,Gomez,405 MAPLE LN,,SHOREWOOD,IL,60404-9786
Doc Motor Works inc.,TEK,293,22922934,1039,,3,,Kirk,Washington,1314 BROADLAWN DR,,PLAINFIELD,IL,60586-5816
Doc Motor Works inc.,TEK,293,8957780,1039,,3,,Mike,Baker,1004 PHELPS LN,,SHOREWOOD,IL,60404-8549
Doc Motor Works inc.,TEK,293,9661424,1039,,3,,Katherine,Robinson,1714 CHESTNUT HILL RD,,PLAINFIELD,IL,60586-8515
Doc Motor Works inc.,TEK,293,34702879,1039,,03,,Samantha,Bush,3211 WHITEGATE RD,,JOLIET,IL,60431-0633
Doc Motor Works inc.,TEK,293,32856451,1039,,03,,Joe,Buczko,4718 MIKASA CT,,JOLIET,IL,60431-7505
Doc Motor Works inc.,TEK,293,34909624,1039,,03,,Kellen,Hulbert,4703 MALLARD LN,,PLAINFIELD,IL,60586-7295
Doc Motor Works inc.,TEK,293,35010369,1039,,03,,Janet,Hughes,310 WESTSHORE DR,,SHOREWOOD,IL,60404-9792
Doc Motor Works inc.,TEK,293,688265,1039,,3,,Jorge,Hernandez,4302 BLACKTHORN DR,,PLAINFIELD,IL,60586-5820
Doc Motor Works inc.,TEK,293,35270123,1039,,03,,Juevnal,Angurd,1809 CATON RIDGE DR,,PLAINFIELD,IL,60586-5594
Doc Motor Works inc.,TEK,293,34713185,1039,,03,,Jane,Johansen,833 SUMMIT CREEK DR,,SHOREWOOD,IL,60404-8264
Doc Motor Works inc.,TEK,293,11435053,1039,,3,,Russ,Cole,820 W BLACK RD APT 304,,SHOREWOOD,IL,60404-8528
Doc Motor Works inc.,TEK,293,687535,1039,,3,,Nick,Favia,307 HONORS DR,,SHOREWOOD,IL,60404-9568
Doc Motor Works inc.,TEK,293,21888975,1039,,3,,Christy,Woolley,1232 WILDFLOWER CIR,,SHOREWOOD,IL,60404-9535
Doc Motor Works inc.,TEK,293,12656909,1039,,3,,Bill,Johnston,307 PRIDELAND DR,,SHOREWOOD,IL,60404-7046
Doc Motor Works inc.,TEK,293,686392,1039,,3,,Tom,Ficek,5317 SUNMEADOW DR,,PLAINFIELD,IL,60586-7585
Doc Motor Works inc.,TEK,293,20752794,1039,,3,,Kathy,Witt,3019 DAN IRELAND DR,,JOLIET,IL,60435-9036
Doc Motor Works inc.,TEK,293,687532,1039,,3,,Thomas,Przybyla,1101 RANCHWOOD DR,,SHOREWOOD,IL,60404-9144
Doc Motor Works inc.,TEK,293,687074,1039,,03,,Larry,Crump,8004 LIMESTONE CT,,JOLIET,IL,60431-8472
Doc Motor Works inc.,TEK,293,27308089,1039,,03,,Javier,Anguiano,512 N CHICAGO ST APT 2,,JOLIET,IL,60432-1744
Doc Motor Works inc.,TEK,293,15542380,1039,,03,,Jeff,Brick,1019 CHRISTINE CT,,JOLIET,IL,60431-9090
Doc Motor Works inc.,TEK,293,684876,1039,,3,,Derek,Christensen,3734 W DIVERSEY AVE APT 2F,,CHICAGO,IL,60647-1160
Doc Motor Works inc.,TEK,293,16260774,1039,,3,,Perry,Dlugie,1106 MAZALIN DR,,SHOREWOOD,IL,60404-6107
Doc Motor Works inc.,TEK,293,23527931,1039,,03,,Russell,Soliman,306 HONORS DR,,SHOREWOOD,IL,60404-9567
Doc Motor Works inc.,TEK,293,14533186,1039,,3,,Kayla,Johnson,1805 ARBOR LN,,CREST HILL,IL,60403-2216
Doc Motor Works inc.,TEK,293,8647154,1039,,3,,Guy,Barry,1723 FIELDSTONE DR N,,SHOREWOOD,IL,60404-8116
Doc Motor Works inc.,TEK,293,684930,1039,,3,,Lisa,Wolkotte,622 E 3RD ST,,LOCKPORT,IL,60441-3142
