Shop Name,Software,SID,CID,WSID,WCID,MBdayMo,TBdayMo,First,Last,Address,Address2,City,St,Zip
Geneva Foreign & Sports,TEK,309,741441,1040,,,9,Giuseppe,Sanfilippo,56 COLT ST,,GENEVA,NY,14456-2358
Geneva Foreign & Sports,TEK,309,4786623,1040,,,9,Eduardo,Guerrero,315 E WILLIAMS ST,,WATERLOO,NY,13165-1625
Geneva Foreign & Sports,TEK,309,3679204,1040,,,3,Chip,Cheney,60 CHAPEL ST,,CANANDAIGUA,NY,14424-1102
Geneva Foreign & Sports,TEK,309,922841,1040,,,9,Arlene,Leach,4963 E LAKE RD,,HONEOYE,NY,14471-9674
Geneva Foreign & Sports,TEK,309,5920807,1040,,,3,Pete,Weaver,362 WILLIAM ST,,GENEVA,NY,14456-2114
Geneva Foreign & Sports,TEK,309,5929193,1040,,,9,John,Farrell,46 OLD COUNTRY LN,,FAIRPORT,NY,14450-1124
Geneva Foreign & Sports,TEK,309,6801166,1040,,,9,Brynne,Jackson,7416 SODUS CENTER RD,,SODUS,NY,14551-9552
Geneva Foreign & Sports,TEK,309,7992307,1040,,,3,Amanda,Russ,2571 BREWER RD TRLR 7,,WATERLOO,NY,13165-9547
Geneva Foreign & Sports,TEK,309,8751207,1040,,,9,Joseph,Trapiss,189 MERLIN ST,,ROCHESTER,NY,14613-2149
Geneva Foreign & Sports,TEK,309,10224973,1040,,,9,Jose,Dejesus,260 W NORTH ST APT 2,,GENEVA,NY,14456-1529
Geneva Foreign & Sports,TEK,309,6247023,1040,,,9,Austin,Brown,PO BOX 133,,BLOOMFIELD,NY,14469-0133
Geneva Foreign & Sports,TEK,309,9111057,1040,,,3,Akiel,Harrison,10809 91ST AVE,,RICHMOND HILL,NY,11418-2212
Geneva Foreign & Sports,TEK,309,7533204,1040,,,9,James,Mckinnon,59 SEYMOUR ST APT 2,,AUBURN,NY,13021-2634
Geneva Foreign & Sports,TEK,309,9459184,1040,,,3,Melissa,Dieteman,126 S 13TH ST,,OLEAN,NY,14760-3312
Geneva Foreign & Sports,TEK,309,8961326,1040,,,9,Oleg,Grabovyy,4332 CROSS CREEK DR,,LIVERPOOL,NY,13090-6897
Geneva Foreign & Sports,TEK,309,9242934,1040,,,9,Nazelle,Davis,20 CAYUTAVILLE RD APT 2,,NEWFIELD,NY,14867-9541
Geneva Foreign & Sports,TEK,309,9672197,1040,,,9,Oliver,Leon,2712 SPANGLE ST,,CANANDAIGUA,NY,14424-9546
Geneva Foreign & Sports,TEK,309,8739283,1040,,,3,Kain,Bennett,1010 SOMMERSWORTH LN APT 1612,,HENRICO,VA,23233-1155
Geneva Foreign & Sports,TEK,309,10794669,1040,,,3,Doug,Cross,81 DENNISON AVE,,SWAMPSCOTT,MA,01907-1431
Geneva Foreign & Sports,TEK,309,11138086,1040,,,9,Carlos,Santiago,26 LAFAYETTE AVE,,GENEVA,NY,14456-1629
Geneva Foreign & Sports,TEK,309,12458046,1040,,,9,Joshua,Newcomb,226 E NORTH ST,,GENEVA,NY,14456-1927
Geneva Foreign & Sports,TEK,309,8969489,1040,,,9,Cianna,Whittington,677 BOND RD,,CORTLAND,NY,13045-9149
Geneva Foreign & Sports,TEK,309,12491955,1040,,,9,Karen,Cunningham,201 LEWIS ST,,GENEVA,NY,14456-1614
Geneva Foreign & Sports,TEK,309,11560532,1040,,,3,Nicholas,Melino,808 JORPARK CIR,,SPENCERPORT,NY,14559-2612
Geneva Foreign & Sports,TEK,309,14582868,1040,,,3,Olivier,Colson,11 DAVENPORT ST,,HORNELL,NY,14843-1641
Geneva Foreign & Sports,TEK,309,15308260,1040,,,9,Wade,Groesbeck,5725 SEVIOR RD,,AUBURN,NY,13021-8717
Geneva Foreign & Sports,TEK,309,9227171,1040,,,3,Francisco,Tolentino,131 E MAIN ST,,WATERLOO,NY,13165-1472
Geneva Foreign & Sports,TEK,309,15293509,1040,,,9,Stephen,Barnett,43 ELLIOT AVE,,LAKE GROVE,NY,11755-2041
Geneva Foreign & Sports,TEK,309,11413962,1040,,,9,Arayl,Tracey,13 PARKER ST,,AUBURN,NY,13021-4611
Geneva Foreign & Sports,TEK,309,1399879,1040,,,9,Adonys,Rodriguez,55 N EXCHANGE ST,,GENEVA,NY,14456-1237
Geneva Foreign & Sports,TEK,309,11813070,1040,,,3,Mark,Sprague,2609 MYATT LN,,EL CAMPO,TX,77437-2123
Geneva Foreign & Sports,TEK,309,21008182,1040,,,9,Landen,Gilchrist,3749 CARLOTTA ST,,GROVE CITY,OH,43123-8609
Geneva Foreign & Sports,TEK,309,15107905,1040,,,3,Andrew,Lemmon,53 LIBERTY ST,,DANSVILLE,NY,14437-1637
Geneva Foreign & Sports,TEK,309,18862929,1040,,,3,Dayquan,Williams,420 ROSEWOOD TER,,ROCHESTER,NY,14609-4935
Geneva Foreign & Sports,TEK,309,16395082,1040,,,3,Jorje,Ortiz,473 HAMILTON ST APT 43,,GENEVA,NY,14456-3043
Geneva Foreign & Sports,TEK,309,17578340,1040,,,3,Aaron,Godwin,52 JOHN ST,,GENEVA,NY,14456-1654
Geneva Foreign & Sports,TEK,309,22669674,1040,,,9,Geoffrey,Cannon,188 SHERIDAN PARK,,GENEVA,NY,14456-2038
Geneva Foreign & Sports,TEK,309,5619975,1040,,,9,Naishalee,Castro,55 WEST AVE,,GENEVA,NY,14456-2238
Geneva Foreign & Sports,TEK,309,15780201,1040,,,9,Cody,Maiorano,137 GLENVIEW DR,,CLIFTON SPRINGS,NY,14432-9519
Geneva Foreign & Sports,TEK,309,10793061,1040,,,9,Andrew,Boghossian,660 STEWART AVE,,ITHACA,NY,14850-3857
Geneva Foreign & Sports,TEK,309,732684,1040,,,9,John Jr,Serrett,775 WATERLOO GENEVA RD,,WATERLOO,NY,13165-1206
Geneva Foreign & Sports,TEK,309,27306638,1040,,,9,Cameron,Hartman,938 HUDSON ST,BSMT,HOBOKEN,NJ,07030-5149
Geneva Foreign & Sports,TEK,309,4192788,1040,,,3,Daniel,Piedramartel,45 HIGH ST,,GENEVA,NY,14456-2511
Geneva Foreign & Sports,TEK,309,27267496,1040,,,3,Imrin,Ahamed,37 EASTON AVE,,BUFFALO,NY,14215-3317
Geneva Foreign & Sports,TEK,309,738757,1040,,,3,TJ,Hamilton,56 INSLEE ST,,WATERLOO,NY,13165-1519
Geneva Foreign & Sports,TEK,309,29999868,1040,,,3,Janicetza,Colon,473 HAMILTON ST APT 110,,GENEVA,NY,14456-3049
Geneva Foreign & Sports,TEK,309,27100303,1040,,,9,Jose,Leon,59 SEYMOUR ST,,AUBURN,NY,13021-2634
Geneva Foreign & Sports,TEK,309,15773496,1040,,,9,Joshua,Davila,290 EXCHANGE ST,,GENEVA,NY,14456-2418
Geneva Foreign & Sports,TEK,309,741294,1040,,,3,Clay,Rott,15615 EIMICKE PL APT 401,,WATERTOWN,NY,13601-6640
Geneva Foreign & Sports,TEK,309,10431382,1040,,,9,Maria,Madrid,426 E BUFFALO ST APT 4,,ITHACA,NY,14850-4451
Geneva Foreign & Sports,TEK,309,31182126,1040,,,9,Ethan,Kagel,1105 STONEY WAY,,FARMINGTON,NY,14425-9608
Geneva Foreign & Sports,TEK,309,23373889,1040,,,3,Zachary,Richardson,5770 STATE HIGHWAY 37,,OGDENSBURG,NY,13669-4204
Geneva Foreign & Sports,TEK,309,10963056,1040,,,3,Brandon,McLouth,9475 BRIDGER LN,,NORTH ROSE,NY,14516-9737
Geneva Foreign & Sports,TEK,309,29197510,1040,,,3,Kathryn,Bourne,142 STEELE RD,,WATERLOO,NY,13165-9567
Geneva Foreign & Sports,TEK,309,740277,1040,,,9,Maggey,Housel,152 GRANGER ST,,CANANDAIGUA,NY,14424-1113
Geneva Foreign & Sports,TEK,309,12142902,1040,,,9,Danny,Chelenza,15 RIDGEWOOD DR,,GENEVA,NY,14456-1347
Geneva Foreign & Sports,TEK,309,9498179,1040,,,3,Connor,Nicholson,1695 ELMWOOD AVE,,BUFFALO,NY,14207-2474
Geneva Foreign & Sports,TEK,309,737170,1040,,,3,Dan,Englert,PO BOX 283,,SPRINGWATER,NY,14560-0283
Geneva Foreign & Sports,TEK,309,31372587,1040,,,9,Robin,Koester,86 ADELAIDE AVE,,CANANDAIGUA,NY,14424-1509
Geneva Foreign & Sports,TEK,309,35275296,1040,,,9,Robert,Benetti,3814 PEGASUS CIR,,SYRACUSE,NY,13209-9510
Geneva Foreign & Sports,TEK,309,31625409,1040,,,9,Troy,Wilson,131 E GENESEE ST,,AUBURN,NY,13021-4100
Geneva Foreign & Sports,TEK,309,20160593,1040,,,9,TY Janey,Whitfield,5251 PARKSIDE DR UNIT F3,,CANANDAIGUA,NY,14424-7524
Geneva Foreign & Sports,TEK,309,35854947,1040,,,9,Steven,Race,504 HILLSBORO PKWY,,SYRACUSE,NY,13214-2031
Geneva Foreign & Sports,TEK,309,740665,1040,,,9,Robin,Smith,1403 RIDLEY RD,,PHELPS,NY,14532-9405
Geneva Foreign & Sports,TEK,309,35893904,1040,,,9,Dave,Abeln,218 HOFFMAN ST,,NEWARK,NY,14513-1828
Geneva Foreign & Sports,TEK,309,36228378,1040,,,3,John,Garland,12938 LITTLETON BEND RD,,JACKSONVILLE,FL,32224-7905
Geneva Foreign & Sports,TEK,309,36000930,1040,,,3,Jami,Wolfe,3625 OAKMOUNT RD,,BLOOMFIELD,NY,14469-9707
Geneva Foreign & Sports,TEK,309,36070093,1040,,,9,John R,Gersten,5 KUMQUAT LN,,LIVERPOOL,NY,13090-3018
Geneva Foreign & Sports,TEK,309,29999668,1040,,,3,Caitlyn,Fish,204 N MAIN ST,,NAPLES,NY,14512-9205
Geneva Foreign & Sports,TEK,309,739642,1040,,,9,Skip,Deneka,881 E LAKE RD,,DUNDEE,NY,14837-9748
Geneva Foreign & Sports,TEK,309,36025376,1040,,,3,Mary,Passalacqua,213 N GENESEE ST,,GENEVA,NY,14456-1007
Geneva Foreign & Sports,TEK,309,36245381,1040,,,3,Jessica,Kennett,823 N WOOD RD,,GROTON,NY,13073-9725
Geneva Foreign & Sports,TEK,309,36005387,1040,,,9,Robert,Crosby,3004 SENECA BLVD,,WATERLOO,NY,13165-9785
Geneva Foreign & Sports,TEK,309,33525856,1040,,,3,Dennis,Derinzo,123 LOCK ST,,CLYDE,NY,14433-1116
Geneva Foreign & Sports,TEK,309,3971661,1040,,,9,Nickolas,Davenport,3888 LAKES CORNERS ROSE VALLEY RD,,CLYDE,NY,14433-9626
Geneva Foreign & Sports,TEK,309,36191059,1040,,,9,Aleen,Dear,PO BOX 568,,SOUTHWICK,MA,01077-0568
Geneva Foreign & Sports,TEK,309,36612858,1040,,,9,Jayden,Smith,4209 COUNTY ROAD 46,,CANANDAIGUA,NY,14424-8302
Geneva Foreign & Sports,TEK,309,36626248,1040,,,9,Doyle,Davis,PO BOX 813,,MONTOUR FALLS,NY,14865-0813
Geneva Foreign & Sports,TEK,309,35589211,1040,,,3,Rocco,Moravito,111 MONTANA LN,,CLIFTON SPRINGS,NY,14432-9790
Geneva Foreign & Sports,TEK,309,36754348,1040,,,9,Michelle,Gray,130 HEMLOCK RD,,DUNDEE,NY,14837-9176
Geneva Foreign & Sports,TEK,309,36747554,1040,,,3,Steven,Tomlin,11 WEST AVE,,MORAVIA,NY,13118-3527
Geneva Foreign & Sports,TEK,309,36042972,1040,,,3,Tracy,Lacko,67 PERUVILLE RD,,LANSING,NY,14882-8907
Geneva Foreign & Sports,TEK,309,6384022,1040,,,9,Roger,Howard,8135 PORTOBELLO WAY,,LIVERPOOL,NY,13090-6829
Geneva Foreign & Sports,TEK,309,21705495,1040,,,3,Kaitlyn,Kier,2125 MONROE AVE APT 4,,ROCHESTER,NY,14618-2420
Geneva Foreign & Sports,TEK,309,35901523,1040,,,9,Jennifer,Peters,640 YARDLEY CT,,WEBSTER,NY,14580-9461
