Shop Name,Software,SID,CID,WSID,WCID,MBdayMo,TBdayMo,First,Last,Address,Address2,City,St,Zip
Advanced Automotive Performance,TEK,398,4213990,1041,,3,,MICHELLE,SPICER,10 CHARLES ST,,DOUGLAS,MA,01516-2035
Advanced Automotive Performance,TEK,398,1222051,1041,,3,,Jack,Fontaine,34 INMAN RD,,BURRILLVILLE,RI,02830-1744
Advanced Automotive Performance,TEK,398,1222820,1041,,3,,Matt,Gurney,54 SHORE RD,,DOUGLAS,MA,01516-2642
Advanced Automotive Performance,TEK,398,1218703,1041,,3,,Alicia,Geer,17 MOODY ST APT 1,,UXBRIDGE,MA,01569-1715
Advanced Automotive Performance,TEK,398,4789994,1041,,3,,Elektra,Narkogiannakis,349 NW MAIN ST,,DOUGLAS,MA,01516-2210
Advanced Automotive Performance,TEK,398,5582209,1041,,3,,Kevin,Lyczak,147 TURNER RD,,HOLLISTON,MA,01746-1264
Advanced Automotive Performance,TEK,398,1221487,1041,,3,,Rick,Smyth,298 HARTFORD AVE W,,UXBRIDGE,MA,01569-1174
Advanced Automotive Performance,TEK,398,5707886,1041,,03,,Astrid,Trahan,3 BROWN BEAR CIR,,MILLVILLE,MA,01529-1583
Advanced Automotive Performance,TEK,398,5583366,1041,,3,,Tara,Papski,6 WINDSOR DR,,PLYMOUTH,MA,02360-1225
Advanced Automotive Performance,TEK,398,1220933,1041,,3,,Brenna and,Morin,141 NW MAIN ST,,DOUGLAS,MA,01516-2209
Advanced Automotive Performance,TEK,398,2124238,1041,,3,,Ron,Copeland,24 SEAN DR,,WHITINSVILLE,MA,01588-1240
Advanced Automotive Performance,TEK,398,5922814,1041,,3,,Michael,Dwyer,111 BERLIN ST,,PROVIDENCE,RI,02908-4201
Advanced Automotive Performance,TEK,398,1222538,1041,,3,,Brian,Bergeron,64 WALLIS ST,,DOUGLAS,MA,01516-2228
Advanced Automotive Performance,TEK,398,6235028,1041,,3,,Debbie,MacDonald,20 DANIELS ST,,HOPEDALE,MA,01747-1304
Advanced Automotive Performance,TEK,398,1222272,1041,,3,,Jim,Cole,130 NORTH ST,,JEFFERSON,MA,01522-1510
Advanced Automotive Performance,TEK,398,1221036,1041,,3,,Chris,Plante,568 HILL ST,,WHITINSVILLE,MA,01588-1019
Advanced Automotive Performance,TEK,398,4780724,1041,,3,,Alan,Shippee,17 WESTMINSTER ST,,WARREN,RI,02885-3041
Advanced Automotive Performance,TEK,398,2244176,1041,,3,,Andrew,Collier,38 CASTINE ST,First Floor Apt,WORCESTER,MA,01606-1070
Advanced Automotive Performance,TEK,398,1223614,1041,,3,,Chris,Spiecker,100 STANPHYL RD,,UXBRIDGE,MA,01569-2087
Advanced Automotive Performance,TEK,398,6797920,1041,,3,,Marissa,Jackson,12 CRESTVIEW DR APT 29,,SPENCER,MA,01562-2437
Advanced Automotive Performance,TEK,398,6880127,1041,,3,,Rebecca,Jung,1 MINERVA ST,,WORCESTER,MA,01604-3515
Advanced Automotive Performance,TEK,398,6881814,1041,,03,,Brett,Oleksy,10 SPOONBILL RD,,WEST DENNIS,MA,02670-2843
Advanced Automotive Performance,TEK,398,1218011,1041,,3,,Joshua,Sables,111 LINWOOD ST,,UXBRIDGE,MA,01569-3202
Advanced Automotive Performance,TEK,398,7726568,1041,,3,,HANNAH,KOSIBA,290 W RIVER RD,,UXBRIDGE,MA,01569-1419
Advanced Automotive Performance,TEK,398,1435976,1041,,3,,Jeremy,Leap,327 S WASHINGTON ST,,NORTH ATTLEBORO,MA,02760-2128
Advanced Automotive Performance,TEK,398,8642661,1041,,3,,JARED,MANZOLA,209 MENDON ST,,BLACKSTONE,MA,01504-1227
Advanced Automotive Performance,TEK,398,8743493,1041,,3,,Richard,Mulligan,32 MONROE ST,,DOUGLAS,MA,01516-2301
Advanced Automotive Performance,TEK,398,1220965,1041,,3,,Mary Jane,Mcnally,19 ANDREWS DR,,UXBRIDGE,MA,01569-3151
Advanced Automotive Performance,TEK,398,9573708,1041,,3,,Liz,Sullivan,14 SANDRA CIR,,MENDON,MA,01756-1233
Advanced Automotive Performance,TEK,398,1223162,1041,,3,,Marc,Pitts,40 SEDUM RD,,UXBRIDGE,MA,01569-2358
Advanced Automotive Performance,TEK,398,1219654,1041,,3,,Jon,Berlinguet,131 OAK ST,,UXBRIDGE,MA,01569-1225
Advanced Automotive Performance,TEK,398,1218418,1041,,3,,Bob,O'byck,41 SUMMERFIELD DR,,UXBRIDGE,MA,01569-3145
Advanced Automotive Performance,TEK,398,12664874,1041,,3,,Tania,Dagle,21 PLEASANT ST,,UXBRIDGE,MA,01569-1850
Advanced Automotive Performance,TEK,398,12947440,1041,,3,,Sheila,Maher,179 WEST ST,,UXBRIDGE,MA,01569-2004
Advanced Automotive Performance,TEK,398,1221212,1041,,3,,Trisha,Kaye,2 CHESTNUT ST APT 208,,WHITINSVILLE,MA,01588-2243
Advanced Automotive Performance,TEK,398,1218642,1041,,3,,Brendan,Smith,33 MUDDY POND RD,,STERLING,MA,01564-2602
Advanced Automotive Performance,TEK,398,13332311,1041,,3,,Luc,Gervais,11 JOHNSON RD,,UXBRIDGE,MA,01569-2129
Advanced Automotive Performance,TEK,398,1222921,1041,,3,,Cathy,Hunter,26 HARVEST RD,,UXBRIDGE,MA,01569-1425
Advanced Automotive Performance,TEK,398,15890584,1041,,3,,Martha,Neal,113 TAFT HILL LN,,UXBRIDGE,MA,01569-3139
Advanced Automotive Performance,TEK,398,15908234,1041,,03,,Kevin,Longo,26 TUCKER HILL RD,,UXBRIDGE,MA,01569-2630
Advanced Automotive Performance,TEK,398,1223077,1041,,3,,Jarred,Towle,45 QUINAPOXET LN,,JEFFERSON,MA,01522-1474
Advanced Automotive Performance,TEK,398,10295471,1041,,3,,Matthew,Hatstat,21 BAILEY ST,,UXBRIDGE,MA,01569-1346
Advanced Automotive Performance,TEK,398,1222833,1041,,3,,Scott,Bernier,38 D ST,,WHITINSVILLE,MA,01588-1623
Advanced Automotive Performance,TEK,398,1222560,1041,,03,,David,Malo,50B LAKE PKWY,,WEBSTER,MA,01570-2949
Advanced Automotive Performance,TEK,398,17151190,1041,,03,,John,Saez,514 HUNT ST APT 1,,CENTRAL FALLS,RI,02863-1853
Advanced Automotive Performance,TEK,398,18623627,1041,,3,,Mike,Sherry,26 DOWNS RD,,DOUGLAS,MA,01516-2581
Advanced Automotive Performance,TEK,398,1222572,1041,,3,,Ed,Byron,50 ROY ST,,WHITINSVILLE,MA,01588-1516
Advanced Automotive Performance,TEK,398,1220014,1041,,3,,Sue,Elie,123 WEST ST,,UXBRIDGE,MA,01569-2004
Advanced Automotive Performance,TEK,398,20147446,1041,,03,,Peter,Renwick,568 HILL ST,,WHITINSVILLE,MA,01588-1019
Advanced Automotive Performance,TEK,398,20264822,1041,,3,,Steve,Gardner,60 TORONITA AVE,,PITTSFIELD,MA,01201-2326
Advanced Automotive Performance,TEK,398,1221306,1041,,3,,Micah,Levine,2 DODGE LN,,SUTTON,MA,01590-1626
Advanced Automotive Performance,TEK,398,6948235,1041,,3,,Dalton,Molit,3 DEER VIEW LN,,UXBRIDGE,MA,01569-2065
Advanced Automotive Performance,TEK,398,20862813,1041,,3,,Sheila,Ryan,717 WEST ST,,UXBRIDGE,MA,01569-2008
Advanced Automotive Performance,TEK,398,1219432,1041,,3,,Patricia,Kosiba,157 WALLUM LAKE RD,,DOUGLAS,MA,01516-2519
Advanced Automotive Performance,TEK,398,21163906,1041,,3,,Courtney,McCaughey,121 WEST AVE,,SEEKONK,MA,02771-4819
Advanced Automotive Performance,TEK,398,21438012,1041,,03,,Paul,French,65 MILLIKEN AVE,,FRANKLIN,MA,02038-1765
Advanced Automotive Performance,TEK,398,20232012,1041,,3,,Amanda,Pagliocca,290 WILLIAMS ST,,WRENTHAM,MA,02093-1913
Advanced Automotive Performance,TEK,398,14369573,1041,,3,,Helen,Flynn,200 HARRISVILLE MAIN ST,,BURRILLVILLE,RI,02830-1562
Advanced Automotive Performance,TEK,398,1222605,1041,,3,,Kayci,Mosher,25 LONGMEADOW RD,,UXBRIDGE,MA,01569-2074
Advanced Automotive Performance,TEK,398,15425284,1041,,3,,Greg,Gleason,136 WALLUM LAKE RD,,DOUGLAS,MA,01516-2516
Advanced Automotive Performance,TEK,398,22826474,1041,,3,,Tyler,Butler,40 TYLER DR,,UXBRIDGE,MA,01569-1191
Advanced Automotive Performance,TEK,398,1223003,1041,,3,,Dennis,Twomey,102 CHURCH ST,,UXBRIDGE,MA,01569-1273
Advanced Automotive Performance,TEK,398,1220380,1041,,3,,Jason,Poole,32 HARINGA AVE,,WHITINSVILLE,MA,01588-2308
Advanced Automotive Performance,TEK,398,23908195,1041,,03,,Isabella,Damico,139 FERNCLIFFE RD,,SEEKONK,MA,02771-3405
Advanced Automotive Performance,TEK,398,24075452,1041,,03,,SHANNON,BRANEY,32 YEW ST,,DOUGLAS,MA,01516-2412
Advanced Automotive Performance,TEK,398,1222916,1041,,3,,Johnna,Cooley,14 BROOKSIDE DR,,DOUGLAS,MA,01516-2369
Advanced Automotive Performance,TEK,398,1218886,1041,,3,,Armand,Gariepy,687 WEST ST,,UXBRIDGE,MA,01569-2008
Advanced Automotive Performance,TEK,398,26191861,1041,,03,,Richard,D'Ambra,173 MAPLE ST,,DOUGLAS,MA,01516-2342
Advanced Automotive Performance,TEK,398,2514848,1041,,3,,SHANNON,VITERITTI,152 HARRISVILLE RD APT 17,,WOODSTOCK,CT,06281-3421
Advanced Automotive Performance,TEK,398,27100839,1041,,03,,Mike,Farrar,29 C ST,,WHITINSVILLE,MA,01588-1827
Advanced Automotive Performance,TEK,398,6249102,1041,,3,,Catherine,Aviles,1 MILFORD ST APT 4,,UPTON,MA,01568-1360
Advanced Automotive Performance,TEK,398,16144685,1041,,3,,Manny,Ferreira,2 WANDA WAY,,UXBRIDGE,MA,01569-2166
Advanced Automotive Performance,TEK,398,27602137,1041,,03,,Harry,Winslow,196 N QUINSIGAMOND AVE,,EDGEMERE,MA,01545-2178
Advanced Automotive Performance,TEK,398,3977042,1041,,3,,Josh,Wood,65 JONES RD,,HOPEDALE,MA,01747-1111
Advanced Automotive Performance,TEK,398,28891007,1041,,03,,Diogo,Sales,16 PRUNIER ST,,WHITINSVILLE,MA,01588-1963
Advanced Automotive Performance,TEK,398,1221545,1041,,3,,Brian,Daley,39 SUMMERFIELD DR,,UXBRIDGE,MA,01569-3145
Advanced Automotive Performance,TEK,398,27102957,1041,,03,,Derek,Willand,31 CARLETON RD,,MILLBURY,MA,01527-1410
Advanced Automotive Performance,TEK,398,29332979,1041,,03,,CHANG,PAPADIKI,109 LINCOLN ST,,FITCHBURG,MA,01420-3568
Advanced Automotive Performance,TEK,398,29332543,1041,,03,,NICK,KUTIL,21 BRIAN CIR,,NORTHBRIDGE,MA,01534-1000
Advanced Automotive Performance,TEK,398,29577043,1041,,03,,Joe,Bolte,46 MAIN ST,,DOUGLAS,MA,01516-2402
Advanced Automotive Performance,TEK,398,15880549,1041,,3,,Angela,Abramo,2295 PROVIDENCE RD,,NORTHBRIDGE,MA,01534-1253
Advanced Automotive Performance,TEK,398,1221307,1041,,3,,Nick,Koss,26 COUNTRY SIDE RD,,BELLINGHAM,MA,02019-1558
Advanced Automotive Performance,TEK,398,11816329,1041,,3,,Marissa,Mello,8 ALAN AVE,,CUMBERLAND,RI,02864-6525
Advanced Automotive Performance,TEK,398,29362276,1041,,03,,STEVE,DOUGHERTY,107 MAPLE ST,,DOUGLAS,MA,01516-2341
Advanced Automotive Performance,TEK,398,29640472,1041,,03,,Jake,Grundy,18 OLD COUNTY RD,,WESTPORT,MA,02790-1120
Advanced Automotive Performance,TEK,398,20770454,1041,,3,,Sandra,Madden,5 FOREST LN APT A,,NORTH GRAFTON,MA,01536-1681
Advanced Automotive Performance,TEK,398,1219142,1041,,3,,Don,Foisy,65 LINDEN ST,,DOUGLAS,MA,01516-2432
Advanced Automotive Performance,TEK,398,20853464,1041,,3,,Nate,Hurley,112 NORTH ST,,DOUGLAS,MA,01516-2009
Advanced Automotive Performance,TEK,398,32049717,1041,,03,,Cassidy,Seidl,11 INWOOD RD,,RUTLAND,MA,01543-1740
Advanced Automotive Performance,TEK,398,25954869,1041,,03,,Katrina,Padula,117 PERRY ST,,DOUGLAS,MA,01516-2425
Advanced Automotive Performance,TEK,398,3464865,1041,,3,,Robert,Howard,14 NICKI WAY,,UXBRIDGE,MA,01569-3150
Advanced Automotive Performance,TEK,398,10429038,1041,,03,,Lori,Taylor,18 PLUMMER PARK,,WHITINSVILLE,MA,01588-2132
Advanced Automotive Performance,TEK,398,18625502,1041,,3,,Joan,Mcgauley,63 NW MAIN ST,,DOUGLAS,MA,01516-2208
Advanced Automotive Performance,TEK,398,27831105,1041,,03,,Mark,Riley,4 STONE SCHOOL RD,,SUTTON,MA,01590-3858
Advanced Automotive Performance,TEK,398,1219164,1041,,3,,Brian,Blanchette,191 HIGH ST,,WOONSOCKET,RI,02895-4457
Advanced Automotive Performance,TEK,398,33296353,1041,,03,,Janet,Soliman,56 POWER ST,,UXBRIDGE,MA,01569-1339
Advanced Automotive Performance,TEK,398,3377066,1041,,3,,Zoe,D'Apollo,29 CROSS RD,,UXBRIDGE,MA,01569-1109
Advanced Automotive Performance,TEK,398,1220183,1041,,3,,Melissa,Medeiros,25 AUTUMN RD,,UXBRIDGE,MA,01569-1160
Advanced Automotive Performance,TEK,398,1218287,1041,,3,,Bob,Pellerin,2 MECHANIC ST,,UPTON,MA,01568-1505
Advanced Automotive Performance,TEK,398,19118490,1041,,3,,Scott,Baker,47 POND ST,,UXBRIDGE,MA,01569-2054
Advanced Automotive Performance,TEK,398,19983124,1041,,3,,Brittney,Hendry,1 BROOKSIDE DR,,DOUGLAS,MA,01516-2370
Advanced Automotive Performance,TEK,398,10404773,1041,,3,,Alex,Ferguson,298 SOUTH ST,,DOUGLAS,MA,01516-2717
Advanced Automotive Performance,TEK,398,34704670,1041,,03,,David,Hetu,16 GILBOA CT,,DOUGLAS,MA,01516-2017
Advanced Automotive Performance,TEK,398,1219232,1041,,3,,Ray,Erlandson,701 DOUGLAS ST,,UXBRIDGE,MA,01569-2002
Advanced Automotive Performance,TEK,398,1219923,1041,,3,,Steven,Sullivan,16 SEQUOIA LN,,UXBRIDGE,MA,01569-1973
Advanced Automotive Performance,TEK,398,5705196,1041,,3,,Dillon,Griggs,22 SEAGRAVE ST,,UXBRIDGE,MA,01569-2414
Advanced Automotive Performance,TEK,398,21160293,1041,,3,,Elizabeth,Davidson,26 NORTH ST,,DOUGLAS,MA,01516-2060
Advanced Automotive Performance,TEK,398,10404220,1041,,3,,Roy,Spindel,91 PROVIDENCE ST,,MENDON,MA,01756-1317
Advanced Automotive Performance,TEK,398,35577845,1041,,03,,Craig,Ashton,175 PLEASANT ST,,UPTON,MA,01568-1409
Advanced Automotive Performance,TEK,398,34131219,1041,,03,,Tony,Sacco,19 FAIRWAY VIEW DR,,DOUGLAS,MA,01516-2469
Advanced Automotive Performance,TEK,398,1221354,1041,,3,,Fred,Schlottenmier,38 EAGLE DR,,DOUGLAS,MA,01516-2356
Advanced Automotive Performance,TEK,398,6001190,1041,,3,,Jeff,Ellis,529 LINWOOD AVE,,WHITINSVILLE,MA,01588-2319
Advanced Automotive Performance,TEK,398,1223014,1041,,3,,Laura,Wilcox,85 WALNUT ST,,DOUGLAS,MA,01516-2530
Advanced Automotive Performance,TEK,398,19776144,1041,,3,,Ronald,Lesniak,75 ACORN DR,,UXBRIDGE,MA,01569-2160
Advanced Automotive Performance,TEK,398,1219804,1041,,3,,Linda,Morse,99 PAINE ST,,UXBRIDGE,MA,01569-2013
Advanced Automotive Performance,TEK,398,1218951,1041,,3,,Kelly,Payne,141 NW MAIN ST,,DOUGLAS,MA,01516-2209
Advanced Automotive Performance,TEK,398,1219479,1041,,3,,George,Hawkins,379 MILLVILLE RD,,UXBRIDGE,MA,01569-1635
Advanced Automotive Performance,TEK,398,33956830,1041,,03,,Mike,Riccio,133 HICKORY LN,,WHITINSVILLE,MA,01588-1353
Advanced Automotive Performance,TEK,398,1219562,1041,,3,,Gail,Dugan,403 HARTFORD AVE W,,UXBRIDGE,MA,01569-1179
Advanced Automotive Performance,TEK,398,1220581,1041,,3,,Fred,Bock,12 FAIRFIELD ST,,WEBSTER,MA,01570-3328
Advanced Automotive Performance,TEK,398,1220080,1041,,3,,Amanda,MM,29 MARILYN DR,,DOUGLAS,MA,01516-2435
Advanced Automotive Performance,TEK,398,35663852,1041,,03,,Jennifer,Frank,21 CONCORD LN,,UXBRIDGE,MA,01569-3126
Advanced Automotive Performance,TEK,398,16007431,1041,,3,,Dominic,Micale,6 JOSEPH RD,,DOUGLAS,MA,01516-2474
Advanced Automotive Performance,TEK,398,1221114,1041,,3,,Al,Destrempes,24 FLETCHER ST,,UXBRIDGE,MA,01569-2403
Advanced Automotive Performance,TEK,398,1222534,1041,,3,,Brant,MM,32 YEW ST,,DOUGLAS,MA,01516-2412
Advanced Automotive Performance,TEK,398,22926032,1041,,03,,Scott,Magill,18 LAUREL LN,,BELLINGHAM,MA,02019-2908
Advanced Automotive Performance,TEK,398,1222654,1041,,3,,Bill,Haley,50 ELSTON AVE,,NORTHBRIDGE,MA,01534-1102
Advanced Automotive Performance,TEK,398,1218896,1041,,3,,Donald,Daley,273 MENDON ST,,UXBRIDGE,MA,01569-1303
Advanced Automotive Performance,TEK,398,1219684,1041,,3,,Joanne,Koss,170 HERITAGE DR,,WHITINSVILLE,MA,01588-2369
