Shop Name,Software,SID,CID,WSID,WCID,MBdayMo,TBdayMo,First,Last,Address,Address2,City,St,Zip
Advanced Automotive Performance,TEK,398,4413816,1041,,9,,Peggy,Lemay,20 HEMLOCK ST,,DOUGLAS,MA,01516-2722
Advanced Automotive Performance,TEK,398,4366376,1041,,9,,BILL,ARRUDA,26 BOSTON ST APT 2,,UXBRIDGE,MA,01569-1383
Advanced Automotive Performance,TEK,398,4444400,1041,,09,,Mike,Natale,61 POND ST,,DOUGLAS,MA,01516-2026
Advanced Automotive Performance,TEK,398,4784412,1041,,09,,Matt,Orzechowski,70 TIPPERARY DR,,WHITINSVILLE,MA,01588-2039
Advanced Automotive Performance,TEK,398,5825024,1041,,9,,KRISTEN,COLLARD,96 N MAIN ST APT 4,,UXBRIDGE,MA,01569-1760
Advanced Automotive Performance,TEK,398,6052048,1041,,9,,Greg,Bishop,105 VINE ST,,DOUGLAS,MA,01516-2701
Advanced Automotive Performance,TEK,398,1218006,1041,,9,,Rob,Harris,17 BOSTON AVE,,UXBRIDGE,MA,01569-1705
Advanced Automotive Performance,TEK,398,1223332,1041,,9,,Brian,Giles,181 RUMONOSKI DR,,NORTHBRIDGE,MA,01534-1351
Advanced Automotive Performance,TEK,398,6381254,1041,,9,,JUDI,RICE,29 WOODBURY ST,,BEVERLY,MA,01915-4745
Advanced Automotive Performance,TEK,398,1222412,1041,,9,,Jennifer,Kryger,478 BLACKSTONE ST,,UXBRIDGE,MA,01569-1994
Advanced Automotive Performance,TEK,398,6797896,1041,,9,,Bruce,Archambault,15 SEQUOIA LN,,UXBRIDGE,MA,01569-1973
Advanced Automotive Performance,TEK,398,1218355,1041,,9,,Billy,Mcbee,182 RAINBOW DR,,LIVINGSTON,TX,77399-1082
Advanced Automotive Performance,TEK,398,6884431,1041,,9,,Jason,LeBlanc,42 SW MAIN ST,,DOUGLAS,MA,01516-2502
Advanced Automotive Performance,TEK,398,1251271,1041,,9,,Nick,Hayden,64 HEMLOCK ST,,DOUGLAS,MA,01516-2722
Advanced Automotive Performance,TEK,398,1222661,1041,,09,,Anne,Beaudoin,157 N MAIN ST,,WHITINSVILLE,MA,01588-1836
Advanced Automotive Performance,TEK,398,8486146,1041,,09,,ERIC,KENSETH,67 BRANDY LN,,UXBRIDGE,MA,01569-1443
Advanced Automotive Performance,TEK,398,1223199,1041,,9,,Jeremy,Adams,43 DENMARK ST,,WORCESTER,MA,01605-2103
Advanced Automotive Performance,TEK,398,1222144,1041,,9,,Lisa,Kinell,999 OLD COLDBROOK RD,,BARRE,MA,01005-9416
Advanced Automotive Performance,TEK,398,8753146,1041,,9,,Chris,Lira,12 MANOR HOUSE LN,,UXBRIDGE,MA,01569-1614
Advanced Automotive Performance,TEK,398,6953324,1041,,9,,Jason,Price,19 VINE ST,,DOUGLAS,MA,01516-2727
Advanced Automotive Performance,TEK,398,1218079,1041,,9,,Deb,Gannon,8 FORGE PKWY,,FRANKLIN,MA,02038-3138
Advanced Automotive Performance,TEK,398,2147260,1041,,9,,Mark,Correia,36 DOWNS RD,,DOUGLAS,MA,01516-2560
Advanced Automotive Performance,TEK,398,1218891,1041,,9,,Jon,Lavallee,331 GOLDTHWAITE RD,,WHITINSVILLE,MA,01588-1319
Advanced Automotive Performance,TEK,398,1221853,1041,,9,,Jennifer,Gosselin,56 SE MAIN ST,,DOUGLAS,MA,01516-2445
Advanced Automotive Performance,TEK,398,1219369,1041,,9,,Heather,Grimes,604 CHESTNUT HILL RD,,MILLVILLE,MA,01529-1508
Advanced Automotive Performance,TEK,398,3135315,1041,,9,,Nick,Lauria,26 FAIRBANKS CT,,DOUGLAS,MA,01516-2439
Advanced Automotive Performance,TEK,398,1222130,1041,,9,,James,Blades,17 JODIE CIR,,UXBRIDGE,MA,01569-1357
Advanced Automotive Performance,TEK,398,1219220,1041,,9,,Kevin,Fijol,419 CHASE RD,,THOMPSON,CT,06277-2807
Advanced Automotive Performance,TEK,398,10786892,1041,,09,,Scott,Kearnan,309 OLD COLONY AVE,,BOSTON,MA,02127-3521
Advanced Automotive Performance,TEK,398,10440777,1041,,9,,Anne,Fleming,20 HOPEDALE ST,,MENDON,MA,01756-1013
Advanced Automotive Performance,TEK,398,11308416,1041,,9,,Doug,Weeks,PO BOX 115,,MENDON,MA,01756-0115
Advanced Automotive Performance,TEK,398,11230862,1041,,9,,Beth,Gervais,351 HARTFORD AVE E,,UXBRIDGE,MA,01569-1204
Advanced Automotive Performance,TEK,398,7980275,1041,,9,,Shauna,Allard,145 MAPLE ST,,DOUGLAS,MA,01516-2362
Advanced Automotive Performance,TEK,398,1221745,1041,,09,,Casey,Kruse,77 SOUTHWOODS DR,,UXBRIDGE,MA,01569-2093
Advanced Automotive Performance,TEK,398,1222057,1041,,9,,Paul,Brennan,PO BOX 532,,DOUGLAS,MA,01516-0532
Advanced Automotive Performance,TEK,398,14527751,1041,,9,,Marleen,Bacon,90 CEDAR ST,,DOUGLAS,MA,01516-2246
Advanced Automotive Performance,TEK,398,14526831,1041,,9,,Ron,Pierpont,3 COOK ST APT 9,,DOUGLAS,MA,01516-2058
Advanced Automotive Performance,TEK,398,14524896,1041,,9,,Peter,Larkin,136 PERRY ST,,DOUGLAS,MA,01516-2423
Advanced Automotive Performance,TEK,398,16287252,1041,,9,,Lawrence,Doyle,1772 HAWKS NEST LN,,COLLEGEVILLE,PA,19426-1465
Advanced Automotive Performance,TEK,398,10126542,1041,,9,,Kalasia,Daigle,56 OAK TER,,BURRILLVILLE,RI,02839-1172
Advanced Automotive Performance,TEK,398,3907252,1041,,9,,Dave,Brown,87 WOODBRIDGE ST,,SOUTH HADLEY,MA,01075-1143
Advanced Automotive Performance,TEK,398,1222024,1041,,9,,Melissa,Fischer,912 WEST ST,,UXBRIDGE,MA,01569-2010
Advanced Automotive Performance,TEK,398,16738640,1041,,9,,Jay,Madison,110 MANN SCHOOL RD,,SMITHFIELD,RI,02917-1412
Advanced Automotive Performance,TEK,398,17284777,1041,,9,,Haylee,Allen,330 EAST AVE,,BURRILLVILLE,RI,02830-1531
Advanced Automotive Performance,TEK,398,18337867,1041,,9,,Paul,Mulligan,408 NE MAIN ST,,DOUGLAS,MA,01516-2038
Advanced Automotive Performance,TEK,398,15775971,1041,,09,,Nicole,Stearns,4 COUNTRY LN,,OXFORD,MA,01540-2056
Advanced Automotive Performance,TEK,398,19280374,1041,,9,,Sarah,Dellorusso,60 MUMFORD ST,,DOUGLAS,MA,01516-2110
Advanced Automotive Performance,TEK,398,20141182,1041,,9,,Tiffany,Pulliam,50 WILLIAMS ST,,KILLINGLY,CT,06239-2742
Advanced Automotive Performance,TEK,398,10212161,1041,,9,,Kristen,Nez,5 WASHINGTON CT,,UXBRIDGE,MA,01569-3128
Advanced Automotive Performance,TEK,398,1222264,1041,,09,,Vivek,Deshyukh,91 BUTTERCUP LN,,SOUTH GRAFTON,MA,01560-1255
Advanced Automotive Performance,TEK,398,1218088,1041,,9,,Cathy,Mutnick,2650 ARCHWOOD PL,,CUYAHOGA FALLS,OH,44221-2453
Advanced Automotive Performance,TEK,398,11572205,1041,,9,,Gary,Shay,11 MARTIN DR,,NORTH GRAFTON,MA,01536-1236
Advanced Automotive Performance,TEK,398,19768988,1041,,9,,Jason,Plass,105 BLACKSTONE ST,,BLACKSTONE,MA,01504-1667
Advanced Automotive Performance,TEK,398,21376933,1041,,09,,Sue,Vickers,4 CEDAR HILL ST,,PALMER,MA,01069-2203
Advanced Automotive Performance,TEK,398,20359357,1041,,9,,John,Lawrence,454 NE MAIN ST,,DOUGLAS,MA,01516-2050
Advanced Automotive Performance,TEK,398,24247501,1041,,09,,Sean,Murphy,604 CHESTNUT HILL RD,,MILLVILLE,MA,01529-1508
Advanced Automotive Performance,TEK,398,24451620,1041,,09,,Stephen,Dupre,17 WHITNEY LN,,UPTON,MA,01568-1514
Advanced Automotive Performance,TEK,398,14949134,1041,,9,,Michael,Fraser,88 NORTH ST,,DOUGLAS,MA,01516-2007
Advanced Automotive Performance,TEK,398,6798262,1041,,9,,Richard,Bean,101 NORTH ST,,DOUGLAS,MA,01516-2015
Advanced Automotive Performance,TEK,398,1220275,1041,,9,,Bob,Raper,5 CEDAR RD,,UXBRIDGE,MA,01569-1431
Advanced Automotive Performance,TEK,398,5708026,1041,,09,,Danielle,Dufault,7 RIVERSIDE DR,,AUBURN,MA,01501-3222
Advanced Automotive Performance,TEK,398,27007350,1041,,09,,MIKE,HOWARD,80 MILLVILLE RD,,MENDON,MA,01756-1269
Advanced Automotive Performance,TEK,398,1223125,1041,,9,,Roger,Messier,55 TAFT HILL LN,,UXBRIDGE,MA,01569-3138
Advanced Automotive Performance,TEK,398,1218968,1041,,9,,Gary,Schneider,203 MAPLE ST,,DOUGLAS,MA,01516-2342
Advanced Automotive Performance,TEK,398,27545501,1041,,09,,Yianni,Tranxidis,3 COOK ST APT 5,,DOUGLAS,MA,01516-2058
Advanced Automotive Performance,TEK,398,1223535,1041,,9,,Sam,Hoffman,34 BUFFUM RD,,UXBRIDGE,MA,01569-2017
Advanced Automotive Performance,TEK,398,1222494,1041,,9,,Jo,Brigg,20 TAMMIE RD,,HOPEDALE,MA,01747-1144
Advanced Automotive Performance,TEK,398,1220362,1041,,9,,Julie,Gawlak,211 JESSICA WAY,,NORTHBRIDGE,MA,01534-2103
Advanced Automotive Performance,TEK,398,29129493,1041,,09,,Andrew,George,80 MAPLE ST,,DOUGLAS,MA,01516-2337
Advanced Automotive Performance,TEK,398,1220088,1041,,9,,Dana,Fabri,229 HERITAGE DR,,WHITINSVILLE,MA,01588-2351
Advanced Automotive Performance,TEK,398,1221817,1041,,9,,John,Doiron,79 SE MAIN ST,,DOUGLAS,MA,01516-2449
Advanced Automotive Performance,TEK,398,30630120,1041,,09,,Sheri,Champeau,260 MANCHAUG RD,,SUTTON,MA,01590-1644
Advanced Automotive Performance,TEK,398,31377527,1041,,09,,Anthony,Konisky,11 WARREN ST,,MILLBURY,MA,01527-3327
Advanced Automotive Performance,TEK,398,29181618,1041,,09,,Jason,Comeau,30 TORREY RD,,SUTTON,MA,01590-1635
Advanced Automotive Performance,TEK,398,26931715,1041,,09,,Brendan,Legare,33 MILTON AVE,,NORTH SMITHFIELD,RI,02896-7119
Advanced Automotive Performance,TEK,398,1220424,1041,,9,,Todd,Yoder,PO BOX 73,,DOUGLAS,MA,01516-0073
Advanced Automotive Performance,TEK,398,31276251,1041,,09,,Patrick,Macdonald,126 MENDON ST,,UXBRIDGE,MA,01569-1541
Advanced Automotive Performance,TEK,398,1219634,1041,,9,,Mike,Grandfield,84 MAPLE ST,,DOUGLAS,MA,01516-2337
Advanced Automotive Performance,TEK,398,20763338,1041,,09,,Jeff,Blanchard,20 WALLIS ST,,DOUGLAS,MA,01516-2227
Advanced Automotive Performance,TEK,398,1221121,1041,,9,,Ben,Boisvert,11 ELM ST,,WHITINSVILLE,MA,01588-2305
Advanced Automotive Performance,TEK,398,1219073,1041,,9,,Kathy,MM,329 WEST ST,,UXBRIDGE,MA,01569-2006
Advanced Automotive Performance,TEK,398,1217677,1041,,09,,Ethel,Peters,1407 CASTLE PINES CIR,,SAINT AUGUSTINE,FL,32092-0660
Advanced Automotive Performance,TEK,398,10893153,1041,,9,,Greg,MM,4 TORREY RD,,SUTTON,MA,01590-1637
Advanced Automotive Performance,TEK,398,1220732,1041,,9,,Graham,Butler,13 SUMMER ST UNIT 10,,WESTBOROUGH,MA,01581-1552
Advanced Automotive Performance,TEK,398,1218143,1041,,9,,Casey,Aubin,366 DOUGLAS ST,,UXBRIDGE,MA,01569-1111
Advanced Automotive Performance,TEK,398,1220142,1041,,9,,Michael,Zeis,133 OLD MILLVILLE RD,,UXBRIDGE,MA,01569-1901
Advanced Automotive Performance,TEK,398,1221096,1041,,9,,Kim,Hisoire,85 HEMLOCK ST,,DOUGLAS,MA,01516-2723
Advanced Automotive Performance,TEK,398,18879823,1041,,9,,Christina,Youard,93 CEDAR ST,,DOUGLAS,MA,01516-2245
Advanced Automotive Performance,TEK,398,33266980,1041,,09,,Jeff,White,138 CHESTNUT ST,,DOUGLAS,MA,01516-2555
Advanced Automotive Performance,TEK,398,1218409,1041,,9,,Manassah,Bradley,55 WHEELER AVE,,CRANSTON,RI,02905-2707
Advanced Automotive Performance,TEK,398,5703446,1041,,9,,Andrew,Spain,84 LOCUST ST,,DOUGLAS,MA,01516-2440
Advanced Automotive Performance,TEK,398,16603514,1041,,9,,Joseph,Franchi,73 RIEDELL RD,,DOUGLAS,MA,01516-2147
Advanced Automotive Performance,TEK,398,1220454,1041,,9,,Greg,St. pierre,36 ELMWOOD ST,,MILLBURY,MA,01527-1946
Advanced Automotive Performance,TEK,398,11155691,1041,,9,,Andy,Rosa,58 ELLIS RD,,SOUTHBRIDGE,MA,01550-2000
Advanced Automotive Performance,TEK,398,1217798,1041,,09,,Jerzy,Wisniewsky,114 WEST ST,,UXBRIDGE,MA,01569-2005
Advanced Automotive Performance,TEK,398,22168918,1041,,09,,Casey,Glynn,72 TEA PARTY DR,,UXBRIDGE,MA,01569-2504
