Shop Name,Software,SID,CID,WSID,WCID,MBdayMo,TBdayMo,First,Last,Address,Address2,City,St,Zip
Obsidian Motors and Repair,TEK,2305,11851338,1042,,,9,Greg,Campos,11509 OBERT AVE,,WHITTIER,CA,90604-2810
Obsidian Motors and Repair,TEK,2305,12025992,1042,,,3,Ronald,Kiger,14615 ROSECRANS AVE,,LA MIRADA,CA,90638-3751
Obsidian Motors and Repair,TEK,2305,15564195,1042,,,9,Kenneth,Robinson,3945 N VIRGINIA RD,,LONG BEACH,CA,90807-2671
Obsidian Motors and Repair,TEK,2305,28557964,1042,,,3,IQ,Air,14351 FIRESTONE BLVD,,LA MIRADA,CA,90638-5527
