Shop Name,Software,SID,CID,WSID,WCID,MBdayMo,TBdayMo,First,Last,Address,Address2,City,St,Zip
John's Auto Care,TEK,2442,12986522,1043,,,3,GEORGE,HEDREEN,1016 14TH ST APT 304,,BOULDER,CO,80302-7356
John's Auto Care,TEK,2442,12986433,1043,,,9,MIYA,SAKAI,5908 JAY RD,,BOULDER,CO,80301-3055
John's Auto Care,TEK,2442,12989511,1043,,,3,WILLIAM JR,HIGHFIELD,273 LION PT,,BOULDER,CO,80302-9400
John's Auto Care,TEK,2442,12986255,1043,,,9,SANDY,NELAND,10425 W 47TH AVE,,WHEAT RIDGE,CO,80033-2623
John's Auto Care,TEK,2442,12986812,1043,,,9,TYLER,STADIG,840 GRANDVIEW MDWS DR,,LONGMONT,CO,80503-7745
John's Auto Care,TEK,2442,12985311,1043,,,9,VAPOR,DISTILLED,1880 55TH ST,,BOULDER,CO,80301-2703
John's Auto Care,TEK,2442,12987486,1043,,,3,TERRY,RODRIGUE,2591 4TH ST,,BOULDER,CO,80304-3902
John's Auto Care,TEK,2442,12987212,1043,,,9,LEILANI,KIM,4132 AMBER ST,,BOULDER,CO,80304-0956
John's Auto Care,TEK,2442,12985554,1043,,,3,ANNE,FOSTER,3765 MARTIN DR,,BOULDER,CO,80305-5447
John's Auto Care,TEK,2442,12985124,1043,,,3,SRI,GUNTUR,1115 35TH ST,,BOULDER,CO,80303-1933
John's Auto Care,TEK,2442,12989711,1043,,,9,PEDRO,JARAMILLO,1700 17TH ST,,BOULDER,CO,80302-6435
John's Auto Care,TEK,2442,12989366,1043,,,3,AUSTIN,COORS,2227 CANYON BLVD APT 204,,BOULDER,CO,80302-5635
John's Auto Care,TEK,2442,12984113,1043,,,9,MIRANDA,MIDLER,2317 BOBWHITE LN,,LONGMONT,CO,80504-7344
John's Auto Care,TEK,2442,12982814,1043,,,9,ANDREA,CROVETTO,298 ARAPAHOE AVE,,BOULDER,CO,80302-5883
John's Auto Care,TEK,2442,12985059,1043,,,9,ALI,BRANSCOMBE,770 36TH ST,,BOULDER,CO,80303-2438
John's Auto Care,TEK,2442,12986907,1043,,,9,JONATHAN,KABAT,625 PINEWOOD RANCH RD,,LOVELAND,CO,80537-9497
John's Auto Care,TEK,2442,12989674,1043,,,9,REPAIR,KNOX MOBLE REP,4699 PALMER CT,,LONGMONT,CO,80503-8337
John's Auto Care,TEK,2442,12988939,1043,,,9,HANS,WEBSTER,3385 MOORHEAD AVE,,BOULDER,CO,80305-3451
John's Auto Care,TEK,2442,12987406,1043,,,9,GEORGE,LINVILLE,847 ROCKY MOUNTAIN PL,,LONGMONT,CO,80504-4022
John's Auto Care,TEK,2442,12984553,1043,,,9,ZACHRY,KIPKE,3970 COLORADO AVE # 3,,BOULDER,CO,80303-2115
John's Auto Care,TEK,2442,12986015,1043,,,3,DANIEL,MEASE,1899 GAYLORD ST APT 212,,DENVER,CO,80206-1228
John's Auto Care,TEK,2442,12986467,1043,,,3,HOWARD,VOSSEN,855 36TH ST,,BOULDER,CO,80303-2439
John's Auto Care,TEK,2442,12986242,1043,,,9,KATE,PEREZ,3370 BOULDER CIR UNIT 203,,BROOMFIELD,CO,80023-4290
John's Auto Care,TEK,2442,13440415,1043,,,9,KIMBERLY,LOCKE,860 W MOORHEAD CIR,,BOULDER,CO,80305-6166
John's Auto Care,TEK,2442,14950542,1043,,,9,Christian,Ley,3076 FULTON CIR,,BOULDER,CO,80301-2289
John's Auto Care,TEK,2442,12985309,1043,,,3,CHUCK,CHROMA,8932 WOLCOTT LN,,WESTMINSTER,CO,80031-7517
John's Auto Care,TEK,2442,15972072,1043,,,3,LAWRENCE,ATKINSON,802 UNIVERSITY AVE,Apt # 2,BOULDER,CO,80302-6003
John's Auto Care,TEK,2442,16505419,1043,,,3,Rosie,Rovira,910 UNION AVE,,BOULDER,CO,80304-0779
John's Auto Care,TEK,2442,17141000,1043,,,9,Bill,Chandler,1901 CENTRAL AVE,,BOULDER,CO,80301-2972
John's Auto Care,TEK,2442,18334539,1043,,,3,Charlette,Tindell,855 BROADWAY,,BOULDER,CO,80302-7715
John's Auto Care,TEK,2442,18608032,1043,,,9,It,Zvolon,18 COTTAGE ST,,NEW HAVEN,CT,06511-2525
John's Auto Care,TEK,2442,12984045,1043,,,3,SERINA,MALEC,2832 DENVER AVE,,LONGMONT,CO,80503-1760
John's Auto Care,TEK,2442,12987247,1043,,,9,O'REILY,OREILLY,3275 28TH ST,,BOULDER,CO,80301-1408
John's Auto Care,TEK,2442,12988163,1043,,,9,AUTO PARTS,ADVANCE,1709 33RD ST,,BOULDER,CO,80301-2504
John's Auto Care,TEK,2442,20365674,1043,,,3,David,Wyatt,PO BOX 487,,TRINIDAD,CO,81082-0487
John's Auto Care,TEK,2442,20862280,1043,,,9,Ryan,Witbeck,4485 COMANCHE DR APT 2,,BOULDER,CO,80303-3683
John's Auto Care,TEK,2442,21855140,1043,,,9,Harrison,Craven,1955 30TH ST,,BOULDER,CO,80301-3002
John's Auto Care,TEK,2442,22077673,1043,,,9,ALEXANDER,TELL,2800 SUNDOWN LN APT J209,,BOULDER,CO,80303-1741
John's Auto Care,TEK,2442,14336428,1043,,,9,Yoel,Sykes,780 GRAPE AVE,,BOULDER,CO,80304-2123
John's Auto Care,TEK,2442,27906920,1043,,,9,Liam,Hartman,751 17TH ST,,BOULDER,CO,80302-7601
John's Auto Care,TEK,2442,12984202,1043,,,3,ED,STEEL,5000 BUTTE ST,,BOULDER,CO,80301-5428
John's Auto Care,TEK,2442,30286436,1043,,,9,June,Munger,1016 OPAL ST UNIT 102,,BROOMFIELD,CO,80020-7096
John's Auto Care,TEK,2442,21009180,1043,,,3,Quinn,Toomey,1125 GRANDVIEW AVE,,BOULDER,CO,80302-6167
John's Auto Care,TEK,2442,31422637,1043,,,9,KYLE,VERMEER,1045 COUNTY ROAD 83,,BOULDER,CO,80302-8767
John's Auto Care,TEK,2442,32038563,1043,,,3,Lucas,Riviere,2120 JUNCTION PL UNIT 4126,,BOULDER,CO,80301-1139
John's Auto Care,TEK,2442,33554280,1043,,,3,Maxwell,Hodges,4140 GREENS DR,,COLORADO SPRINGS,CO,80922-3315
John's Auto Care,TEK,2442,34378821,1043,,,9,Sam,Saunders,4887 S SALIDA CT,,AURORA,CO,80015-1990
John's Auto Care,TEK,2442,12987858,1043,,,9,BILL,HUGHES,4415 LAGUNA PL APT 108,,BOULDER,CO,80303-3782
John's Auto Care,TEK,2442,13432923,1043,,,3,METIKI,RINGOEN,3705 CANFIELD ST,,BOULDER,CO,80301-3200
John's Auto Care,TEK,2442,12984539,1043,,,3,JOE,GROBELNY,1000 MAXWELL AVE APT 1,,BOULDER,CO,80304-4166
John's Auto Care,TEK,2442,13819856,1043,,,3,TIM,KEMPER,549 HOYT LN,,LAFAYETTE,CO,80026-8976
John's Auto Care,TEK,2442,36195562,1043,,,9,Allen,Thompson,474 SEVEN HILLS DR,,BOULDER,CO,80302-9737
John's Auto Care,TEK,2442,36253573,1043,,,9,Sagan,Randall,910 UNION AVE,,BOULDER,CO,80304-0779
John's Auto Care,TEK,2442,36748134,1043,,,3,Jackie,Ames,1602 GOLD RUN RD,,BOULDER,CO,80302-9710
John's Auto Care,TEK,2442,12985702,1043,,,3,REINA,ROSS,1606 COTTONWOOD DR APT 14S,,LOUISVILLE,CO,80027-2820
