Shop Name,Software,SID,CID,WSID,WCID,MBdayMo,TBdayMo,First,Last,Address,Address2,City,St,Zip
John's Auto Care,TEK,2442,12983819,1043,,09,,CHRIS,GRAIN,1801 ARAPAHOE ST APT 412,,DENVER,CO,80202-1816
John's Auto Care,TEK,2442,12984269,1043,,9,,WESLEY,BRITT,955 CLOVER CIR,,LAFAYETTE,CO,80026-1773
John's Auto Care,TEK,2442,12985534,1043,,09,,SUMMERLAND,BAKER,1260 ELDER AVE APT 7,,BOULDER,CO,80304-2646
John's Auto Care,TEK,2442,12984767,1043,,9,,DERIAN,LE,1847 IRIS AVE,,BOULDER,CO,80304-2234
John's Auto Care,TEK,2442,12986035,1043,,9,,RICH,DAMA,1110 BACCHUS DR APT C,,LAFAYETTE,CO,80026-2881
John's Auto Care,TEK,2442,12982880,1043,,9,,AUSTIN,CANNELL,3063 BRIGHTON BLVD UNIT 940,,DENVER,CO,80216-5309
John's Auto Care,TEK,2442,12983313,1043,,9,,AMANDA,DALE,945 UNIVERSITY AVE,,BOULDER,CO,80302-6059
John's Auto Care,TEK,2442,12988162,1043,,9,,JENNIFER,NEIL,3535 28TH ST APT 203,,BOULDER,CO,80301-1573
John's Auto Care,TEK,2442,12984927,1043,,9,,FRANK,LARA,3080 PEARL PKWY,,BOULDER,CO,80301-2461
John's Auto Care,TEK,2442,12983738,1043,,9,,ROBBIE,RETTMER,2078 BALSAM DR,,BOULDER,CO,80304-3618
John's Auto Care,TEK,2442,12985587,1043,,09,,LAUREN,SANFORD,4675 FORDHAM CIR,,BOULDER,CO,80301-4129
John's Auto Care,TEK,2442,12984353,1043,,9,,CLOE,WATKINS,PO BOX 3031,,ELDORADO SPRINGS,CO,80025-3031
John's Auto Care,TEK,2442,12986284,1043,,9,,JULIE,RUTTER,500 SAN BERNARDINO AVE,,NEWPORT BEACH,CA,92663-4813
John's Auto Care,TEK,2442,12983954,1043,,9,,ADAM,JOHNSTON,1602 WALNUT ST APT 4,,BOULDER,CO,80302-5439
John's Auto Care,TEK,2442,12988902,1043,,9,,MATT,HOWRYLA,600 1/2 E CLEVELAND ST,,LAFAYETTE,CO,80026-2653
John's Auto Care,TEK,2442,12988303,1043,,9,,THEO,GRONDAHL,1177 LOST ANGEL RD,,BOULDER,CO,80302-9298
John's Auto Care,TEK,2442,12982610,1043,,9,,MEGAN,BANICH,210 MOUNTAIN KING RD,,BOULDER,CO,80302-9250
John's Auto Care,TEK,2442,12984798,1043,,9,,PEGGY,PHELAN,938 W TURNEY AVE,,PHOENIX,AZ,85013-2833
John's Auto Care,TEK,2442,12988297,1043,,9,,NORA,RABIAH,1152 4TH ST NE,,WASHINGTON,DC,20002-3410
John's Auto Care,TEK,2442,12982647,1043,,9,,STEVE,KAJDASZ,65 ARROWLEAF CT,,BOULDER,CO,80304-0401
John's Auto Care,TEK,2442,12986446,1043,,9,,ETHAN,JOHNSON,6335 STEEPLE ROCK DR,,ERIE,CO,80516-9513
John's Auto Care,TEK,2442,12985865,1043,,9,,MATTHEW,BROWN,850 20TH ST APT 702,,BOULDER,CO,80302-7749
John's Auto Care,TEK,2442,12985525,1043,,9,,COLLIN,YEAGER,13475 MARION ST,,DENVER,CO,80241-1951
John's Auto Care,TEK,2442,12987645,1043,,9,,JIM,YOUNG,7834 FAIRVIEW RD,,BOULDER,CO,80303-4724
John's Auto Care,TEK,2442,12982714,1043,,9,,DIAB,ALI,2707 VALMONT RD APT 205C,,BOULDER,CO,80304-2938
John's Auto Care,TEK,2442,12983926,1043,,9,,KEVIN,MULCRONE,5457 BLACKHAWK RD,,BOULDER,CO,80303-4009
John's Auto Care,TEK,2442,12985599,1043,,9,,JEFF,COADY,8618 THUNDERHEAD DR,,BOULDER,CO,80302-9382
John's Auto Care,TEK,2442,12984018,1043,,9,,RYAN,VANFLEET,3820 COLORADO AVE APT H,,BOULDER,CO,80303-2104
John's Auto Care,TEK,2442,12986303,1043,,9,,APRIL,DEROSIER,2324 15TH AVE,,LONGMONT,CO,80503-2347
John's Auto Care,TEK,2442,12986946,1043,,9,,RANDY,HASKINS,3620 W 10TH ST,,GREELEY,CO,80634-1853
John's Auto Care,TEK,2442,12984177,1043,,9,,DYLAN,KNAUSS,507 S MILLER AVE UNIT A,,LAFAYETTE,CO,80026-3801
John's Auto Care,TEK,2442,12983606,1043,,9,,CHRIS,BROWNE,300 CENTER DR STE G183,,LOUISVILLE,CO,80027-8633
John's Auto Care,TEK,2442,12987942,1043,,9,,SAMUEL,GATES,2935 COLLEGE AVE APT 227,,BOULDER,CO,80303-7413
John's Auto Care,TEK,2442,12987025,1043,,9,,LOGAN,MILLER,1338 BEN NEVIS AVE,,BROOMFIELD,CO,80020-2432
John's Auto Care,TEK,2442,12982813,1043,,9,,ZACH,BOSTON,1915 PINE ST,,BOULDER,CO,80302-4452
John's Auto Care,TEK,2442,12983788,1043,,9,,RANDY,GOLDNER,4785 MCKINLEY DR,,BOULDER,CO,80303-1142
John's Auto Care,TEK,2442,12983801,1043,,9,,KATHRYN,HARMS,3686 SILVERTON ST UNIT F,,BOULDER,CO,80301-3670
John's Auto Care,TEK,2442,12984948,1043,,9,,MAGGIE,CUDDY,1690 CODY CT,,LAFAYETTE,CO,80026-9007
John's Auto Care,TEK,2442,12982499,1043,,09,,ERIC,FIGUEROA,2735 NORTHBROOK PL,,BOULDER,CO,80304-1406
John's Auto Care,TEK,2442,12983438,1043,,9,,JOSE,VIVAS,5007 VALMONT RD APT B,,BOULDER,CO,80301-2768
John's Auto Care,TEK,2442,12986945,1043,,9,,KARL,FRANTZ,3316 TRANQUILITY WAY,,BERTHOUD,CO,80513-8125
John's Auto Care,TEK,2442,12985310,1043,,9,,KIRK,SALZER,1311 S LINCOLN ST,,LONGMONT,CO,80501-6516
John's Auto Care,TEK,2442,13841653,1043,,9,,SEAN,HERZIG,1160 LOGAN MILL RD,,BOULDER,CO,80302-9795
John's Auto Care,TEK,2442,12983307,1043,,9,,SARAH,WISE,2635 MAPLETON AVE LOT 35B,,BOULDER,CO,80304-3828
John's Auto Care,TEK,2442,15429704,1043,,9,,Shelby,Smith,3500 HAYDEN PL APT 4,,BOULDER,CO,80301-1933
John's Auto Care,TEK,2442,15914457,1043,,9,,Aurelia,Casarrubias,6891 SPRINGHILL DR,,LONGMONT,CO,80503-7240
John's Auto Care,TEK,2442,16147439,1043,,9,,Jenna,Platek,150 PEREGRINE CIR,,BROOMFIELD,CO,80020-1275
John's Auto Care,TEK,2442,12987394,1043,,9,,PAUL,PRENTISS,1990 JOSLYN PL,,BOULDER,CO,80304-1951
John's Auto Care,TEK,2442,16888938,1043,,9,,Grace,Kofstad,2941 SHADY HOLW E,,BOULDER,CO,80304-2974
John's Auto Care,TEK,2442,17044935,1043,,9,,Scott,Schwelling,3315 CHISHOLM TRL APT 204,,BOULDER,CO,80301-5234
John's Auto Care,TEK,2442,17024397,1043,,9,,Erin,Daugherty,4750 ESSEX CIR,,BOULDER,CO,80301-4123
John's Auto Care,TEK,2442,12988333,1043,,9,,NICK,TAYLOR,723 CANNON TRL,,LAFAYETTE,CO,80026-2690
John's Auto Care,TEK,2442,17300876,1043,,09,,Karl,Stark,4432 GLENCOVE PL,,BOULDER,CO,80301-4040
John's Auto Care,TEK,2442,18315685,1043,,9,,Kimberly,Gantz,1775 CEDAR AVE,,BOULDER,CO,80304-3120
John's Auto Care,TEK,2442,18340836,1043,,9,,Susan,Ferguson,258 BROOK RD,,BOULDER,CO,80302-9428
John's Auto Care,TEK,2442,12986185,1043,,9,,ADAM,THOMAS,1287 S WHEELING WAY,,AURORA,CO,80012-4453
John's Auto Care,TEK,2442,12982669,1043,,9,,MICHAEL,COLUCCI,PO BOX 902,,BOULDER,CO,80306-0902
John's Auto Care,TEK,2442,19511546,1043,,9,,Alison,Birchard,264 S WASHINGTON AVE,,LOUISVILLE,CO,80027-9794
John's Auto Care,TEK,2442,21190144,1043,,9,,LAUREN,DALY,3965 HAWTHORNE CIR,,LONGMONT,CO,80503-7658
John's Auto Care,TEK,2442,12985383,1043,,9,,JAMES,FUQUA,7215 FALL RIVER CIR,,FREDERICK,CO,80530-7150
John's Auto Care,TEK,2442,22071862,1043,,9,,Arial,Petersen,7978 PEARL ST UNIT A,,DENVER,CO,80229-8555
John's Auto Care,TEK,2442,16395490,1043,,9,,Ken,Altshuler,3997 NELSON RD,,LONGMONT,CO,80503-9091
John's Auto Care,TEK,2442,23519520,1043,,09,,Pat,Guilveault,2227 CANYON BLVD,,BOULDER,CO,80302-5612
John's Auto Care,TEK,2442,12987128,1043,,9,,ADAM,ORNSTEIN,4475 LAGUNA PL APT 204,,BOULDER,CO,80303-3706
John's Auto Care,TEK,2442,12985590,1043,,09,,STACY,KUROKI,700 MOHAWK DR APT 202,,BOULDER,CO,80303-2629
John's Auto Care,TEK,2442,25967029,1043,,09,,Wendy,Weber,4985 TWIN LAKES RD APT 87,,BOULDER,CO,80301-3894
John's Auto Care,TEK,2442,12989476,1043,,9,,BILL,WATTERSON,4487 GALLEY CT,,BOULDER,CO,80301-3106
John's Auto Care,TEK,2442,12984021,1043,,9,,Malon,Shcanzenbach,4708 JAMESTON ST,,BOULDER,CO,80301-4223
John's Auto Care,TEK,2442,12988548,1043,,9,,RAY,ROBINSON,212 YELLOWFIELD WAY,,ERIE,CO,80516-6817
John's Auto Care,TEK,2442,12982456,1043,,9,,BROOK,AITKEN,4734 MCKINLEY DR,,BOULDER,CO,80303-1125
John's Auto Care,TEK,2442,12982673,1043,,09,,JAMES,BELLANCA,1000 ORANGE PL,,BOULDER,CO,80304-0731
John's Auto Care,TEK,2442,12984508,1043,,9,,KAY,YOUNG,1819 CEDARIDGE CIR,,SUPERIOR,CO,80027-8090
John's Auto Care,TEK,2442,12985291,1043,,9,,CARRIE,BARRY,2346 EAGLEVIEW CIR,,LONGMONT,CO,80504-7797
John's Auto Care,TEK,2442,12986965,1043,,9,,CRAIG,COOK,7233 FOUR RIVERS RD,,BOULDER,CO,80301-3737
John's Auto Care,TEK,2442,12985917,1043,,09,,ALEXANDER,BEARD,540 MOHAWK DR APT 4,,BOULDER,CO,80303-3773
John's Auto Care,TEK,2442,17623747,1043,,9,,Nathan,Cook,1089 FAIRWAY CT,,BOULDER,CO,80303-2931
John's Auto Care,TEK,2442,12985024,1043,,09,,TREVOR,OGDEN,38148 BOULDER CANYON DR,,BOULDER,CO,80302-9645
John's Auto Care,TEK,2442,12989684,1043,,9,,NANCY,FULLER,4152 PIEDRA CT,,BOULDER,CO,80301-1632
John's Auto Care,TEK,2442,20364667,1043,,9,,James,Oreilly,3494 CRIPPLE CREEK SQ,,BOULDER,CO,80305-7185
John's Auto Care,TEK,2442,12988591,1043,,9,,KASIA,SZEWCZYK,4869 KINGS RIDGE BLVD,,BOULDER,CO,80301-5434
John's Auto Care,TEK,2442,12982961,1043,,9,,ALEX,ELSBERG,3048 N FRANKLIN ST,,DENVER,CO,80205-4514
John's Auto Care,TEK,2442,12988986,1043,,9,,CHARLIE,PETERSON,988 NORTHERN WAY,,SUPERIOR,CO,80027-8176
John's Auto Care,TEK,2442,12988369,1043,,9,,SANDY,MASCHAN,172 SAINT VRAIN TRL,,WARD,CO,80481-9504
John's Auto Care,TEK,2442,12985605,1043,,9,,TERRY,KEATLEY,5365 OAK TREE CT,,BOULDER,CO,80301-3784
John's Auto Care,TEK,2442,12985853,1043,,9,,ROBERT,EICHELBERGER,542 BLACKHAWK RD,,BOULDER,CO,80303-4008
