Shop Name,Software,SID,CID,WSID,WCID,MBdayMo,TBdayMo,First,Last,Address,Address2,City,St,Zip
Bennett's Automotive,TEK,3229,17517195,1044,,3,,PETER,GLASGOW,202 SUTTER CT,,SMYRNA,TN,37167-5558
Bennett's Automotive,TEK,3229,17529976,1044,,3,,JOHN,CARY,403 DIVISION ST,,SMYRNA,TN,37167-2823
Bennett's Automotive,TEK,3229,17523781,1044,,3,,VICKI,TAYLOR,157 CEDAR LN,,AUBURNTOWN,TN,37016-6141
Bennett's Automotive,TEK,3229,17523189,1044,,3,,VON,WILLIAMS,1010 SWAYZE CT,,LA VERGNE,TN,37086-5269
Bennett's Automotive,TEK,3229,17523808,1044,,03,,GLYNIS,VAN SLYKE,238 RICHMOND DR,,SMYRNA,TN,37167-5240
Bennett's Automotive,TEK,3229,17531979,1044,,3,,GARY,HENDERSON,122 CEDAR FOREST DR,,SMYRNA,TN,37167-5072
Bennett's Automotive,TEK,3229,17521499,1044,,3,,JOE,WORD,2713 SPAULDING CIR,,MURFREESBORO,TN,37128-4805
Bennett's Automotive,TEK,3229,17523703,1044,,3,,STACEY,MCKENZIE,619 MARTINSDALE CT,,LA VERGNE,TN,37086-3847
Bennett's Automotive,TEK,3229,17518457,1044,,3,,JUSTIN,CATES,8161 ROCKY FORK RD,,SMYRNA,TN,37167-6134
Bennett's Automotive,TEK,3229,17521982,1044,,3,,STEVEN,MINNICH,105 HOLLANDALE RD,,LA VERGNE,TN,37086-2206
Bennett's Automotive,TEK,3229,17525465,1044,,3,,FRED,PYE,418 LAWSON RD,,SMYRNA,TN,37167-3147
Bennett's Automotive,TEK,3229,17532016,1044,,3,,RANDY,HENLEY,1534 MARATHON DR,,MURFREESBORO,TN,37129-2897
Bennett's Automotive,TEK,3229,17521267,1044,,3,,DUANE,FUNDERBURKE,605 SHETLAND DR,,SMYRNA,TN,37167-6663
Bennett's Automotive,TEK,3229,17516602,1044,,3,,SAM,STRONG,402 ADELINE DR,,SMYRNA,TN,37167-5229
Bennett's Automotive,TEK,3229,17520300,1044,,3,,DEBRA,NEAL,1307 REINFIELD CT,,SMYRNA,TN,37167-5989
Bennett's Automotive,TEK,3229,17531136,1044,,3,,Maria,Avila,351 E SAM RIDLEY PKWY APT T7,,SMYRNA,TN,37167-4357
Bennett's Automotive,TEK,3229,17521213,1044,,3,,CECIL,BEAIRD,4777 APOLLO DR,,ANTIOCH,TN,37013-2828
Bennett's Automotive,TEK,3229,17531338,1044,,3,,ANTHONY,HUMPHREY,580 MASON TUCKER DR,,SMYRNA,TN,37167-5933
Bennett's Automotive,TEK,3229,17522583,1044,,3,,SUZANNE,LEBEAU,319 CUMBERLAND DR,,SMYRNA,TN,37167-2710
Bennett's Automotive,TEK,3229,17527544,1044,,3,,TOM,MARQUART,7838 KEMBERTON DR W,,NOLENSVILLE,TN,37135-4029
Bennett's Automotive,TEK,3229,17523249,1044,,3,,Scott,Zeigler,5236 SUNSAIL DR,,ANTIOCH,TN,37013-2437
Bennett's Automotive,TEK,3229,17521486,1044,,3,,MAXINE,MASSEY,2911 GREENTREE DR,,SMYRNA,TN,37167-6198
Bennett's Automotive,TEK,3229,17527840,1044,,3,,ZACK,LANIUS,483 FOREST RIDGE DR,,LA VERGNE,TN,37086-2064
Bennett's Automotive,TEK,3229,17520192,1044,,3,,COREY,MULLINS,5038 JOE BOND TRL,,MURFREESBORO,TN,37129-3067
Bennett's Automotive,TEK,3229,17520532,1044,,3,,BEN,EICHENSEER,305 STEWART SPRINGS DR,,SMYRNA,TN,37167-7708
Bennett's Automotive,TEK,3229,17521187,1044,,3,,BRIAN,MCCORD,402 HOLLAND RIDGE DR,,LA VERGNE,TN,37086-2098
Bennett's Automotive,TEK,3229,17522907,1044,,3,,SEANNA,NOWACKI,1141 MANSON CROSSING DR,,MURFREESBORO,TN,37128-6697
Bennett's Automotive,TEK,3229,17520630,1044,,3,,SHIRLEY,SMITH,4121 EVANS ST,,MURFREESBORO,TN,37129-1960
Bennett's Automotive,TEK,3229,17531102,1044,,3,,PAIGE,NORTON,200 PEBBLE PL,,SMYRNA,TN,37167-2329
Bennett's Automotive,TEK,3229,17527693,1044,,3,,BRAD,GORDON,201 CHICKEN PIKE,,SMYRNA,TN,37167-5059
Bennett's Automotive,TEK,3229,17531813,1044,,3,,LEXUS,KANJANABOUT,1132 PHELISSA DR,,LA VERGNE,TN,37086-2575
Bennett's Automotive,TEK,3229,17519110,1044,,3,,MARCUS,HAYWOOD,2109 GREGORY MILLS DR,,SMYRNA,TN,37167-3874
Bennett's Automotive,TEK,3229,17527783,1044,,3,,John,Stairs,8003 VALENCIA DR,,SMYRNA,TN,37167-8002
Bennett's Automotive,TEK,3229,17529292,1044,,3,,GLENDA,COLLAZO,6204 HENRY FORD DR,,NASHVILLE,TN,37209-1738
Bennett's Automotive,TEK,3229,17526468,1044,,03,,BILL,FITZGERALD,434 FOUNDRY CIR,,MURFREESBORO,TN,37128-5125
Bennett's Automotive,TEK,3229,17519793,1044,,3,,AMY,KNOTTS,522 LIBERTY DR,,SMYRNA,TN,37167-6501
Bennett's Automotive,TEK,3229,17520107,1044,,3,,LAWRENCE,GARRETT,455 MAYFIELD CIR,,SMYRNA,TN,37167-3043
Bennett's Automotive,TEK,3229,17521099,1044,,3,,LARA,RAMSAY,9664 E FORK DR,,MURFREESBORO,TN,37129-7804
Bennett's Automotive,TEK,3229,17521010,1044,,3,,JESSEE,AGUIRRE,616 WINTHROP AVE,,SMYRNA,TN,37167-3143
Bennett's Automotive,TEK,3229,17530054,1044,,3,,JEROME,SMART,1683 ANNETA RD,,LEITCHFIELD,KY,42754-6862
Bennett's Automotive,TEK,3229,17517121,1044,,3,,ZACK,OATIS,909 ROSA L PARKS BLVD APT 412,,NASHVILLE,TN,37208-3166
Bennett's Automotive,TEK,3229,17522897,1044,,3,,TROY,RANDOLPH,205 VALLEYDALE ST,,SMYRNA,TN,37167-5245
Bennett's Automotive,TEK,3229,17523259,1044,,3,,LESLIE,RANDOLPH,102 LAKEWOOD CIR,,SMYRNA,TN,37167-5307
Bennett's Automotive,TEK,3229,17521072,1044,,3,,ROBERT,DAVIS,104 STELLA CT,,SMYRNA,TN,37167-7209
Bennett's Automotive,TEK,3229,17526582,1044,,3,,JESSICA,HERCULES,622 WHITEWATER LN,,MURFREESBORO,TN,37129-3963
Bennett's Automotive,TEK,3229,17518366,1044,,3,,Dylan,GAMBILL,2309 N 13TH ST,,HERRIN,IL,62948-3007
Bennett's Automotive,TEK,3229,17528700,1044,,3,,JOHN,TARNOVSKA,705 TRITON DR,,SMYRNA,TN,37167-4720
Bennett's Automotive,TEK,3229,17518350,1044,,3,,BOBBY,BURKE,3511 LAUREL CT,,MURFREESBORO,TN,37129-2532
Bennett's Automotive,TEK,3229,17516426,1044,,3,,Ashley,Johnson,351 E SAM RIDLEY PKWY,,SMYRNA,TN,37167-4319
Bennett's Automotive,TEK,3229,17531607,1044,,3,,Ashley,Beck,6283 CORINTH RD,,MOUNT JULIET,TN,37122-7603
Bennett's Automotive,TEK,3229,17528313,1044,,3,,GENE,CHILDERS,4113 OAKSTONE DR,,SMYRNA,TN,37167-8406
Bennett's Automotive,TEK,3229,17515607,1044,,3,,TREVOR,KERNODLE,504 TRUDY DR,,SMYRNA,TN,37167-1569
Bennett's Automotive,TEK,3229,17527509,1044,,3,,KYLE,RAMSEY,9664 E FORK DR,,MURFREESBORO,TN,37129-7804
Bennett's Automotive,TEK,3229,17525806,1044,,3,,Zaria,McCain,1544 DESTINY DR,,MURFREESBORO,TN,37130-3290
Bennett's Automotive,TEK,3229,17530985,1044,,3,,MARY,ADAMS,403 MAPLE ST,,SMYRNA,TN,37167-2608
Bennett's Automotive,TEK,3229,17523651,1044,,3,,COREY,RELEFORD,120 STEVE ROBERTS DR,,SMYRNA,TN,37167-3518
Bennett's Automotive,TEK,3229,17524948,1044,,3,,DION,FITZGERALD,605 SAMWISE LN,,ANTIOCH,TN,37013-2596
Bennett's Automotive,TEK,3229,17526437,1044,,3,,Eva,Burchell,281 COUNTRY VILLAGE DR APT D26,,SMYRNA,TN,37167-4281
Bennett's Automotive,TEK,3229,17515930,1044,,3,,John,Wozonski,119 TANYA CT,,MURFREESBORO,TN,37130-8794
Bennett's Automotive,TEK,3229,17523721,1044,,3,,ANDY,FERRIS,909 THOMASTOWN DR,,SMYRNA,TN,37167-8330
Bennett's Automotive,TEK,3229,17517875,1044,,3,,CHASITY,MATTHEWS,628 KEN PILKERTON DR,,SMYRNA,TN,37167-3802
Bennett's Automotive,TEK,3229,17519062,1044,,3,,REBECCA,HACKETT,310 MOSLEY DR,,BRENTWOOD,TN,37027-5122
Bennett's Automotive,TEK,3229,17520172,1044,,3,,ERICA,SANDERS,7009 PULLEY DR,,MURFREESBORO,TN,37129-8271
Bennett's Automotive,TEK,3229,17523851,1044,,3,,BRIAN,HARRIS,223 TOWBRIDGE DR,,MURFREESBORO,TN,37129-2868
Bennett's Automotive,TEK,3229,17519528,1044,,3,,Ralph,Blackwell,4830 ARNOLD DR,,MURFREESBORO,TN,37129-7708
Bennett's Automotive,TEK,3229,17523842,1044,,3,,Kelly,Heinz,313 MAYFLOWER DR,,SMYRNA,TN,37167-5120
Bennett's Automotive,TEK,3229,17528257,1044,,3,,ELI,POE,1015 9TH AVE N,,NASHVILLE,TN,37208-3135
Bennett's Automotive,TEK,3229,17515219,1044,,3,,Shawn,Moore,105 GRISWOLD CT,,SMYRNA,TN,37167-5281
Bennett's Automotive,TEK,3229,17526544,1044,,3,,ABBY,GEORGE,1416 ELECTRIC AVE,,NASHVILLE,TN,37206-3125
Bennett's Automotive,TEK,3229,17525425,1044,,3,,KEN,MCGINNESS,504 LAKE FARM RD,,SMYRNA,TN,37167-3165
Bennett's Automotive,TEK,3229,17528808,1044,,3,,Jeremy,Miller,304 RUTHERFORD POINT CIR,,LA VERGNE,TN,37086-3424
Bennett's Automotive,TEK,3229,17521768,1044,,3,,CURTIS,BROOKS,322 ANDY JOHNS DR,,SMYRNA,TN,37167-4477
Bennett's Automotive,TEK,3229,17518800,1044,,3,,ANTONIO,SCOTT,351 LONGHORN DR,,SMYRNA,TN,37167-2756
Bennett's Automotive,TEK,3229,17525075,1044,,3,,JEFF,HOLDER,2742 AMERICAN HORSE TRL,,MURFREESBORO,TN,37127-6350
Bennett's Automotive,TEK,3229,17518527,1044,,3,,MARTY,GREEN,423 ADELINE DR,,SMYRNA,TN,37167-5230
Bennett's Automotive,TEK,3229,17521070,1044,,3,,RICK,SIMPSON,603 SEAWELL CT,,SMYRNA,TN,37167-6502
Bennett's Automotive,TEK,3229,17516016,1044,,3,,JENNIFER,WATSON,108 GWENDOLYN CT,,LA VERGNE,TN,37086-2631
Bennett's Automotive,TEK,3229,17527201,1044,,3,,RONALD,STEELE,213 VERNON TRAYLOR DR,,SMYRNA,TN,37167-5939
Bennett's Automotive,TEK,3229,17516837,1044,,3,,Chris,Menke,405 ANDOVER DR,,SMYRNA,TN,37167-5146
Bennett's Automotive,TEK,3229,17530504,1044,,3,,BILL,MATTHEWS,114 SPRINGFIELD DR,,SMYRNA,TN,37167-9330
Bennett's Automotive,TEK,3229,17522776,1044,,3,,RONNIE,CONNER,3399 MORTON LN,,SMYRNA,TN,37167-5709
Bennett's Automotive,TEK,3229,17524351,1044,,3,,JERRY,AUSTIN,5493 ALMAVILLE RD,,SMYRNA,TN,37167-5818
Bennett's Automotive,TEK,3229,17527965,1044,,3,,RUTH,POPEJOY,613 DREW ST,,SMYRNA,TN,37167-5843
Bennett's Automotive,TEK,3229,17523750,1044,,3,,RICK,WATSON,3336 TOWNE VILLAGE RD,,ANTIOCH,TN,37013-4910
Bennett's Automotive,TEK,3229,17529934,1044,,3,,Pamela,Crawley,2000 E MCLAUGHLIN ST,,SMYRNA,TN,37167-8445
Bennett's Automotive,TEK,3229,17527125,1044,,3,,Bill,Evans,645 BRADBURN VILLAGE CIR,,ANTIOCH,TN,37013-2295
Bennett's Automotive,TEK,3229,17526813,1044,,3,,Angela,Anglin,503 TAMMY CIR,,SMYRNA,TN,37167-3398
Bennett's Automotive,TEK,3229,17528167,1044,,3,,Evelyn,Carreno,2961 HIGH RIGGER DR,,NASHVILLE,TN,37217-4240
Bennett's Automotive,TEK,3229,17531966,1044,,3,,KEN,DAVIS,25 ROLLING OAKS DR,,OAKLAND,TN,38060-6079
Bennett's Automotive,TEK,3229,17516653,1044,,3,,KEVIN,MCMILLEN,293 JEFFERSON PIKE LOT 55,,SMYRNA,TN,37167-4332
Bennett's Automotive,TEK,3229,17523400,1044,,3,,GEORGE,TUNISON,404 REAVIS AVE,,SMYRNA,TN,37167-4883
Bennett's Automotive,TEK,3229,17523503,1044,,3,,Joseph,Hayes,6946 OLD NASHVILLE HWY,,MURFREESBORO,TN,37129-8423
Bennett's Automotive,TEK,3229,17518394,1044,,3,,RUSTY,KELLY,166 SUNCREST DR,,LA VERGNE,TN,37086-2259
Bennett's Automotive,TEK,3229,17519324,1044,,3,,JONATHAN,RHYNE,5003 CHIVALRY CT,,SMYRNA,TN,37167-8363
Bennett's Automotive,TEK,3229,17517487,1044,,03,,FRANK,PINNIX,427 WHITNEY DR,,SMYRNA,TN,37167-4433
Bennett's Automotive,TEK,3229,17518514,1044,,3,,CHARLES,HUNTER,107 BENT TREE DR,,SMYRNA,TN,37167-5216
Bennett's Automotive,TEK,3229,17529873,1044,,3,,WALTER,WORDLAW,1203 WENLON DR,,MURFREESBORO,TN,37130-1920
Bennett's Automotive,TEK,3229,17518630,1044,,3,,BART,KLINE,22 MIDDLETON ST,,NASHVILLE,TN,37210-2041
Bennett's Automotive,TEK,3229,17527399,1044,,3,,Peyton,Gerhart,1252 MIRIAH DR,,MCMINNVILLE,TN,37110-5309
Bennett's Automotive,TEK,3229,17517303,1044,,3,,Steve,Sullivan,403 JONESBORO CT,,LA VERGNE,TN,37086-2639
Bennett's Automotive,TEK,3229,17530076,1044,,3,,ALTON,COULTER,110 COULTER CT,,MURFREESBORO,TN,37129-7471
Bennett's Automotive,TEK,3229,17523001,1044,,3,,JIMMY,RAY,229 HURRICANE CIR,,LA VERGNE,TN,37086-2343
Bennett's Automotive,TEK,3229,17524760,1044,,3,,JONATHAN,ROMINE,2197 ROCKY FORK RD,,SMYRNA,TN,37167-5527
Bennett's Automotive,TEK,3229,17518187,1044,,3,,Darcy,Watkins,PO BOX 1190,,SMYRNA,TN,37167-1190
Bennett's Automotive,TEK,3229,17527421,1044,,3,,KEENON,ARMSTRONG,333 FRIENDSHIP LN,,ESTILL SPRINGS,TN,37330-3720
Bennett's Automotive,TEK,3229,17524527,1044,,3,,Amneris,Cantrell,502 HACKNEY DR,,SMYRNA,TN,37167-4866
Bennett's Automotive,TEK,3229,17530953,1044,,3,,TONY,PARTIDA,100 BUNGALOW CT,,SMYRNA,TN,37167-5596
Bennett's Automotive,TEK,3229,17517646,1044,,3,,Isaac,Sturgeon,1850 ROAD 25,,BIRD CITY,KS,67731-3124
Bennett's Automotive,TEK,3229,17517935,1044,,3,,WAYNE,MANGRUM,308 JEAN DR,,LA VERGNE,TN,37086-2509
Bennett's Automotive,TEK,3229,17529942,1044,,3,,GABRIEL,RUDD,4018 MAGGIE CT,,SMYRNA,TN,37167-6193
Bennett's Automotive,TEK,3229,17519516,1044,,3,,COREY,BABCOCK,5 MONELL ST,,GREENE,NY,13778-1221
Bennett's Automotive,TEK,3229,17530887,1044,,03,,JAREN,BUCK,2903 STEWART CREEK RD,,MURFREESBORO,TN,37129-2522
Bennett's Automotive,TEK,3229,17529986,1044,,3,,DILLON,LANCE,209 PAUL REVERE LN,,LA VERGNE,TN,37086-2335
Bennett's Automotive,TEK,3229,17514997,1044,,3,,SARAH,BRUNOTTS,500 PARAGON MILLS RD APT M3,,NASHVILLE,TN,37211-3747
Bennett's Automotive,TEK,3229,17518774,1044,,03,,Ricky,Williams,136 MOSHE YAALON DR,,LA VERGNE,TN,37086-3484
Bennett's Automotive,TEK,3229,17517362,1044,,3,,RYAN,ONEAL,1529 WINDING CREEK DR,,NOLENSVILLE,TN,37135-8516
Bennett's Automotive,TEK,3229,17519640,1044,,3,,JAMES,WHIRLEY,PO BOX 1731,,SMYRNA,TN,37167-1701
Bennett's Automotive,TEK,3229,17518943,1044,,3,,BRENT,SAYLES,2114 ALLENDALE PL,,NOLENSVILLE,TN,37135-8482
Bennett's Automotive,TEK,3229,17523466,1044,,3,,GERALD,CATES,200 CREIGHTON RD,,SMYRNA,TN,37167-5247
Bennett's Automotive,TEK,3229,17524913,1044,,3,,DAVID,HAND,100 CHOIR CT,,MURFREESBORO,TN,37129-8914
Bennett's Automotive,TEK,3229,17516403,1044,,3,,PAT,NOE,210 DAVIS PARK DR,,SMYRNA,TN,37167-3953
Bennett's Automotive,TEK,3229,17515006,1044,,3,,SANDRA,FULLER,600 BELLEVUE RD N,,NASHVILLE,TN,37221-3431
Bennett's Automotive,TEK,3229,17520308,1044,,3,,MARCIA,DICKERSON,163 MORNINGSIDE DR,,LA VERGNE,TN,37086-2214
Bennett's Automotive,TEK,3229,17516978,1044,,3,,MILTON,THREET,817 BALLEYCASTLE DR,,SMYRNA,TN,37167-5788
Bennett's Automotive,TEK,3229,17517599,1044,,03,,KRYSTAL,NANCE,1211 BELL RD APT 18,,ANTIOCH,TN,37013-3714
Bennett's Automotive,TEK,3229,17520038,1044,,3,,MARY ANN,CORRIGAN,114 LAKEWOOD CIR,,SMYRNA,TN,37167-5307
Bennett's Automotive,TEK,3229,17524174,1044,,3,,BRETT,GARLINGER,PO BOX 1254,,ANDREWS,NC,28901-1254
Bennett's Automotive,TEK,3229,17519488,1044,,3,,DORRIS,WALDRON,136 DAWN CT,,LA VERGNE,TN,37086-2241
Bennett's Automotive,TEK,3229,17524437,1044,,3,,Jesse,Navarro,322 W 9TH ST,,COLUMBIA,TN,38401-3103
Bennett's Automotive,TEK,3229,17515093,1044,,3,,STEPHANIE,JENKINS,500 ROCK SPRINGS RD APT D7,,SMYRNA,TN,37167-4106
Bennett's Automotive,TEK,3229,17525203,1044,,3,,BEN,WRIGHT,302 NOEL LN,,SMYRNA,TN,37167-5918
Bennett's Automotive,TEK,3229,17522934,1044,,3,,FRANK,JENNINGS,138 ROSE ST,,LA VERGNE,TN,37086-2917
Bennett's Automotive,TEK,3229,17529945,1044,,3,,LEROY,MCDONALD,5697 SEMINARY RD,,SMYRNA,TN,37167-5464
Bennett's Automotive,TEK,3229,17525415,1044,,3,,STEVEN,BRANNON,2428 RIVER OAKS DR,,MURFREESBORO,TN,37129-1927
Bennett's Automotive,TEK,3229,17516526,1044,,3,,BERNARD,DESIR,400 CHANEY RD APT 1007,,SMYRNA,TN,37167-2661
Bennett's Automotive,TEK,3229,17528176,1044,,3,,ASHLEY,BOYD,PO BOX 331664,,MURFREESBORO,TN,37133-1664
Bennett's Automotive,TEK,3229,17526635,1044,,3,,ALLAN,CLAYTON,212 CEDAR FOREST DR,,SMYRNA,TN,37167-5086
Bennett's Automotive,TEK,3229,17521622,1044,,3,,CRAIG,ROBERTS,5030 CLAUDE DR,,SMYRNA,TN,37167-9384
Bennett's Automotive,TEK,3229,17527259,1044,,3,,CHAD,RUTZINSKI,7015 SPRINGWATER ST,,SMYRNA,TN,37167-1068
Bennett's Automotive,TEK,3229,17526553,1044,,3,,DONALD,BEASLEY,8006 MINEHEAD DR,,SMYRNA,TN,37167-4491
Bennett's Automotive,TEK,3229,17523258,1044,,3,,JOHN,JACOBS,406 ADDIE DR,,SMYRNA,TN,37167-4125
Bennett's Automotive,TEK,3229,17531363,1044,,3,,Nadia,Harris,2812 GENERAL MANEY CT,,LA VERGNE,TN,37086-2761
Bennett's Automotive,TEK,3229,17515684,1044,,3,,JARED,BLACK,1177 ROY SELLERS RD,,COLUMBIA,TN,38401-8887
Bennett's Automotive,TEK,3229,17523920,1044,,3,,CHARLES,CONKLIN,282 COUNTRY VILLAGE DR APT X180,,SMYRNA,TN,37167-4289
Bennett's Automotive,TEK,3229,17520243,1044,,3,,MANDI,MASON,623 HEATH PL,,SMYRNA,TN,37167-2639
Bennett's Automotive,TEK,3229,17523301,1044,,3,,MERCEDES,TAYLOR,600 PASADENA DR APT 331,,SMYRNA,TN,37167-1298
Bennett's Automotive,TEK,3229,17526591,1044,,3,,MATTHEW,TOLLER,125 RUNAWAY BAY DR APT 104,,VIRGINIA BEACH,VA,23452-8110
Bennett's Automotive,TEK,3229,17519399,1044,,3,,TANYA,CARPENTER,1610 RAWLS ST,,SPRINGFIELD,TN,37172-3731
Bennett's Automotive,TEK,3229,17520228,1044,,3,,SEAN,GILBRIDE,1246 BEN HILL BLVD,,NOLENSVILLE,TN,37135-8486
Bennett's Automotive,TEK,3229,17524574,1044,,3,,ETHAN,PIKE,7003 DEVON CT,,SMYRNA,TN,37167-1578
Bennett's Automotive,TEK,3229,17517603,1044,,3,,DAWN,SMITH,PO BOX 1894,,SMYRNA,TN,37167-1706
Bennett's Automotive,TEK,3229,17283484,1044,,3,,STEVEN,WHITSON,3707 LAKEWOOD RD NW,,HUNTSVILLE,AL,35811-1109
Bennett's Automotive,TEK,3229,17530208,1044,,3,,SAVANNAH,GAMBRELL,748 MEADOWLARK DR,,SMYRNA,TN,37167-5831
Bennett's Automotive,TEK,3229,17516486,1044,,3,,LARRY,ELDER,604 DAISY CT,,ANTIOCH,TN,37013-1036
Bennett's Automotive,TEK,3229,17530032,1044,,3,,JOHN,JOHNSON,102 KENT ST,,SMYRNA,TN,37167-3508
Bennett's Automotive,TEK,3229,17526204,1044,,3,,ERIC,FLEMING,418 LIBERTY DR,,SMYRNA,TN,37167-7212
Bennett's Automotive,TEK,3229,18611570,1044,,3,,KAITLYN,BIGGS,417 ENON SPRINGS RD E APT C37,,SMYRNA,TN,37167-3121
Bennett's Automotive,TEK,3229,17515698,1044,,3,,Nicolette,Dowling,2032 LEEFIELD DR,,ANTIOCH,TN,37013-3985
Bennett's Automotive,TEK,3229,19082251,1044,,3,,BEAU,COOPER,3344 OAK TIMBER DR,,ANTIOCH,TN,37013-5425
Bennett's Automotive,TEK,3229,19078613,1044,,3,,Kevin,Smith,742 WILLIAMSBURG DR,,SMYRNA,TN,37167-6415
Bennett's Automotive,TEK,3229,17517437,1044,,3,,PAULETTE,WAGNER,108 MAIN ST,,SMYRNA,TN,37167-2506
Bennett's Automotive,TEK,3229,17526570,1044,,3,,CARLY,EVANS,914 MASON TUCKER DR,,SMYRNA,TN,37167-5986
Bennett's Automotive,TEK,3229,19285791,1044,,3,,Stuart,Murray,2907 FLAMINGO DR,37129,MURFREESBORO,TN,37129-2794
Bennett's Automotive,TEK,3229,19273731,1044,,3,,Wesley,Crabtree,110 PROSPECT CT,,LA VERGNE,TN,37086-3744
Bennett's Automotive,TEK,3229,17530851,1044,,3,,RUSSELL,CHURCH,6020 TURNING LEAF DR,,SMYRNA,TN,37167-8321
Bennett's Automotive,TEK,3229,19506918,1044,,3,,Shanese,Woodard,2919 PAINTED PONY DR,,MURFREESBORO,TN,37128-2903
Bennett's Automotive,TEK,3229,17531350,1044,,3,,RALPH,TUCKER,169 CAMPBELL PL,,LA VERGNE,TN,37086-3044
Bennett's Automotive,TEK,3229,17526969,1044,,3,,MIKE,KNOWLES,5981 OCALA RD,,MURFREESBORO,TN,37128-3679
Bennett's Automotive,TEK,3229,17523622,1044,,3,,STEPHEN,WHITE,126 LONG RIFLE RD,,SMYRNA,TN,37167-5022
Bennett's Automotive,TEK,3229,17530992,1044,,3,,SCOTT,WIELAND,121 HUTCHINSON DR,,SMYRNA,TN,37167-3618
Bennett's Automotive,TEK,3229,19757220,1044,,3,,TRISTIN,NUTTER,3522 HILHAM HWY,,HILHAM,TN,38568-5664
Bennett's Automotive,TEK,3229,17525748,1044,,3,,JIM,HOLLOWAY,304 BROOKHAVEN TRL,,SMYRNA,TN,37167-4603
Bennett's Automotive,TEK,3229,17519519,1044,,3,,MICHAEL,ARNOLD,708 PEPPERTREE CT,,SMYRNA,TN,37167-4182
Bennett's Automotive,TEK,3229,20417900,1044,,3,,JOSE,CHAVARRIA,3010 HERMAN B RADER DR,,LA VERGNE,TN,37086-2122
Bennett's Automotive,TEK,3229,17530907,1044,,3,,CRISTAL,GASTELUM,202 BLUEWATER CT,,LA VERGNE,TN,37086-2659
Bennett's Automotive,TEK,3229,17520602,1044,,3,,LINDA,MERCER,207 MOORE AVE,,SMYRNA,TN,37167-2231
Bennett's Automotive,TEK,3229,17531515,1044,,3,,JARRET,BROWN,4020 SNOWBIRD DR,,SMYRNA,TN,37167-7554
Bennett's Automotive,TEK,3229,17519348,1044,,3,,Charles,James,4000 VICTORY RD,,MOUNT JULIET,TN,37122-7802
Bennett's Automotive,TEK,3229,21198905,1044,,3,,RACHAEL,FOURNIER,293 JEFFERSON PIKE LOT 57,,SMYRNA,TN,37167-4332
Bennett's Automotive,TEK,3229,21188447,1044,,3,,Sam,Perry,1409 SAM HOUSTON AVE,,MURFREESBORO,TN,37129-7765
Bennett's Automotive,TEK,3229,17518465,1044,,03,,CHRIS,HOOPER,120 BANE DR,,SMYRNA,TN,37167-3626
Bennett's Automotive,TEK,3229,21446801,1044,,3,,Jean,King,4214 GRAPEVINE LOOP,,SMYRNA,TN,37167-1179
Bennett's Automotive,TEK,3229,21679411,1044,,3,,James,Spears,202 SPIRIT HILL CIR,,SMYRNA,TN,37167-8121
Bennett's Automotive,TEK,3229,17531727,1044,,3,,CATHY,CHISAM,907 BUCKHAVEN DR,,SMYRNA,TN,37167-6427
Bennett's Automotive,TEK,3229,17531653,1044,,3,,ELDRIDGE,ADAMS,412 RANDALL LN,,LA VERGNE,TN,37086-4210
Bennett's Automotive,TEK,3229,17520167,1044,,3,,Phet,Khamvongsa,105 PRINDLE DR,,SMYRNA,TN,37167-3330
Bennett's Automotive,TEK,3229,17516679,1044,,3,,DONNIE,GOLLIHER,475 MARTHA LN,,SMYRNA,TN,37167-5451
Bennett's Automotive,TEK,3229,17522530,1044,,3,,MICHAEL,DOUGLAS,166 LIGHTWOOD DR,,ANTIOCH,TN,37013-3488
Bennett's Automotive,TEK,3229,17523552,1044,,3,,SHAWN,MCGILL,107 CROSSLIN CIR,,SMYRNA,TN,37167-3205
Bennett's Automotive,TEK,3229,17520846,1044,,3,,PAM,MADORIN,709 ALMONDWOOD PL,,LA VERGNE,TN,37086-3810
Bennett's Automotive,TEK,3229,17520956,1044,,3,,LEA,MAITLEN,7000 SPRINGWATER ST,,SMYRNA,TN,37167-1067
Bennett's Automotive,TEK,3229,21449627,1044,,3,,KORWYN,MILLER,407 BARKING DR,,SMYRNA,TN,37167-4879
Bennett's Automotive,TEK,3229,17519666,1044,,3,,PATRICK,MARTIN,5339 GRASSLAND DR,,MURFREESBORO,TN,37129-8408
Bennett's Automotive,TEK,3229,23489360,1044,,3,,Kevin,Wallace,577 FREDERICKSBURG DR,,GALLATIN,TN,37066-4360
Bennett's Automotive,TEK,3229,23867588,1044,,3,,Terra,Buchholz,125 CEDAR FOREST DR,,SMYRNA,TN,37167-6384
Bennett's Automotive,TEK,3229,17518895,1044,,3,,COREY,SMITH,904 PEACHTREE DR,,SMYRNA,TN,37167-2625
Bennett's Automotive,TEK,3229,17516233,1044,,3,,LINDA,PETERSON,413 RAVENCLIFF CT,,SMYRNA,TN,37167-3099
Bennett's Automotive,TEK,3229,24141743,1044,,3,,Bailey,Blake,2014 BLOSSOM VALLEY CT,,MT JULIET,TN,37122-8428
Bennett's Automotive,TEK,3229,24411003,1044,,3,,Teresa,Abriola,6009 HERTFORDSHIRE WAY,,SMYRNA,TN,37167-3382
Bennett's Automotive,TEK,3229,17517453,1044,,3,,RACHEL,NEAL,1307 REINFIELD CT,,SMYRNA,TN,37167-5989
Bennett's Automotive,TEK,3229,17524824,1044,,3,,JUSTIN,HARRISON,370 PLEASANT RUN RD,,SMYRNA,TN,37167-6200
Bennett's Automotive,TEK,3229,17520266,1044,,03,,Curtis,Looper,8010 MOET CT,,SMYRNA,TN,37167-8320
Bennett's Automotive,TEK,3229,17516534,1044,,3,,PAIGE,FANNING,268 THOMPSON RD,,SHELBYVILLE,TN,37160-9270
Bennett's Automotive,TEK,3229,17527629,1044,,3,,SHEILA,DORRIS,8012 MOET CT,,SMYRNA,TN,37167-8320
Bennett's Automotive,TEK,3229,17517165,1044,,3,,Matthew,Shaffer,105 RIDGEVIEW CT,,LA VERGNE,TN,37086-3925
Bennett's Automotive,TEK,3229,21893516,1044,,3,,EDGAR,ROBERTS,403 TY COBB CV,,LA VERGNE,TN,37086-4224
Bennett's Automotive,TEK,3229,17516634,1044,,3,,Cherelle,Brown,104 WRANGLER CT,,SMYRNA,TN,37167-1735
Bennett's Automotive,TEK,3229,29334330,1044,,03,,Andrew,Wester,103 BORDEAUX CT,,SMYRNA,TN,37167-4606
Bennett's Automotive,TEK,3229,17525235,1044,,3,,Beth,Petschonek,111 JOYNER DR APT M5,,SMYRNA,TN,37167-3408
Bennett's Automotive,TEK,3229,17519174,1044,,3,,Jordon,Ligas,5306 ENDURANCE LN,,SMYRNA,TN,37167-6548
Bennett's Automotive,TEK,3229,17528861,1044,,3,,THOMAS,STOVER,236 WELLINGTON WAY,,SMYRNA,TN,37167-6703
Bennett's Automotive,TEK,3229,17528518,1044,,3,,ERIC,CUNNINGHAM,313 SHADOWBROOK DR,,SMYRNA,TN,37167-5168
Bennett's Automotive,TEK,3229,17524705,1044,,3,,SARA,ANDERSON,2819 MEADOWHILL DR,,MURFREESBORO,TN,37130-3343
Bennett's Automotive,TEK,3229,30423321,1044,,03,,Jaeda,Hampton,34 TILGHMAN RD,,KENTON,TN,38233-3053
Bennett's Automotive,TEK,3229,17523591,1044,,3,,Andrew,Sims,1008 LILY ANN CT,,LA VERGNE,TN,37086-5111
Bennett's Automotive,TEK,3229,20002153,1044,,3,,MARK,NICGORSKI,5717 BRIDGEMORE BLVD,,MURFREESBORO,TN,37129-1972
Bennett's Automotive,TEK,3229,30590928,1044,,03,,Linda,Hunt,416 BOBBY DR,,LA VERGNE,TN,37086-2136
Bennett's Automotive,TEK,3229,19720776,1044,,3,,TIANA,LOLAR,351 E SAM RIDLEY PKWY APT T4,,SMYRNA,TN,37167-4356
Bennett's Automotive,TEK,3229,17524211,1044,,3,,WILLIAM,STEVENSON,93 WEAKLEY LN APT I95,,SMYRNA,TN,37167-4375
Bennett's Automotive,TEK,3229,17517210,1044,,3,,ALICE,TABER,2008 HARBOR DR,,SMYRNA,TN,37167-9711
Bennett's Automotive,TEK,3229,21387339,1044,,3,,Charles,Welchance,2009 HARBOR DR,,SMYRNA,TN,37167-9712
Bennett's Automotive,TEK,3229,22028399,1044,,3,,Ollie,Jackson,714 LOU GEHRIG CIR,,LA VERGNE,TN,37086-4289
Bennett's Automotive,TEK,3229,17516866,1044,,3,,ROD,HAM,318 ANDY JOHNS DR,,SMYRNA,TN,37167-4477
Bennett's Automotive,TEK,3229,17521738,1044,,3,,DANIEL,MARTIN,414 RIDGETOP DR,,SMYRNA,TN,37167-5109
Bennett's Automotive,TEK,3229,31666478,1044,,03,,Gabby,Goetzinger,4956 E CALGARY,,MURFREESBORO,TN,37129-8066
Bennett's Automotive,TEK,3229,17530000,1044,,3,,RITCHIE,GRIGGS,1111 TELLICO AVE,,MURFREESBORO,TN,37129-4520
Bennett's Automotive,TEK,3229,20398003,1044,,3,,CRAIG,MITCHELL,PO BOX 11535,,MURFREESBORO,TN,37129-0031
Bennett's Automotive,TEK,3229,22488781,1044,,3,,MATT,HANKERD,5303 PATIENCE DR,,SMYRNA,TN,37167-8443
Bennett's Automotive,TEK,3229,17520926,1044,,3,,JOHNNY,COOPER,422 WESTWOOD DR,,SMYRNA,TN,37167-5097
Bennett's Automotive,TEK,3229,17525779,1044,,3,,CORTEZ,CRITTENDEN,6019 SEDGERIDGE AVE,,MURFREESBORO,TN,37129-8316
Bennett's Automotive,TEK,3229,32671525,1044,,03,,Anita,William,416 ALYDAR DR,,WATERTOWN,TN,37184-4555
Bennett's Automotive,TEK,3229,32877181,1044,,03,,Sean,Brabston,2114 DEBBIE LN,,LA VERGNE,TN,37086-4911
Bennett's Automotive,TEK,3229,17518449,1044,,3,,MIKE,SIEFERT,8336 ELMCROFT CT,,NOLENSVILLE,TN,37135-4028
Bennett's Automotive,TEK,3229,32873596,1044,,03,,Rania,Reynolds,6345 FOREST PARK DR,,NUNNELLY,TN,37137-4907
Bennett's Automotive,TEK,3229,19754895,1044,,3,,Macey,Durbin,206 MOORE AVE,,SMYRNA,TN,37167-2224
Bennett's Automotive,TEK,3229,33297050,1044,,03,,Jill,Torres,1016 CARNATION DR,,SMYRNA,TN,37167-1737
Bennett's Automotive,TEK,3229,33268804,1044,,03,,Jenny,Matthews,5333 WEAKLEY LN,,MT JULIET,TN,37122-7731
Bennett's Automotive,TEK,3229,23487967,1044,,3,,Tracy,Collins,1207 RIMROCK RD,,SMYRNA,TN,37167-4635
Bennett's Automotive,TEK,3229,17526822,1044,,03,,RANDELL,HARLIN,415 ADELINE DR,,SMYRNA,TN,37167-5230
Bennett's Automotive,TEK,3229,17529528,1044,,3,,MARGARET,HESTLA,121 NATCHEZ CT S,,LA VERGNE,TN,37086-2637
Bennett's Automotive,TEK,3229,34201186,1044,,03,,Scott,Hearn,400 SHADOWOOD DR,,SMYRNA,TN,37167-5078
Bennett's Automotive,TEK,3229,17531662,1044,,3,,JOHN,STEM,6912 ROCKY FORK RD,,SMYRNA,TN,37167-6122
Bennett's Automotive,TEK,3229,17528272,1044,,3,,DAVID,CASTLE,832 SOUTHWOODS DR,,SMYRNA,TN,37167-5948
Bennett's Automotive,TEK,3229,17531219,1044,,3,,JIM,LOVELY,407 RAVENCLIFF CT,,SMYRNA,TN,37167-3099
Bennett's Automotive,TEK,3229,17520583,1044,,3,,CHUCK,HOLMES,832 OLD JEFFERSON PIKE,,SMYRNA,TN,37167-5343
Bennett's Automotive,TEK,3229,17524448,1044,,03,,STANLEY,DUNN,209 ONE MILE LN,,SMYRNA,TN,37167-5105
Bennett's Automotive,TEK,3229,17524811,1044,,03,,GREG,RIGGLE,2319 WALES CT,,MURFREESBORO,TN,37129-1377
Bennett's Automotive,TEK,3229,20412352,1044,,3,,HEATHER,MIMMS,3333 CLOVERCROFT DR,,MURFREESBORO,TN,37130-0332
Bennett's Automotive,TEK,3229,17526567,1044,,3,,AMY,BLAYLOCK,4707 CHELANIE CIR,,MURFREESBORO,TN,37129-3588
Bennett's Automotive,TEK,3229,17516838,1044,,3,,KATHY,SKINNER,109 MARBLE CT,,SMYRNA,TN,37167-5271
Bennett's Automotive,TEK,3229,17522274,1044,,3,,CHRISTIAN,HIRLEMAN,1130 ROCKY FORK RD,,SMYRNA,TN,37167-5500
Bennett's Automotive,TEK,3229,17517144,1044,,03,,VAN,BAGGETT,210 MILL CREEK CT,,SMYRNA,TN,37167-4648
Bennett's Automotive,TEK,3229,17526234,1044,,3,,JESS,SHULER,670 KEN PILKERTON DR APT 538,,SMYRNA,TN,37167-3864
Bennett's Automotive,TEK,3229,17526030,1044,,3,,Gary,Allen,6455 NASHVILLE HWY,,COLLEGE GROVE,TN,37046-5103
Bennett's Automotive,TEK,3229,28919717,1044,,03,,Renata,Cowley,164 SULLIVAN TRL,,LA VERGNE,TN,37086-3027
Bennett's Automotive,TEK,3229,17529493,1044,,3,,Tyler,Scholl,843 LAVERGNE LN,,LA VERGNE,TN,37086-4273
Bennett's Automotive,TEK,3229,19080309,1044,,3,,GAGE,TUCKER,500 ROCK SPRINGS RD,,SMYRNA,TN,37167-4146
