Shop Name,Software,SID,CID,WSID,WCID,MBdayMo,TBdayMo,First,Last,Address,Address2,City,St,Zip
Bennett's Automotive,TEK,3229,17525841,1044,,9,,Earl,Caruthers,3883 ALMAVILLE RD,,SMYRNA,TN,37167-5772
Bennett's Automotive,TEK,3229,17527295,1044,,9,,ROB,MATTINGLY,3029 SETTLERS RD,,MURFREESBORO,TN,37129-7102
Bennett's Automotive,TEK,3229,17522982,1044,,9,,Dustin,Hepburn,102 DEER RD,,SMYRNA,TN,37167-9743
Bennett's Automotive,TEK,3229,17518945,1044,,9,,TERRY,CHARLTON,232 WELLINGTON WAY,,SMYRNA,TN,37167-5738
Bennett's Automotive,TEK,3229,17526619,1044,,9,,MADISON,MCFADDEN,702 BUCKSHOT DR,,LEBANON,TN,37087-0232
Bennett's Automotive,TEK,3229,17521317,1044,,9,,RALPH,SMITH,2620 NEW SALEM HWY APT H111,,MURFREESBORO,TN,37128-4336
Bennett's Automotive,TEK,3229,17517079,1044,,9,,FRED,MORRIS,218 MORNINGSIDE DR,,LA VERGNE,TN,37086-2215
Bennett's Automotive,TEK,3229,17530859,1044,,9,,KELVIN,KELSO,5902 SONOMA CT,,SMYRNA,TN,37167-1540
Bennett's Automotive,TEK,3229,17528654,1044,,9,,LUKE,ALEXANDER,306 BARTLETT LN,,SMYRNA,TN,37167-4166
Bennett's Automotive,TEK,3229,17515163,1044,,9,,DAL,MUNG,8014 LOMOND DR,,SMYRNA,TN,37167-4495
Bennett's Automotive,TEK,3229,17517268,1044,,9,,ROBERT,JENKINS,93 WEAKLEY LN APT A1,,SMYRNA,TN,37167-4367
Bennett's Automotive,TEK,3229,17523132,1044,,9,,CHRISTOPHER,HALBERG,2043 ABINGDON DR,,LA VERGNE,TN,37086-3081
Bennett's Automotive,TEK,3229,17525940,1044,,9,,BRAD,TODD,5026 BETSY ANN AVE,,MURFREESBORO,TN,37129-8690
Bennett's Automotive,TEK,3229,17517264,1044,,9,,KEVIN,SUMMERS,PO BOX 204,,HERMITAGE,TN,37076-0204
Bennett's Automotive,TEK,3229,17517482,1044,,9,,Steve,Janke,110 TRUNDLE ST,,MURFREESBORO,TN,37128-3763
Bennett's Automotive,TEK,3229,17516673,1044,,9,,MARQUIS,OSBORNE,804 POWDER HORN DR,,SMYRNA,TN,37167-5038
Bennett's Automotive,TEK,3229,17523339,1044,,9,,BEN,BRATCHER,713 BRUSHY RIDGE DR,,LA VERGNE,TN,37086-4155
Bennett's Automotive,TEK,3229,17525126,1044,,9,,CORNELL,READ,524 MASON TUCKER DR,,SMYRNA,TN,37167-5931
Bennett's Automotive,TEK,3229,17517225,1044,,9,,TBRIA,LOLLAR,1505 HILLY CT,,LA VERGNE,TN,37086-5285
Bennett's Automotive,TEK,3229,17523718,1044,,9,,WAYNE,PIERCE,1200 STARWIND TRL,,LA VERGNE,TN,37086-3079
Bennett's Automotive,TEK,3229,17524841,1044,,9,,CHARLES,BUCHANON,PO BOX 71,,SMYRNA,TN,37167-0071
Bennett's Automotive,TEK,3229,17520864,1044,,9,,BOB,POULIN,43 SCOLLY ST,,WARWICK,RI,02889-8247
Bennett's Automotive,TEK,3229,17531581,1044,,9,,LEIGH,BILLS,1711 SUMMERFIELD DR APT 6,,LEBANON,TN,37087-4826
Bennett's Automotive,TEK,3229,17531212,1044,,9,,RANDALL,VANNS,133 LAKEPOINTE RD,,LA VERGNE,TN,37086-2630
Bennett's Automotive,TEK,3229,17522604,1044,,9,,SID,SALMONS,219 BLACK HAWK WAY,,MURFREESBORO,TN,37127-6391
Bennett's Automotive,TEK,3229,17527391,1044,,9,,ED,JOHNSON,301 ROBERT E LEE LN,,SMYRNA,TN,37167-7203
Bennett's Automotive,TEK,3229,17524104,1044,,9,,Trina,Hart,5232 GRASSLAND DR,,MURFREESBORO,TN,37129-8410
Bennett's Automotive,TEK,3229,17530173,1044,,9,,BILLY,MOONEY,435 ADELINE DR,,SMYRNA,TN,37167-5230
Bennett's Automotive,TEK,3229,17521992,1044,,9,,JOHN,STATON,1563 RIDGEMONT DR,,LA VERGNE,TN,37086-3160
Bennett's Automotive,TEK,3229,17526833,1044,,9,,Mark,Corrado,516 WILMOORE CT,,SMYRNA,TN,37167-9503
Bennett's Automotive,TEK,3229,17525598,1044,,9,,JIMMY,OXLEY,1711 DOVER ST,,MURFREESBORO,TN,37130-1213
Bennett's Automotive,TEK,3229,17529617,1044,,9,,FREDDY,HEDGEPATH,207 LEXINGTON DR,,SMYRNA,TN,37167-4600
Bennett's Automotive,TEK,3229,17523653,1044,,9,,THOMAS,SLAYDEN,4316 WINTON DR,,ANTIOCH,TN,37013-2936
Bennett's Automotive,TEK,3229,17528143,1044,,9,,Roland,Gordon,1002 SAM DAVIS RD,,SMYRNA,TN,37167-2315
Bennett's Automotive,TEK,3229,17530154,1044,,9,,JOY,SWEANEY,210 AKIN ST,,LA VERGNE,TN,37086-3701
Bennett's Automotive,TEK,3229,17531230,1044,,9,,Carl,Stophlet,102 BUSTER ST,,SMYRNA,TN,37167-3100
Bennett's Automotive,TEK,3229,17527022,1044,,9,,CHUCK,NICHOLAS,1228 ROCKEFORD DR,,NASHVILLE,TN,37221-4151
Bennett's Automotive,TEK,3229,17530378,1044,,9,,NIKKI,BROWN,1174 MANTLE WAY,,MURFREESBORO,TN,37129-7899
Bennett's Automotive,TEK,3229,17523210,1044,,9,,David.,Wright,687 ALMONDWOOD PL,,LA VERGNE,TN,37086-3825
Bennett's Automotive,TEK,3229,17518177,1044,,9,,SHERRI,KYLE,607 KNOLLWOOD DR,,LA VERGNE,TN,37086-4153
Bennett's Automotive,TEK,3229,17522192,1044,,9,,Hannah,Trainor,203 BRANCH TRL,,SMYRNA,TN,37167-2802
Bennett's Automotive,TEK,3229,17528708,1044,,9,,JOHN,HUTCHINSON,904 VAN LEER DR,,NASHVILLE,TN,37220-1116
Bennett's Automotive,TEK,3229,17527298,1044,,9,,LISA,LOWERY,2831 CASTLEREA DR,,MURFREESBORO,TN,37128-7527
Bennett's Automotive,TEK,3229,17521537,1044,,9,,ISAAC,JAMES,212 PRAIRIEVIEW DR,,MURFREESBORO,TN,37127-7765
Bennett's Automotive,TEK,3229,17525837,1044,,9,,Powell,Ropp,520 ELLIE LEE DR,,SMYRNA,TN,37167-4482
Bennett's Automotive,TEK,3229,17527909,1044,,9,,CHARLIE,WEAVER,118 BEAGLE RUN,,MOUNT JULIET,TN,37122-4029
Bennett's Automotive,TEK,3229,17522552,1044,,9,,Heather,Davenport,908 N 9TH ST,,SPRINGFIELD,IL,62702-3946
Bennett's Automotive,TEK,3229,17521180,1044,,9,,HAILEY,ARSENAULT,166 IRVIN RD,,LA VERGNE,TN,37086-3370
Bennett's Automotive,TEK,3229,17531943,1044,,9,,JAMES,SIMS,2105 TIMBERWOOD PL,,NASHVILLE,TN,37215-5010
Bennett's Automotive,TEK,3229,17527802,1044,,9,,JOHNNY,TRUONG,2013 EMMA KATE CT,,LA VERGNE,TN,37086-5115
Bennett's Automotive,TEK,3229,17528235,1044,,9,,MATTHEW,JOHNSON,207 COLLEGE ST,,SMYRNA,TN,37167-2953
Bennett's Automotive,TEK,3229,17516150,1044,,9,,BAYLIN,MATTHEWS,1416 CORAL RIDGE DR,,PUNTA GORDA,FL,33950-7218
Bennett's Automotive,TEK,3229,17526909,1044,,9,,BRANDON,HURST,420 SHAMROCK DR,,SMYRNA,TN,37167-5944
Bennett's Automotive,TEK,3229,17531745,1044,,9,,TERESA,OWENS,228 ALMAVILLE RD,,SMYRNA,TN,37167-4253
Bennett's Automotive,TEK,3229,17530885,1044,,9,,SUSAN,WOOD,4381 CAMPBELL RD,,MOUNT JULIET,TN,37122-7701
Bennett's Automotive,TEK,3229,17525026,1044,,9,,MONICA,FROST,104 CEDARCROFT CT,,ANTIOCH,TN,37013-1305
Bennett's Automotive,TEK,3229,17520017,1044,,9,,BRADLEY,KINNISON,104 BANKSIDE DR,,SMYRNA,TN,37167-6700
Bennett's Automotive,TEK,3229,17515141,1044,,9,,SHANITRA,JACKSON,607 MASON TUCKER DR,,SMYRNA,TN,37167-5935
Bennett's Automotive,TEK,3229,17523247,1044,,9,,Ben,TRUSSEL,5153 CICADA CIR,,MURFREESBORO,TN,37129-8668
Bennett's Automotive,TEK,3229,17515905,1044,,9,,JEFF,GRUBBS,217 HAGER DR,,SMYRNA,TN,37167-3611
Bennett's Automotive,TEK,3229,17526067,1044,,9,,LARA,FINLEY,215 E NORTHFIELD BLVD,,MURFREESBORO,TN,37130-2146
Bennett's Automotive,TEK,3229,17523378,1044,,9,,JUSTIN,KEITH,3030 REGENCY PARK DR,,MURFREESBORO,TN,37129-5205
Bennett's Automotive,TEK,3229,17519726,1044,,9,,BECKY,RAY,102 CLIFFORD CT,,SMYRNA,TN,37167-5190
Bennett's Automotive,TEK,3229,17521614,1044,,9,,BRENDA,GOINS,5370 ROCK SPRINGS RD,,SMYRNA,TN,37167-6155
Bennett's Automotive,TEK,3229,17525945,1044,,9,,LARRY,MILLER,510 MARY ST,,SMYRNA,TN,37167-2220
Bennett's Automotive,TEK,3229,17526513,1044,,9,,Nadia,Suradi,111 JANUARY ST,,MURFREESBORO,TN,37129-3420
Bennett's Automotive,TEK,3229,17523709,1044,,9,,LAURIE,WALDRON,500 ELLIE LEE DR,,SMYRNA,TN,37167-4482
Bennett's Automotive,TEK,3229,17528335,1044,,9,,DAVID,MacBeth,9012 BYLER CT,,SMYRNA,TN,37167-7402
Bennett's Automotive,TEK,3229,17515156,1044,,9,,JOSH,LANDIS,413 STONETREE DR,,SMYRNA,TN,37167-5121
Bennett's Automotive,TEK,3229,17519490,1044,,9,,KEVIN,WHITFEILD,204 BRANCH TRL,,SMYRNA,TN,37167-2803
Bennett's Automotive,TEK,3229,17516984,1044,,9,,ANN,COX,1318 ARBOR LAKE BLVD,,HERMITAGE,TN,37076-2924
Bennett's Automotive,TEK,3229,17527304,1044,,9,,KENT,TAYLOR,105 HOLSTON DR,,SMYRNA,TN,37167-2717
Bennett's Automotive,TEK,3229,17518581,1044,,9,,HUGH,JONES,1917 BASKINBROOK CT,,MURFREESBORO,TN,37130-1856
Bennett's Automotive,TEK,3229,17529308,1044,,9,,CHELSEA,DAWKINS,4530 S WOODLAWN AVE UNIT 607,,CHICAGO,IL,60653-4484
Bennett's Automotive,TEK,3229,17519960,1044,,9,,CHRISTIAN,LOVELY,5005 CHIVALRY CT,,SMYRNA,TN,37167-8363
Bennett's Automotive,TEK,3229,17523828,1044,,9,,KATHY,FOSTER,4858 SEMINARY RD,,SMYRNA,TN,37167-5439
Bennett's Automotive,TEK,3229,17530484,1044,,9,,CLIFF,DEBRUCE,965 MOCKINGBIRD AVE,,HENRY,TN,38231-3828
Bennett's Automotive,TEK,3229,17518210,1044,,9,,KEVIN,BRACKEN,301 MELPAR DR,,NASHVILLE,TN,37211-5405
Bennett's Automotive,TEK,3229,17517214,1044,,9,,FABIOLA,TAYLOR,1702 LONE JACK LN,,MURFREESBORO,TN,37129-3849
Bennett's Automotive,TEK,3229,17529774,1044,,9,,JOSH,DYER,328 MCCLARAN PL,,MURFREESBORO,TN,37129-3740
Bennett's Automotive,TEK,3229,17522764,1044,,9,,VIRA,KING,600 NISSAN DR APT 73,,SMYRNA,TN,37167-3140
Bennett's Automotive,TEK,3229,17524982,1044,,9,,GEORGE,HORTON,203 TODD LN,,SMYRNA,TN,37167-3226
Bennett's Automotive,TEK,3229,17524867,1044,,9,,NKUMU,TELA,150 MARY JOE MARTIN DR,,LA VERGNE,TN,37086-5264
Bennett's Automotive,TEK,3229,17518172,1044,,9,,CHARLES,PHELAN,11275 POWELLS CHAPEL RD,,LEBANON,TN,37090-9308
Bennett's Automotive,TEK,3229,17517187,1044,,9,,Dakota,Martin,600 WEAKLEY LN,,SMYRNA,TN,37167-4800
Bennett's Automotive,TEK,3229,17523518,1044,,9,,JOHN,GUFFEY,247 PEEBLES DR,,SMYRNA,TN,37167-5735
Bennett's Automotive,TEK,3229,17524619,1044,,9,,Robert,Pitt,1820 NORENE RD,,LEBANON,TN,37090-0711
Bennett's Automotive,TEK,3229,17529868,1044,,9,,AMBER,COLLIER,120 PARTRIDGE CT,,SMYRNA,TN,37167-3107
Bennett's Automotive,TEK,3229,17530853,1044,,9,,ANGELA,GRAVES,107 CROCKETT CT,,SMYRNA,TN,37167-5002
Bennett's Automotive,TEK,3229,17520026,1044,,9,,RODNEY,VADEN,2705 MORTON LN,,SMYRNA,TN,37167-6732
Bennett's Automotive,TEK,3229,17528273,1044,,09,,Reggie,Brockman,106 FRANCES KING DR,,SMYRNA,TN,37167-5351
Bennett's Automotive,TEK,3229,17522806,1044,,9,,CRYSTAL,MARTIN,2901 GREENTREE DR,,SMYRNA,TN,37167-6197
Bennett's Automotive,TEK,3229,17525243,1044,,9,,DERRICK,HUGHES,308 KIMBERLY ANN CT,,LA VERGNE,TN,37086-3291
Bennett's Automotive,TEK,3229,17522599,1044,,9,,Jeramiah,Cox,1102 EARHEART PL APT D,,LEBANON,TN,37090-4006
Bennett's Automotive,TEK,3229,17522579,1044,,9,,MONIQUE,BEALE,127 CEDAR FOREST DR,,SMYRNA,TN,37167-5070
Bennett's Automotive,TEK,3229,17529844,1044,,9,,JUSTIN,VARGA,411 BLUEGRASS CT,,SMYRNA,TN,37167-5401
Bennett's Automotive,TEK,3229,17531992,1044,,9,,Lisa,Evans,411 ASHTON CIR,,SMYRNA,TN,37167-1508
Bennett's Automotive,TEK,3229,17524298,1044,,9,,RAY,HUNTER,6006 EUGENE DR,,SMYRNA,TN,37167-9381
Bennett's Automotive,TEK,3229,17516691,1044,,9,,MONIKA,SORENSEN,8008 MAGGIE CT,,ANTIOCH,TN,37013-3955
Bennett's Automotive,TEK,3229,17518722,1044,,9,,GINA,VILLEMAIN,2210 LANGTRY CT,,MURFREESBORO,TN,37129-6421
Bennett's Automotive,TEK,3229,17528752,1044,,9,,CLARENCE,CRAWLEY,2000 E MCLAUGHLIN ST,,SMYRNA,TN,37167-8445
Bennett's Automotive,TEK,3229,17517728,1044,,9,,Rosina,Henderson,305 LEXINGTON DR,,SMYRNA,TN,37167-4615
Bennett's Automotive,TEK,3229,17527476,1044,,9,,REMON,BOLES,1211 MACEY PERI WAY,,SMYRNA,TN,37167-0689
Bennett's Automotive,TEK,3229,17527811,1044,,9,,DEBRA,BROWN,2011 BRADYVILLE PIKE,,MURFREESBORO,TN,37130-6094
Bennett's Automotive,TEK,3229,17527514,1044,,9,,KELSY,BEARD,1433 DODD TRL,,MURFREESBORO,TN,37128-7620
Bennett's Automotive,TEK,3229,17531463,1044,,9,,Catherine,Bovell,1016 CHERYL LN,,LA VERGNE,TN,37086-4501
Bennett's Automotive,TEK,3229,17529791,1044,,9,,BRETT,TOWN,112 ANNADEL CT,,MURFREESBORO,TN,37128-3779
Bennett's Automotive,TEK,3229,17529174,1044,,9,,Melinda,Stover,2063 KENNEDY CREEK RD,,AUBURNTOWN,TN,37016-9621
Bennett's Automotive,TEK,3229,17531771,1044,,9,,JESSE,WILLIAMS,6025 COOKS LN,,SMYRNA,TN,37167-6007
Bennett's Automotive,TEK,3229,17519955,1044,,9,,ROBERT,MATTHEWS,103 RIVERWOOD DR,,LA VERGNE,TN,37086-2029
Bennett's Automotive,TEK,3229,17516454,1044,,9,,RUTH,HUDNALL,310 CARTER ST,,SMYRNA,TN,37167-2404
Bennett's Automotive,TEK,3229,17529034,1044,,9,,RAYSTNIA,WALLACE,2772 BROOKRUN RD,,MURFREESBORO,TN,37129-3117
Bennett's Automotive,TEK,3229,17517593,1044,,9,,DARREN,DURMON,122A STONEWALL DR,,SMYRNA,TN,37167-2130
Bennett's Automotive,TEK,3229,17531376,1044,,9,,MARY,ADOLFSON,800 JAY CT,,SMYRNA,TN,37167-5511
Bennett's Automotive,TEK,3229,17531772,1044,,9,,DONNELL,RODGERS,501 SHOMA DR,,SHELBYVILLE,TN,37160-3021
Bennett's Automotive,TEK,3229,17516664,1044,,9,,JACK,HUNLEY,400 ACORN CT,,SMYRNA,TN,37167-5510
Bennett's Automotive,TEK,3229,17515654,1044,,9,,Darryl,Cramer,201 SUFFIELD DR,,SMYRNA,TN,37167-5112
Bennett's Automotive,TEK,3229,17524548,1044,,9,,DENISE,WATES,4732 ROCKY FORK RD,,SMYRNA,TN,37167-6118
Bennett's Automotive,TEK,3229,17527149,1044,,9,,CORY,GIBSON,PO BOX 227,,PELLA,IA,50219-0227
Bennett's Automotive,TEK,3229,17530777,1044,,9,,Heather,Smith,1753 WOODLAND POINTE DR,,NASHVILLE,TN,37214-4393
Bennett's Automotive,TEK,3229,17515784,1044,,9,,RANDY,HUTCHISON,110 OAK ST,,SMYRNA,TN,37167-2615
Bennett's Automotive,TEK,3229,17524005,1044,,9,,ROB,MCDONALD,5697 SEMINARY RD,,SMYRNA,TN,37167-5464
Bennett's Automotive,TEK,3229,17519533,1044,,9,,Anthony,Arneson,2941 TWO DEER TRL,,MURFREESBORO,TN,37129-7106
Bennett's Automotive,TEK,3229,17523988,1044,,9,,BOB,YANEZ,2418 BRIDGEWAY ST,,MURFREESBORO,TN,37128-4963
Bennett's Automotive,TEK,3229,17527334,1044,,9,,JASON,KING,311 ALEXIS DR,,SMYRNA,TN,37167-5570
Bennett's Automotive,TEK,3229,17531709,1044,,9,,Ann,Hale,1885 ABBEY WOOD DR,,NOLENSVILLE,TN,37135-1636
Bennett's Automotive,TEK,3229,17516004,1044,,9,,SCOTT,TUDOR,1503 WISAN CT,,SMYRNA,TN,37167-6291
Bennett's Automotive,TEK,3229,17521981,1044,,9,,KRIS,MASON,185 BEVERLY RANDOLPH DR,,MURFREESBORO,TN,37129-1895
Bennett's Automotive,TEK,3229,17528194,1044,,9,,RALPH,DODSON,721 SAINT FRANCIS AVE,,SMYRNA,TN,37167-6364
Bennett's Automotive,TEK,3229,17530164,1044,,9,,MIKE,SHORT,112 SAINT MARYS CT,,SMYRNA,TN,37167-6140
Bennett's Automotive,TEK,3229,17532150,1044,,9,,MONICA,WATTS,411 PASADENA DR,,SMYRNA,TN,37167-1148
Bennett's Automotive,TEK,3229,17518097,1044,,9,,DWANDA,SPEARMAN,522 SONDRA DR,,SMYRNA,TN,37167-4703
Bennett's Automotive,TEK,3229,17524531,1044,,9,,JESSICA,BOUDREAUX,701 ENON SPRINGS RD E LOT 15,,SMYRNA,TN,37167-4449
Bennett's Automotive,TEK,3229,17523389,1044,,9,,JOHNNY,HENN,202 TREETOP CT,,SMYRNA,TN,37167-4829
Bennett's Automotive,TEK,3229,17530998,1044,,9,,MARGARET,SMITH,907 SEVEN OAKS BLVD,,SMYRNA,TN,37167-6464
Bennett's Automotive,TEK,3229,17521482,1044,,9,,Steve,Anderson,6954 PARK DR,,LYLES,TN,37098-1837
Bennett's Automotive,TEK,3229,18337146,1044,,9,,JOE,TWILLEY,508 SAINT FRANCIS AVE,,SMYRNA,TN,37167-6367
Bennett's Automotive,TEK,3229,17521797,1044,,9,,ROB,REEVES,968 PLEASANT RUN RD,,SMYRNA,TN,37167-6211
Bennett's Automotive,TEK,3229,19118302,1044,,9,,CASSANDRA,EADDY,1105 ODOM CT,,SMYRNA,TN,37167-5969
Bennett's Automotive,TEK,3229,17523494,1044,,9,,Charles,Mitchell,202 BLUEWATER CT,,LA VERGNE,TN,37086-2659
Bennett's Automotive,TEK,3229,19281225,1044,,9,,Richard,Hensley,488 MARTHA LN,,SMYRNA,TN,37167-5452
Bennett's Automotive,TEK,3229,19508153,1044,,9,,Jennifer,Anderson,104 STANDING ROCK CT,,SMYRNA,TN,37167-5594
Bennett's Automotive,TEK,3229,17521680,1044,,09,,CHRISTI,HAUSKINS,102 BERNICE CT,,SMYRNA,TN,37167-5266
Bennett's Automotive,TEK,3229,17519275,1044,,9,,DEREK,KNOTTS,522 LIBERTY DR,,SMYRNA,TN,37167-6501
Bennett's Automotive,TEK,3229,17524251,1044,,9,,Sherrie,McAnn,112 BORDEAUX CT,,SMYRNA,TN,37167-4605
Bennett's Automotive,TEK,3229,19991754,1044,,9,,MICHEAL,HINKLE,401 MAYFIELD CIR,,SMYRNA,TN,37167-3043
Bennett's Automotive,TEK,3229,20000775,1044,,9,,ISABEL,EDOUARD,3078 LINCOYA BAY DR,,NASHVILLE,TN,37214-2648
Bennett's Automotive,TEK,3229,17515521,1044,,9,,TROY,PECHMAN,7932 KIRKFIELD DR,,NASHVILLE,TN,37211-4697
Bennett's Automotive,TEK,3229,17521735,1044,,9,,Susan,Elliott,141 OLD WALDRON RD,,LA VERGNE,TN,37086-4400
Bennett's Automotive,TEK,3229,17521556,1044,,9,,MISSY,PRICE,1004 GLENDA DR,,MURFREESBORO,TN,37128-6194
Bennett's Automotive,TEK,3229,19077191,1044,,09,,JAMES,HOLLIDAY,4322 SPREGAN WAY,,SMYRNA,TN,37167-0719
Bennett's Automotive,TEK,3229,20158944,1044,,9,,TAYLOR,VAIL,4940 MAJOR DR,,MURFREESBORO,TN,37129-3014
Bennett's Automotive,TEK,3229,17516593,1044,,9,,MARY ANN,BROWN,216 ALMAVILLE RD,,SMYRNA,TN,37167-4253
Bennett's Automotive,TEK,3229,20759779,1044,,9,,Shawn,Limberg,414 PLEASANT ST,,BEAVER DAM,WI,53916-1146
Bennett's Automotive,TEK,3229,20401112,1044,,9,,BOBBY,DYE,2700 MORTON LN,,SMYRNA,TN,37167-6731
Bennett's Automotive,TEK,3229,20768752,1044,,9,,LINDA,THOMAS,3052 GEORGE BUCHANAN DR,,LA VERGNE,TN,37086-3194
Bennett's Automotive,TEK,3229,20398088,1044,,9,,RAYMOND,TERRELL,2472 SENSENEY DR,,CLARKSVILLE,TN,37042-4699
Bennett's Automotive,TEK,3229,20851913,1044,,9,,JAMES,HOLMES,3043 ACE WINTERMEYER DR,,LA VERGNE,TN,37086-3472
Bennett's Automotive,TEK,3229,20871470,1044,,9,,DEBRA,KELLEY,7825 ELLEN DR,,SMYRNA,TN,37167-7560
Bennett's Automotive,TEK,3229,17525359,1044,,9,,SHELLY,WHITE,3727 HENRICKS HILL DR,,SMYRNA,TN,37167-6185
Bennett's Automotive,TEK,3229,17525823,1044,,9,,RON,DELAGARZA,602 WINTHROP AVE,,SMYRNA,TN,37167-3143
Bennett's Automotive,TEK,3229,17527235,1044,,9,,KEARA,WOOD,501 MADISON DR,,LA VERGNE,TN,37086-3969
Bennett's Automotive,TEK,3229,17528537,1044,,9,,JEFF,SANDERS,613 GENERAL BARKSDALE DR,,SMYRNA,TN,37167-4229
Bennett's Automotive,TEK,3229,21383608,1044,,9,,CHARLES,BRUCE,301 GLENROSE LN,,SMYRNA,TN,37167-5142
Bennett's Automotive,TEK,3229,17523145,1044,,9,,Carl,Seals,127 EASTSIDE CT,,LA VERGNE,TN,37086-2204
Bennett's Automotive,TEK,3229,17529990,1044,,9,,STEPHEN,TWIGG,1814 EAGLE ST,,MURFREESBORO,TN,37130-4658
Bennett's Automotive,TEK,3229,17516707,1044,,9,,BOBBY,JOHNSON,501 JOHN ROSS DR,,LA VERGNE,TN,37086-2134
Bennett's Automotive,TEK,3229,21180274,1044,,9,,TOM,HARTMAN,7505 CATHERINE ST,,MURFREESBORO,TN,37129-2950
Bennett's Automotive,TEK,3229,22083737,1044,,9,,Jeanie,Bowles,530 MCKEAN DR,,SMYRNA,TN,37167-4870
Bennett's Automotive,TEK,3229,21880973,1044,,9,,LEIGH,PEDERSEN,817 FARMINGDALE DR,,LA VERGNE,TN,37086-3972
Bennett's Automotive,TEK,3229,22472242,1044,,9,,Brian,Grogan,414 BEAUMONT DR,,MURFREESBORO,TN,37129-3978
Bennett's Automotive,TEK,3229,17518559,1044,,9,,DOYLE,FRANKLIN,609 TAMMY CIR,,SMYRNA,TN,37167-3399
Bennett's Automotive,TEK,3229,17531947,1044,,9,,FRANCIA,DALMACY,1524 CLAYTON DR,,SMYRNA,TN,37167-6471
Bennett's Automotive,TEK,3229,17526695,1044,,9,,Kevin,Whitfield,204 BRANCH TRL,,SMYRNA,TN,37167-2803
Bennett's Automotive,TEK,3229,17516264,1044,,9,,JAMES,MOSLEY,149 GREENWOOD DR,,LA VERGNE,TN,37086-3306
Bennett's Automotive,TEK,3229,21871567,1044,,9,,Darius,Krawiec,1221 SPRUELL DR,,NOLENSVILLE,TN,37135-2990
Bennett's Automotive,TEK,3229,21689174,1044,,9,,Michael,Paxson,428 MCAMOORE DR,,SMYRNA,TN,37167-9550
Bennett's Automotive,TEK,3229,17516843,1044,,9,,SAMUEL,LEE,6991 BUFFALO DR,,LA VERGNE,TN,37086-5104
Bennett's Automotive,TEK,3229,23393422,1044,,9,,Matthew,Lackey,153 LYNDHURST DR,,LA VERGNE,TN,37086-3487
Bennett's Automotive,TEK,3229,17527956,1044,,9,,KENNETH,EASTVOLD,426 ADDIE DR,,SMYRNA,TN,37167-4125
Bennett's Automotive,TEK,3229,17524055,1044,,9,,KRISTY,BRADLEY,714 BUFORD ST,,SMYRNA,TN,37167-4735
Bennett's Automotive,TEK,3229,23488359,1044,,9,,Timothy,Wheetley,6047 LEE AVE,,MURFREESBORO,TN,37129-4700
Bennett's Automotive,TEK,3229,17523773,1044,,9,,CHRIS,SWANNER,119 YOCUM DR,,SMYRNA,TN,37167-5557
Bennett's Automotive,TEK,3229,23530323,1044,,9,,Kelly,Welch,122 ROSE ST,,LA VERGNE,TN,37086-2917
Bennett's Automotive,TEK,3229,24181078,1044,,9,,MELANIE,FUHRER,212 PEBBLE PL,,SMYRNA,TN,37167-2329
Bennett's Automotive,TEK,3229,17528269,1044,,9,,PAUL,BROWN,208 WHITNEY DR,,SMYRNA,TN,37167-5272
Bennett's Automotive,TEK,3229,17531320,1044,,9,,MARK,MAYES,388 SAINT FRANCIS AVE,,SMYRNA,TN,37167-6385
Bennett's Automotive,TEK,3229,24217180,1044,,9,,Kaye,Webb,518 E GRESHAM DR,,SMYRNA,TN,37167-2205
Bennett's Automotive,TEK,3229,17523610,1044,,9,,MACK,ALEXANDER,111 EDISON CIR,,SMYRNA,TN,37167-4810
Bennett's Automotive,TEK,3229,24401595,1044,,9,,Thomas,Williams,805 SADIE ANN CT,,SMYRNA,TN,37167-3445
Bennett's Automotive,TEK,3229,17518713,1044,,9,,TITRA,WEBB,1159 COTILLION DR,,MURFREESBORO,TN,37128-1681
Bennett's Automotive,TEK,3229,17518969,1044,,9,,DON,GODBY,PO BOX 731,,SMYRNA,TN,37167-0731
Bennett's Automotive,TEK,3229,17522337,1044,,9,,SHAWNA,PATTERSON,418 JONESBORO CT,,LA VERGNE,TN,37086-2639
Bennett's Automotive,TEK,3229,17516961,1044,,9,,TOM,DELKER,113 RICHLAND AVE,,SMYRNA,TN,37167-2967
Bennett's Automotive,TEK,3229,25963702,1044,,09,,Vicki,Davis,8221 LISA LN,,SMYRNA,TN,37167-3363
Bennett's Automotive,TEK,3229,17528866,1044,,9,,EDDIE,SULLIVAN,452 CAMPFIRE DR,,MURFREESBORO,TN,37129-4062
Bennett's Automotive,TEK,3229,27333410,1044,,09,,Adam,Clapp,1401 BAIRDSCORNER DR,,MURFREESBORO,TN,37130-7185
Bennett's Automotive,TEK,3229,17517783,1044,,9,,CHRIS,LOGUE,1467 PRECEPT DR,,MURFREESBORO,TN,37129-4287
Bennett's Automotive,TEK,3229,17518999,1044,,9,,JAMES,WALLS,1117 EMMA MAY PT,,SMYRNA,TN,37167-8261
Bennett's Automotive,TEK,3229,17528798,1044,,9,,BOB,ALLEN,11140 SPANTOWN RD,,ARRINGTON,TN,37014-4905
Bennett's Automotive,TEK,3229,27861213,1044,,09,,RYAN,ENGLISH,400 MITCHELL AVE,,SMYRNA,TN,37167-2427
Bennett's Automotive,TEK,3229,17519631,1044,,9,,DAVID,ALLEN,402 LIBERTY DR,,SMYRNA,TN,37167-5299
Bennett's Automotive,TEK,3229,21854118,1044,,9,,CINDY,HUNDLEY,808 VALLEY DR,,SMYRNA,TN,37167-4246
Bennett's Automotive,TEK,3229,22072453,1044,,9,,DILLON,DISSELKOEN,400 CHANEY RD APT 302,,SMYRNA,TN,37167-2650
Bennett's Automotive,TEK,3229,17524704,1044,,9,,Karron,Pointer,513 BULLDOG CIR,,SMYRNA,TN,37167-4668
Bennett's Automotive,TEK,3229,28913623,1044,,09,,GARY,BLAIR,3256 ALLEN BARRETT RD,,MURFREESBORO,TN,37129-7445
Bennett's Automotive,TEK,3229,29133932,1044,,09,,Luvanna,Nelson,5921 COVENT LN,,SMYRNA,TN,37167-0620
Bennett's Automotive,TEK,3229,17526403,1044,,9,,MIKE,TERRY,203 WELLINGTON WAY,,SMYRNA,TN,37167-5739
Bennett's Automotive,TEK,3229,17519148,1044,,9,,MEAGAN,DUNAGAN,301 CROWS NEST ALY,,NOLENSVILLE,TN,37135-8471
Bennett's Automotive,TEK,3229,17518881,1044,,9,,Alex,Waterson,1329 STEWART CREEK RD,,MURFREESBORO,TN,37129-2695
Bennett's Automotive,TEK,3229,29329012,1044,,09,,JaAndra,Sanders,1732 MANNING DR,,CLARKSVILLE,TN,37042-7958
Bennett's Automotive,TEK,3229,29356326,1044,,09,,Jack,Mancini,606 COOKSTOWN DR,,SMYRNA,TN,37167-8102
Bennett's Automotive,TEK,3229,17530330,1044,,9,,TONY,SUGGS,604 COOKSTOWN DR,,SMYRNA,TN,37167-8102
Bennett's Automotive,TEK,3229,17527085,1044,,9,,Jean,MORRIS,2019 HARBOR DR,,SMYRNA,TN,37167-9712
Bennett's Automotive,TEK,3229,17530454,1044,,9,,JON,SEMLER,425 KESWICK CT,,SMYRNA,TN,37167-4853
Bennett's Automotive,TEK,3229,19504917,1044,,9,,Leslie,Jester,93 WEAKLEY LN APT G69,,SMYRNA,TN,37167-4371
Bennett's Automotive,TEK,3229,30618431,1044,,09,,Allyson,Tolson,5023 SULPHUR SPRINGS RD,,MURFREESBORO,TN,37129-7207
Bennett's Automotive,TEK,3229,30597271,1044,,09,,CLUSTER,CLARK,435 RICK MCCORMICK DR,,LA VERGNE,TN,37086-1708
Bennett's Automotive,TEK,3229,17525149,1044,,9,,JANET,WALTER,417 ANDOVER DR,,SMYRNA,TN,37167-5146
Bennett's Automotive,TEK,3229,17517274,1044,,9,,BILL,KNIGHT,8762 COUCHVILLE PIKE,,MOUNT JULIET,TN,37122-7612
Bennett's Automotive,TEK,3229,17520224,1044,,9,,Miriah,Sonneman,4036 CODY DR,,LA VERGNE,TN,37086-3479
Bennett's Automotive,TEK,3229,28918321,1044,,09,,Michael,Pitts,5013 COUNTRYSIDE DR,,ANTIOCH,TN,37013-1831
Bennett's Automotive,TEK,3229,23870461,1044,,09,,Lisa,Taylor,407 SANDI CT,,SMYRNA,TN,37167-5298
Bennett's Automotive,TEK,3229,17520906,1044,,9,,LAURIE,EAKES,109 TWIN JOHNSON DR,,LA VERGNE,TN,37086-2633
Bennett's Automotive,TEK,3229,17521960,1044,,9,,MICHAEL,OCONNOR,407 SANDI CT,,SMYRNA,TN,37167-5298
Bennett's Automotive,TEK,3229,31390326,1044,,09,,Mario,Bowman,5730 HIDDEN CRK,,SMYRNA,TN,37167-2949
Bennett's Automotive,TEK,3229,17527694,1044,,9,,LINDSEY,ANDERSON,6082 CREEKMONT DR,,MURFREESBORO,TN,37129-8301
Bennett's Automotive,TEK,3229,31662873,1044,,09,,James,Rogers,108 BROOKFIELD CT,,SMYRNA,TN,37167-4828
Bennett's Automotive,TEK,3229,32050173,1044,,09,,Aaron,Massina,613 BROOKSBORO TER,,NASHVILLE,TN,37217-3352
Bennett's Automotive,TEK,3229,17518234,1044,,9,,RAUL,PEREZ,316 ANDY JOHNS DR,,SMYRNA,TN,37167-4477
Bennett's Automotive,TEK,3229,32053783,1044,,09,,Velda,Spain,305 BATTLEWOOD AVE,,SMYRNA,TN,37167-4238
Bennett's Automotive,TEK,3229,17526914,1044,,09,,CLINTON,BRYANT,201 DOGWOOD LN,,SMYRNA,TN,37167-5067
Bennett's Automotive,TEK,3229,17520389,1044,,9,,KATHY,WERLE,621 GLENTIES DR,,SMYRNA,TN,37167-5789
Bennett's Automotive,TEK,3229,17530616,1044,,9,,James,Rowe,521 JOHNSTOWN DR,,SMYRNA,TN,37167-8114
Bennett's Automotive,TEK,3229,32648898,1044,,09,,David,Cropper,123 MANKIN ST,,LA VERGNE,TN,37086-3051
Bennett's Automotive,TEK,3229,17530316,1044,,9,,BILL,SCHLAPPI,4008 FINEGAN CT,,NOLENSVILLE,TN,37135-8487
Bennett's Automotive,TEK,3229,22485603,1044,,9,,John,McNatt,5157 HICKORY GROVE DR,,ANTIOCH,TN,37013-5602
Bennett's Automotive,TEK,3229,17531759,1044,,9,,NEIL,CASEY,105 ANDY JOHNS CT,,SMYRNA,TN,37167-7205
Bennett's Automotive,TEK,3229,17515077,1044,,9,,R.J.,HILL,240 MAYFIELD DR,,SMYRNA,TN,37167-3036
Bennett's Automotive,TEK,3229,17519387,1044,,9,,BILL,TEAGUE,411 LORNA DR,,NASHVILLE,TN,37214-3103
Bennett's Automotive,TEK,3229,17525991,1044,,9,,JOCELYN,MCCOY,308 NOEL LN,,SMYRNA,TN,37167-5918
Bennett's Automotive,TEK,3229,17523995,1044,,9,,BRET,AUNE,2128 WOODCLIFF DR,,SMYRNA,TN,37167-5896
Bennett's Automotive,TEK,3229,17529047,1044,,9,,MARIE,SANDERS,501 MOORE AVE,,SMYRNA,TN,37167-2243
Bennett's Automotive,TEK,3229,33563973,1044,,09,,Shannen,Desautele,323 MERCER LN,,SMYRNA,TN,37167-6721
Bennett's Automotive,TEK,3229,17523925,1044,,9,,MARILYN,HOLMES,415 VALLEY VIEW DR,,SMYRNA,TN,37167-4484
Bennett's Automotive,TEK,3229,17531456,1044,,9,,BREANNAH,MAY,3711 HENRICKS HILL DR,,SMYRNA,TN,37167-6185
Bennett's Automotive,TEK,3229,33562037,1044,,09,,Shawn,Cosby,1303 GREYWALL CT,,LA VERGNE,TN,37086-3830
Bennett's Automotive,TEK,3229,18606067,1044,,9,,Joshua,Wright,1322 HARWOOD DR,,NASHVILLE,TN,37206-1200
Bennett's Automotive,TEK,3229,17530865,1044,,09,,Graham,Sims,963 PLEASANT RUN RD,,SMYRNA,TN,37167-6213
Bennett's Automotive,TEK,3229,17521476,1044,,9,,David,Dorman,408 POINTE CLEAR DR,,SMYRNA,TN,37167-9332
Bennett's Automotive,TEK,3229,17520831,1044,,9,,MAKYLA,TAYLOR,810 E CLARK BLVD APT D25,,MURFREESBORO,TN,37130-2334
Bennett's Automotive,TEK,3229,17531349,1044,,9,,JOHN,FEUERBACHER,403 ADELINE DR,,SMYRNA,TN,37167-5230
Bennett's Automotive,TEK,3229,17527122,1044,,9,,BILLY,MEARS,7860 DEL THOMAS RD,,SMYRNA,TN,37167-6065
Bennett's Automotive,TEK,3229,17515003,1044,,9,,RICHARD,MIRE,433 WHITNEY DR,,SMYRNA,TN,37167-4433
Bennett's Automotive,TEK,3229,17525651,1044,,9,,DAVID,SAGRAVES,4019 PAPERBIRCH DR,,SMYRNA,TN,37167-0608
Bennett's Automotive,TEK,3229,17515645,1044,,9,,Ron,Lucarini,104 FOX CT,,SMYRNA,TN,37167-4900
Bennett's Automotive,TEK,3229,17515278,1044,,9,,TERRY,HASSLER,503 GEORGE HUGHEY DR,,SMYRNA,TN,37167-7211
Bennett's Automotive,TEK,3229,17528533,1044,,9,,Daniel,Collins,PO BOX 835,,SMYRNA,TN,37167-0835
Bennett's Automotive,TEK,3229,34405094,1044,,09,,Matthew,West,12 PERTH PL APT 305,,LEBANON,TN,37090-1494
Bennett's Automotive,TEK,3229,17530402,1044,,9,,BRET,AUNE,2128 WOODCLIFF DR,,SMYRNA,TN,37167-5896
Bennett's Automotive,TEK,3229,17531373,1044,,9,,VIRA,KING,600 NISSAN DR APT 73,,SMYRNA,TN,37167-3140
Bennett's Automotive,TEK,3229,17522724,1044,,9,,Brenda,Shoemake,118 NOEL LN,,SMYRNA,TN,37167-2888
Bennett's Automotive,TEK,3229,17527681,1044,,9,,David,Givens,6014 TURNING LEAF DR,,SMYRNA,TN,37167-8321
Bennett's Automotive,TEK,3229,17519085,1044,,9,,BRIAN,WILCOX,107 YOCUM DR,,SMYRNA,TN,37167-5536
Bennett's Automotive,TEK,3229,17516194,1044,,9,,MAX,KUHLMAN,1572 RIDGEMONT DR,,LA VERGNE,TN,37086-3166
Bennett's Automotive,TEK,3229,17516801,1044,,09,,JILL,HINES,143 CEDAR FOREST DR,,SMYRNA,TN,37167-5070
Bennett's Automotive,TEK,3229,17519919,1044,,9,,EVELYN,GALBRAITH,108 MAPLE DR,,SMYRNA,TN,37167-2611
Bennett's Automotive,TEK,3229,17525414,1044,,9,,BRAD,PEDEN,5304 BLACKMAN RD,,MURFREESBORO,TN,37129-8005
Bennett's Automotive,TEK,3229,33505283,1044,,09,,Elizabeth,Mabalot,208 CUMBERLAND DR,,SMYRNA,TN,37167-2709
Bennett's Automotive,TEK,3229,17529438,1044,,9,,KENNETH,PADGITT,407 MISTWOOD CT,,SMYRNA,TN,37167-5262
