Shop Name,Software,SID,CID,WSID,WCID,MBdayMo,TBdayMo,First,Last,Address,Address2,City,St,Zip
Sneller Tire Auto & Diesel Repair,TEK,3351,22616871,1045,,9,,DAVID,SHAWLEY,908 ELAINE DR,,FULTON,MO,65251-5475
Sneller Tire Auto & Diesel Repair,TEK,3351,22617281,1045,,9,,DEBBIE,MADDOX,3641 COUNTY ROAD 117,,FULTON,MO,65251-3355
Sneller Tire Auto & Diesel Repair,TEK,3351,22617763,1045,,9,,NICHOLAS,BRENNAN,512 BLUFF ST,,FULTON,MO,65251-2048
Sneller Tire Auto & Diesel Repair,TEK,3351,22620954,1045,,9,,TINA,STUART,2924 BEN OAKS DR,,FULTON,MO,65251-5845
Sneller Tire Auto & Diesel Repair,TEK,3351,22618884,1045,,9,,JULIE,HAWKINS,5568 RED CREEK CT,,FULTON,MO,65251-5429
Sneller Tire Auto & Diesel Repair,TEK,3351,22617427,1045,,9,,HEATH,THOMURE,8125 COUNTY ROAD 415,,FULTON,MO,65251-7020
Sneller Tire Auto & Diesel Repair,TEK,3351,22619054,1045,,9,,DAN,GARRIOTT,7810 STATE ROAD NN,,FULTON,MO,65251-6649
Sneller Tire Auto & Diesel Repair,TEK,3351,22620930,1045,,09,,MARIAH,JOHNSON,209 W OLIVER ST,,FULTON,MO,65251-1542
Sneller Tire Auto & Diesel Repair,TEK,3351,22617923,1045,,9,,GARRETT,FAWER,3814 STEINBROOKE TER,,COLUMBIA,MO,65203-7043
Sneller Tire Auto & Diesel Repair,TEK,3351,22620388,1045,,9,,JEREMY,REYNOLDS,7437 PRIMROSE LN,,FULTON,MO,65251-6568
Sneller Tire Auto & Diesel Repair,TEK,3351,22620761,1045,,09,,JENNIFER,ALLISON,905 W MORNINGSIDE DR,,FULTON,MO,65251-2126
Sneller Tire Auto & Diesel Repair,TEK,3351,22617291,1045,,9,,KYLE,BOERGER,217 PRENTICE DR,,NEW CARLISLE,OH,45344-1322
Sneller Tire Auto & Diesel Repair,TEK,3351,22617554,1045,,9,,CHRIS,AVALOS,500 JEFFERSON ST,,FULTON,MO,65251-2630
Sneller Tire Auto & Diesel Repair,TEK,3351,22621033,1045,,9,,JIM,FANN,1611 W 7TH ST,,FULTON,MO,65251-5472
Sneller Tire Auto & Diesel Repair,TEK,3351,22617826,1045,,9,,ZAC,BRANSON,120 MARS ST,,HOLTS SUMMIT,MO,65043-1194
Sneller Tire Auto & Diesel Repair,TEK,3351,22617865,1045,,9,,CHARLES,EVANS,55 LEE DR,,HOLTS SUMMIT,MO,65043-1121
Sneller Tire Auto & Diesel Repair,TEK,3351,22618221,1045,,9,,CLAY,GREEN,4861 COUNTY ROAD 440,,NEW BLOOMFIELD,MO,65063-1703
Sneller Tire Auto & Diesel Repair,TEK,3351,22617952,1045,,9,,BILL,FLAUGHER,4 C ST,,HOLTS SUMMIT,MO,65043-1088
Sneller Tire Auto & Diesel Repair,TEK,3351,22619282,1045,,9,,BRANDON,GLASCOCK,7885 OLD US HIGHWAY 54,,FULTON,MO,65251-6613
Sneller Tire Auto & Diesel Repair,TEK,3351,22618297,1045,,9,,MATTHEW,DORNER,303 PRAIRIE ST,,AUXVASSE,MO,65231-1661
Sneller Tire Auto & Diesel Repair,TEK,3351,22621010,1045,,9,,KEVIN,DAVIS,6576 STATE ROAD J,,FULTON,MO,65251-5734
Sneller Tire Auto & Diesel Repair,TEK,3351,22617330,1045,,9,,DARREN,MASEK,1500 SAINT MICHAEL ST,,FULTON,MO,65251-2348
Sneller Tire Auto & Diesel Repair,TEK,3351,22618412,1045,,9,,KRISTIN,VAUGHN,6691 COUNTY ROAD 426,,MOKANE,MO,65059-1001
Sneller Tire Auto & Diesel Repair,TEK,3351,22619750,1045,,9,,MICHAEL,KOELLING,1814 SAINT MARYS BLVD,,JEFFERSON CITY,MO,65109-1428
Sneller Tire Auto & Diesel Repair,TEK,3351,22620137,1045,,9,,RENEE,WRIGHT,6951 COUNTY ROAD 333,,FULTON,MO,65251-5822
Sneller Tire Auto & Diesel Repair,TEK,3351,22620897,1045,,9,,JOSEPH,BIEKSZA,903 DIXIE AVE,,FULTON,MO,65251-1308
Sneller Tire Auto & Diesel Repair,TEK,3351,22618109,1045,,9,,BILL,SULLIVAN,5501 BALD HILL RD,,JEFFERSON CITY,MO,65101-8969
Sneller Tire Auto & Diesel Repair,TEK,3351,22617461,1045,,9,,GREG,KING,7410 COUNTY ROAD 417,,FULTON,MO,65251-6669
Sneller Tire Auto & Diesel Repair,TEK,3351,22620792,1045,,9,,DANIELLE,JOHNSON,5874 SHELLY DR,,FULTON,MO,65251-5863
Sneller Tire Auto & Diesel Repair,TEK,3351,22620797,1045,,9,,RANDY,FERRIS,301 S RAVINE ST,,FULTON,MO,65251-1530
Sneller Tire Auto & Diesel Repair,TEK,3351,22617155,1045,,9,,TROY,ROWAN,4100 STATE ROAD J,,FULTON,MO,65251-3400
Sneller Tire Auto & Diesel Repair,TEK,3351,22616746,1045,,9,,MATTHEW,ARNDT,307 E JEFFERSON ST,,MARTINSBURG,MO,65264-2125
Sneller Tire Auto & Diesel Repair,TEK,3351,22618425,1045,,9,,HARRY,HERMAN,4750 EBERSOLE LOOP,,FULTON,MO,65251-7409
Sneller Tire Auto & Diesel Repair,TEK,3351,22619474,1045,,9,,CONNIE,THOMAS,10423 OLD US HIGHWAY 54 APT 3,,NEW BLOOMFIELD,MO,65063-5404
Sneller Tire Auto & Diesel Repair,TEK,3351,22618918,1045,,9,,JILL,WINANS,1121 N HEARTLAND AVE,,SPRINGFIELD,MO,65802-1102
Sneller Tire Auto & Diesel Repair,TEK,3351,22618183,1045,,9,,CHRISTIAN,WRIGHT,601 COTE SANS DESSEIN RD,,FULTON,MO,65251-1220
Sneller Tire Auto & Diesel Repair,TEK,3351,22617423,1045,,9,,TODD,RIDDER,2720 WICKERWOOD CT,,COLUMBIA,MO,65201-3112
Sneller Tire Auto & Diesel Repair,TEK,3351,22618322,1045,,9,,TINA,FRY,PO BOX 6156,,FULTON,MO,65251-6156
Sneller Tire Auto & Diesel Repair,TEK,3351,22619672,1045,,9,,EUGENE,VAUGHN,1201 MARBROOKE DR,,FULTON,MO,65251-1356
Sneller Tire Auto & Diesel Repair,TEK,3351,22620078,1045,,9,,GENE,BAILEY,717 DOWNING CT,,FULTON,MO,65251-7711
Sneller Tire Auto & Diesel Repair,TEK,3351,22617468,1045,,9,,NADINE,FLOYD,2175A MILANDA LAKE RD,,NEW BLOOMFIELD,MO,65063-1922
Sneller Tire Auto & Diesel Repair,TEK,3351,22619418,1045,,9,,JANET,MOORE,PO BOX 783,,FULTON,MO,65251-0783
Sneller Tire Auto & Diesel Repair,TEK,3351,22617261,1045,,9,,ERIC,WINKELMAN,292 BRITTON LN,,HOLTS SUMMIT,MO,65043-1796
Sneller Tire Auto & Diesel Repair,TEK,3351,22617437,1045,,9,,ANNE,DOLLENS,109 ANN ST,,FULTON,MO,65251-1547
Sneller Tire Auto & Diesel Repair,TEK,3351,22617995,1045,,9,,JOHNNY,FRY,1216 E PROMENADE ST,,MEXICO,MO,65265-3048
Sneller Tire Auto & Diesel Repair,TEK,3351,22618258,1045,,9,,JASON,BOLIN,333 SYCAMORE ST,,FULTON,MO,65251-1279
Sneller Tire Auto & Diesel Repair,TEK,3351,22618250,1045,,9,,DENNIS,BIRMINGHAM,3799 NICOLE LN,,FULTON,MO,65251-3143
Sneller Tire Auto & Diesel Repair,TEK,3351,22618477,1045,,9,,CONEY,ICENOGEY,1113 SINGER LN,,FULTON,MO,65251-1326
Sneller Tire Auto & Diesel Repair,TEK,3351,22620315,1045,,9,,BRYCE,GORDON,601 VINE ST,,FULTON,MO,65251-2020
Sneller Tire Auto & Diesel Repair,TEK,3351,22617563,1045,,9,,SAMANTHA,HENDERSON,223 N B ST,,LOUISIANA,MO,63353-1001
Sneller Tire Auto & Diesel Repair,TEK,3351,22618607,1045,,9,,SHARON,PICKERING,203 PIONEER DR,,FULTON,MO,65251-1640
Sneller Tire Auto & Diesel Repair,TEK,3351,22617585,1045,,9,,SUSAN,KEMP,4527 STATE ROAD H,,FULTON,MO,65251-5465
Sneller Tire Auto & Diesel Repair,TEK,3351,22617567,1045,,9,,SANDRA,HELM,8320 OLD US HIGHWAY 54,,NEW BLOOMFIELD,MO,65063-1231
Sneller Tire Auto & Diesel Repair,TEK,3351,22617474,1045,,9,,TINA,JOHNSON,320 N SUMMIT DR,,HOLTS SUMMIT,MO,65043-2631
Sneller Tire Auto & Diesel Repair,TEK,3351,22620256,1045,,9,,JUSTIN,BAYSINGER,2949 EMERALD LAKE DR,,COLUMBIA,MO,65202-5303
Sneller Tire Auto & Diesel Repair,TEK,3351,22620645,1045,,9,,WENDY,ALLEN,708 GAYLORD DR,,FULTON,MO,65251-2524
Sneller Tire Auto & Diesel Repair,TEK,3351,22617661,1045,,9,,MEGAN,WOODRUFF,541 AMERIHOST DR APT 108,,FULTON,MO,65251-2528
Sneller Tire Auto & Diesel Repair,TEK,3351,22618711,1045,,9,,GARY,CZESCHIN,3404 TANGLEWOOD WAY,,FULTON,MO,65251-7805
Sneller Tire Auto & Diesel Repair,TEK,3351,22620268,1045,,9,,ROBERT,SKALAK,572 S SUMMIT DR,,HOLTS SUMMIT,MO,65043-1436
Sneller Tire Auto & Diesel Repair,TEK,3351,22616743,1045,,9,,SUSAN,THOMPSON,693 KENNETH LN,,FULTON,MO,65251-2951
Sneller Tire Auto & Diesel Repair,TEK,3351,22620758,1045,,9,,MELISSA,SHEERIN,545 AIRWAY DR APT 201,,FULTON,MO,65251-2564
Sneller Tire Auto & Diesel Repair,TEK,3351,22619255,1045,,9,,CHILENA,ALLEN,3589 LOWRY LN,,KINGDOM CITY,MO,65262-2238
Sneller Tire Auto & Diesel Repair,TEK,3351,22620953,1045,,9,,DEMETRIUS,HARRINGTON,325 S SUMMIT DR,,HOLTS SUMMIT,MO,65043-1971
Sneller Tire Auto & Diesel Repair,TEK,3351,22619392,1045,,9,,BILL,FRAME,1702 BUNKER LOOP,,COLUMBIA,MO,65201-0039
Sneller Tire Auto & Diesel Repair,TEK,3351,22616994,1045,,9,,CHARLES,COUNCIL,10941 HICKS LN,,PORTLAND,MO,65067-1703
Sneller Tire Auto & Diesel Repair,TEK,3351,22617483,1045,,9,,CHRIS,GRIMES,7676 STATE ROAD D,,PORTLAND,MO,65067-1307
Sneller Tire Auto & Diesel Repair,TEK,3351,22620837,1045,,9,,BILL,BYRD,5760 COUNTY ROAD 114,,FULTON,MO,65251-3827
Sneller Tire Auto & Diesel Repair,TEK,3351,22619140,1045,,9,,TIM,BORMAN,2649 STATE ROAD FF,,KINGDOM CITY,MO,65262-1712
Sneller Tire Auto & Diesel Repair,TEK,3351,22620489,1045,,9,,ROBERT,ST.CLAIR,115 MARS ST,,HOLTS SUMMIT,MO,65043-1195
Sneller Tire Auto & Diesel Repair,TEK,3351,22618939,1045,,9,,RENEA,HARRIS,9736 DEER RUN RD,,WILLIAMSBURG,MO,63388-2308
Sneller Tire Auto & Diesel Repair,TEK,3351,22620874,1045,,9,,CHERIE,SNYDER,3799 COUNTY ROAD 304,,FULTON,MO,65251-5925
Sneller Tire Auto & Diesel Repair,TEK,3351,22617186,1045,,9,,LARRY,WINKELMAN,292 BRITTON LN,,HOLTS SUMMIT,MO,65043-1796
Sneller Tire Auto & Diesel Repair,TEK,3351,22619529,1045,,9,,ASHLEY,SIMONIN,PO BOX 13,,KINGDOM CITY,MO,65262-0013
Sneller Tire Auto & Diesel Repair,TEK,3351,22618875,1045,,9,,KELLI,HURLA,2697 NEW HAVEN BLVD,,NAVARRE,FL,32566-7895
Sneller Tire Auto & Diesel Repair,TEK,3351,22618719,1045,,9,,DAVID,NEWMAN,1001 COTE SANS DESSEIN RD,,FULTON,MO,65251-1347
Sneller Tire Auto & Diesel Repair,TEK,3351,22620178,1045,,9,,CINDY,RUSSELL,3850 TARA RIDGE RD,,FULTON,MO,65251-3781
Sneller Tire Auto & Diesel Repair,TEK,3351,22619411,1045,,9,,DENNY,DERENZY,6383 STATE ROAD Z,,FULTON,MO,65251-3965
Sneller Tire Auto & Diesel Repair,TEK,3351,22619572,1045,,9,,DALE,MADDOX,3715 COUNTY ROAD 117,,FULTON,MO,65251-3356
Sneller Tire Auto & Diesel Repair,TEK,3351,22619519,1045,,9,,MARK,SHAW,7645 BUTTONWOOD TRL,,FULTON,MO,65251-6614
Sneller Tire Auto & Diesel Repair,TEK,3351,22617504,1045,,9,,PAUL,ROGERS,7389 PARIS FARM RD,,NEW BLOOMFIELD,MO,65063-1062
Sneller Tire Auto & Diesel Repair,TEK,3351,22620288,1045,,9,,CODY,KUDA,328 HIGHWAY ZZ,,WELLSVILLE,MO,63384-4800
Sneller Tire Auto & Diesel Repair,TEK,3351,22619345,1045,,9,,CHERYL,DETIENNE,5509 SILLIVAN DR,,FULTON,MO,65251-5338
Sneller Tire Auto & Diesel Repair,TEK,3351,22619274,1045,,9,,WILLIAM,CHAPPLE,317 SYCAMORE ST,,FULTON,MO,65251-1279
Sneller Tire Auto & Diesel Repair,TEK,3351,22620997,1045,,9,,KATIE,HARPOL,2527 WOOD ST,,FULTON,MO,65251-7710
Sneller Tire Auto & Diesel Repair,TEK,3351,22621058,1045,,9,,JOHN,STINSON,5728 COUNTY ROAD 225,,KINGDOM CITY,MO,65262-1322
Sneller Tire Auto & Diesel Repair,TEK,3351,22619804,1045,,9,,TIM,ECHELMEIER,4339 STATE ROAD HH,,FULTON,MO,65251-3737
Sneller Tire Auto & Diesel Repair,TEK,3351,22618673,1045,,9,,TONY,LEE,1212 COTE SANS DESSEIN RD,,FULTON,MO,65251-1352
Sneller Tire Auto & Diesel Repair,TEK,3351,22618613,1045,,9,,HEATH,BRANDT,2144 COUNTY ROAD 356,,NEW BLOOMFIELD,MO,65063-1003
Sneller Tire Auto & Diesel Repair,TEK,3351,22617753,1045,,9,,WENDY,GRAHAM,825 MIDDLE ST,,FULTON,MO,65251-2131
Sneller Tire Auto & Diesel Repair,TEK,3351,22619554,1045,,9,,DANIEL,BELL,13 E OLIVER ST,,FULTON,MO,65251-1516
Sneller Tire Auto & Diesel Repair,TEK,3351,22620166,1045,,9,,WILLIAM,GARRETT,1512 SHANNON PL,,COLUMBIA,MO,65203-1959
Sneller Tire Auto & Diesel Repair,TEK,3351,22616734,1045,,9,,CHARLES,GRIPKA,529 COMMONS DR APT A,,FULTON,MO,65251-1493
Sneller Tire Auto & Diesel Repair,TEK,3351,22620089,1045,,9,,WADE,BRADLEY,900 TIMBER BROOK LN,,JEFFERSON CITY,MO,65109-3276
Sneller Tire Auto & Diesel Repair,TEK,3351,22619956,1045,,9,,MELVIN,WILMSMEYER,7640 COUNTY ROAD 405,,FULTON,MO,65251-6738
Sneller Tire Auto & Diesel Repair,TEK,3351,22620647,1045,,9,,JOHN,GILL,3752 ASPEN HEIGHTS PKWY,,COLUMBIA,MO,65201-7527
Sneller Tire Auto & Diesel Repair,TEK,3351,22618096,1045,,9,,MATT,ISOM,500 E 9TH ST,,FULTON,MO,65251-2060
Sneller Tire Auto & Diesel Repair,TEK,3351,22617730,1045,,9,,SABRINA,CARTER,4765 SALMONS DR,,FULTON,MO,65251-6679
Sneller Tire Auto & Diesel Repair,TEK,3351,22619368,1045,,9,,KATHY,HILL,10386 STATE ROAD C,,MOKANE,MO,65059-1210
Sneller Tire Auto & Diesel Repair,TEK,3351,22619021,1045,,9,,MARILYN,DAVIDSON,5309 RED MAPLE LN,,FULTON,MO,65251-6287
Sneller Tire Auto & Diesel Repair,TEK,3351,22618532,1045,,9,,MARCUS,WILLIAMS,408 OAK ST,,FULTON,MO,65251-1654
Sneller Tire Auto & Diesel Repair,TEK,3351,22618724,1045,,9,,DEBBIE,BURNAMAN,999 GRANITE CT,,FULTON,MO,65251-1296
Sneller Tire Auto & Diesel Repair,TEK,3351,22620742,1045,,9,,JENNY,WATSON,1010 BLUFF ST,,FULTON,MO,65251-2321
Sneller Tire Auto & Diesel Repair,TEK,3351,22619253,1045,,9,,SARAH,DUTTON,1109 FAIRLAND RD,,JEFFERSON CITY,MO,65109-0424
Sneller Tire Auto & Diesel Repair,TEK,3351,22620774,1045,,9,,KATIE,LOWRY,7761 TOBIE FARM LN,,FULTON,MO,65251-6818
Sneller Tire Auto & Diesel Repair,TEK,3351,22618414,1045,,09,,KATIE,FRENCH,203 TYLER ST APT C,,FULTON,MO,65251-1581
Sneller Tire Auto & Diesel Repair,TEK,3351,22620111,1045,,9,,DARLA,SCHUTZENHOFER,1209 COTE SANS DESSEIN RD,,FULTON,MO,65251-1351
Sneller Tire Auto & Diesel Repair,TEK,3351,22619511,1045,,9,,CINDY,LAUBERTH,3379 CAMP KEOWN RD,,HOLTS SUMMIT,MO,65043-1232
Sneller Tire Auto & Diesel Repair,TEK,3351,22620210,1045,,9,,JENNY,YOUNG,311 BLUEBIRD LN,,WALNUT RIDGE,AR,72476-8081
Sneller Tire Auto & Diesel Repair,TEK,3351,22618122,1045,,9,,ASH,GRIFFITH,7583 COUNTY ROAD 417,,FULTON,MO,65251-6672
Sneller Tire Auto & Diesel Repair,TEK,3351,22620910,1045,,9,,CHARLES,COUNSIL,9410 NEWTON LN,,PORTLAND,MO,65067-1338
Sneller Tire Auto & Diesel Repair,TEK,3351,22617057,1045,,9,,KARIN,FRANZEN,907 E WALNUT ST,,FULTON,MO,65251-1817
Sneller Tire Auto & Diesel Repair,TEK,3351,22617732,1045,,9,,BETTY,MOORE,PO BOX 93,,FULTON,MO,65251-0093
Sneller Tire Auto & Diesel Repair,TEK,3351,22616997,1045,,9,,AMANDA,DAVIS,1204 LANE ST,,FULTON,MO,65251-2222
Sneller Tire Auto & Diesel Repair,TEK,3351,22620114,1045,,9,,RUSSEL,SING,615 MCNEAL LN,,FULTON,MO,65251-2547
Sneller Tire Auto & Diesel Repair,TEK,3351,22618622,1045,,9,,TIM,WAYANT,3 LOCUST LN,,FULTON,MO,65251-1426
Sneller Tire Auto & Diesel Repair,TEK,3351,22618369,1045,,9,,RICHARD,RINEHART,9340 STATE ROAD CC,,STEEDMAN,MO,65077-1207
Sneller Tire Auto & Diesel Repair,TEK,3351,22619784,1045,,9,,ANNABEL,STAATS,4892 STATE ROAD JJ,,FULTON,MO,65251-5051
Sneller Tire Auto & Diesel Repair,TEK,3351,22617302,1045,,9,,CHRIS,WILSON,1211 RANDALL LN,,FULTON,MO,65251-1364
Sneller Tire Auto & Diesel Repair,TEK,3351,22620812,1045,,9,,KIANA,ROETTGES,18247 LEWIS SMITH DR,,FOLEY,AL,36535-5634
Sneller Tire Auto & Diesel Repair,TEK,3351,22616834,1045,,9,,AMBER,HUFF,4838 MARLA LN,,FULTON,MO,65251-6694
Sneller Tire Auto & Diesel Repair,TEK,3351,22617683,1045,,9,,LOUISE,SALMONS,8110 STATE ROAD BB,,FULTON,MO,65251-6565
Sneller Tire Auto & Diesel Repair,TEK,3351,22617641,1045,,9,,MIKE,WARMBRODT,3214 NICKLAUS CT,,FULTON,MO,65251-7808
Sneller Tire Auto & Diesel Repair,TEK,3351,22619525,1045,,9,,JEFF,SANDERS,5223 STATE ROAD JJ,,FULTON,MO,65251-5656
Sneller Tire Auto & Diesel Repair,TEK,3351,22620726,1045,,9,,JONATHAN,WELCH,804 NELSON DR,,JEFFERSON CITY,MO,65101-3718
Sneller Tire Auto & Diesel Repair,TEK,3351,22618957,1045,,9,,BRAIN,STUART,7493 COUNTY ROAD 417,,FULTON,MO,65251-6671
Sneller Tire Auto & Diesel Repair,TEK,3351,22619514,1045,,9,,JUDY,SCHROER,7436 COUNTY ROAD 428,,FULTON,MO,65251-6862
Sneller Tire Auto & Diesel Repair,TEK,3351,22620363,1045,,9,,DONNA,GALBREATH,302 CHRISTOPHER LN,,FULTON,MO,65251-2463
Sneller Tire Auto & Diesel Repair,TEK,3351,22621073,1045,,9,,TAMMY,ROBINSON,4736 EBERSOLE LOOP,,FULTON,MO,65251-7409
Sneller Tire Auto & Diesel Repair,TEK,3351,22618573,1045,,9,,CHERISE,SANTORIELLO,8540 SHUG BLVD,,MOKANE,MO,65059-1024
Sneller Tire Auto & Diesel Repair,TEK,3351,22618020,1045,,9,,JENNIFER,DUDLEY,1695 COUNTY ROAD 342,,FULTON,MO,65251-5168
Sneller Tire Auto & Diesel Repair,TEK,3351,22620067,1045,,09,,KYLE,VOSS,10211 COUNTY ROAD 371,,NEW BLOOMFIELD,MO,65063-1529
Sneller Tire Auto & Diesel Repair,TEK,3351,22619380,1045,,9,,TONYA,DOULEH,509 GLENSTONE DR,,COLUMBIA,MO,65201-4124
Sneller Tire Auto & Diesel Repair,TEK,3351,22618017,1045,,9,,SCOTT,COOPER,1722 MISSISSIPPI ST,,JEFFERSON CITY,MO,65101-2345
Sneller Tire Auto & Diesel Repair,TEK,3351,22618135,1045,,9,,SETH,FRY,1404 PARKRIDGE DR,,FULTON,MO,65251-7501
Sneller Tire Auto & Diesel Repair,TEK,3351,22616735,1045,,9,,KATIE,AHLVIN,7705 COUNTY ROAD 407,,FULTON,MO,65251-6640
Sneller Tire Auto & Diesel Repair,TEK,3351,22617713,1045,,9,,CONNIE,WILLIAMS,807 COTE SANS DESSEIN RD,,FULTON,MO,65251-1224
Sneller Tire Auto & Diesel Repair,TEK,3351,22618598,1045,,9,,DARRELL,FERGUSON,4981 COUNTY ROAD 123,,FULTON,MO,65251-5069
Sneller Tire Auto & Diesel Repair,TEK,3351,22617176,1045,,9,,JEFF,MOORE,1308 WESTVIEW ST,,FULTON,MO,65251-5492
Sneller Tire Auto & Diesel Repair,TEK,3351,22619580,1045,,9,,JIM,MOORE,4880 JADE RD,,KINGDOM CITY,MO,65262-2031
Sneller Tire Auto & Diesel Repair,TEK,3351,22618813,1045,,9,,SANDY,MARTIN,615 MCNEAL LN,,FULTON,MO,65251-2547
Sneller Tire Auto & Diesel Repair,TEK,3351,22620518,1045,,9,,ADAM,DARO,2533 WOOD ST,,FULTON,MO,65251-7710
Sneller Tire Auto & Diesel Repair,TEK,3351,22618512,1045,,9,,TRISH,WALLACE,1208 COTE SANS DESSEIN RD,,FULTON,MO,65251-1352
Sneller Tire Auto & Diesel Repair,TEK,3351,22617927,1045,,9,,AMANDA,CRAIGHEAD,3850 COUNTY ROAD 216,,FULTON,MO,65251-3608
Sneller Tire Auto & Diesel Repair,TEK,3351,22618762,1045,,9,,JONATHAN,SEMONES,4201 CEDAR RIDGE DR,,FULTON,MO,65251-3778
Sneller Tire Auto & Diesel Repair,TEK,3351,22616747,1045,,9,,DANIELLE,MEDLOCK,205 ALMA DR,,NEW BLOOMFIELD,MO,65063-1076
Sneller Tire Auto & Diesel Repair,TEK,3351,22620492,1045,,9,,MICHAEL,NEWCOM,1006 RANDALL LN,,FULTON,MO,65251-1323
Sneller Tire Auto & Diesel Repair,TEK,3351,22616826,1045,,9,,CRYSTAL,FERGUSON,803 WALNUT ST,,FULTON,MO,65251-1840
Sneller Tire Auto & Diesel Repair,TEK,3351,22618275,1045,,9,,CHRIS,LIBBERT,3028 COUNTY ROAD 328,,FULTON,MO,65251-6541
Sneller Tire Auto & Diesel Repair,TEK,3351,22616882,1045,,9,,CAPREICE,SMITH,8526 SHUG BLVD APT B,,MOKANE,MO,65059-1024
Sneller Tire Auto & Diesel Repair,TEK,3351,22620103,1045,,9,,TAMMIE,RUSSELL,1295 COMMONS LOOP,,FULTON,MO,65251-1463
Sneller Tire Auto & Diesel Repair,TEK,3351,22621022,1045,,9,,DEBBIE,LARUE,1203 ASHTON CIR E,,FULTON,MO,65251-1390
Sneller Tire Auto & Diesel Repair,TEK,3351,22619487,1045,,9,,TERRY,NICHOLS,125 W 3RD ST,,MOKANE,MO,65059-1382
Sneller Tire Auto & Diesel Repair,TEK,3351,22620898,1045,,9,,TABATHA,BRYAN,59 LARAND DR,,HOLTS SUMMIT,MO,65043-1168
Sneller Tire Auto & Diesel Repair,TEK,3351,22619816,1045,,9,,HELEN,WARD,4200 MAC RD,,FULTON,MO,65251-3870
Sneller Tire Auto & Diesel Repair,TEK,3351,22617762,1045,,09,,BRYAN,KEMP,610 GRAND AVE,,FULTON,MO,65251-2014
Sneller Tire Auto & Diesel Repair,TEK,3351,23378185,1045,,9,,REESE,DOLSON,800 VIRGINIA AVE,,COLUMBIA,MO,65201-5270
Sneller Tire Auto & Diesel Repair,TEK,3351,22618389,1045,,9,,TIFFANY,WALKER,342 SYCAMORE ST,,FULTON,MO,65251-1246
Sneller Tire Auto & Diesel Repair,TEK,3351,24731793,1045,,9,,JOSHUA,BEASLEY,1511 E ANDERSON ST,,MEXICO,MO,65265-3012
Sneller Tire Auto & Diesel Repair,TEK,3351,22701628,1045,,9,,JOSEPH,DAVIS,838 EVERGREEN DR,,FULTON,MO,65251-2215
Sneller Tire Auto & Diesel Repair,TEK,3351,22620612,1045,,9,,TINA,ANDERSEN,451 E SAINT EUNICE RD APT 18,,FULTON,MO,65251-7702
Sneller Tire Auto & Diesel Repair,TEK,3351,22619036,1045,,9,,MELISSA,DARO,517 COMMONS DR,,FULTON,MO,65251-1408
Sneller Tire Auto & Diesel Repair,TEK,3351,27603566,1045,,09,,CHAYLEE,SAUNDERS,7006 GREENWOOD HLS,,FULTON,MO,65251-6394
Sneller Tire Auto & Diesel Repair,TEK,3351,22617347,1045,,9,,SCOTT,HOPSECKER,224 BARTLEY LN,,FULTON,MO,65251-2141
Sneller Tire Auto & Diesel Repair,TEK,3351,28921499,1045,,09,,JUSTIN,HOSENFELT,6979 COUNTY ROAD 126,,FULTON,MO,65251-3358
Sneller Tire Auto & Diesel Repair,TEK,3351,29132477,1045,,09,,HEATHER,MYERS,43 BARTLEY LN,,FULTON,MO,65251-2119
Sneller Tire Auto & Diesel Repair,TEK,3351,22618045,1045,,9,,CATRINA,SESSLER,911 PENNY LN,,FULTON,MO,65251-1320
Sneller Tire Auto & Diesel Repair,TEK,3351,22620900,1045,,9,,MARK,HUFF,4800 TRAIL RIDGE RD,,FULTON,MO,65251-7323
Sneller Tire Auto & Diesel Repair,TEK,3351,22618441,1045,,9,,DYLANN,PACE,7006 KENNY DR,,FULTON,MO,65251-6271
Sneller Tire Auto & Diesel Repair,TEK,3351,22618255,1045,,9,,DR. MARC,FERRIN,11727 FLETCHER LN,,HOLTS SUMMIT,MO,65043-1663
Sneller Tire Auto & Diesel Repair,TEK,3351,22617972,1045,,9,,MEGHAN,SHELEYI,2665 COUNTY ROAD 4043,,HOLTS SUMMIT,MO,65043-1801
Sneller Tire Auto & Diesel Repair,TEK,3351,22618163,1045,,9,,JESSIE,OENNING,101 N PINE ST,,LEWISTOWN,MO,63452-2559
Sneller Tire Auto & Diesel Repair,TEK,3351,22618027,1045,,9,,MAVIS,DEY,2300 N LINDA LN,,COLUMBIA,MO,65202-9025
Sneller Tire Auto & Diesel Repair,TEK,3351,30291081,1045,,09,,Paul,Schiltz,2109 WILLIAM WOODS AVE,,FULTON,MO,65251-7238
Sneller Tire Auto & Diesel Repair,TEK,3351,22618767,1045,,9,,JASON,DRISKELL,1225 W MAIN ST APT A,,JEFFERSON CITY,MO,65109-6912
Sneller Tire Auto & Diesel Repair,TEK,3351,22616872,1045,,9,,ROBERT,BASTIAN,3870 TARA RIDGE RD,,FULTON,MO,65251-3781
Sneller Tire Auto & Diesel Repair,TEK,3351,22616944,1045,,9,,STACY,GRAY,5714 SPRING MEADOW DR,,FULTON,MO,65251-6472
Sneller Tire Auto & Diesel Repair,TEK,3351,22619967,1045,,9,,JAMIE,SWEAZA,319 OAK ST,,MOKANE,MO,65059-1330
Sneller Tire Auto & Diesel Repair,TEK,3351,22620038,1045,,9,,PAUL,CARVER,901 NICHOLS ST,,FULTON,MO,65251-1860
Sneller Tire Auto & Diesel Repair,TEK,3351,22618751,1045,,9,,RICHARD,PRONGUE,9097 COUNTY ROAD 142,,WILLIAMSBURG,MO,63388-1321
Sneller Tire Auto & Diesel Repair,TEK,3351,32667434,1045,,09,,GREG,MCKINNEY,4802 WINCHESTER DR,,TEBBETTS,MO,65080-1233
Sneller Tire Auto & Diesel Repair,TEK,3351,31625231,1045,,09,,ASHLEY,EVELER,6608 HEDGE WOOD LN,,JEFFERSON CITY,MO,65101-8823
Sneller Tire Auto & Diesel Repair,TEK,3351,22619996,1045,,9,,MEGAN,CUNNINGHAM,999 BOULDER CT,,FULTON,MO,65251-1291
Sneller Tire Auto & Diesel Repair,TEK,3351,22616991,1045,,9,,KEITH,SHIELDS,3501 CLARK LN,,COLUMBIA,MO,65202-5509
Sneller Tire Auto & Diesel Repair,TEK,3351,22619939,1045,,9,,MICHAEL,GOMBOS,5963 CLIFFSIDE DR,,TROY,MI,48085-3849
Sneller Tire Auto & Diesel Repair,TEK,3351,22617174,1045,,9,,PAM,OESTREICH,104 W 10TH ST,,FULTON,MO,65251-1810
Sneller Tire Auto & Diesel Repair,TEK,3351,33525512,1045,,09,,SCOTT,SHEETS,586 GREGORY LN,,FULTON,MO,65251-2940
Sneller Tire Auto & Diesel Repair,TEK,3351,34667716,1045,,09,,HANNAH,SPARKS,729 GRAND AVE,,FULTON,MO,65251-2015
Sneller Tire Auto & Diesel Repair,TEK,3351,22619990,1045,,9,,DALE,ANDERSON,2144 COUNTY ROAD 169,,AUXVASSE,MO,65231-2609
Sneller Tire Auto & Diesel Repair,TEK,3351,22620575,1045,,9,,TRACY,MOSES,307 E 3RD ST,,FULTON,MO,65251-1601
Sneller Tire Auto & Diesel Repair,TEK,3351,22616852,1045,,9,,DUSTIN,HAYS,7493 COUNTY ROAD 417,,FULTON,MO,65251-6671
Sneller Tire Auto & Diesel Repair,TEK,3351,22616867,1045,,9,,LISA,SPIRES,1315 LAKEVIEW RD,,MEXICO,MO,65265-1425
Sneller Tire Auto & Diesel Repair,TEK,3351,22618121,1045,,9,,TOM,MCDOWELL,6963 COUNTY ROAD 477,,FULTON,MO,65251-6325
Sneller Tire Auto & Diesel Repair,TEK,3351,22618839,1045,,9,,LARRY,TURLEY,6374 SHADY HILLS LN,,FULTON,MO,65251-6313
Sneller Tire Auto & Diesel Repair,TEK,3351,30424269,1045,,09,,TANYA,CANADA,6990 COUNTY ROAD 333,,FULTON,MO,65251-5859
Sneller Tire Auto & Diesel Repair,TEK,3351,22617701,1045,,9,,BRITTANY,HUMPHREYS,6675 ROCKING HORSE LN,,FULTON,MO,65251-6478
Sneller Tire Auto & Diesel Repair,TEK,3351,22617388,1045,,09,,KAREN,WHITE,2000 SUMMER RDG,,HOLTS SUMMIT,MO,65043-2804
Sneller Tire Auto & Diesel Repair,TEK,3351,22617373,1045,,9,,PETE,DOTY,6319 FLAGSTONE CT,,FULTON,MO,65251-7413
Sneller Tire Auto & Diesel Repair,TEK,3351,22619661,1045,,9,,SAMANTHA,BROWN,116 ELM AVE,,NEW BLOOMFIELD,MO,65063-5430
Sneller Tire Auto & Diesel Repair,TEK,3351,31651055,1045,,09,,BOB,KNOORR,506 BRADLEY ST,,AUXVASSE,MO,65231-2246
Sneller Tire Auto & Diesel Repair,TEK,3351,22618225,1045,,9,,LAURA,LANDIS,1315 COTE SANS DESSEIN RD,,FULTON,MO,65251-1353
Sneller Tire Auto & Diesel Repair,TEK,3351,22621063,1045,,9,,JOHN,WEGGENMANN,1011 BOULDER CT,,FULTON,MO,65251-1293
Sneller Tire Auto & Diesel Repair,TEK,3351,22617948,1045,,9,,MARVIN,SIDEBOTTOM,509 CHURCHILL RD,,FULTON,MO,65251-1237
Sneller Tire Auto & Diesel Repair,TEK,3351,22619858,1045,,9,,PAT,WALKER,2118 STATE ROAD MM,,NEW BLOOMFIELD,MO,65063-1596
Sneller Tire Auto & Diesel Repair,TEK,3351,22617630,1045,,9,,ANGIE,BROWN,8986 COUNTY ROAD 429,,NEW BLOOMFIELD,MO,65063-1339
Sneller Tire Auto & Diesel Repair,TEK,3351,22618355,1045,,9,,TERRY,KEITH,1402 KINGSWOOD DR,,FULTON,MO,65251-1319
Sneller Tire Auto & Diesel Repair,TEK,3351,22617438,1045,,9,,CHARLES,WILLIAMS,408 W 12TH ST,,FULTON,MO,65251-1053
Sneller Tire Auto & Diesel Repair,TEK,3351,22620606,1045,,9,,LARRY,MARTIN,404 TANGLEWOOD WAY,,FULTON,MO,65251-3889
Sneller Tire Auto & Diesel Repair,TEK,3351,22618953,1045,,9,,THOMAS,ZENGEL,1406 COLONIAL DR,,FULTON,MO,65251-1307
Sneller Tire Auto & Diesel Repair,TEK,3351,22617235,1045,,9,,BEN,KANE,1721 OVERLOOK DR,,JEFFERSON CITY,MO,65109-2020
Sneller Tire Auto & Diesel Repair,TEK,3351,28925710,1045,,09,,JON,DEERE,11565 COUNTY ROAD 385,,HOLTS SUMMIT,MO,65043-1331
