Shop Name,Software,SID,CID,WSID,WCID,MBdayMo,TBdayMo,First,Last,Address,Address2,City,St,Zip
Sneller Tire Auto & Diesel Repair,TEK,3351,22619634,1045,,3,,JENNIFER,MCPEAK,601 ANN ST,,AUXVASSE,MO,65231-2225
Sneller Tire Auto & Diesel Repair,TEK,3351,22619357,1045,,3,,MARVINE,ROGERS,910 GRAND ST,,FULTON,MO,65251-2066
Sneller Tire Auto & Diesel Repair,TEK,3351,22618651,1045,,3,,LEROY,BENTON,1013 MOHAWK DR,,FULTON,MO,65251-2225
Sneller Tire Auto & Diesel Repair,TEK,3351,22618629,1045,,3,,THOMAS,SHULL,2821 MCCREDIE RD,,KINGDOM CITY,MO,65262-1307
Sneller Tire Auto & Diesel Repair,TEK,3351,22617344,1045,,3,,MICHEAL,KEMP,102 JUDY LN APT A,,AUXVASSE,MO,65231-2220
Sneller Tire Auto & Diesel Repair,TEK,3351,22617544,1045,,3,,JAMES,BOWEN,PO BOX 363,,FULTON,MO,65251-0363
Sneller Tire Auto & Diesel Repair,TEK,3351,22620182,1045,,3,,ZAK,ALTHAUS,8705 COUNTY ROAD 405,,FULTON,MO,65251-7033
Sneller Tire Auto & Diesel Repair,TEK,3351,22620340,1045,,3,,GARY,ARNOLD,11845 COUNTY ROAD 393,,HOLTS SUMMIT,MO,65043-1324
Sneller Tire Auto & Diesel Repair,TEK,3351,22618814,1045,,3,,ALEXIS,SLAUGHTER,206 ADDISON ST,,FULTON,MO,65251-1667
Sneller Tire Auto & Diesel Repair,TEK,3351,22616999,1045,,3,,SYNTHYA,MIKLES,160 SATURN CT,,HOLTS SUMMIT,MO,65043-1389
Sneller Tire Auto & Diesel Repair,TEK,3351,22617859,1045,,3,,JOHN,+ MARTIN,549 COLLIER LN,,FULTON,MO,65251-1341
Sneller Tire Auto & Diesel Repair,TEK,3351,22617959,1045,,3,,BILLY,KIGHT,4901 COUNTY ROAD 105,,FULTON,MO,65251-3951
Sneller Tire Auto & Diesel Repair,TEK,3351,22618600,1045,,3,,ALBERT,HOSENFELT,1012 MOHAWK DR,,FULTON,MO,65251-2271
Sneller Tire Auto & Diesel Repair,TEK,3351,22619548,1045,,3,,DANNY,FANN,8356 WESTWARD TRL,,STEEDMAN,MO,65077-1016
Sneller Tire Auto & Diesel Repair,TEK,3351,22620710,1045,,3,,JOHN,FINDLEY,5562 RED CREEK CT,,FULTON,MO,65251-5429
Sneller Tire Auto & Diesel Repair,TEK,3351,22620754,1045,,3,,DARIN,TARRANTS,7100 COUNTY ROAD 168,,AUXVASSE,MO,65231-2605
Sneller Tire Auto & Diesel Repair,TEK,3351,22617700,1045,,3,,CAMERON,PETERSON,104 S RAVINE ST,,FULTON,MO,65251-1560
Sneller Tire Auto & Diesel Repair,TEK,3351,22620343,1045,,3,,Rhonda,Sweet,10592 STATE ROAD B,,AUXVASSE,MO,65231-3506
Sneller Tire Auto & Diesel Repair,TEK,3351,22620339,1045,,03,,MITCHELL,MARDONI,808 CENTER ST APT 3,,FULTON,MO,65251-1986
Sneller Tire Auto & Diesel Repair,TEK,3351,22619389,1045,,3,,CARLA,SHRADER,11959 COUNTY ROAD 4001,,HOLTS SUMMIT,MO,65043-2529
Sneller Tire Auto & Diesel Repair,TEK,3351,22618226,1045,,3,,TRELLIS,BLANSETT,1416 ERIK PL,,FULTON,MO,65251-2929
Sneller Tire Auto & Diesel Repair,TEK,3351,22620327,1045,,3,,BRUCE,DEMURIO,6750 COUNTY ROAD 409,,FULTON,MO,65251-6342
Sneller Tire Auto & Diesel Repair,TEK,3351,22619533,1045,,03,,DENNIS,CRANE,4000 TARA CIR,,FULTON,MO,65251-3771
Sneller Tire Auto & Diesel Repair,TEK,3351,22620203,1045,,3,,MICHAEL,WELLS,908 S BUSINESS 54,,FULTON,MO,65251-1407
Sneller Tire Auto & Diesel Repair,TEK,3351,22619608,1045,,3,,JARED,HUNT,9901 STATE ROAD AE,,NEW BLOOMFIELD,MO,65063-1563
Sneller Tire Auto & Diesel Repair,TEK,3351,22620762,1045,,3,,MARK,DORMANEN,515 COMMONS DR,,FULTON,MO,65251-1408
Sneller Tire Auto & Diesel Repair,TEK,3351,22619035,1045,,3,,RAY,BOWEN,305 MEADOWLARK LN,,FULTON,MO,65251-2457
Sneller Tire Auto & Diesel Repair,TEK,3351,22620517,1045,,3,,BILL,HERIGON,6770 COUNTY ROAD 307,,FULTON,MO,65251-6258
Sneller Tire Auto & Diesel Repair,TEK,3351,22617556,1045,,3,,JULIE,WHALEN,213 LORENE ST,,HOLTS SUMMIT,MO,65043-1597
Sneller Tire Auto & Diesel Repair,TEK,3351,22618621,1045,,3,,MARY JO,DEDEN,825 HIGH ST,,FULTON,MO,65251-2103
Sneller Tire Auto & Diesel Repair,TEK,3351,22617667,1045,,3,,HAYDEN,MARKERT,205 ARNOLD DR,,HOLTS SUMMIT,MO,65043-2654
Sneller Tire Auto & Diesel Repair,TEK,3351,22616922,1045,,3,,AMY,MARTIN,7279 COUNTY ROAD 122,,FULTON,MO,65251-5075
Sneller Tire Auto & Diesel Repair,TEK,3351,22616749,1045,,3,,JULIE,MITCHELL,234 JEFFERSON RD LOT 30,,HOLTS SUMMIT,MO,65043-1562
Sneller Tire Auto & Diesel Repair,TEK,3351,22619724,1045,,3,,DOTTIE,ROBERTSON,7894 TIGHE LN,,NEW BLOOMFIELD,MO,65063-1064
Sneller Tire Auto & Diesel Repair,TEK,3351,22617834,1045,,3,,STUART,MOTT,1846 COUNTY ROAD 360,,FULTON,MO,65251-3475
Sneller Tire Auto & Diesel Repair,TEK,3351,22618357,1045,,3,,JUSTIN,LILEY,8425 STATE ROAD NN,,FULTON,MO,65251-7053
Sneller Tire Auto & Diesel Repair,TEK,3351,22618075,1045,,3,,CHARLES,ROBINSON,9526 OJIBWAY CT,,WILLIAMSBURG,MO,63388-1910
Sneller Tire Auto & Diesel Repair,TEK,3351,22618335,1045,,3,,JAY,TAYLOR,3998 COUNTY ROAD 203,,FULTON,MO,65251-3712
Sneller Tire Auto & Diesel Repair,TEK,3351,22618239,1045,,3,,LOU,PHILLIPS,6834 COUNTY ROAD 158,,AUXVASSE,MO,65231-2512
Sneller Tire Auto & Diesel Repair,TEK,3351,22619477,1045,,03,,HAILEY,DURBIN,5570 STATE ROAD D,,WILLIAMSBURG,MO,63388-2029
Sneller Tire Auto & Diesel Repair,TEK,3351,22617521,1045,,3,,PAMELA,HEIMERICKS,4258 STATE ROAD H,,FULTON,MO,65251-5936
Sneller Tire Auto & Diesel Repair,TEK,3351,22618523,1045,,3,,COURTNEY,STRAUDERMAN,11258 DENA DR,,HOLTS SUMMIT,MO,65043-1491
Sneller Tire Auto & Diesel Repair,TEK,3351,22617188,1045,,3,,COLIN,BARNHAT,6690 M RD,,ESCANABA,MI,49829-9437
Sneller Tire Auto & Diesel Repair,TEK,3351,22620536,1045,,3,,MINA,KANHAI,404 E 1ST ST,,FULTON,MO,65251-1534
Sneller Tire Auto & Diesel Repair,TEK,3351,22616731,1045,,3,,BRANDON,VAN ORDEN,305 E 5TH ST,,FULTON,MO,65251-1718
Sneller Tire Auto & Diesel Repair,TEK,3351,22619275,1045,,3,,MATT,ROGERS,5200 MORYAN DR,,FULTON,MO,65251-6698
Sneller Tire Auto & Diesel Repair,TEK,3351,22618242,1045,,03,,DAVID,LEMONS,25 SAND CHERRY,,LITTLETON,CO,80127-4339
Sneller Tire Auto & Diesel Repair,TEK,3351,22618584,1045,,3,,ARCIE,SAPP,1431 BENTHALL BLVD,,FULTON,MO,65251-5174
Sneller Tire Auto & Diesel Repair,TEK,3351,22617778,1045,,3,,ALLEN,PARKER,1306 OSAGE LN,,FULTON,MO,65251-2227
Sneller Tire Auto & Diesel Repair,TEK,3351,22619190,1045,,3,,TIMOTHY,STECKER,8409 COUNTY ROAD 425,,FULTON,MO,65251-7045
Sneller Tire Auto & Diesel Repair,TEK,3351,22619873,1045,,3,,TAMARA,TATEOSIAN,1630 COUNTY ROAD 252,,FULTON,MO,65251-3005
Sneller Tire Auto & Diesel Repair,TEK,3351,22617124,1045,,3,,JUDY,SHEETS,2074 MANOR DR,,FULTON,MO,65251-2470
Sneller Tire Auto & Diesel Repair,TEK,3351,22616920,1045,,3,,MARCIA,SCZEPANSKI,4747 CARMEL DR,,FULTON,MO,65251-6385
Sneller Tire Auto & Diesel Repair,TEK,3351,22620722,1045,,3,,MIKE,CAVE,3967 STATE ROAD F,,FULTON,MO,65251-5319
Sneller Tire Auto & Diesel Repair,TEK,3351,22620565,1045,,3,,BRAD,CARR,7050 STATE ROAD J,,FULTON,MO,65251-5739
Sneller Tire Auto & Diesel Repair,TEK,3351,22620009,1045,,3,,KRYSTAL,BURGTORF,762 N 1950TH PL,,QUINCY,IL,62305-0077
Sneller Tire Auto & Diesel Repair,TEK,3351,22619986,1045,,3,,JOHN,APLAND,6198 SHADY HILLS LN,,FULTON,MO,65251-6375
Sneller Tire Auto & Diesel Repair,TEK,3351,22619453,1045,,3,,TRAVIS,LANE,1412 COLONIAL DR,,FULTON,MO,65251-1307
Sneller Tire Auto & Diesel Repair,TEK,3351,22617602,1045,,3,,JESSICA,FERGUSON,610 W CHESTNUT ST,,FULTON,MO,65251-1210
Sneller Tire Auto & Diesel Repair,TEK,3351,22617138,1045,,3,,DAVID,WILDER,3311 8TH ST NE APT 205,,MINOT,ND,58703-0005
Sneller Tire Auto & Diesel Repair,TEK,3351,22619754,1045,,3,,MARIE,DAVIS,860 NIEMAN RD,,HOLTS SUMMIT,MO,65043-1773
Sneller Tire Auto & Diesel Repair,TEK,3351,22621006,1045,,3,,FLOYD,LOVE,5122 LYNN RAY DR,,KINGDOM CITY,MO,65262-2029
Sneller Tire Auto & Diesel Repair,TEK,3351,22620980,1045,,3,,AUDRA,MEEKS,301 PINE ST,,AUXVASSE,MO,65231-1629
Sneller Tire Auto & Diesel Repair,TEK,3351,22620262,1045,,3,,TOSHIA,FREEMAN,1804 HADDLEY LEE DR,,FULTON,MO,65251-5509
Sneller Tire Auto & Diesel Repair,TEK,3351,22618681,1045,,3,,ELAINA,FLETCHER,5186 COUNTY ROAD 410,,FULTON,MO,65251-6683
Sneller Tire Auto & Diesel Repair,TEK,3351,22620322,1045,,3,,CHARLEYN,NEW,880 HALIFAX RD,,HOLTS SUMMIT,MO,65043-1756
Sneller Tire Auto & Diesel Repair,TEK,3351,22618549,1045,,3,,REBECCA,TIMBERLAKE,1116 DULLE ST,,JEFFERSON CITY,MO,65109-2577
Sneller Tire Auto & Diesel Repair,TEK,3351,22620655,1045,,3,,CAMERON,HALL,9265 STATE ROAD C,,MOKANE,MO,65059-1219
Sneller Tire Auto & Diesel Repair,TEK,3351,22618423,1045,,3,,MARILYN,BARTLEY,8828 COUNTY ROAD 451,,MOKANE,MO,65059-1015
Sneller Tire Auto & Diesel Repair,TEK,3351,22618946,1045,,3,,KERRY,CHAPMAN,PO BOX 775,,ASHLAND,MO,65010-0775
Sneller Tire Auto & Diesel Repair,TEK,3351,22619132,1045,,3,,WADE,FARRIS,3005 CRESCO DR,,NEW BLOOMFIELD,MO,65063-1256
Sneller Tire Auto & Diesel Repair,TEK,3351,22620965,1045,,3,,DONNA,THOMAS,2 TUCKER LN,,FULTON,MO,65251-2355
Sneller Tire Auto & Diesel Repair,TEK,3351,22620551,1045,,3,,ALVIN,NEAL,505 MOKANE RD,,FULTON,MO,65251-1470
Sneller Tire Auto & Diesel Repair,TEK,3351,22617541,1045,,3,,DONNA,BENTCH,PO BOX 142,,AUXVASSE,MO,65231-0142
Sneller Tire Auto & Diesel Repair,TEK,3351,22620407,1045,,3,,REBECCA,STEFFENAUER,3050 BAYNHEM AVE,,KINGDOM CITY,MO,65262-1327
Sneller Tire Auto & Diesel Repair,TEK,3351,22617146,1045,,3,,JOHN,ELLERMAN,4703 EBERSOLE LOOP,,FULTON,MO,65251-6291
Sneller Tire Auto & Diesel Repair,TEK,3351,22618662,1045,,3,,DONNA,THOMAS,310 CHURCH ST,,JEFFERSON CITY,MO,65101-4812
Sneller Tire Auto & Diesel Repair,TEK,3351,22619830,1045,,3,,LOGAN,BREWER,512 GRAND AVE,,FULTON,MO,65251-2012
Sneller Tire Auto & Diesel Repair,TEK,3351,22619941,1045,,3,,TERRY,JONES,5690 COUNTY ROAD 416,,FULTON,MO,65251-7001
Sneller Tire Auto & Diesel Repair,TEK,3351,22619182,1045,,3,,NATHAN,MARTIN,915 COURT ST,,FULTON,MO,65251-1958
Sneller Tire Auto & Diesel Repair,TEK,3351,22620932,1045,,3,,RAYMOND,WOLFMEIER,1804 COUNTY ROAD 356,,NEW BLOOMFIELD,MO,65063-1000
Sneller Tire Auto & Diesel Repair,TEK,3351,22618314,1045,,3,,DANICE,CHAIDEZ,3530 COUNTY ROAD 140,,KINGDOM CITY,MO,65262-2248
Sneller Tire Auto & Diesel Repair,TEK,3351,22620677,1045,,3,,KASEY,HAZELL,11 HARVEST LN,,HUTCHINSON,KS,67502-5509
Sneller Tire Auto & Diesel Repair,TEK,3351,22618182,1045,,3,,JACKIE,KEMP,5520 SILLIVAN DR,,FULTON,MO,65251-5338
Sneller Tire Auto & Diesel Repair,TEK,3351,22619500,1045,,3,,LARRY,O'NEAL,510 E 8TH ST,,FULTON,MO,65251-2058
Sneller Tire Auto & Diesel Repair,TEK,3351,22618564,1045,,3,,ROBERT,BARNES,5 MELODY LN,,MEXICO,MO,65265-3513
Sneller Tire Auto & Diesel Repair,TEK,3351,22618493,1045,,3,,SHAKIR,BRANDT,911 JULIAN LN,,FULTON,MO,65251-1314
Sneller Tire Auto & Diesel Repair,TEK,3351,22620585,1045,,03,,COREY,THOMPSON,908 JULIAN LN,,FULTON,MO,65251-1315
Sneller Tire Auto & Diesel Repair,TEK,3351,22619658,1045,,3,,JENNIE,WELLS,2044 BEELMAN RD,,HOLTS SUMMIT,MO,65043-1181
Sneller Tire Auto & Diesel Repair,TEK,3351,22618198,1045,,3,,CHRISTIAN,WEST,6938 COUNTY ROAD 477,,FULTON,MO,65251-6321
Sneller Tire Auto & Diesel Repair,TEK,3351,22618995,1045,,3,,ANN,RICHMOND,407 CARVER DR,,FULTON,MO,65251-1155
Sneller Tire Auto & Diesel Repair,TEK,3351,22616701,1045,,3,,TIM,LARSON,560 NATALIE CT,,FULTON,MO,65251-2944
Sneller Tire Auto & Diesel Repair,TEK,3351,22616791,1045,,3,,DAVID,CLAPP,4879 COUNTY ROAD 105,,FULTON,MO,65251-3950
Sneller Tire Auto & Diesel Repair,TEK,3351,22619198,1045,,3,,LESLEY,ARNOLD,1412 KINGSWOOD DR,,FULTON,MO,65251-1319
Sneller Tire Auto & Diesel Repair,TEK,3351,22618333,1045,,3,,JAMES,HANDLON,1391 JESSICA LN,,FULTON,MO,65251-2942
Sneller Tire Auto & Diesel Repair,TEK,3351,22618079,1045,,3,,RUSSELL,WHEAT,6617 COUNTY ROAD 426,,MOKANE,MO,65059-1001
Sneller Tire Auto & Diesel Repair,TEK,3351,22620346,1045,,3,,RON,WILSON,6250 CEDAR OAKS DR,,FULTON,MO,65251-5954
Sneller Tire Auto & Diesel Repair,TEK,3351,22617793,1045,,3,,JOHN,JOSEY,2020 BROOKSTONE CT,,FULTON,MO,65251-3472
Sneller Tire Auto & Diesel Repair,TEK,3351,22616978,1045,,3,,AMANDA,HARGIS,7798 COUNTY ROAD 407,,FULTON,MO,65251-6632
Sneller Tire Auto & Diesel Repair,TEK,3351,22618267,1045,,3,,MARGIE,MASEK,338 PIONEER DR,,FULTON,MO,65251-1673
Sneller Tire Auto & Diesel Repair,TEK,3351,22618199,1045,,3,,MIKE,RALEY,10115 COUNTY ROAD 445,,MOKANE,MO,65059-1133
Sneller Tire Auto & Diesel Repair,TEK,3351,22617558,1045,,3,,DONALD,RAPS,1507 EUNICE CT LOT 23,,FULTON,MO,65251-5428
Sneller Tire Auto & Diesel Repair,TEK,3351,22617255,1045,,3,,CARL,RATLIFF,1317 COTE SANS DESSEIN RD,,FULTON,MO,65251-1353
Sneller Tire Auto & Diesel Repair,TEK,3351,22617935,1045,,3,,Ashley,Wallace,1423 ERIK PL,,FULTON,MO,65251-6388
Sneller Tire Auto & Diesel Repair,TEK,3351,22618009,1045,,3,,PAUL,ROONEY,PO BOX 2101,,JEFFERSON CITY,MO,65102-2101
Sneller Tire Auto & Diesel Repair,TEK,3351,22618840,1045,,3,,NATHAN,KNAPP,320 N SUMMIT DR LOT 39,,HOLTS SUMMIT,MO,65043-1073
Sneller Tire Auto & Diesel Repair,TEK,3351,22619938,1045,,3,,TIM,RUSSO,209 W 6TH ST,,FULTON,MO,65251-2627
Sneller Tire Auto & Diesel Repair,TEK,3351,22617321,1045,,3,,JEREMY,LANE,106 GLOVER ST,,FULTON,MO,65251-7212
Sneller Tire Auto & Diesel Repair,TEK,3351,22620870,1045,,3,,ASHLEY,LUEBBERING,9301 KNOW PL,,NEW BLOOMFIELD,MO,65063-1300
Sneller Tire Auto & Diesel Repair,TEK,3351,22620542,1045,,3,,ASHLEY,STRODE,13743 HICKORY RD,,BROWNING,IL,62624-4068
Sneller Tire Auto & Diesel Repair,TEK,3351,22617065,1045,,3,,WANDA,SAYER,609 JEFFERSON ST,,FULTON,MO,65251-2615
Sneller Tire Auto & Diesel Repair,TEK,3351,22619018,1045,,3,,CATHERINE,FEGLEY,1411 KINGSWOOD DR,,FULTON,MO,65251-1318
Sneller Tire Auto & Diesel Repair,TEK,3351,22620462,1045,,3,,GEORGE,GARNER,6127 CEDAR OAKS DR,,FULTON,MO,65251-5956
Sneller Tire Auto & Diesel Repair,TEK,3351,22618702,1045,,3,,NORMAN,HUTCHINS,3960 COUNTY ROAD 210,,KINGDOM CITY,MO,65262-2036
Sneller Tire Auto & Diesel Repair,TEK,3351,23510124,1045,,3,,ROBERT,WILSON,9204 HARTMAN CT,,FULTON,MO,65251-7171
Sneller Tire Auto & Diesel Repair,TEK,3351,22620458,1045,,3,,JASON,BUCKWALTER,1408 MOKANE RD,,FULTON,MO,65251-2907
Sneller Tire Auto & Diesel Repair,TEK,3351,22617955,1045,,3,,CARMEN,PADILLA,9940 TUX PL,,NEW BLOOMFIELD,MO,65063-1902
Sneller Tire Auto & Diesel Repair,TEK,3351,22620882,1045,,3,,JESSICA,KIDD,1104 LONDONDERRY AVE,,FRIENDSWOOD,TX,77546-5334
Sneller Tire Auto & Diesel Repair,TEK,3351,22617993,1045,,3,,DAVID,WALLER,6734 ROCKING HORSE LN,,FULTON,MO,65251-6299
Sneller Tire Auto & Diesel Repair,TEK,3351,24071928,1045,,3,,KELSEY,GILMORE,1807 PLAZA DR APT 6,,FULTON,MO,65251-2473
Sneller Tire Auto & Diesel Repair,TEK,3351,22617171,1045,,3,,GREG,BRANHAM,110 BARTLEY LN,,FULTON,MO,65251-2139
Sneller Tire Auto & Diesel Repair,TEK,3351,22616839,1045,,3,,JOE,OLDANI,1725 ASHLEY CT,,FULTON,MO,65251-7708
Sneller Tire Auto & Diesel Repair,TEK,3351,24161874,1045,,3,,Neville,Daley,657 JAMESTOWN DR,,FULTON,MO,65251-5690
Sneller Tire Auto & Diesel Repair,TEK,3351,26192745,1045,,3,,ELAINE,CREED,618 CANTERBURY DR,,FULTON,MO,65251-2414
Sneller Tire Auto & Diesel Repair,TEK,3351,22617023,1045,,3,,AUDREY,NICOLL,706 CANTERBURY DR APT H,,FULTON,MO,65251-2549
Sneller Tire Auto & Diesel Repair,TEK,3351,27313375,1045,,03,,JANIS,DURYEA,309 W 7TH ST,,FULTON,MO,65251-2607
Sneller Tire Auto & Diesel Repair,TEK,3351,22618993,1045,,3,,CHARLES,SAUDERS,7006 GREENWOOD HLS,,FULTON,MO,65251-6394
Sneller Tire Auto & Diesel Repair,TEK,3351,22619071,1045,,3,,JESSE,PEZOLD,9138 STATE ROAD C,,MOKANE,MO,65059-1204
Sneller Tire Auto & Diesel Repair,TEK,3351,28902081,1045,,03,,SHAWN,PETTIGREN,3217 PALMER CT,,FULTON,MO,65251-3888
Sneller Tire Auto & Diesel Repair,TEK,3351,22620464,1045,,03,,STEVEN,MCAFEE,1 UNIVERSITY AVE,,FULTON,MO,65251-2388
Sneller Tire Auto & Diesel Repair,TEK,3351,28923255,1045,,03,,JENNA,COOMBS,1405 COLONIAL DR,,FULTON,MO,65251-1306
Sneller Tire Auto & Diesel Repair,TEK,3351,29197607,1045,,03,,AARON,BALLARD,313 W MAPLE ST,,AUXVASSE,MO,65231-2142
Sneller Tire Auto & Diesel Repair,TEK,3351,29192820,1045,,03,,LURA,SIMCOE,1205 W 7TH ST,,FULTON,MO,65251-2505
Sneller Tire Auto & Diesel Repair,TEK,3351,29380129,1045,,03,,Joe,Basnett,212 W RIDGELEY RD,,COLUMBIA,MO,65203-3524
Sneller Tire Auto & Diesel Repair,TEK,3351,29664373,1045,,03,,WESLEY,RICE,2020 S COUNTRY CLUB DR,,JEFFERSON CITY,MO,65109-5474
Sneller Tire Auto & Diesel Repair,TEK,3351,22616884,1045,,3,,CHRIS,CONNELL,2436 STONEY CREEK RD,,NEW BLOOMFIELD,MO,65063-5475
Sneller Tire Auto & Diesel Repair,TEK,3351,22840798,1045,,3,,ETHAN,COLE,2900 OLD 63 S,,COLUMBIA,MO,65201-0200
Sneller Tire Auto & Diesel Repair,TEK,3351,22619025,1045,,3,,SABRINA,MCMULLAN,1014 GREYSTONE CT,,FULTON,MO,65251-1297
Sneller Tire Auto & Diesel Repair,TEK,3351,22620929,1045,,3,,LORA,MARTIN,7705 STATE ROAD NN,,FULTON,MO,65251-6657
Sneller Tire Auto & Diesel Repair,TEK,3351,22617950,1045,,3,,JIM,HARE,5828 RIVER HILLS RD,,MOKANE,MO,65059-1130
Sneller Tire Auto & Diesel Repair,TEK,3351,22616751,1045,,3,,JOSEPH,MILLER,9856 DEER RUN RD,,WILLIAMSBURG,MO,63388-2027
Sneller Tire Auto & Diesel Repair,TEK,3351,31183044,1045,,03,,JUSTIN,CLIFFORD,7420 COUNTY ROAD 108,,FULTON,MO,65251-5540
Sneller Tire Auto & Diesel Repair,TEK,3351,22618175,1045,,3,,TAYLOR,PHILLIPS,9565 TASHA LN,,NEW BLOOMFIELD,MO,65063-1938
Sneller Tire Auto & Diesel Repair,TEK,3351,31469177,1045,,03,,LESLEY,TRIPPENSEE,1108 LEE ST,,JEFFERSON CITY,MO,65101-3727
Sneller Tire Auto & Diesel Repair,TEK,3351,31631762,1045,,03,,JAMIE,LARSON,5687 LONG MEADOW DR,,FULTON,MO,65251-6476
Sneller Tire Auto & Diesel Repair,TEK,3351,25958105,1045,,3,,MELINDA,BROOKS,1391 SOUTHWINDS DR,,FULTON,MO,65251-1160
Sneller Tire Auto & Diesel Repair,TEK,3351,22617706,1045,,3,,RON,BUCHANAN,7102 MAYO CIR,,PANAMA CITY,FL,32404-4910
Sneller Tire Auto & Diesel Repair,TEK,3351,22619546,1045,,3,,TIMOTHY,OSTERHOLT,204 LYNN AVE,,FULTON,MO,65251-1458
Sneller Tire Auto & Diesel Repair,TEK,3351,32090576,1045,,03,,DON,HANSON,3310 STATE ROAD HH,,KINGDOM CITY,MO,65262-1900
Sneller Tire Auto & Diesel Repair,TEK,3351,22620360,1045,,3,,SHAWN,SPEERS,1 UNIVERSITY AVE # 4780,,FULTON,MO,65251-2388
Sneller Tire Auto & Diesel Repair,TEK,3351,22620501,1045,,3,,AMY,FINDLEY,7162 LONGVIEW DR,,FULTON,MO,65251-6765
Sneller Tire Auto & Diesel Repair,TEK,3351,22619866,1045,,3,,LARRY,NEWMAN,370 EDWARDS DR,,HOLTS SUMMIT,MO,65043-2123
Sneller Tire Auto & Diesel Repair,TEK,3351,22619076,1045,,3,,ANNETTE,CROSS,405 CHRISTOPHER LN,,FULTON,MO,65251-2472
Sneller Tire Auto & Diesel Repair,TEK,3351,32870572,1045,,03,,ROBERT,PEZOLD,2273 STATE RD E,,AUXVASSE,MO,65231-1817
Sneller Tire Auto & Diesel Repair,TEK,3351,22619499,1045,,3,,BRANDON,JONES,6743 COUNTY ROAD 315,,FULTON,MO,65251-5906
Sneller Tire Auto & Diesel Repair,TEK,3351,22620004,1045,,3,,ROBERT,JOHNSON,1101 ASHTON CIR E,,FULTON,MO,65251-1387
Sneller Tire Auto & Diesel Repair,TEK,3351,22619286,1045,,3,,ERIC,WALKER,6401 TILLA DR,,FULTON,MO,65251-5459
Sneller Tire Auto & Diesel Repair,TEK,3351,22620461,1045,,3,,LINDI,ROBERTS,995 BOULDER CT,,FULTON,MO,65251-1291
Sneller Tire Auto & Diesel Repair,TEK,3351,22618642,1045,,3,,TINA,HINES,603 CHURCH ST,,FULTON,MO,65251-2366
Sneller Tire Auto & Diesel Repair,TEK,3351,34376082,1045,,03,,DEBBIE,RYMAN,1637 COUNTY ROAD 245,,AUXVASSE,MO,65231-2112
Sneller Tire Auto & Diesel Repair,TEK,3351,22619884,1045,,3,,DREW,CLARDY,1909 LAKEVIEW DR,,FULTON,MO,65251-5577
Sneller Tire Auto & Diesel Repair,TEK,3351,22619616,1045,,3,,KANE,MILLS,4616 HIGHWAY 179,,CENTERTOWN,MO,65023-3331
Sneller Tire Auto & Diesel Repair,TEK,3351,34668341,1045,,03,,WILLIAM,ROGERS,1835 COUNTY ROAD 372,,NEW BLOOMFIELD,MO,65063-1534
Sneller Tire Auto & Diesel Repair,TEK,3351,22620164,1045,,3,,TIM,SHIKLES,2917 COUNTY ROAD 348,,NEW BLOOMFIELD,MO,65063-1223
Sneller Tire Auto & Diesel Repair,TEK,3351,22619305,1045,,3,,DREW,BENNER,1423 ERIK PL,,FULTON,MO,65251-6388
Sneller Tire Auto & Diesel Repair,TEK,3351,35006348,1045,,03,,JORDAN,HART,2311 GRAY FOX TER APT B,,JEFFERSON CITY,MO,65109-2003
Sneller Tire Auto & Diesel Repair,TEK,3351,22617538,1045,,3,,BRENDON,SEXTON,2620 N BLUFF ST APT 202,,FULTON,MO,65251-7262
Sneller Tire Auto & Diesel Repair,TEK,3351,22620359,1045,,3,,BOUJENNA,AKREMI,7599 COUNTY ROAD 405,,FULTON,MO,65251-6747
Sneller Tire Auto & Diesel Repair,TEK,3351,22617139,1045,,3,,REQUITTA,SNELLER,8313 REPPER RIDGE RD,,NEW BLOOMFIELD,MO,65063-1051
Sneller Tire Auto & Diesel Repair,TEK,3351,22620738,1045,,3,,DAVID,LAMONS,3799 STATE ROAD HH,,FULTON,MO,65251-3225
Sneller Tire Auto & Diesel Repair,TEK,3351,22620092,1045,,3,,CHRIS,JAYNES,10003 COUNTY ROAD 1002,,AUXVASSE,MO,65231-3408
Sneller Tire Auto & Diesel Repair,TEK,3351,35666025,1045,,03,,MANDY,CLARK,8149 STATE ROAD NN,,FULTON,MO,65251-6661
Sneller Tire Auto & Diesel Repair,TEK,3351,35314231,1045,,03,,JOHN,HUDSON,6065 COUNTY ROAD 116,,FULTON,MO,65251-4027
Sneller Tire Auto & Diesel Repair,TEK,3351,22619377,1045,,3,,SEAN,HERRING,801 NICHOLS ST APT B,,FULTON,MO,65251-1831
Sneller Tire Auto & Diesel Repair,TEK,3351,22620156,1045,,3,,ERIC,HOLMES,1111 ASHTON CIR W,,FULTON,MO,65251-1385
Sneller Tire Auto & Diesel Repair,TEK,3351,22620908,1045,,3,,DAVE,PINGEL,5760 E EAGLE TRCE,,HARTSBURG,MO,65039-9649
Sneller Tire Auto & Diesel Repair,TEK,3351,22616703,1045,,3,,MIKE,BURCH,7 BARTLEY LN,,FULTON,MO,65251-2110
Sneller Tire Auto & Diesel Repair,TEK,3351,22616762,1045,,3,,JAMES,HUSKEY,804 ELAINE DR,,FULTON,MO,65251-5474
Sneller Tire Auto & Diesel Repair,TEK,3351,22619279,1045,,3,,MONICA,YOUNG,4715 COUNTY ROAD 202,,FULTON,MO,65251-3709
Sneller Tire Auto & Diesel Repair,TEK,3351,22619957,1045,,03,,ANN,CLERVI,3204 NICKLAUS CT,,FULTON,MO,65251-7808
Sneller Tire Auto & Diesel Repair,TEK,3351,22618764,1045,,3,,TAYLOR,FIELDS,6401 STATE ROAD J,,FULTON,MO,65251-5747
Sneller Tire Auto & Diesel Repair,TEK,3351,22619535,1045,,3,,ROB,GOURLEY,3436 RUDY LN,,JEFFERSON CITY,MO,65101-8952
Sneller Tire Auto & Diesel Repair,TEK,3351,29954583,1045,,03,,SCOTT,ROBINETT,4850 STATE ROAD JJ,,FULTON,MO,65251-5051
Sneller Tire Auto & Diesel Repair,TEK,3351,22620387,1045,,3,,AARYN,PHILLIPS,715 W 7TH ST,,FULTON,MO,65251-1107
