Shop Name,Software,SID,CID,WSID,WCID,MBdayMo,TBdayMo,First,Last,Address,Address2,City,St,Zip
Titan Auto Tech,TEK,3385,17105421,1046,,9,,Jeff,Sucher,2625 BELLAVISTA ST,,CASTLE ROCK,CO,80109-3617
Titan Auto Tech,TEK,3385,17104916,1046,,9,,Aaron,Hutsch,2055 ASHWOOD PL,,HIGHLANDS RANCH,CO,80129-6321
Titan Auto Tech,TEK,3385,17105618,1046,,9,,Scott,Johnson,6734 GREEN RIVER DR,,HIGHLANDS RANCH,CO,80130-6779
Titan Auto Tech,TEK,3385,17105854,1046,,9,,Chris,Weolkers,10948 VALLEYBROOK CIR,,HIGHLANDS RANCH,CO,80130-6940
Titan Auto Tech,TEK,3385,17105809,1046,,9,,Brythi,Elliott,4095 SWANSON WAY UNIT 204,,CASTLE ROCK,CO,80109-6311
Titan Auto Tech,TEK,3385,17105560,1046,,9,,Donna,Cooksey,158 BARTEMUS TRL,,NASHUA,NH,03063-7625
Titan Auto Tech,TEK,3385,17105884,1046,,9,,Tyler,Broussely,5140 S MEADOW LARK DR,,CASTLE ROCK,CO,80109-8477
Titan Auto Tech,TEK,3385,17105195,1046,,9,,Mike,Hedges,2127 MARBLE CT,,CASTLE ROCK,CO,80108-7879
Titan Auto Tech,TEK,3385,17104974,1046,,9,,Seth,Morrissey,3577 STARFLOWER RD,,CASTLE ROCK,CO,80109-8452
Titan Auto Tech,TEK,3385,17105417,1046,,9,,Jack,Murray,5000 BUTTERCUP DR,,CASTLE ROCK,CO,80109-8459
Titan Auto Tech,TEK,3385,17105487,1046,,9,,Christopher,Cord,12766 ESPERA WAY,,PARKER,CO,80134-6660
Titan Auto Tech,TEK,3385,17105275,1046,,9,,Jack,Murray,3305 W ARROWLEAF CT,,CASTLE ROCK,CO,80109-9499
Titan Auto Tech,TEK,3385,17104908,1046,,9,,Brian,Hill,1187 AUBURN DR APT 125,,CASTLE ROCK,CO,80109-1586
Titan Auto Tech,TEK,3385,17105938,1046,,9,,Carol,Rodriquez,10104 FELTON AVE,,INGLEWOOD,CA,90304-1217
Titan Auto Tech,TEK,3385,17105896,1046,,9,,Andy,Morris,6964 FOX CIR,,LARKSPUR,CO,80118-9105
Titan Auto Tech,TEK,3385,17105731,1046,,9,,David,Lanrabee,7498 NUTHATCH CIR,,PARKER,CO,80134-2703
Titan Auto Tech,TEK,3385,17104994,1046,,9,,Mike,Bain,11375 W CRESTLINE DR,,LITTLETON,CO,80127-1625
Titan Auto Tech,TEK,3385,17104948,1046,,9,,William,Rose,1350 BUTTERMILK RD,,LARKSPUR,CO,80118-8213
Titan Auto Tech,TEK,3385,17105310,1046,,9,,Max,Garcia,14659 E EVANS AVE,,AURORA,CO,80014-1533
Titan Auto Tech,TEK,3385,17105677,1046,,9,,Joyce,Mendes,11434 MUSTANG RD,,FRANKTOWN,CO,80116-9311
Titan Auto Tech,TEK,3385,17105086,1046,,9,,Doti,Allen,985 ROSEDALE CT,,CASTLE ROCK,CO,80104-3290
Titan Auto Tech,TEK,3385,17105766,1046,,9,,Paul,Narduzzo,462 REID WAY,,WEST CHESTER,PA,19382-2961
Titan Auto Tech,TEK,3385,17105010,1046,,9,,Scott,Zimmerman,1415 STONEHILL CT,,CASTLE ROCK,CO,80104-7604
Titan Auto Tech,TEK,3385,23411205,1046,,09,,Ian,Sivakanthan,9169 E LOST HILL TRL,,LONE TREE,CO,80124-5445
Titan Auto Tech,TEK,3385,31502330,1046,,09,,Dom,Ursetta,4450 KELLWOOD DR,,CASTLE ROCK,CO,80109-7975
Titan Auto Tech,TEK,3385,17104812,1046,,09,,Michel,Briggs,17060 E CARR AVE,,PARKER,CO,80134-7607
Titan Auto Tech,TEK,3385,17104861,1046,,9,,Ray,Worley,691 CORONADO DR,,SEDALIA,CO,80135-8360
