Shop Name,Software,SID,CID,WSID,WCID,MBdayMo,TBdayMo,First,Last,Address,Address2,City,St,Zip
Titan Auto Tech,TEK,3385,17105063,1046,,,9,Vincent,Artes Usero,777 TWO RIVERS DR,,TELLURIDE,CO,81435-9173
Titan Auto Tech,TEK,3385,17105777,1046,,,9,Andrius,Juskevicius,2119 TRAIL STONE LOOP,,CASTLE ROCK,CO,80108-8612
Titan Auto Tech,TEK,3385,17104923,1046,,,9,Brooke,Meador,2332 SEABOARD RD,,VIRGINIA BEACH,VA,23456-3507
Titan Auto Tech,TEK,3385,17105539,1046,,,9,Keith,Reich,1183 FOURSOME DR,,CASTLE ROCK,CO,80104-3702
Titan Auto Tech,TEK,3385,17105870,1046,,,3,Dave,Darrah,PO BOX 1822,,CASTLE ROCK,CO,80104-1501
Titan Auto Tech,TEK,3385,17104933,1046,,,3,Park,Jennings,761 TWIN OAKS RD,,CASTLE ROCK,CO,80109-9544
Titan Auto Tech,TEK,3385,35272188,1046,,,9,Caleb,Carrasco,2240 CASTLEGATE DR N APT 313,,CASTLE ROCK,CO,80108-8329
