Shop Name,Software,SID,CID,WSID,WCID,MBdayMo,TBdayMo,First,Last,Address,Address2,City,St,Zip
Titan Auto Tech,TEK,3385,17105216,1046,,3,,Steve,Joanis,2598 BIG BEAR DR,,SEDALIA,CO,80135-4411
Titan Auto Tech,TEK,3385,17105952,1046,,3,,Bill,Tschanz,5010 FAWN RIDGE WAY,,CASTLE ROCK,CO,80104-3355
Titan Auto Tech,TEK,3385,17105406,1046,,3,,Robert,Parker,PO BOX 54,,LARKSPUR,CO,80118-0054
Titan Auto Tech,TEK,3385,17105590,1046,,3,,Ed,Allwein,1788 WILDFIRE CIR,,CASTLE ROCK,CO,80104-7722
Titan Auto Tech,TEK,3385,17105185,1046,,3,,Destiny,Dorn,1427 OTIS ST,,LAKEWOOD,CO,80214-3407
Titan Auto Tech,TEK,3385,17105668,1046,,3,,Sabrina,Sundquit,4810 BASALT RIDGE CIR,,CASTLE ROCK,CO,80108-8038
Titan Auto Tech,TEK,3385,17105094,1046,,3,,Don,Rosansky,9566 FIRENZE WAY,,HIGHLANDS RANCH,CO,80126-3608
Titan Auto Tech,TEK,3385,17105968,1046,,3,,Dan,Taylor,3130 N BRUSH CREEK ST,,WICHITA,KS,67205-8739
Titan Auto Tech,TEK,3385,17105045,1046,,3,,Richard,Monteferrante,1918 FIVE IRON DR,,CASTLE ROCK,CO,80104-2789
Titan Auto Tech,TEK,3385,17105886,1046,,3,,Kenn,Kelly,9491 SORREL RD,,CASTLE ROCK,CO,80108-9118
Titan Auto Tech,TEK,3385,17105234,1046,,3,,Justin,Daigle,3502 RUNNING DEER DR,,CASTLE ROCK,CO,80109-2882
Titan Auto Tech,TEK,3385,17104890,1046,,3,,James,Crespin,5840 AMBER RIDGE DR,,CASTLE PINES,CO,80108-9423
Titan Auto Tech,TEK,3385,17105425,1046,,3,,Rick,Varner,13761 E LEHIGH AVE,,AURORA,CO,80014-6112
Titan Auto Tech,TEK,3385,17105821,1046,,3,,Dan,Kacerovskis,4538 GINGER CT,,CASTLE ROCK,CO,80109-4565
Titan Auto Tech,TEK,3385,17105353,1046,,3,,Michelle,Jordan,2239 ROBINDALE WAY,,CASTLE ROCK,CO,80109-3635
Titan Auto Tech,TEK,3385,17105969,1046,,3,,Chris,Duffie,991 BUFFALO RIDGE RD,,CASTLE PINES,CO,80108-8186
Titan Auto Tech,TEK,3385,17104780,1046,,3,,Joseph,Kim,444 BLACK FEATHER LOOP APT 101,,CASTLE ROCK,CO,80104-8012
Titan Auto Tech,TEK,3385,17105581,1046,,3,,John,Hinton,3658 MIGHTY OAKS ST,,CASTLE ROCK,CO,80104-7948
Titan Auto Tech,TEK,3385,17105242,1046,,3,,Anthony,Vorderbruggen,10205 INSPIRATION DR,,PARKER,CO,80138-8546
Titan Auto Tech,TEK,3385,17105105,1046,,3,,Joshua,Barton,5323 FAWN RIDGE WAY,,CASTLE ROCK,CO,80104-3353
Titan Auto Tech,TEK,3385,17105962,1046,,3,,Andrea,Lunney,2939 BIXBY CT,,CASTLE ROCK,CO,80109-3576
Titan Auto Tech,TEK,3385,17105833,1046,,3,,Justin,Foster,9377 WEEPING WILLOW CT,,HIGHLANDS RANCH,CO,80130-4483
Titan Auto Tech,TEK,3385,30001813,1046,,03,,David,Knighton,350 BLACK BEAR TRL,,WOODLAND PARK,CO,80863-8956
Titan Auto Tech,TEK,3385,17105909,1046,,3,,Derek,Visocky,585 N HUMBOLDT ST,,DENVER,CO,80218-3603
Titan Auto Tech,TEK,3385,35342929,1046,,03,,Amanda,Cox,100 BURGUNDY DR,,HIGHLANDS RANCH,CO,80126-8616
Titan Auto Tech,TEK,3385,17105133,1046,,3,,Jason,Hellander,7547 DAWN CT,,LITTLETON,CO,80125-8962
Titan Auto Tech,TEK,3385,17104837,1046,,3,,Eric,Klein,1993 RIDGETRAIL DR,,CASTLE ROCK,CO,80104-7406
