Shop Name,Software,SID,CID,WSID,WCID,MBdayMo,TBdayMo,First,Last,Address,Address2,City,St,Zip
Off Campus Auto Repair LLC,TEK,3520,18726725,1047,,,9,Zachary,Cervenka,2860 CORAL CT,,CORALVILLE,IA,52241-2821
Off Campus Auto Repair LLC,TEK,3520,18722717,1047,,,9,Kelli,Denlinger,431A S DODGE ST,,IOWA CITY,IA,52240-5008
Off Campus Auto Repair LLC,TEK,3520,18724374,1047,,,9,Hayley,Driskell,220 LAFAYETTE ST,,IOWA CITY,IA,52240-1746
Off Campus Auto Repair LLC,TEK,3520,18724983,1047,,,9,Jason,Hardy,3701 2ND ST,,CORALVILLE,IA,52241-3203
Off Campus Auto Repair LLC,TEK,3520,18722527,1047,,,3,Gabriel,Rios,435 S LINN ST APT 417,,IOWA CITY,IA,52240-4988
Off Campus Auto Repair LLC,TEK,3520,18724783,1047,,,9,Sam,Mcleran,85 PENN RIDGE CT,,NORTH LIBERTY,IA,52317-8803
Off Campus Auto Repair LLC,TEK,3520,18723028,1047,,,9,John,Koach,830 E BURLINGTON ST,,IOWA CITY,IA,52240-5166
Off Campus Auto Repair LLC,TEK,3520,18726139,1047,,,9,Sheridan,Klinginsmith,757 W BENTON ST,,IOWA CITY,IA,52246-5953
Off Campus Auto Repair LLC,TEK,3520,18723405,1047,,,9,Michelle,Peterson,1012 N SUMMIT ST APT A,,IOWA CITY,IA,52245-5939
Off Campus Auto Repair LLC,TEK,3520,18726589,1047,,,3,Lamama,Kazadi,951 22ND AVE APT 9,,CORALVILLE,IA,52241-1554
Off Campus Auto Repair LLC,TEK,3520,18726385,1047,,,3,Zeke,Hayslette,217 MYRTLE AVE,,IOWA CITY,IA,52246-3320
Off Campus Auto Repair LLC,TEK,3520,18726250,1047,,,9,Spenser,Boyer,930B BOSTON WAY,,CORALVILLE,IA,52241-1229
Off Campus Auto Repair LLC,TEK,3520,18726428,1047,,,9,William,Woods,1544 PLUM ST,,IOWA CITY,IA,52240-2124
Off Campus Auto Repair LLC,TEK,3520,18725574,1047,,,3,Lisa,Hall,1464 N 19TH ST,,FORT DODGE,IA,50501-7731
Off Campus Auto Repair LLC,TEK,3520,18725491,1047,,,3,Tom,Petty,1055 HOME AVE,,KOKOMO,IN,46902-1624
Off Campus Auto Repair LLC,TEK,3520,18726958,1047,,,3,Kelly,Grimm,2311 10TH ST,,CORALVILLE,IA,52241-1217
Off Campus Auto Repair LLC,TEK,3520,18723327,1047,,,3,Julianne,Iandoli,228 HAWKEYE CT APT 215,,IOWA CITY,IA,52246-2871
Off Campus Auto Repair LLC,TEK,3520,18725495,1047,,,3,Brittney,Wetstein,9955 PROMISE LAND RD,,MOUNTAIN HOME,AR,72653-6248
Off Campus Auto Repair LLC,TEK,3520,18727130,1047,,,9,Alec,Schwager,419 N DUBUQUE ST APT 1,,IOWA CITY,IA,52245-6232
Off Campus Auto Repair LLC,TEK,3520,18722580,1047,,,3,Lucas,Jackson,80 CIRCLE DR APT 6,,NORTH LIBERTY,IA,52317-9143
Off Campus Auto Repair LLC,TEK,3520,18725028,1047,,,9,Amanda,Silverstein,2401 HIGHWAY 6 E APT 44-214,,IOWA CITY,IA,52240-6869
Off Campus Auto Repair LLC,TEK,3520,18723041,1047,,,3,Sam,Rens,304 DARTMOUTH ST,,IOWA CITY,IA,52245-4914
Off Campus Auto Repair LLC,TEK,3520,18723781,1047,,,9,Noah,Mitchell,657 KIMBERLITE ST,,TIFFIN,IA,52340-9211
Off Campus Auto Repair LLC,TEK,3520,18725362,1047,,,3,Rosendo,Garcia,5700 S NEENAH AVE,,CHICAGO,IL,60638-3306
Off Campus Auto Repair LLC,TEK,3520,18723969,1047,,,3,Trinity,West,956 BOSTON WAY APT 8,,CORALVILLE,IA,52241-1206
Off Campus Auto Repair LLC,TEK,3520,18725269,1047,,,9,Yi,Zhang,221 S GILBERT ST,,IOWA CITY,IA,52240-1631
Off Campus Auto Repair LLC,TEK,3520,18723984,1047,,,9,Marissa,Hartz,102 HAWKEYE CT APT 103,,IOWA CITY,IA,52246-2851
Off Campus Auto Repair LLC,TEK,3520,18727151,1047,,,3,Elyas,Kim,433 S VAN BUREN ST APT 3,,IOWA CITY,IA,52240-1937
Off Campus Auto Repair LLC,TEK,3520,18725703,1047,,,9,Dianna,Robb,2100 S SCOTT BLVD,,IOWA CITY,IA,52240-3017
Off Campus Auto Repair LLC,TEK,3520,18725902,1047,,,9,Vasilije,Dabanovic,6517 N CAMPBELL AVE,,CHICAGO,IL,60645-5329
Off Campus Auto Repair LLC,TEK,3520,18726834,1047,,,9,Kevin,Bieksa,2012 PORT PROVENCE PL,,NEWPORT BEACH,CA,92660-5429
Off Campus Auto Repair LLC,TEK,3520,18723512,1047,,,3,Bryan,Tanner,1615 ABER AVE,,IOWA CITY,IA,52246-4713
Off Campus Auto Repair LLC,TEK,3520,18726427,1047,,,3,Ray,Almenar,3825 S SANTA FE AVE,,VERNON,CA,90058-1712
Off Campus Auto Repair LLC,TEK,3520,18723346,1047,,,9,Michael,Mulhall,32225 EVERGREEN RD,,BEVERLY HILLS,MI,48025-2805
Off Campus Auto Repair LLC,TEK,3520,18726340,1047,,,9,Lia,Nall,206 VILLAGE DR,,TIFFIN,IA,52340-9405
Off Campus Auto Repair LLC,TEK,3520,18723637,1047,,,9,Marty,Vanopdorp,103 RILEY ST,,ATKINSON,IL,61235-7769
Off Campus Auto Repair LLC,TEK,3520,18725356,1047,,,9,James,Deng,104 E 7TH ST APT 148-A,,CORALVILLE,IA,52241-2952
Off Campus Auto Repair LLC,TEK,3520,18723262,1047,,,9,Austin,Kopsa,833 W BUENA AVE,,CHICAGO,IL,60613-1601
Off Campus Auto Repair LLC,TEK,3520,18722335,1047,,,3,Patrick,Kenney,625 EMERALD ST,,IOWA CITY,IA,52246-3046
Off Campus Auto Repair LLC,TEK,3520,18723866,1047,,,3,Joshua,Tharp,800 W BENTON ST,,IOWA CITY,IA,52246-5955
Off Campus Auto Repair LLC,TEK,3520,18726363,1047,,,9,Mike,Timm,1142 EMILY CT,,IOWA CITY,IA,52246-4146
Off Campus Auto Repair LLC,TEK,3520,18727118,1047,,,9,Erin,Dowd,30 LINCOLN AVE APT 25,,IOWA CITY,IA,52246-2273
Off Campus Auto Repair LLC,TEK,3520,18726695,1047,,,3,Jessica,Molloy,PO BOX 575,,TIFFIN,IA,52340-0575
Off Campus Auto Repair LLC,TEK,3520,18727010,1047,,,9,Josiah,Pollock,2318 EDENBURN DR,,AMES,IA,50010-8944
Off Campus Auto Repair LLC,TEK,3520,18726992,1047,,,9,Grace,Balison,613 E BURLINGTON ST,,IOWA CITY,IA,52240-5048
Off Campus Auto Repair LLC,TEK,3520,18724087,1047,,,9,Nick,Wager,2551 FRIENDSHIP TRL APT 2702,,CLINTON,IA,52732-3392
Off Campus Auto Repair LLC,TEK,3520,18724635,1047,,,9,Josh,McLean,1315 N JONES BLVD APT 2,,NORTH LIBERTY,IA,52317-9159
Off Campus Auto Repair LLC,TEK,3520,18723602,1047,,,3,Ahmed,Ahmmaed,815 OAKCREST ST,,IOWA CITY,IA,52246-3474
Off Campus Auto Repair LLC,TEK,3520,18726360,1047,,,9,Ellie,Kloewer,1162 BRIAR DR,,IOWA CITY,IA,52240-2204
Off Campus Auto Repair LLC,TEK,3520,18725167,1047,,,3,Chandni,Murali,615 WESTGATE ST,,IOWA CITY,IA,52246-4627
Off Campus Auto Repair LLC,TEK,3520,18722788,1047,,,3,Megan,Biondi,411 EMERALD ST APT E17,,IOWA CITY,IA,52246-3005
Off Campus Auto Repair LLC,TEK,3520,18724900,1047,,,3,Derek,Welch,6034 SUMMERHILL DR,,HUDSONVILLE,MI,49426-8911
Off Campus Auto Repair LLC,TEK,3520,18725851,1047,,,3,Jaylan,Ward,530 FOSTER RD,,IOWA CITY,IA,52245-1511
Off Campus Auto Repair LLC,TEK,3520,18725461,1047,,,3,Becky,Yauk,1408 EASTVIEW DR,,CORALVILLE,IA,52241-1012
Off Campus Auto Repair LLC,TEK,3520,18726021,1047,,,3,Brandon,Kelsey,2660 PACIFIC ST,,DAVENPORT,IA,52804-1502
Off Campus Auto Repair LLC,TEK,3520,18726765,1047,,,9,David,Chambers,336 BLACK WALNUT DR,,ROCHESTER,NY,14615-1336
Off Campus Auto Repair LLC,TEK,3520,18725555,1047,,,3,Jenny,Xu,424 6TH AVE APT 204,,CORALVILLE,IA,52241-2356
Off Campus Auto Repair LLC,TEK,3520,18725667,1047,,,3,Lauren,Butikofer,1625 MIDLAND CT NE UNIT 2,,CEDAR RAPIDS,IA,52402-2010
Off Campus Auto Repair LLC,TEK,3520,18723060,1047,,,9,Britney,Stovall,1248 WILLOW AVE,,RIVERSIDE,IA,52327-9000
Off Campus Auto Repair LLC,TEK,3520,18727087,1047,,,3,Brian,Jones,114 GREEN MOUNTAIN DR,,IOWA CITY,IA,52245-3816
Off Campus Auto Repair LLC,TEK,3520,18725421,1047,,,3,Monica,Ortega,17 FREDERICK ST APT 4,,FRAMINGHAM,MA,01702-8364
Off Campus Auto Repair LLC,TEK,3520,18726116,1047,,,9,Emma,Thayer,366 S CLINTON ST APT 2615,,IOWA CITY,IA,52240-3910
Off Campus Auto Repair LLC,TEK,3520,18724988,1047,,,9,Tristan,Regennitter,PO BOX 103,,CONROY,IA,52220-0103
Off Campus Auto Repair LLC,TEK,3520,18723021,1047,,,9,Adam,Maes,827 N MILWAUKEE AVE,,CHICAGO,IL,60642-4294
Off Campus Auto Repair LLC,TEK,3520,18724717,1047,,,9,Dominic,Mininni,1815 BROWN DEER HOLW,,CORALVILLE,IA,52241-1168
Off Campus Auto Repair LLC,TEK,3520,18726823,1047,,,3,Techit,Suntiphatrakul,100 HILLCREST,,IOWA CITY,IA,52242-1115
Off Campus Auto Repair LLC,TEK,3520,18723331,1047,,,9,Louis,Halperin,4219 HICKORY ST,,OMAHA,NE,68105-2408
Off Campus Auto Repair LLC,TEK,3520,18726261,1047,,,3,Enrique,Rebondo,1245 ABRAHAM DR,,NORTH LIBERTY,IA,52317-8204
Off Campus Auto Repair LLC,TEK,3520,18724779,1047,,,3,Thomas,Feminella,2230 10TH ST APT 3,,CORALVILLE,IA,52241-1351
Off Campus Auto Repair LLC,TEK,3520,18726559,1047,,,9,Matthew,Kirpes,212 6TH ST APT B1,,CORALVILLE,IA,52241-2527
Off Campus Auto Repair LLC,TEK,3520,18725634,1047,,,9,Preston,Schwerdtfeger,210 CENTER ST,,OXFORD,IA,52322-9251
Off Campus Auto Repair LLC,TEK,3520,18726450,1047,,,9,Sawyer,Smith,500 S LINN ST APT 5,,IOWA CITY,IA,52240-4907
Off Campus Auto Repair LLC,TEK,3520,18722542,1047,,,3,Elena,Crisan,277 MIDDAUGH RD,,CLARENDON HILLS,IL,60514-1065
Off Campus Auto Repair LLC,TEK,3520,18722663,1047,,,3,David,Taylor,PO BOX 119,,CONROY,IA,52220-0119
Off Campus Auto Repair LLC,TEK,3520,18726523,1047,,,3,Ethan,Sample,320 ELLIS AVE,,IOWA CITY,IA,52246-3705
Off Campus Auto Repair LLC,TEK,3520,18880288,1047,,,9,Sophie,Selk,527 E COLLEGE ST,,IOWA CITY,IA,52240-5121
Off Campus Auto Repair LLC,TEK,3520,19536137,1047,,,3,Ranjan,Shivakumar,345 CLARK DR APT 322,,CORALVILLE,IA,52241-2436
Off Campus Auto Repair LLC,TEK,3520,18725109,1047,,,9,Oliver,Gramlich,616 DAKOTA AVE,,TIFFIN,IA,52340-4761
Off Campus Auto Repair LLC,TEK,3520,18725632,1047,,,3,Todd,Rent,1310 SWEETING LN,,CORALVILLE,IA,52241-3024
Off Campus Auto Repair LLC,TEK,3520,20760949,1047,,,9,Kenneth,Mack,2602 COLUMBUS ST,,COLUMBUS CITY,IA,52737-9153
Off Campus Auto Repair LLC,TEK,3520,20758284,1047,,,9,David,Phan,2894 CORAL CT,,CORALVILLE,IA,52241-2812
Off Campus Auto Repair LLC,TEK,3520,21705069,1047,,,9,Caitlyn,Stoneman,460 GLENMOOR PL,,NORTH LIBERTY,IA,52317-7817
Off Campus Auto Repair LLC,TEK,3520,22829709,1047,,,9,Brenna,Mays,707 S DUBUQUE ST,,IOWA CITY,IA,52240-4225
Off Campus Auto Repair LLC,TEK,3520,23483696,1047,,,9,Joshua,Cheek,144 HAWKEYE CT APT 117,,IOWA CITY,IA,52246-2857
Off Campus Auto Repair LLC,TEK,3520,24141422,1047,,,3,Melisa,Roe,1015 W CHERRY ST,,NORTH LIBERTY,IA,52317-9075
Off Campus Auto Repair LLC,TEK,3520,18723807,1047,,,3,Lindsay,Dohlman,195 E WESTON DR,,NORTH LIBERTY,IA,52317-8028
Off Campus Auto Repair LLC,TEK,3520,24714333,1047,,,9,Joseph,Mckinly,1512 1ST AVE,,CORALVILLE,IA,52241-1143
Off Campus Auto Repair LLC,TEK,3520,25979329,1047,,,3,Taana,Latu,1 MERRIMACK PLZ,,LOWELL,MA,01852-1088
Off Campus Auto Repair LLC,TEK,3520,27542142,1047,,,3,Sam,Errthum,511 S LUCAS ST,,IOWA CITY,IA,52240-5605
Off Campus Auto Repair LLC,TEK,3520,27611402,1047,,,9,TJ,Holcomb,830 E BURLINGTON ST,,IOWA CITY,IA,52240-5166
Off Campus Auto Repair LLC,TEK,3520,27836023,1047,,,3,Noah,Schuster,624 12TH AVE APT 15,,CORALVILLE,IA,52241-1764
Off Campus Auto Repair LLC,TEK,3520,28520996,1047,,,3,Kasi,Rupert,728 WESTWINDS DR,Apr 6,IOWA CITY,IA,52246-4015
Off Campus Auto Repair LLC,TEK,3520,29184572,1047,,,9,Sean,Allchin,2861 SPRING ROSE CIR,,CORALVILLE,IA,52241-0029
Off Campus Auto Repair LLC,TEK,3520,29349077,1047,,,3,Jessica,Umuhola,934 23RD AVENUE PL APT 9,,CORALVILLE,IA,52241-1275
Off Campus Auto Repair LLC,TEK,3520,29665080,1047,,,9,Ben,McMillan,531 S VAN BUREN ST,,IOWA CITY,IA,52240-1977
Off Campus Auto Repair LLC,TEK,3520,27529272,1047,,,3,Katie,Newman,6100 LINCOLN WAY,,AMES,IA,50014-9519
Off Campus Auto Repair LLC,TEK,3520,30421804,1047,,,9,Rebecca,Lukay,922 20TH AVENUE PL APT 6,,CORALVILLE,IA,52241-1428
Off Campus Auto Repair LLC,TEK,3520,31518047,1047,,,9,June,Kim,235 BAINBERRY ST,,TIFFIN,IA,52340-4758
Off Campus Auto Repair LLC,TEK,3520,32901190,1047,,,9,David,Frost,6212 HOOVER TRAIL RD SW,,CEDAR RAPIDS,IA,52404-7477
Off Campus Auto Repair LLC,TEK,3520,23488193,1047,,,3,Jordan,Haarsma,5743 RUSSETT RD APT 2B,,MADISON,WI,53711-3489
Off Campus Auto Repair LLC,TEK,3520,32922550,1047,,,9,Michael,Fleshman,2495 CRESTWOOD LN,,MARION,IA,52302-6292
Off Campus Auto Repair LLC,TEK,3520,18727138,1047,,,3,Alex,Bode,590 PENN RIDGE PL,,NORTH LIBERTY,IA,52317-4752
Off Campus Auto Repair LLC,TEK,3520,35268168,1047,,,3,Taran,Volz,2782 76TH ST,,WATKINS,IA,52354-9610
Off Campus Auto Repair LLC,TEK,3520,35579048,1047,,,3,Abigail,Kelly,222 S STEWART ST,,NORTH LIBERTY,IA,52317-8707
Off Campus Auto Repair LLC,TEK,3520,35826651,1047,,,3,Andy,Behounek,1761 PARK RIDGE DR,,CORALVILLE,IA,52241-2741
Off Campus Auto Repair LLC,TEK,3520,35873572,1047,,,3,Judy,Madsen,1405 DERWEN DR,,IOWA CITY,IA,52246-4920
Off Campus Auto Repair LLC,TEK,3520,32847850,1047,,,9,Ben,Baca,1918 I ST,,IOWA CITY,IA,52240-2037
Off Campus Auto Repair LLC,TEK,3520,35899822,1047,,,3,Chris,Walbert,936 23RD AVE APT F,,CORALVILLE,IA,52241-3128
Off Campus Auto Repair LLC,TEK,3520,18727173,1047,,,3,Tod,Serbousek,2900 ADIRONDACK DR NE,,CEDAR RAPIDS,IA,52402-3357
Off Campus Auto Repair LLC,TEK,3520,36275123,1047,,,9,Drew,Mills,575 FAWN AVE,,TIFFIN,IA,52340-4722
Off Campus Auto Repair LLC,TEK,3520,34988164,1047,,,9,Rachel,Whitehouse,PO BOX 431,,TIFFIN,IA,52340-0431
Off Campus Auto Repair LLC,TEK,3520,36604374,1047,,,9,Anna,Zucker,1010 QUARRY RD,,CORALVILLE,IA,52241-2224
Off Campus Auto Repair LLC,TEK,3520,18725375,1047,,,3,Meridith,Hochstetler,3251 260TH ST,,WILLIAMSBURG,IA,52361-8651
Off Campus Auto Repair LLC,TEK,3520,36712367,1047,,,9,Randy,Ranshaw,2128 S RIVERSIDE DR TRLR 94,,IOWA CITY,IA,52246-5839
Off Campus Auto Repair LLC,TEK,3520,36835955,1047,,,9,Dylan,Miks,211 E 9TH ST UNIT 306,,CORALVILLE,IA,52241-2240
Off Campus Auto Repair LLC,TEK,3520,36933517,1047,,,9,Mike,Wise,7887 GLACIER CLUB DR,,WASHINGTON,MI,48094-2223
