Shop Name,Software,SID,CID,WSID,WCID,MBdayMo,TBdayMo,First,Last,Address,Address2,City,St,Zip
Off Campus Auto Repair LLC,TEK,3520,18723857,1047,,03,,Colin,Cline,2675 HEINZ RD APT 6,,IOWA CITY,IA,52240-7240
Off Campus Auto Repair LLC,TEK,3520,18724429,1047,,3,,Megan,Lapcewich,210 E MAIN ST,,OXFORD,IA,52322-9264
Off Campus Auto Repair LLC,TEK,3520,18722780,1047,,03,,Christina,Thompson,4601 COUNCIL ST NE,,CEDAR RAPIDS,IA,52402-2401
Off Campus Auto Repair LLC,TEK,3520,18725514,1047,,3,,Mary,Allen,7117 CHELSEA DR NE,,CEDAR RAPIDS,IA,52402-1472
Off Campus Auto Repair LLC,TEK,3520,18724653,1047,,3,,Paula,Bakey,2266 HOLIDAY RD APT 311,,CORALVILLE,IA,52241-3284
Off Campus Auto Repair LLC,TEK,3520,18725158,1047,,3,,Robert,Sand,715 MESQUITE DR,,CORALVILLE,IA,52241-3306
Off Campus Auto Repair LLC,TEK,3520,18726231,1047,,03,,Megan,Koepp,1905 8TH ST APT 4,,CORALVILLE,IA,52241-1650
Off Campus Auto Repair LLC,TEK,3520,18723825,1047,,3,,Aaron,Meader,2731 GINKGO AVE,,WASHINGTON,IA,52353-9425
Off Campus Auto Repair LLC,TEK,3520,18725655,1047,,3,,Ada,Mushalangwa,909 20TH AVENUE PL APT A,,CORALVILLE,IA,52241-1634
Off Campus Auto Repair LLC,TEK,3520,18723943,1047,,3,,Theresa,Dunkin,280 HERITAGE DR,,NORTH LIBERTY,IA,52317-9609
Off Campus Auto Repair LLC,TEK,3520,18727040,1047,,3,,Darryl,Woodruff,630 S 152ND CIR,,OMAHA,NE,68154-2817
Off Campus Auto Repair LLC,TEK,3520,18723258,1047,,3,,Kenneth,Hoover,642 12TH AVE APT 4,,CORALVILLE,IA,52241-1773
Off Campus Auto Repair LLC,TEK,3520,18725763,1047,,3,,Jill,Espinoza,3445 FOREST DR NE,,NORTH LIBERTY,IA,52317-9333
Off Campus Auto Repair LLC,TEK,3520,18726874,1047,,03,,Adam,Boone,3058 RAILWAY DR SW,,BYRON CENTER,MI,49315-8283
Off Campus Auto Repair LLC,TEK,3520,18724608,1047,,03,,Truda,Kruger,108 WASHINGTON PARK RD,,IOWA CITY,IA,52245-4828
Off Campus Auto Repair LLC,TEK,3520,18722647,1047,,3,,Randall,Millers,1404 SANTA FE DR,,IOWA CITY,IA,52246-8648
Off Campus Auto Repair LLC,TEK,3520,18724927,1047,,3,,Elliot,Shires,301 WOODRIDGE AVE,,IOWA CITY,IA,52245-6055
Off Campus Auto Repair LLC,TEK,3520,18724561,1047,,03,,Keith,Chiavetta,446 N SCOTT BLVD,,IOWA CITY,IA,52245-4112
Off Campus Auto Repair LLC,TEK,3520,18725522,1047,,03,,Shea,Lowery,1003 20TH AVE,,CORALVILLE,IA,52241-1342
Off Campus Auto Repair LLC,TEK,3520,18725466,1047,,3,,Ken,Arkema,2042 TIMBER LN,,CORALVILLE,IA,52241-9720
Off Campus Auto Repair LLC,TEK,3520,18724414,1047,,03,,Andrea,Laugen,902 BENTON DR APT 31,,IOWA CITY,IA,52246-5219
Off Campus Auto Repair LLC,TEK,3520,18723311,1047,,3,,Kevin,Satterly,2205 JESSICA LN,,CORALVILLE,IA,52241-2890
Off Campus Auto Repair LLC,TEK,3520,18726675,1047,,03,,Edward,Rogalski,6586 FOREST GLEN CT,,BETTENDORF,IA,52722-2367
Off Campus Auto Repair LLC,TEK,3520,18723620,1047,,3,,Karona,Cook,800 W MILLER ST APT 56,,MARENGO,IA,52301-1913
Off Campus Auto Repair LLC,TEK,3520,18722820,1047,,3,,Todd,Sorensen,814 CROELL AVE,,TIFFIN,IA,52340-4715
Off Campus Auto Repair LLC,TEK,3520,18725581,1047,,03,,Bryan,Fry,435 LOCUST DR,,NORTH LIBERTY,IA,52317-7802
Off Campus Auto Repair LLC,TEK,3520,18722857,1047,,3,,Jayla,Sherrard,2401 HIGHWAY 6 E APT 4108,,IOWA CITY,IA,52240-6823
Off Campus Auto Repair LLC,TEK,3520,18723681,1047,,3,,Bernadette,Devlin,3701 2ND ST TRLR 364,,CORALVILLE,IA,52241-3259
Off Campus Auto Repair LLC,TEK,3520,18726861,1047,,3,,Tucker,Dangremond,204 HAWKEYE CT APT 310,,IOWA CITY,IA,52246-2862
Off Campus Auto Repair LLC,TEK,3520,18726227,1047,,3,,Robert,Corbett,1635 SILVER MAPLE TRL,,NORTH LIBERTY,IA,52317-4738
Off Campus Auto Repair LLC,TEK,3520,18725442,1047,,03,,James,Hamm,14 N JOHNSON ST APT 1,,IOWA CITY,IA,52245-2446
Off Campus Auto Repair LLC,TEK,3520,18725475,1047,,03,,Will,Cameron,685 RACHAEL ST,,NORTH LIBERTY,IA,52317-9579
Off Campus Auto Repair LLC,TEK,3520,18724996,1047,,03,,Erin,Piszcek,305 MORGAN LN,,FOX RIVER GROVE,IL,60021-1211
Off Campus Auto Repair LLC,TEK,3520,18725268,1047,,3,,Kathryn,Horwitz,404 E COLLEGE ST UNIT 1502,,IOWA CITY,IA,52240-1859
Off Campus Auto Repair LLC,TEK,3520,18722491,1047,,03,,Sean,Thomas,2876 CORAL CT APT 303,,CORALVILLE,IA,52241-2841
Off Campus Auto Repair LLC,TEK,3520,18724292,1047,,3,,Chris,Duncan,329 PINEHURST DR,,ELDRIDGE,IA,52748-2105
Off Campus Auto Repair LLC,TEK,3520,18724113,1047,,03,,Rob,Fitzharris,2067 TIMBER LN,,CORALVILLE,IA,52241-9721
Off Campus Auto Repair LLC,TEK,3520,18726461,1047,,03,,Gerrad,Leuis,61 WESTSIDE DR,,IOWA CITY,IA,52246-4362
Off Campus Auto Repair LLC,TEK,3520,18725476,1047,,3,,Bently,Schott,515 HENDRICKS ST,,PARNELL,IA,52325-8870
Off Campus Auto Repair LLC,TEK,3520,18724402,1047,,03,,Becky,Koch,108 21ST AVENUE PL,,CORALVILLE,IA,52241-1466
Off Campus Auto Repair LLC,TEK,3520,18723047,1047,,03,,Julie,Lopez,143 BAINBERRY ST,,TIFFIN,IA,52340-4760
Off Campus Auto Repair LLC,TEK,3520,18725296,1047,,3,,Mark,Emrich,627 FAWN AVE,,TIFFIN,IA,52340-4764
Off Campus Auto Repair LLC,TEK,3520,18724357,1047,,03,,Joshua,Lowen,804 JANESVIEW ST APT 23,,PAPILLION,NE,68046-2064
Off Campus Auto Repair LLC,TEK,3520,18723569,1047,,3,,Lexie,Henry,805 8TH ST,,KALONA,IA,52247-9362
Off Campus Auto Repair LLC,TEK,3520,18724465,1047,,3,,Isabella,Baldassano,2544 OASIS RD NE,,IOWA CITY,IA,52240-7894
Off Campus Auto Repair LLC,TEK,3520,18725365,1047,,03,,Jackie,Gibbs,4650 SHARON CENTER RD SW,,IOWA CITY,IA,52240-8579
Off Campus Auto Repair LLC,TEK,3520,18724568,1047,,3,,Abby,Elsner,709 E JEFFERSON ST,,IOWA CITY,IA,52245-2433
Off Campus Auto Repair LLC,TEK,3520,18725096,1047,,3,,Alexandra,Zosel,2642 GRAND ST NE,,MINNEAPOLIS,MN,55418-2604
Off Campus Auto Repair LLC,TEK,3520,18724870,1047,,3,,Jessica,Morales,8 APOLLO PL,,IOWA CITY,IA,52240-3000
Off Campus Auto Repair LLC,TEK,3520,18722566,1047,,03,,Steig,Theden,543 ROLLING HILLS DR,,TIFFIN,IA,52340-7602
Off Campus Auto Repair LLC,TEK,3520,18725052,1047,,3,,Alana,Munoz,4304 GLEN CASTLE WAY,,WINTERVILLE,NC,28590-2303
Off Campus Auto Repair LLC,TEK,3520,18726429,1047,,3,,Chris,Ahern,158 SHRADER RD,,IOWA CITY,IA,52245-4920
Off Campus Auto Repair LLC,TEK,3520,18722618,1047,,3,,Matthew,Meyer,800 W BENTON ST,,IOWA CITY,IA,52246-5955
Off Campus Auto Repair LLC,TEK,3520,18724480,1047,,3,,Marilyn,Hedges,711 9TH AVE,,CORALVILLE,IA,52241-1916
Off Campus Auto Repair LLC,TEK,3520,18725244,1047,,03,,Kevin,Hart,25 PARK PL,,TIFFIN,IA,52340-7100
Off Campus Auto Repair LLC,TEK,3520,18723612,1047,,03,,Gerhard,Strohmer,2025 N RIDGE DR,,CORALVILLE,IA,52241-1050
Off Campus Auto Repair LLC,TEK,3520,18725830,1047,,03,,Caleb,Longbons,27050 RIDGE RD,,PROPHETSTOWN,IL,61277-8861
Off Campus Auto Repair LLC,TEK,3520,18724190,1047,,03,,Shannon,Wachter,4396 TAFT AVE SE,,IOWA CITY,IA,52240-8107
Off Campus Auto Repair LLC,TEK,3520,18726400,1047,,3,,Travis,Cook,1908 MADISON ST,,CEDAR FALLS,IA,50613-4624
Off Campus Auto Repair LLC,TEK,3520,18726426,1047,,03,,Maurice,Price,5820 LITTLE GROVE DR,,PEARLAND,TX,77581-2265
Off Campus Auto Repair LLC,TEK,3520,18724169,1047,,3,,Helen,Adams,1502 1ST AVE APT 2,,CORALVILLE,IA,52241-1103
Off Campus Auto Repair LLC,TEK,3520,18723228,1047,,03,,Sue,Pierce,1221 2ND ST,,CORALVILLE,IA,52241-2925
Off Campus Auto Repair LLC,TEK,3520,18722661,1047,,03,,Alex,Hagg,3704 DONEGAL CT,,IOWA CITY,IA,52246-2788
Off Campus Auto Repair LLC,TEK,3520,18726796,1047,,3,,Carole,Yost,501 4TH ST N,,HUMBOLDT,IA,50548-1509
Off Campus Auto Repair LLC,TEK,3520,18722485,1047,,03,,Todd,Kloewer,2222 PENINSULA CT,,OSAGE BEACH,MO,65065-3808
Off Campus Auto Repair LLC,TEK,3520,18723317,1047,,03,,Brandon,Tuell,13619 E LONGVIEW AVE,,ENGLEWOOD,CO,80111-2447
Off Campus Auto Repair LLC,TEK,3520,18725369,1047,,3,,Patrick,Fay,802 21ST AVENUE PL,,CORALVILLE,IA,52241-1436
Off Campus Auto Repair LLC,TEK,3520,18723709,1047,,3,,Abby,Wischmann,431 E JEFFERSON ST APT 2A,,IOWA CITY,IA,52245-2419
Off Campus Auto Repair LLC,TEK,3520,18724587,1047,,03,,Emmanuel,Ross,22 CATTAIL LN,,NORTH LIBERTY,IA,52317-2000
Off Campus Auto Repair LLC,TEK,3520,18723910,1047,,03,,Brandon,Wieland,808 J AVE,,KALONA,IA,52247-9480
Off Campus Auto Repair LLC,TEK,3520,18726791,1047,,03,,Todd,Matrise,503 7TH AVE,,AMANA,IA,52203-8077
Off Campus Auto Repair LLC,TEK,3520,18722818,1047,,03,,Gaige,Berryman,1030 E COURT ST APT 3,,IOWA CITY,IA,52240-3216
Off Campus Auto Repair LLC,TEK,3520,18725418,1047,,03,,Tonya,Hall,2161 CHAD DR,,CORALVILLE,IA,52241-2773
Off Campus Auto Repair LLC,TEK,3520,18722326,1047,,3,,Brenna,Young,2035 B AVE NE,,CEDAR RAPIDS,IA,52402-6316
Off Campus Auto Repair LLC,TEK,3520,18723528,1047,,3,,Michael,Jones,400 17TH AVE,,CHARLES CITY,IA,50616-1416
Off Campus Auto Repair LLC,TEK,3520,18722721,1047,,03,,Mitch,Wehland,4731 104TH LN NE,,CIRCLE PINES,MN,55014-1525
Off Campus Auto Repair LLC,TEK,3520,18724125,1047,,03,,Katrina,Brooks,6119 JUDSON CIR,,DAVENPORT,IA,52807-2149
Off Campus Auto Repair LLC,TEK,3520,18726157,1047,,3,,Andrew,Davis,1009 6TH AVE,,IOWA CITY,IA,52240-6134
Off Campus Auto Repair LLC,TEK,3520,18724149,1047,,03,,Marquita,Browning,718 19TH AVE,,CORALVILLE,IA,52241-1616
Off Campus Auto Repair LLC,TEK,3520,18724341,1047,,3,,Greg,Ewald,1035 BLUE MOUNTAIN RD,,CHEYENNE,WY,82009-8381
Off Campus Auto Repair LLC,TEK,3520,18725258,1047,,3,,Will,Amenell,830 E JEFFERSON ST,,IOWA CITY,IA,52245-2437
Off Campus Auto Repair LLC,TEK,3520,18727149,1047,,3,,David,Ackers,PO BOX 5843,,CORALVILLE,IA,52241-0843
Off Campus Auto Repair LLC,TEK,3520,18725824,1047,,3,,Dave,Akers,PO BOX 5843,,CORALVILLE,IA,52241-0843
Off Campus Auto Repair LLC,TEK,3520,18726565,1047,,3,,Randy,Essing,816 RIDER ST,,IOWA CITY,IA,52246-2429
Off Campus Auto Repair LLC,TEK,3520,18722856,1047,,3,,Thomas,Bennett,320 N 20TH ST,,FORT DODGE,IA,50501-6736
Off Campus Auto Repair LLC,TEK,3520,18725654,1047,,3,,Elijah,Jones,759 48TH AVE APT 3,,AMANA,IA,52203-8142
Off Campus Auto Repair LLC,TEK,3520,18724894,1047,,3,,Steve,Jones,306 MOSSWOOD LN,,IOWA CITY,IA,52246-6113
Off Campus Auto Repair LLC,TEK,3520,18726321,1047,,3,,Nii,Ankrah,206 6TH ST APT C1,,CORALVILLE,IA,52241-2537
Off Campus Auto Repair LLC,TEK,3520,18723617,1047,,3,,Meghan,Mattison,414 N SCOTT BLVD,,IOWA CITY,IA,52245-4112
Off Campus Auto Repair LLC,TEK,3520,18723938,1047,,3,,Jon,Denniger,2409 MIAMI DR,,IOWA CITY,IA,52240-6768
Off Campus Auto Repair LLC,TEK,3520,18726819,1047,,03,,Janet,Luedtka,4114 WOODSIDE CT NE,,SOLON,IA,52333-8938
Off Campus Auto Repair LLC,TEK,3520,18722868,1047,,03,,Mike,Maher,1911 LOCUST DR NE,,NORTH LIBERTY,IA,52317-9336
Off Campus Auto Repair LLC,TEK,3520,18727123,1047,,3,,Jeff,Johnson,80 GATHERING PLACE LN UNIT 306,,IOWA CITY,IA,52246-2821
Off Campus Auto Repair LLC,TEK,3520,18723642,1047,,03,,Scott,Parngon,900 HIGHLAND PARK AVE,,CORALVILLE,IA,52241-3361
Off Campus Auto Repair LLC,TEK,3520,18722839,1047,,03,,Fernando,Torres,2402 S 39TH ST,,OMAHA,NE,68105-3459
Off Campus Auto Repair LLC,TEK,3520,18722688,1047,,3,,Brienna,Baugher,810 NE HAYES DR,,ANKENY,IA,50021-2084
Off Campus Auto Repair LLC,TEK,3520,18726067,1047,,03,,Carrie,Whittaker,4775 APPLE VALLEY DR NE,,IOWA CITY,IA,52240-7783
Off Campus Auto Repair LLC,TEK,3520,18723958,1047,,03,,Kelly,Pringle,36 EAST ST LOT 54,,TIFFIN,IA,52340-1205
Off Campus Auto Repair LLC,TEK,3520,18724432,1047,,3,,Mia,McCoy,810 COMMONS CIR SW,,MOUNT VERNON,IA,52314-1000
Off Campus Auto Repair LLC,TEK,3520,18724535,1047,,03,,Kalhan,Handoo,210 CAMBRIDGE WAY,,NORTH LIBERTY,IA,52317-9022
Off Campus Auto Repair LLC,TEK,3520,18723826,1047,,03,,Ryan,Terribile,1437 VALLEY VIEW DR,,CORALVILLE,IA,52241-1014
Off Campus Auto Repair LLC,TEK,3520,18726896,1047,,03,,Charles,Rogers,2190 WESTLAKE RD,,NORTH LIBERTY,IA,52317-6505
Off Campus Auto Repair LLC,TEK,3520,18726724,1047,,3,,John,Morton,609 N 18TH ST,,FORT DODGE,IA,50501-3325
Off Campus Auto Repair LLC,TEK,3520,18726006,1047,,3,,Tyler,Salgado,1032 N DUBUQUE ST,,IOWA CITY,IA,52245-1608
Off Campus Auto Repair LLC,TEK,3520,18725305,1047,,03,,Tammy,Lent,3701 2ND ST TRLR 51,,CORALVILLE,IA,52241-2796
Off Campus Auto Repair LLC,TEK,3520,18727000,1047,,03,,Chuck,Polfliet,4216 SUE LINDA CIR NE,,IOWA CITY,IA,52240-9508
Off Campus Auto Repair LLC,TEK,3520,18724878,1047,,3,,Andrew,Scott,1304 CREEKSIDE DR,,TIFFIN,IA,52340-8038
Off Campus Auto Repair LLC,TEK,3520,18723816,1047,,03,,Shaina,Lacina,5311 PINE GROVE DR NE,,CEDAR RAPIDS,IA,52402-1741
Off Campus Auto Repair LLC,TEK,3520,18726803,1047,,3,,David,Johannesen,2254 10TH ST APT 2254-1,,CORALVILLE,IA,52241-1360
Off Campus Auto Repair LLC,TEK,3520,18722358,1047,,3,,Alex,Merrill,898 LEROY ST,,MUSCATINE,IA,52761-3542
Off Campus Auto Repair LLC,TEK,3520,18722623,1047,,3,,Carol,Ahrenholz,1350 E MADISON PARK APT 1,,CHICAGO,IL,60615-2984
Off Campus Auto Repair LLC,TEK,3520,18727200,1047,,3,,Del,Jones,1438 57TH ST,,DES MOINES,IA,50311-2222
Off Campus Auto Repair LLC,TEK,3520,18724296,1047,,3,,Grace,Scharf,2252 10TH ST APT 1,,CORALVILLE,IA,52241-1358
Off Campus Auto Repair LLC,TEK,3520,18723151,1047,,3,,Jon,Bach,1158 LAKE SHORE DR,,IOWA CITY,IA,52246-7603
Off Campus Auto Repair LLC,TEK,3520,18723324,1047,,03,,Gordon,Guy,719 9TH AVE,,CORALVILLE,IA,52241-1916
Off Campus Auto Repair LLC,TEK,3520,18725681,1047,,03,,Carol,Fox,1259 SHANNON DR,,IOWA CITY,IA,52246-4160
Off Campus Auto Repair LLC,TEK,3520,18724558,1047,,03,,Mike,King,1197 9TH ST,,CORALVILLE,IA,52241-1776
Off Campus Auto Repair LLC,TEK,3520,18725311,1047,,03,,Amanda,Robertson,PO BOX 612,,NORTH LIBERTY,IA,52317-0612
Off Campus Auto Repair LLC,TEK,3520,18726041,1047,,03,,Mason,Lamarche,758 5TH ST UNIT 314,,CORALVILLE,IA,52241-2382
Off Campus Auto Repair LLC,TEK,3520,18724696,1047,,03,,Rex,Goodrich,385 LOCKMOOR AVE,,NORTH LIBERTY,IA,52317-4723
Off Campus Auto Repair LLC,TEK,3520,18726743,1047,,3,,Bruce,Miller,908 BLUFFWOOD DR,,IOWA CITY,IA,52245-3516
Off Campus Auto Repair LLC,TEK,3520,18723951,1047,,03,,Doug,Campbell,206 MEADOW ST,,MEDIAPOLIS,IA,52637-9790
Off Campus Auto Repair LLC,TEK,3520,18725067,1047,,03,,Sydnee,Brown,102 HAWKEYE CT,,IOWA CITY,IA,52246-2850
Off Campus Auto Repair LLC,TEK,3520,18725852,1047,,3,,Andrew,McAlister,209 HOLIDAY RD APT 336,,CORALVILLE,IA,52241-4005
Off Campus Auto Repair LLC,TEK,3520,18727092,1047,,3,,Pat,Heintz,416 ELM AVE,,HAWKINS,WI,54530-9532
Off Campus Auto Repair LLC,TEK,3520,18723470,1047,,03,,Marissa,Frederick,137 N WARD ST,,OTTUMWA,IA,52501-4613
Off Campus Auto Repair LLC,TEK,3520,18725357,1047,,03,,Grace,Lincoln,2046 9TH ST APT 104,,CORALVILLE,IA,52241-1591
Off Campus Auto Repair LLC,TEK,3520,18724610,1047,,03,,Alec,Feller,1190 DAHNOVAN DR,,NORTH LIBERTY,IA,52317-8712
Off Campus Auto Repair LLC,TEK,3520,18723386,1047,,03,,Kevin,Olson,5094 LOWER WEST BRANCH RD SE,,IOWA CITY,IA,52240-8378
Off Campus Auto Repair LLC,TEK,3520,18726785,1047,,03,,Jacob,Latta,5405 N 15TH ST,,LINCOLN,NE,68521-5219
Off Campus Auto Repair LLC,TEK,3520,19072728,1047,,3,,Phil,Nendel,PO BOX 252,,OSKALOOSA,IA,52577-0252
Off Campus Auto Repair LLC,TEK,3520,18725106,1047,,3,,Lynn,Verry,2048 LYNNCREST DR,,CORALVILLE,IA,52241-2775
Off Campus Auto Repair LLC,TEK,3520,18723600,1047,,3,,Brian,Gravel,2125 OAKDALE CT,,CORALVILLE,IA,52241-3232
Off Campus Auto Repair LLC,TEK,3520,20285226,1047,,3,,Patrick,Campion,802 ARABIAN DR,,TIFFIN,IA,52340-1209
Off Campus Auto Repair LLC,TEK,3520,20394040,1047,,3,,Ashten,Henningsen,PO BOX 11,,CLARKSVILLE,IA,50619-0011
Off Campus Auto Repair LLC,TEK,3520,20366066,1047,,3,,Hanna,Ebel,1180 FOSTER RD,,IOWA CITY,IA,52245-1595
Off Campus Auto Repair LLC,TEK,3520,18725768,1047,,3,,Jamie,Winter,1500 OAKLAND RD NE APT 301,,CEDAR RAPIDS,IA,52402-4746
Off Campus Auto Repair LLC,TEK,3520,18723030,1047,,3,,Cynthia,Powell,2000 CAMBRIDGE DR,,CORALVILLE,IA,52241-2762
Off Campus Auto Repair LLC,TEK,3520,21037927,1047,,3,,Kevin,Hatfield,2393 DEMPSTER DR,,CORALVILLE,IA,52241-4717
Off Campus Auto Repair LLC,TEK,3520,21070461,1047,,3,,Julie,Blades,10 SOUTH ST,,PLYMOUTH,WI,53073-2420
Off Campus Auto Repair LLC,TEK,3520,18726990,1047,,3,,Lori,Walsh,1767 275TH ST,,WEST BRANCH,IA,52358-8561
Off Campus Auto Repair LLC,TEK,3520,21867983,1047,,3,,Tony,Escher,712 19TH AVE APT B,,CORALVILLE,IA,52241-1693
Off Campus Auto Repair LLC,TEK,3520,18727192,1047,,3,,Creston,Turnbull,1708 12TH AVE,,CORALVILLE,IA,52241-1006
Off Campus Auto Repair LLC,TEK,3520,18869739,1047,,3,,Kali,Kuehl,951 22ND AVE APT 1,,CORALVILLE,IA,52241-1552
Off Campus Auto Repair LLC,TEK,3520,22173687,1047,,3,,Julie,Adams,3085 PARK LN,,RIVERSIDE,IA,52327-9014
Off Campus Auto Repair LLC,TEK,3520,22204220,1047,,3,,Megan,Shook,210 DAWSON DR,,WEST BRANCH,IA,52358-1201
Off Campus Auto Repair LLC,TEK,3520,18723097,1047,,3,,Doug,Winslow,1500 1ST AVE APT 26,,CORALVILLE,IA,52241-1188
Off Campus Auto Repair LLC,TEK,3520,18723495,1047,,3,,Diana,Salazar,1850 CARROLL CT,,NORTH LIBERTY,IA,52317-8637
Off Campus Auto Repair LLC,TEK,3520,22897332,1047,,3,,Dana,Lepker,136 N ETHEL DR,,NAMPA,ID,83687-6906
Off Campus Auto Repair LLC,TEK,3520,20768020,1047,,3,,Nevyn,Tatum,2874 CORAL CT,,CORALVILLE,IA,52241-2833
Off Campus Auto Repair LLC,TEK,3520,18723045,1047,,3,,Heidi,Farley,303 BAINBERRY ST,,TIFFIN,IA,52340-4749
Off Campus Auto Repair LLC,TEK,3520,18725787,1047,,3,,Carla,Schmidt,3486 KANSAS AVE SW,,OXFORD,IA,52322-9373
Off Campus Auto Repair LLC,TEK,3520,24245425,1047,,03,,Monica,Buser,543 KIMBERLITE ST,,TIFFIN,IA,52340-9331
Off Campus Auto Repair LLC,TEK,3520,24465711,1047,,03,,Jessica,German,1705 10TH ST,,CORALVILLE,IA,52241-1317
Off Campus Auto Repair LLC,TEK,3520,18724227,1047,,03,,Wayne,Campbell,285 E TARTAN DR,,NORTH LIBERTY,IA,52317-8018
Off Campus Auto Repair LLC,TEK,3520,26289925,1047,,03,,Brianna,Klostermann,525 WESTERN AVE,,MARENGO,IA,52301-1241
Off Campus Auto Repair LLC,TEK,3520,26937302,1047,,03,,Royce,Alger,1216 46TH ST,,DES MOINES,IA,50311-2425
Off Campus Auto Repair LLC,TEK,3520,21158058,1047,,3,,Ben,Harshyne,3868 MARTIN LN NE,,IOWA CITY,IA,52240-7951
Off Campus Auto Repair LLC,TEK,3520,27331632,1047,,03,,Jenna,Gathercole,913 MAGGARD ST,,IOWA CITY,IA,52240-5664
Off Campus Auto Repair LLC,TEK,3520,28897009,1047,,03,,Dan,Sullivan,247 S STEWART ST,,NORTH LIBERTY,IA,52317-8707
Off Campus Auto Repair LLC,TEK,3520,29660733,1047,,03,,Keri,Nace Mercer,6353 MUIRFIELD DR SW,,CEDAR RAPIDS,IA,52404-7404
Off Campus Auto Repair LLC,TEK,3520,18725750,1047,,3,,Jayne,Keiser,1347 UPPER OLD HIGHWAY 6 RD NW,,OXFORD,IA,52322-9005
Off Campus Auto Repair LLC,TEK,3520,30319708,1047,,03,,Jamie,Reiter,4 OAK PARK CT,,IOWA CITY,IA,52246-3338
Off Campus Auto Repair LLC,TEK,3520,18724188,1047,,3,,Danielle,Montgomery,829 OTTO ST,,IOWA CITY,IA,52246-2421
Off Campus Auto Repair LLC,TEK,3520,31367752,1047,,03,,Ian,Fitzpatrick,6265 SAND LAKE VISTA DR,,ORLANDO,FL,32819-3502
Off Campus Auto Repair LLC,TEK,3520,18868486,1047,,03,,Aaron,Kloft,2863 CORAL CT,,CORALVILLE,IA,52241-3435
Off Campus Auto Repair LLC,TEK,3520,18726554,1047,,3,,Larry,Dostal,1509 FOREST RD,,CORALVILLE,IA,52241-1069
Off Campus Auto Repair LLC,TEK,3520,18723011,1047,,03,,Ed,Krische,2403 GRIFFIN CREEK RD,,MEDFORD,OR,97501-4217
Off Campus Auto Repair LLC,TEK,3520,32663187,1047,,03,,Grace,McDonald,940 23RD AVE,,CORALVILLE,IA,52241-3127
Off Campus Auto Repair LLC,TEK,3520,18724021,1047,,3,,Carol,Stegink,965 APPLEWOOD CT UNIT / BOX 5104,,CORALVILLE,IA,52241-1673
Off Campus Auto Repair LLC,TEK,3520,18726239,1047,,3,,Brad,Kruse,714 RAYMOND DR,,SOLON,IA,52333-4700
Off Campus Auto Repair LLC,TEK,3520,18724674,1047,,03,,Mike,Jenn,1936 9TH ST,,CORALVILLE,IA,52241-1614
Off Campus Auto Repair LLC,TEK,3520,34400662,1047,,03,,Jay,Gao,1624 RED OAK DR,,CORALVILLE,IA,52241-1095
Off Campus Auto Repair LLC,TEK,3520,18725722,1047,,3,,Tyler,Puls,1001 CREEKSIDE DR,,TIFFIN,IA,52340-8035
Off Campus Auto Repair LLC,TEK,3520,18725569,1047,,3,,Neal,Anderson,1407 11TH ST,,CORALVILLE,IA,52241-1348
Off Campus Auto Repair LLC,TEK,3520,18726086,1047,,3,,Louis,Wright,225 W ZELLER ST,,NORTH LIBERTY,IA,52317-9630
Off Campus Auto Repair LLC,TEK,3520,18726915,1047,,3,,Matt,Grause,500 DOGWOOD LN,,TIFFIN,IA,52340-4740
Off Campus Auto Repair LLC,TEK,3520,18724473,1047,,03,,Rick,Fishel,813 THOMAS ST,,TIFFIN,IA,52340-8026
Off Campus Auto Repair LLC,TEK,3520,18724636,1047,,3,,Cynthia,Blackley,410 ASHLEY CT UNIT 319,,NORTH LIBERTY,IA,52317-8061
Off Campus Auto Repair LLC,TEK,3520,27614448,1047,,03,,Tina,Willer,3872 LOCUST RIDGE RD NE,,NORTH LIBERTY,IA,52317-9382
Off Campus Auto Repair LLC,TEK,3520,18725896,1047,,3,,Ariel,Sigo,2701 HEINZ RD APT 4,,IOWA CITY,IA,52240-8184
Off Campus Auto Repair LLC,TEK,3520,18725605,1047,,3,,Heather,Heeren,PO BOX 254,,TIFFIN,IA,52340-0254
Off Campus Auto Repair LLC,TEK,3520,18725320,1047,,3,,Katherine,Bird,109 OBERLIN ST,,IOWA CITY,IA,52245-4030
Off Campus Auto Repair LLC,TEK,3520,34905771,1047,,03,,Twila,Grieser,933 SPRING RIDGE DR,,IOWA CITY,IA,52246-5894
