Shop Name,Software,SID,CID,WSID,WCID,MBdayMo,TBdayMo,First,Last,Address,Address2,City,St,Zip
Off Campus Auto Repair LLC,TEK,3520,18724206,1047,,9,,Steve,Shullaw,1085 MESQUITE DR,,CORALVILLE,IA,52241-3309
Off Campus Auto Repair LLC,TEK,3520,18723404,1047,,09,,Emily,Taylor,945 OAKCREST ST APT 12B,,IOWA CITY,IA,52246-3436
Off Campus Auto Repair LLC,TEK,3520,18726050,1047,,09,,Randy,Bonjour,506 EATON ST,,SAVANNA,IL,61074-2647
Off Campus Auto Repair LLC,TEK,3520,18722461,1047,,9,,Larry,Smith,1958 FARREL DR,,CORALVILLE,IA,52241-1047
Off Campus Auto Repair LLC,TEK,3520,18727024,1047,,9,,Yoriko,O'Brien,615 REDBIRD RUN,,TIFFIN,IA,52340-9434
Off Campus Auto Repair LLC,TEK,3520,18723924,1047,,09,,Patricia,Peterson,PO BOX 769,,ETNA,CA,96027-0769
Off Campus Auto Repair LLC,TEK,3520,18724794,1047,,09,,Doug,Vance,2245 DEER RUN NE,,NORTH LIBERTY,IA,52317-9357
Off Campus Auto Repair LLC,TEK,3520,18725451,1047,,09,,Vonadale,Odem,29048 PROSPECT AVE,,ADEL,IA,50003-4479
Off Campus Auto Repair LLC,TEK,3520,18725540,1047,,9,,Susan,Midlarsky,17 HARPER ST,,LAKE PEEKSKILL,NY,10537-1301
Off Campus Auto Repair LLC,TEK,3520,18727210,1047,,09,,Nick,Christo,6310 W 112TH PL,,WESTMINSTER,CO,80020-3047
Off Campus Auto Repair LLC,TEK,3520,18725587,1047,,9,,Alexander,Hernandez,2004 NORTHLAND CIR,,CORALVILLE,IA,52241-3030
Off Campus Auto Repair LLC,TEK,3520,18723727,1047,,9,,Benjamin,Cremer,921 22ND AVE APT 5,,CORALVILLE,IA,52241-1517
Off Campus Auto Repair LLC,TEK,3520,18722915,1047,,09,,Dalton,Bryant,240 N FRONT ST,,NORTH LIBERTY,IA,52317-9302
Off Campus Auto Repair LLC,TEK,3520,18727146,1047,,09,,Austin,Washburn,2242 14TH ST,,CORALVILLE,IA,52241-1377
Off Campus Auto Repair LLC,TEK,3520,18723684,1047,,09,,German,Ortiz,957 LANGENBERG AVE,,IOWA CITY,IA,52240-9217
Off Campus Auto Repair LLC,TEK,3520,18722821,1047,,9,,Charles,Heine,4438 PRESTON LN,,IOWA CITY,IA,52246-2807
Off Campus Auto Repair LLC,TEK,3520,18722373,1047,,09,,Rebecca,Gallagher,6808 BOXWOOD LN NE,,CEDAR RAPIDS,IA,52402-5910
Off Campus Auto Repair LLC,TEK,3520,18727208,1047,,09,,Max,Cashen,27 PROSPECT PL,,IOWA CITY,IA,52246-1932
Off Campus Auto Repair LLC,TEK,3520,18726366,1047,,09,,Andy,Thompson,2901 BROKEN WOODS DR,,CORALVILLE,IA,52241-4701
Off Campus Auto Repair LLC,TEK,3520,18723010,1047,,9,,Matt,Mccllean,1250 135TH ST,,WELLMAN,IA,52356-9634
Off Campus Auto Repair LLC,TEK,3520,18723079,1047,,09,,Anna,Glynn,2763 240TH ST,,PRESCOTT,IA,50859-8103
Off Campus Auto Repair LLC,TEK,3520,18722704,1047,,09,,Matt,Cherwin,1235 TRINITY LN,,NORTH LIBERTY,IA,52317-9126
Off Campus Auto Repair LLC,TEK,3520,18726205,1047,,09,,Agnes,Giblin,2315 ROCHESTER AVE APT 210,,IOWA CITY,IA,52245-3406
Off Campus Auto Repair LLC,TEK,3520,18724497,1047,,09,,Travis,Lohrer,304 JAMES BLVD NW,,OXFORD,IA,52322-9303
Off Campus Auto Repair LLC,TEK,3520,18723615,1047,,9,,Dennis,Barloon,4048 ERICA BLVD SW,,OXFORD,IA,52322-9706
Off Campus Auto Repair LLC,TEK,3520,18723180,1047,,9,,James,McGoldrick,2017 LYNNCREST DR,,CORALVILLE,IA,52241-2776
Off Campus Auto Repair LLC,TEK,3520,18723666,1047,,9,,Byron,Dunker,605 KIMBERLITE ST,,TIFFIN,IA,52340-9384
Off Campus Auto Repair LLC,TEK,3520,18724388,1047,,09,,Susan,Matrise,714 47TH AVE,,AMANA,IA,52203-8031
Off Campus Auto Repair LLC,TEK,3520,18725068,1047,,9,,Erin,Slattery,111 HIGHLAND DR,,IOWA CITY,IA,52246-3226
Off Campus Auto Repair LLC,TEK,3520,18722382,1047,,9,,Craig,Dresser,2752 CAMPUS WALK AVE APT 28A,,DURHAM,NC,27705-3765
Off Campus Auto Repair LLC,TEK,3520,18726060,1047,,9,,Jason,McCartney,809 7TH AVE,,CORALVILLE,IA,52241-1952
Off Campus Auto Repair LLC,TEK,3520,18724033,1047,,09,,David,Walker,4022 N UNIVERSITY ST,,PEORIA,IL,61614-6941
Off Campus Auto Repair LLC,TEK,3520,18723379,1047,,9,,Tomy,Douangkeo,804 9TH AVE,,CORALVILLE,IA,52241-1919
Off Campus Auto Repair LLC,TEK,3520,18724462,1047,,9,,Kyle,Stoner,650 S PARK RD,,TIFFIN,IA,52340-7207
Off Campus Auto Repair LLC,TEK,3520,18723517,1047,,09,,Carrie,Brus,640 12TH AVE APT 3,,CORALVILLE,IA,52241-1772
Off Campus Auto Repair LLC,TEK,3520,18724433,1047,,09,,Michael,Brase,407 4TH AVE APT H,,CORALVILLE,IA,52241-2473
Off Campus Auto Repair LLC,TEK,3520,18723254,1047,,9,,Amie,Kelley,2282 HOLIDAY RD,,CORALVILLE,IA,52241-2743
Off Campus Auto Repair LLC,TEK,3520,18726422,1047,,9,,Jordan,Dix,2876 CORAL CT APT 202,,CORALVILLE,IA,52241-2840
Off Campus Auto Repair LLC,TEK,3520,18724563,1047,,09,,Sejida,Ganibegovic,1203 21ST AVENUE PL,,CORALVILLE,IA,52241-1434
Off Campus Auto Repair LLC,TEK,3520,18725255,1047,,9,,Nicholas,Zace,10801 SEA HERO CT,,AUSTIN,TX,78748-2925
Off Campus Auto Repair LLC,TEK,3520,18724544,1047,,09,,Mason,Clarey,3220 W 800 N,,CAYUGA,IN,47928-8045
Off Campus Auto Repair LLC,TEK,3520,18724293,1047,,9,,Mary,Yenter,1580 330TH ST NW,,OXFORD,IA,52322-9737
Off Campus Auto Repair LLC,TEK,3520,18723340,1047,,09,,William,Halstead,262 HOLIDAY LODGE RD,,NORTH LIBERTY,IA,52317-9517
Off Campus Auto Repair LLC,TEK,3520,18723871,1047,,09,,Ryan,Snytsheuvel,237 CAMDEN RD,,IOWA CITY,IA,52245-9266
Off Campus Auto Repair LLC,TEK,3520,18724708,1047,,9,,Justin,Infanger,504 S LUCAS ST,,IOWA CITY,IA,52240-5604
Off Campus Auto Repair LLC,TEK,3520,18726984,1047,,9,,Bahram,Mohammadi,2312 N RIDGE DR,,CORALVILLE,IA,52241-1389
Off Campus Auto Repair LLC,TEK,3520,18725347,1047,,9,,Alyssa,Hensley,713 N LUCAS ST,,IOWA CITY,IA,52245-2019
Off Campus Auto Repair LLC,TEK,3520,18722360,1047,,09,,Mark,Leclair,9152 DEMERY CT,,BRENTWOOD,TN,37027-3325
Off Campus Auto Repair LLC,TEK,3520,18722861,1047,,09,,Trenton,Lampe,2142 GENERRY CT,,CORALVILLE,IA,52241-3273
Off Campus Auto Repair LLC,TEK,3520,18723442,1047,,09,,Jeff,Ketelsen,7405 MALLARD CT NE,,CEDAR RAPIDS,IA,52402-7300
Off Campus Auto Repair LLC,TEK,3520,18726053,1047,,09,,Amanda,Felderman,146 NE 30TH ST,,TRENTON,MO,64683-8164
Off Campus Auto Repair LLC,TEK,3520,18726863,1047,,9,,Tim,Howard,74 GRAND BOULEVARD EXT,,SHELBY,OH,44875-1362
Off Campus Auto Repair LLC,TEK,3520,18725877,1047,,09,,Jamie,Tisdale,1749 BROWN DEER RDG,,CORALVILLE,IA,52241-1172
Off Campus Auto Repair LLC,TEK,3520,18723863,1047,,09,,Jermaine,Brown,2134 N TOWNE LN NE # 7NE,,CEDAR RAPIDS,IA,52402-8416
Off Campus Auto Repair LLC,TEK,3520,18722993,1047,,09,,Bailee,Galkin,2685 PALM AVE,,GARNER,IA,50438-8576
Off Campus Auto Repair LLC,TEK,3520,18723713,1047,,09,,Jan,Chelf,2174 PORT TALBOT PL,,CORALVILLE,IA,52241-3441
Off Campus Auto Repair LLC,TEK,3520,18723181,1047,,9,,Austin,Curfam,5729 MUIRFIELD DR SW,,CEDAR RAPIDS,IA,52404-7394
Off Campus Auto Repair LLC,TEK,3520,18723643,1047,,9,,Rachel,Slezak,707 S DUBUQUE ST,,IOWA CITY,IA,52240-4225
Off Campus Auto Repair LLC,TEK,3520,18722572,1047,,09,,Sherlyn,Flesher,1035 MESQUITE DR,,CORALVILLE,IA,52241-3309
Off Campus Auto Repair LLC,TEK,3520,18725700,1047,,09,,Ted,Kyle,2317 HAMMOND AVE,,SUPERIOR,WI,54880-7118
Off Campus Auto Repair LLC,TEK,3520,18724537,1047,,09,,Nancy,Luikart,1173 210TH ST,,NICHOLS,IA,52766-9731
Off Campus Auto Repair LLC,TEK,3520,18723921,1047,,9,,Omero,Solis,21 HILLTOP RD,,FAYETTEVILLE,TN,37334-6744
Off Campus Auto Repair LLC,TEK,3520,18723222,1047,,09,,Christine,Gorrell,1905 EARL RD,,IOWA CITY,IA,52246-4331
Off Campus Auto Repair LLC,TEK,3520,18725250,1047,,09,,Bill,Radl,414 3RD AVE,,IOWA CITY,IA,52245-4611
Off Campus Auto Repair LLC,TEK,3520,18723146,1047,,09,,Jay,Fraise,2217 10TH ST,,CORALVILLE,IA,52241-1327
Off Campus Auto Repair LLC,TEK,3520,18727041,1047,,09,,David,Buda,5434 S EGOFSKE RD,,NEW BERLIN,WI,53146-4304
Off Campus Auto Repair LLC,TEK,3520,18726255,1047,,09,,Alex,Garcia,320 ELLIS AVE,,IOWA CITY,IA,52246-3705
Off Campus Auto Repair LLC,TEK,3520,18726563,1047,,09,,Jon,Teig,516 WESTSIDE DR,,IOWA CITY,IA,52246-4339
Off Campus Auto Repair LLC,TEK,3520,18725236,1047,,09,,Elizabeth,Buettner,2142 13TH ST,,CORALVILLE,IA,52241-1370
Off Campus Auto Repair LLC,TEK,3520,18724459,1047,,9,,Ron,Sternhagen,844 BRECKENRIDGE DR,,MONTICELLO,IA,52310-1146
Off Campus Auto Repair LLC,TEK,3520,18726399,1047,,09,,Shane,McGonagle,318 RIDGELAND AVE,,IOWA CITY,IA,52246-3746
Off Campus Auto Repair LLC,TEK,3520,18726635,1047,,9,,Melissa,Sanford,2220 HICKORY CT,,IOWA CITY,IA,52240-7083
Off Campus Auto Repair LLC,TEK,3520,18725034,1047,,9,,Ronnette,Wilson,2240 TAYLOR DR,,IOWA CITY,IA,52240-7043
Off Campus Auto Repair LLC,TEK,3520,18725332,1047,,9,,Selina,Meade,PO BOX 451,,SOLON,IA,52333-0451
Off Campus Auto Repair LLC,TEK,3520,18724548,1047,,9,,Ronda,Stout,197 STEPHANS ST,,TIFFIN,IA,52340-9313
Off Campus Auto Repair LLC,TEK,3520,18725323,1047,,9,,Jan,Chelf,2174 PORT TALBOT PL,,CORALVILLE,IA,52241-3441
Off Campus Auto Repair LLC,TEK,3520,18723134,1047,,09,,Erik,Taber,365 PENN RIDGE DR,,NORTH LIBERTY,IA,52317-8801
Off Campus Auto Repair LLC,TEK,3520,18725543,1047,,09,,James,Conrad,15567 250TH AVE,,SOUTH ENGLISH,IA,52335-8631
Off Campus Auto Repair LLC,TEK,3520,18724657,1047,,09,,Doug,Bringer,4326 V ST,,HOMESTEAD,IA,52236-8538
Off Campus Auto Repair LLC,TEK,3520,18725212,1047,,9,,Aaron,Deaton,321 FINKBINE LN APT 6,,IOWA CITY,IA,52246-1707
Off Campus Auto Repair LLC,TEK,3520,18723996,1047,,9,,Emily,Beary,404 S 12TH ST,,ALBIA,IA,52531-2432
Off Campus Auto Repair LLC,TEK,3520,18726843,1047,,9,,Sarah,Wood,1290 EXCHANGE ST,,NORTH LIBERTY,IA,52317-2327
Off Campus Auto Repair LLC,TEK,3520,18725677,1047,,9,,Luke,Yetley,2241 SUGAR BOTTOM RD NE,,SOLON,IA,52333-9590
Off Campus Auto Repair LLC,TEK,3520,18727170,1047,,09,,Clark,Obr,2161 BROWN DEER RD,,CORALVILLE,IA,52241-3364
Off Campus Auto Repair LLC,TEK,3520,18726926,1047,,09,,Elizabeth,Starman,2113 OAKDALE CT,,CORALVILLE,IA,52241-3232
Off Campus Auto Repair LLC,TEK,3520,18724815,1047,,09,,Destiny,Pozanc,955 TWILIGHT DR,,NORTH LIBERTY,IA,52317-9095
Off Campus Auto Repair LLC,TEK,3520,18725406,1047,,9,,Bob,McLachlan,2315 MULBERRY ST UNIT 2,,CORALVILLE,IA,52241-3388
Off Campus Auto Repair LLC,TEK,3520,18726232,1047,,9,,Sandy,Schaefer,3946 MEHAFFEY LN NE,,SOLON,IA,52333-8954
Off Campus Auto Repair LLC,TEK,3520,18725430,1047,,9,,AJ,Rummelhart,3335 TULANE AVE,,IOWA CITY,IA,52245-4037
Off Campus Auto Repair LLC,TEK,3520,18724861,1047,,09,,Jim,Funcke,2006 TIMBER LN,,CORALVILLE,IA,52241-9720
Off Campus Auto Repair LLC,TEK,3520,18724092,1047,,09,,Aysia,Franck,1321 SUNSET ST APT 4,,IOWA CITY,IA,52246-4815
Off Campus Auto Repair LLC,TEK,3520,18725280,1047,,09,,Angel,Dejesus,3231 REDHAWK ST,,CORALVILLE,IA,52241-8500
Off Campus Auto Repair LLC,TEK,3520,18725364,1047,,09,,Peter,Conrad,319 W WALNUT ST,,SIGOURNEY,IA,52591-1133
Off Campus Auto Repair LLC,TEK,3520,18724464,1047,,9,,Vanessa,Ziegler,1905 8TH ST APT 4,,CORALVILLE,IA,52241-1650
Off Campus Auto Repair LLC,TEK,3520,18723854,1047,,9,,Keandre,McCue,9820 WINSHIRE LN,,JOHNSTON,IA,50131-2846
Off Campus Auto Repair LLC,TEK,3520,18725891,1047,,09,,Emma,Ford,7489 BARNSLEY DR,,JOHNSTON,IA,50131-8783
Off Campus Auto Repair LLC,TEK,3520,18726867,1047,,09,,Posey,Griffin,PO BOX 465,,ANAMOSA,IA,52205-0465
Off Campus Auto Repair LLC,TEK,3520,18725552,1047,,9,,Tashaika,Williams,2825 BLUEGRASS LN APT 401,,HENDERSON,NV,89074-3255
Off Campus Auto Repair LLC,TEK,3520,18724848,1047,,09,,Nick,Hansen,PO BOX 83,,GLIDDEN,IA,51443-0083
Off Campus Auto Repair LLC,TEK,3520,18726416,1047,,09,,Gail,Mclure,144 HATHAWAY ST,,WAREHAM,MA,02571-1345
Off Campus Auto Repair LLC,TEK,3520,18725219,1047,,9,,Emily,Jefferson,27719 BLACKHAWK CT,,LE CLAIRE,IA,52753-9472
Off Campus Auto Repair LLC,TEK,3520,18723018,1047,,9,,Melissa,Savage,305 OAK ST,,WILLIAMSBURG,IA,52361-9470
Off Campus Auto Repair LLC,TEK,3520,18726391,1047,,09,,Steve,Gibson,715 HILLSIDE DR,,TIFFIN,IA,52340-8404
Off Campus Auto Repair LLC,TEK,3520,18725290,1047,,9,,Louisa,Janssen,620 S CAPITOL ST,,IOWA CITY,IA,52240-1534
Off Campus Auto Repair LLC,TEK,3520,18726425,1047,,9,,Rick,Howell,PO BOX 146,,TEN MILE,TN,37880-0146
Off Campus Auto Repair LLC,TEK,3520,18726508,1047,,09,,Sharon,Rickertsen,3611 KNIGHT CT SW,,CEDAR RAPIDS,IA,52404-6452
Off Campus Auto Repair LLC,TEK,3520,18723906,1047,,09,,Sage,Boyd,207 6TH ST APT 5,,CORALVILLE,IA,52241-2552
Off Campus Auto Repair LLC,TEK,3520,18725856,1047,,09,,Colin,Burnett,770 S ELM GROVE RD,,BROOKFIELD,WI,53005-7116
Off Campus Auto Repair LLC,TEK,3520,18726836,1047,,9,,Baily,Drendel,24W420 EUGENIA DR,,NAPERVILLE,IL,60540-3816
Off Campus Auto Repair LLC,TEK,3520,18726300,1047,,9,,Brian,Hibbs,1323 UPPER OLD HIGHWAY 6 RD NW,,OXFORD,IA,52322-9005
Off Campus Auto Repair LLC,TEK,3520,18725088,1047,,09,,Charles,Williams,64 GALWAY CIR,,IOWA CITY,IA,52246-2766
Off Campus Auto Repair LLC,TEK,3520,18722590,1047,,09,,Bruce,Knowlton,2521 CHESHIRE DR,,AURORA,IL,60504-5235
Off Campus Auto Repair LLC,TEK,3520,18724576,1047,,9,,James,Hoeger,1205 FLAGSTAFF ST,,IOWA CITY,IA,52246-8687
Off Campus Auto Repair LLC,TEK,3520,18726263,1047,,9,,Erik,Nelson,70 CIRCLE DR APT 6,,NORTH LIBERTY,IA,52317-9742
Off Campus Auto Repair LLC,TEK,3520,18723441,1047,,09,,Erika,Lauer,700 WHITING AVE,,IOWA CITY,IA,52245-5643
Off Campus Auto Repair LLC,TEK,3520,18723053,1047,,09,,Emily,Ford,510 EDELWEISS LN,,TIFFIN,IA,52340-4741
Off Campus Auto Repair LLC,TEK,3520,18726129,1047,,9,,Lexi,Draper,802 BENTON DR APT 14,,IOWA CITY,IA,52246-5203
Off Campus Auto Repair LLC,TEK,3520,18466385,1047,,09,,Jim,Cochran,3305 ARBOR DR,,IOWA CITY,IA,52245-5504
Off Campus Auto Repair LLC,TEK,3520,19280120,1047,,09,,Bryce,Watson,1027 CARVER ST,,IOWA CITY,IA,52240-2815
Off Campus Auto Repair LLC,TEK,3520,18727080,1047,,9,,Lisa,Wilcox,940 23RD AVE APT B,,CORALVILLE,IA,52241-3127
Off Campus Auto Repair LLC,TEK,3520,20876206,1047,,9,,Ava,Braverman,3741 WHITETAIL LN NE,,IOWA CITY,IA,52240-7954
Off Campus Auto Repair LLC,TEK,3520,21159822,1047,,9,,Delmar,Troyer,207 SETH DR,,WESTMINSTER,SC,29693-4736
Off Campus Auto Repair LLC,TEK,3520,18724366,1047,,9,,Erin,Hall,530 PENN CT,,NORTH LIBERTY,IA,52317-9596
Off Campus Auto Repair LLC,TEK,3520,21377506,1047,,9,,Linda,Nelson,205 JEFFERSON ST,,CARLISLE,IA,50047-7658
Off Campus Auto Repair LLC,TEK,3520,21395284,1047,,9,,Bill,Dentzer,4105 MITSCHER CT,,KENSINGTON,MD,20895-1307
Off Campus Auto Repair LLC,TEK,3520,21701883,1047,,09,,Derek,Clark,707 SCOTT PARK DR,,IOWA CITY,IA,52245-5151
Off Campus Auto Repair LLC,TEK,3520,18727069,1047,,9,,Tom,Beaver,2888 DIAMOND MIL CIR,,CORALVILLE,IA,52241-1486
Off Campus Auto Repair LLC,TEK,3520,21879386,1047,,9,,Sherry,Bryant,2630 BLACK HAWK AVE NW,,OXFORD,IA,52322-9198
Off Campus Auto Repair LLC,TEK,3520,18724616,1047,,9,,Terry,Waters,225 LILY POND RD,,NORTH LIBERTY,IA,52317-8702
Off Campus Auto Repair LLC,TEK,3520,22893240,1047,,9,,Nolan,Crawford,395 CARLYLE DR,,NORTH LIBERTY,IA,52317-7815
Off Campus Auto Repair LLC,TEK,3520,23340321,1047,,09,,Jack,Wilson,422 CRESCENT VISTA LN,,EUREKA,MO,63025-1652
Off Campus Auto Repair LLC,TEK,3520,23484267,1047,,09,,Randy,Thomann,2028 STRATFORD CT,,CORALVILLE,IA,52241-3031
Off Campus Auto Repair LLC,TEK,3520,23523444,1047,,09,,Abrian,Galassi,2042 GLEN OAKS DR,,CORALVILLE,IA,52241-3225
Off Campus Auto Repair LLC,TEK,3520,18724620,1047,,9,,Rick,House,625 STUART CT,,IOWA CITY,IA,52245-3533
Off Campus Auto Repair LLC,TEK,3520,18722341,1047,,9,,Nina,Metzner,504 KIRKWOOD AVE,,IOWA CITY,IA,52240-4727
Off Campus Auto Repair LLC,TEK,3520,24161247,1047,,09,,Penny,Barnard,6406 THERESA DR,,JOHNSTON,IA,50131-1929
Off Campus Auto Repair LLC,TEK,3520,18723066,1047,,9,,Mason,Slota,910 S DODGE ST,,IOWA CITY,IA,52240-4611
Off Campus Auto Repair LLC,TEK,3520,24251554,1047,,09,,Tina,Schnipkoweit,419 W 9TH ST,,TIPTON,IA,52772-1025
Off Campus Auto Repair LLC,TEK,3520,18726710,1047,,9,,Josh,Oswald,820 REDBIRD RUN,,TIFFIN,IA,52340-9423
Off Campus Auto Repair LLC,TEK,3520,21438015,1047,,9,,Ron,Merrill,1060 MESQUITE DR,,CORALVILLE,IA,52241-3314
Off Campus Auto Repair LLC,TEK,3520,20413261,1047,,09,,Erica,Billiter,228 STEPHANS ST,,TIFFIN,IA,52340-9312
Off Campus Auto Repair LLC,TEK,3520,18723202,1047,,09,,Ethan,Krotz,2335 MULBERRY ST UNIT 1,,CORALVILLE,IA,52241-3384
Off Campus Auto Repair LLC,TEK,3520,18726916,1047,,9,,Tim,Soukup,275 HICKORY CT,,TIFFIN,IA,52340-4719
Off Campus Auto Repair LLC,TEK,3520,27546239,1047,,09,,Grace,Keller,201 E 9TH ST APT 209,,CORALVILLE,IA,52241-2231
Off Campus Auto Repair LLC,TEK,3520,27607269,1047,,09,,Cherly,Weatherford,54 HERON CIR,,IOWA CITY,IA,52245-4122
Off Campus Auto Repair LLC,TEK,3520,18725285,1047,,09,,Julia,Malamut,1303 5TH ST UNIT 606,,CORALVILLE,IA,52241-2936
Off Campus Auto Repair LLC,TEK,3520,28891558,1047,,09,,Alyssa,Hershberger,3009 333RD ST,,WELLMAN,IA,52356-8515
Off Campus Auto Repair LLC,TEK,3520,18726233,1047,,9,,Kevin,Yeggy,5665 420TH ST SE,,WEST BRANCH,IA,52358-9523
Off Campus Auto Repair LLC,TEK,3520,29124085,1047,,09,,Uri,Lessing,2711 FERNDALE DR,,IOWA CITY,IA,52245-5004
Off Campus Auto Repair LLC,TEK,3520,18722674,1047,,9,,Jeremy,Ohrt,173 W MARENGO RD,,TIFFIN,IA,52340-9212
Off Campus Auto Repair LLC,TEK,3520,18726900,1047,,9,,Alex,Wisdom,17572 FALLEN BRANCH WAY,,PUNTA GORDA,FL,33982-5104
Off Campus Auto Repair LLC,TEK,3520,18726032,1047,,09,,Brian,Fox,49 GALWAY CIR,,IOWA CITY,IA,52246-2766
Off Campus Auto Repair LLC,TEK,3520,29635948,1047,,09,,Hantao,Zhang,6008 E LAKE DR APT 3B,,LISLE,IL,60532-3050
Off Campus Auto Repair LLC,TEK,3520,29978792,1047,,09,,Daryl,Zahradnek,2213 ARIZONA AVE,,IOWA CITY,IA,52240-2305
Off Campus Auto Repair LLC,TEK,3520,29988174,1047,,09,,Nicole,Stumpf,3460 SUNSET PARK CIR,,DUBUQUE,IA,52002-1062
Off Campus Auto Repair LLC,TEK,3520,30204705,1047,,09,,Justen,Ahmad,1038 E COLLEGE ST,,IOWA CITY,IA,52240-5544
Off Campus Auto Repair LLC,TEK,3520,18723058,1047,,9,,Teresa,Philipp,372 WOODLAND DR SE,,CEDAR RAPIDS,IA,52403-2822
Off Campus Auto Repair LLC,TEK,3520,30283973,1047,,09,,Mark,Huber,209 HOLIDAY RD APT 229,,CORALVILLE,IA,52241-4004
Off Campus Auto Repair LLC,TEK,3520,18723274,1047,,9,,Don,Hein,2902 KEEL BOAT LOOP,,IOWA CITY,IA,52240-8621
Off Campus Auto Repair LLC,TEK,3520,18726782,1047,,9,,Kelli,Alberts,150 WINDSOR RD,,NORTH LIBERTY,IA,52317-8010
Off Campus Auto Repair LLC,TEK,3520,18724641,1047,,9,,Andy,Benesh,2037 400TH ST SW,,OXFORD,IA,52322-9799
Off Campus Auto Repair LLC,TEK,3520,32076966,1047,,09,,Jacob,Walleser,606 6TH AVE,,CORALVILLE,IA,52241-1939
Off Campus Auto Repair LLC,TEK,3520,18723446,1047,,9,,Lonnie,Marshall,1418 J PL,,KALONA,IA,52247-9719
Off Campus Auto Repair LLC,TEK,3520,18724955,1047,,09,,Geb,Thomas,350 MAGOWAN AVE,,IOWA CITY,IA,52246-3514
Off Campus Auto Repair LLC,TEK,3520,22794389,1047,,09,,Robert,Solberg,797 W CHERRY ST,,NORTH LIBERTY,IA,52317-9093
Off Campus Auto Repair LLC,TEK,3520,18723400,1047,,09,,Ann,Weber,2157 TERRA LN,,CORALVILLE,IA,52241-3464
Off Campus Auto Repair LLC,TEK,3520,18727112,1047,,9,,Edward,Grattan,1402 FRANKLIN ST,,IOWA CITY,IA,52240-2709
Off Campus Auto Repair LLC,TEK,3520,18725542,1047,,09,,Tina,Luebke,85 COYOTE CT,,NORTH LIBERTY,IA,52317-9262
Off Campus Auto Repair LLC,TEK,3520,22904610,1047,,9,,Chris,Slater,2760 TURKEY CREEK LN NE,,IOWA CITY,IA,52240-7846
Off Campus Auto Repair LLC,TEK,3520,18726770,1047,,9,,Marsha,Heldt,4448 V ST,,HOMESTEAD,IA,52236-8543
Off Campus Auto Repair LLC,TEK,3520,18726332,1047,,9,,Shari,Montgomery,8439 W ALYSSA LN,,PEORIA,AZ,85383-4811
Off Campus Auto Repair LLC,TEK,3520,18726887,1047,,09,,Shane,Coohey,PO BOX 366,,NORTH LIBERTY,IA,52317-0366
Off Campus Auto Repair LLC,TEK,3520,34197969,1047,,09,,Hillary,Douglas,1102 CREEKSIDE DR,,TIFFIN,IA,52340-8036
Off Campus Auto Repair LLC,TEK,3520,28929316,1047,,09,,James,Collentine,3701 2ND ST TRLR 31,,CORALVILLE,IA,52241-3238
Off Campus Auto Repair LLC,TEK,3520,18724031,1047,,09,,Elena,Lukavsky,806 W ORANGE ST,,WEST BRANCH,IA,52358-4720
Off Campus Auto Repair LLC,TEK,3520,18727144,1047,,9,,James,Knabe,199 RAINBOW DR # 9951,,LIVINGSTON,TX,77399-1099
Off Campus Auto Repair LLC,TEK,3520,18723027,1047,,9,,Thomas,Ickes,172 HAWKEYE CT APT 201,,IOWA CITY,IA,52246-2859
Off Campus Auto Repair LLC,TEK,3520,18726702,1047,,9,,Kevin,Wise,4707 ORVAL YODER TPKE SW,,KALONA,IA,52247-9235
Off Campus Auto Repair LLC,TEK,3520,18724949,1047,,09,,Lee,Vasquez,2005 CAMBRIDGE DR,,CORALVILLE,IA,52241-2763
Off Campus Auto Repair LLC,TEK,3520,18727060,1047,,9,,Gauri,Deshpande,2225 HARVEST CIR,,CORALVILLE,IA,52241-3466
Off Campus Auto Repair LLC,TEK,3520,18724572,1047,,9,,Anthony,DeLeon,2428 N RIDGE DR,,CORALVILLE,IA,52241-1387
Off Campus Auto Repair LLC,TEK,3520,35320671,1047,,09,,Sevil,Cheeseman,79 COLCHESTER DR,,IOWA CITY,IA,52245-9333
Off Campus Auto Repair LLC,TEK,3520,17581832,1047,,9,,Brenden,Hardy,236 KOSER AVE,,IOWA CITY,IA,52246-1920
Off Campus Auto Repair LLC,TEK,3520,31367676,1047,,09,,MacKenzie,Stone,6500 PHEASANT HOLLOW RD SW,,CEDAR RAPIDS,IA,52404-7738
Off Campus Auto Repair LLC,TEK,3520,18724447,1047,,09,,Ed,LaGrange,1325 JAMES AVE NE,,SWISHER,IA,52338-9402
Off Campus Auto Repair LLC,TEK,3520,35659737,1047,,09,,Ron,Berg,1804 RIDGEWAY DR,,IOWA CITY,IA,52245-3234
Off Campus Auto Repair LLC,TEK,3520,27868388,1047,,09,,Mary,Dreckman,2018 LAURENCE CT NE,,IOWA CITY,IA,52240-9150
Off Campus Auto Repair LLC,TEK,3520,18725186,1047,,9,,Jon,Yetley,2241 SUGAR BOTTOM RD NE,,SOLON,IA,52333-9590
Off Campus Auto Repair LLC,TEK,3520,18722518,1047,,9,,Jud,Yetley,422 SIERRA TRL,,CORALVILLE,IA,52241-1124
Off Campus Auto Repair LLC,TEK,3520,18726402,1047,,9,,Jennifer,Bollers,313 LINDEN LN,,TIFFIN,IA,52340-4734
Off Campus Auto Repair LLC,TEK,3520,31469588,1047,,09,,Matthew,Croco,2492 SCOUTS CT NW,,OXFORD,IA,52322-9031
Off Campus Auto Repair LLC,TEK,3520,18724496,1047,,09,,Lori,McMahon,2408 BILTMORE LN,,CORALVILLE,IA,52241-3481
Off Campus Auto Repair LLC,TEK,3520,18722502,1047,,9,,Brian,Mackin,2042 N RIDGE DR,,CORALVILLE,IA,52241-1049
Off Campus Auto Repair LLC,TEK,3520,18726330,1047,,9,,Brandi,Schroeder,940 FOX VALLEY DR,,NORTH LIBERTY,IA,52317-8016
Off Campus Auto Repair LLC,TEK,3520,18727002,1047,,9,,Duane,Miller,1855 STONE CREEK CIR,,NORTH LIBERTY,IA,52317-8530
