Shop Name,Software,SID,CID,WSID,WCID,MBdayMo,TBdayMo,First,Last,Address,Address2,City,St,Zip
Alternative Auto Care,TEK,3586,18887799,1048,,9,,DAVID,KAUFMAN,10016 CRYSTAL CIR,,COMMERCE CITY,CO,80022-9559
Alternative Auto Care,TEK,3586,18893088,1048,,9,,GARY,QUICK,1550 RALEIGH ST APT 168,,DENVER,CO,80204-1366
Alternative Auto Care,TEK,3586,18888205,1048,,9,,FRANCES,STURGEON,4077 S GRANT ST,,ENGLEWOOD,CO,80113-4705
Alternative Auto Care,TEK,3586,18890268,1048,,9,,ARTIE,THOMPSON,572 RESERVE AVE,,LOCHBUIE,CO,80603-7782
Alternative Auto Care,TEK,3586,18893238,1048,,9,,THERESA,CONNOR,2933 W 116TH PL,,WESTMINSTER,CO,80234-2576
Alternative Auto Care,TEK,3586,18888541,1048,,9,,JOHN,HINMAN,1777 E 39TH AVE,,DENVER,CO,80205-3470
Alternative Auto Care,TEK,3586,18893190,1048,,9,,NAM,NGUYEN,417 E 134TH AVE,,THORNTON,CO,80241-1722
Alternative Auto Care,TEK,3586,18891834,1048,,9,,YVETTE,TRUJILLO,2041 E 148TH DR,,BRIGHTON,CO,80602-7395
Alternative Auto Care,TEK,3586,18891241,1048,,9,,COOPER,GRIMES,12823 NEWPORT WAY,,THORNTON,CO,80602-6958
Alternative Auto Care,TEK,3586,18889134,1048,,9,,CLAUDIA,BARILLAS,2003 TRUDA DR,,NORTHGLENN,CO,80233-1360
Alternative Auto Care,TEK,3586,18887842,1048,,9,,RICHARD,MARTINEZ,7894 WOODRUFF ST,,FORT LUPTON,CO,80621-4458
Alternative Auto Care,TEK,3586,18887092,1048,,9,,KOURTNEY,KROMMINGA,3351 E 120TH AVE UNIT 32-103,,THORNTON,CO,80233-1593
Alternative Auto Care,TEK,3586,18891586,1048,,9,,VERONICA,WILLIAMS,5285 E 129TH AVE,,DENVER,CO,80241-2346
Alternative Auto Care,TEK,3586,18890117,1048,,9,,DAVID,MILLER,10759 STEELE ST,,NORTHGLENN,CO,80233-4609
Alternative Auto Care,TEK,3586,18892937,1048,,9,,JIM,KAUFMAN,1756 DRINKWATER CT,,ERIE,CO,80516-6854
Alternative Auto Care,TEK,3586,18890325,1048,,9,,ROBERT,ROY,209 E 109TH AVE,,NORTHGLENN,CO,80233-3304
Alternative Auto Care,TEK,3586,18887313,1048,,09,,JOHN,SCHWEITZER,1000 E 10TH AVE APT 110,,BROOMFIELD,CO,80020-1401
Alternative Auto Care,TEK,3586,18889309,1048,,9,,BRIANNA,DOLLAN,68 GARDEN CTR,,BROOMFIELD,CO,80020-1767
Alternative Auto Care,TEK,3586,18886969,1048,,9,,MICHAEL,TESTERMAN,13712 MEADOWBROOK CT,,BROOMFIELD,CO,80020-6165
Alternative Auto Care,TEK,3586,18886919,1048,,9,,MEAGAN,BARNES,10085 VRAIN CT,,WESTMINSTER,CO,80031-2542
Alternative Auto Care,TEK,3586,18890384,1048,,9,,CHRIS,PARKER,1157 W 132ND PL,,DENVER,CO,80234-1118
Alternative Auto Care,TEK,3586,18892967,1048,,9,,MARLA,TOMBERG,2632 W 34TH AVE,,DENVER,CO,80211-3306
Alternative Auto Care,TEK,3586,18889673,1048,,9,,TREVOR,ZANCANELLA,4326 E 139TH DR,,THORNTON,CO,80602-9500
Alternative Auto Care,TEK,3586,18891925,1048,,9,,MALINDA,AARSLEFF,300 W 123RD AVE APT 2724,,WESTMINSTER,CO,80234-1808
Alternative Auto Care,TEK,3586,18886685,1048,,9,,SUMIE,YOKOTA,11831 MCCRUMB DR,,NORTHGLENN,CO,80233-1228
Alternative Auto Care,TEK,3586,18891203,1048,,9,,CURTIS,KLOEFKORN,7200 N FINGER ROCK PL,,TUCSON,AZ,85718-1408
Alternative Auto Care,TEK,3586,18893286,1048,,09,,GERRY,BRUNNER,925 HOVER ST APT 14,,LONGMONT,CO,80501-2497
Alternative Auto Care,TEK,3586,18887853,1048,,9,,LINA,YONG,4208 E 105TH AVE,,THORNTON,CO,80233-3955
Alternative Auto Care,TEK,3586,18893231,1048,,9,,HUGO,DUENAS,6725 UPHAM ST,,ARVADA,CO,80003-3941
Alternative Auto Care,TEK,3586,18888495,1048,,9,,DANIELLE,RASH,20899 E 55TH AVE,,DENVER,CO,80249-8567
Alternative Auto Care,TEK,3586,18893162,1048,,9,,GREG,FILPUS,24549 E APPLEWOOD DR APT 201,,AURORA,CO,80016-4096
Alternative Auto Care,TEK,3586,18888782,1048,,9,,MATTHEW,DEBLOIS,821 W LAKE ST UNIT 215,,FORT COLLINS,CO,80521-4744
Alternative Auto Care,TEK,3586,18889937,1048,,9,,TERI,GARRICK,12840 JERSEY CT,,THORNTON,CO,80602-9193
Alternative Auto Care,TEK,3586,18887726,1048,,9,,NADIA,FENTON,1303 W 116TH AVE APT 304,,WESTMINSTER,CO,80234-3381
Alternative Auto Care,TEK,3586,18887877,1048,,9,,MELISSA,MILLER,6836 E 118TH PL,,THORNTON,CO,80233-5867
Alternative Auto Care,TEK,3586,18889167,1048,,9,,FUAD,MEFLEH,1140 ARINGILL LN,,MATTHEWS,NC,28104-8043
Alternative Auto Care,TEK,3586,18892895,1048,,9,,MEGAN,AUEN,13478 CLAYTON CT,,DENVER,CO,80241-1395
Alternative Auto Care,TEK,3586,18888421,1048,,9,,DANIELLE,VARGAS,21844 E 44TH DR,,AURORA,CO,80019-3636
Alternative Auto Care,TEK,3586,18891491,1048,,9,,BINHAN,LIN,673 W LOCUST CT,,LOUISVILLE,CO,80027-1018
Alternative Auto Care,TEK,3586,18887839,1048,,9,,WILLIAM,MARQUEZ,13635 DETROIT ST,,THORNTON,CO,80602-7208
Alternative Auto Care,TEK,3586,18887541,1048,,9,,MICHAEL,JOHNSON,1907 BOBBY DR,,MILLIKEN,CO,80543-9655
Alternative Auto Care,TEK,3586,18891993,1048,,9,,ABBY,MCDOUGALL,2509 W 108TH PL,,DENVER,CO,80234-3148
Alternative Auto Care,TEK,3586,18887203,1048,,9,,JEFFREY,DUJARDIN,3038 COMET ST,,FORT COLLINS,CO,80524-7501
Alternative Auto Care,TEK,3586,18889336,1048,,9,,BOBBY,GREEN,PO BOX 1923,,BROOMFIELD,CO,80038-1923
Alternative Auto Care,TEK,3586,18891650,1048,,9,,ALEX,KIMATA,4740 E 125TH AVE,,DENVER,CO,80241-3056
Alternative Auto Care,TEK,3586,18892857,1048,,9,,AMBER,RYZEK,12645 JERSEY CIR E,,THORNTON,CO,80602-7039
Alternative Auto Care,TEK,3586,18888609,1048,,9,,DAKOTA,HAWLEY,12100 BANNOCK CIR APT D,,WESTMINSTER,CO,80234-2151
Alternative Auto Care,TEK,3586,18893049,1048,,9,,COURT,CLARA,12551 GLENCOE ST,,THORNTON,CO,80241-3295
Alternative Auto Care,TEK,3586,18889859,1048,,9,,ANDY,BETSWORTH,2750 MALLOY RD,,SIOUX CITY,IA,51103-1002
Alternative Auto Care,TEK,3586,18888569,1048,,9,,ERIK,TREFRY,19294 E WARREN PL,,AURORA,CO,80013-6207
Alternative Auto Care,TEK,3586,18867652,1048,,9,,Alan,Mackiewicz,12228 N IVY WAY,,BRIGHTON,CO,80602-9672
Alternative Auto Care,TEK,3586,20151006,1048,,9,,Felix,Parra,530 25TH ST APT 303,,DENVER,CO,80205-2979
Alternative Auto Care,TEK,3586,18889662,1048,,09,,JORDAN,GOBEL,7166 W CUSTER AVE UNIT 138,,LAKEWOOD,CO,80226-2782
Alternative Auto Care,TEK,3586,18889955,1048,,9,,DAVID,FOSTER,1622 S PAGOSA CT,,AURORA,CO,80017-5276
Alternative Auto Care,TEK,3586,18892212,1048,,9,,SACIE,GRIEGO,5062 W 98TH PL,,WESTMINSTER,CO,80031-2510
Alternative Auto Care,TEK,3586,18892354,1048,,9,,DAWN,WISEMAN,2525 E 104TH AVE UNIT 1135,,THORNTON,CO,80233-3745
Alternative Auto Care,TEK,3586,21203099,1048,,9,,Robin,Bodle,11762 ASH DR,,THORNTON,CO,80233-5115
Alternative Auto Care,TEK,3586,18890358,1048,,9,,BRIAN,HANUS,9451 WELBY RD APT 934,,THORNTON,CO,80229-3988
Alternative Auto Care,TEK,3586,18887600,1048,,9,,ELLEN,TRUJILLO,16298 MOUNT SILVERHEELS WAY,,BROOMFIELD,CO,80023-8387
Alternative Auto Care,TEK,3586,18890397,1048,,9,,STEVE,DOWNING,9838 SAINT PAUL ST,,THORNTON,CO,80229-2645
Alternative Auto Care,TEK,3586,18892849,1048,,9,,SCOTT,MAGNUSON,14687 MADISON ST,,BRIGHTON,CO,80602-7735
Alternative Auto Care,TEK,3586,22702495,1048,,9,,Jeff,Franklin,83 QUEENS CIR,,CHALFONT,PA,18914-2263
Alternative Auto Care,TEK,3586,18891046,1048,,9,,BECKY,BISEL,11899 ELIZABETH CIR,,THORNTON,CO,80233-1462
Alternative Auto Care,TEK,3586,18889330,1048,,9,,VAL,BROWN,2155 W 144TH AVE,,BROOMFIELD,CO,80023-6212
Alternative Auto Care,TEK,3586,23867547,1048,,9,,Adam,Henson,525 E DRAKE RD,,FORT COLLINS,CO,80525-4611
Alternative Auto Care,TEK,3586,21448003,1048,,9,,Aaron,Spikes,12230 WASHINGTON CENTER PKWY,,THORNTON,CO,80241-3606
Alternative Auto Care,TEK,3586,18888682,1048,,9,,JIM,JACOBSON,13461 GLEN CIR,,BROOMFIELD,CO,80020-5191
Alternative Auto Care,TEK,3586,24055496,1048,,09,,DANIELLE,MORAN,13396 CLAYTON ST,,THORNTON,CO,80241-2077
Alternative Auto Care,TEK,3586,18891556,1048,,09,,DEBRA,KRAMER,10801 E 155TH PL,,BRIGHTON,CO,80602-7443
Alternative Auto Care,TEK,3586,25955397,1048,,09,,Anoma,Perera,1960 HARMONY PARK DR,,WESTMINSTER,CO,80234-1792
Alternative Auto Care,TEK,3586,28318221,1048,,09,,Elizabeth,Shakal,1821 E 119TH PL,,NORTHGLENN,CO,80233-1301
Alternative Auto Care,TEK,3586,18888204,1048,,9,,JOAN,STEARNS,10912 BEELER ST,,HENDERSON,CO,80640-7526
Alternative Auto Care,TEK,3586,18889530,1048,,9,,MICHELL,SAWAQDEH,1064 MOCKINGBIRD ST,,BRIGHTON,CO,80601-7368
Alternative Auto Care,TEK,3586,18890206,1048,,9,,JULEY,JENKINS,3641 STUART ST,,DENVER,CO,80212-1952
Alternative Auto Care,TEK,3586,20164631,1048,,9,,Donoven,Henderson,14852 GALAPAGO ST APT K210,,WESTMINSTER,CO,80023-8870
Alternative Auto Care,TEK,3586,18891998,1048,,9,,MICHELE,JIMENEZ,14824 E 118TH PL,,BRIGHTON,CO,80603-7248
Alternative Auto Care,TEK,3586,18892637,1048,,9,,TERRI,MALLOZZI,12442 CLERMONT ST,,THORNTON,CO,80241-3045
Alternative Auto Care,TEK,3586,18889811,1048,,9,,ROBBIN,SNOW,5931 E 132ND WAY,,BRIGHTON,CO,80602-7874
Alternative Auto Care,TEK,3586,18891264,1048,,9,,MIKE,BREES,9100 VANCE ST,,WESTMINSTER,CO,80021-7021
Alternative Auto Care,TEK,3586,18891660,1048,,9,,JOE,GALLO,3182 W 111TH DR,,WESTMINSTER,CO,80031-6835
Alternative Auto Care,TEK,3586,30002716,1048,,09,,Dan,Philbrook,4683 E 135TH LN,,THORNTON,CO,80241-1587
Alternative Auto Care,TEK,3586,18892744,1048,,9,,ANN,SCHOCK,2259 E 129TH AVE,,DENVER,CO,80241-1922
Alternative Auto Care,TEK,3586,18887306,1048,,9,,LORRI,WILLIAMSON,12855 MAGNOLIA PL,,BRIGHTON,CO,80602-6962
Alternative Auto Care,TEK,3586,30304024,1048,,09,,Kathryn,Bolt,2131 LAWRENCE ST,,DENVER,CO,80205-2349
Alternative Auto Care,TEK,3586,18893100,1048,,09,,KRISTY,BENNETT,4893 E 111TH PL,,THORNTON,CO,80233-3806
Alternative Auto Care,TEK,3586,18890442,1048,,09,,ANGELA,FALBO,7869 W 105TH PL,,WESTMINSTER,CO,80021-3944
Alternative Auto Care,TEK,3586,30632660,1048,,09,,James,Mccarron,10946 LIVINGSTON DR,,NORTHGLENN,CO,80234-3384
Alternative Auto Care,TEK,3586,18893031,1048,,9,,RYAN,HARDING,3042 E 137TH PL,,THORNTON,CO,80602-7217
Alternative Auto Care,TEK,3586,18891284,1048,,9,,KEVIN,VALENTINE,1997 S YATES ST,,DENVER,CO,80219-5050
Alternative Auto Care,TEK,3586,27301753,1048,,09,,Phil,Barbaccia,11739 CLAYTON ST,,THORNTON,CO,80233-1401
Alternative Auto Care,TEK,3586,20269127,1048,,9,,Karen,Stansifer,13267 ELIZABETH ST,,THORNTON,CO,80241-2062
Alternative Auto Care,TEK,3586,18890472,1048,,09,,LORI,MILLS,6850 WOODGATE CT,,COLORADO SPRINGS,CO,80918-4634
Alternative Auto Care,TEK,3586,24216002,1048,,09,,Todd,Wolfe,16291 VERBENA ST,,BRIGHTON,CO,80602-7553
Alternative Auto Care,TEK,3586,18886732,1048,,9,,JOANN,WOODS,10931 MILDRED DR,,NORTHGLENN,CO,80233-3428
Alternative Auto Care,TEK,3586,18892543,1048,,9,,CHRISTIAN,FODE,500 W 123RD AVE APT 3433,,WESTMINSTER,CO,80234-1813
Alternative Auto Care,TEK,3586,19342182,1048,,9,,Jonathan,Dunkle,7948 OSAGE ST,,DENVER,CO,80221-4267
Alternative Auto Care,TEK,3586,18888936,1048,,9,,JAY,DEDRICK,12432 KING ST,,BROOMFIELD,CO,80020-5872
Alternative Auto Care,TEK,3586,18891595,1048,,9,,JOHN,KLAGSTAD,301 MALLEY DR APT 84,,NORTHGLENN,CO,80233-2035
Alternative Auto Care,TEK,3586,18891424,1048,,9,,ARLENE,MURRAY,1250 E 130TH AVE UNIT D,,THORNTON,CO,80241-1152
Alternative Auto Care,TEK,3586,18890816,1048,,9,,LINDA,LEE,10170 GARFIELD CIR,,THORNTON,CO,80229-3559
Alternative Auto Care,TEK,3586,18889932,1048,,9,,CYNTHIA,MEEKINS,13036 JACKSON DR,,THORNTON,CO,80241-2189
Alternative Auto Care,TEK,3586,18893206,1048,,9,,ED,THOMPSON,3000 E 112TH AVE UNIT 33,,NORTHGLENN,CO,80233-4684
Alternative Auto Care,TEK,3586,18891206,1048,,9,,CHERYL,KISLING,1691 46TH AVE,,GREELEY,CO,80634-3287
Alternative Auto Care,TEK,3586,35338614,1048,,09,,Pat,Fisher,7910 QUEBEC ST,,COMMERCE CITY,CO,80022-1228
Alternative Auto Care,TEK,3586,35271335,1048,,09,,David,Brodie,989 DEAN DR,,NORTHGLENN,CO,80233-1209
Alternative Auto Care,TEK,3586,18889839,1048,,9,,RICK,SANTALA,11757 GRAY WAY,,WESTMINSTER,CO,80020-5988
Alternative Auto Care,TEK,3586,18892521,1048,,9,,JUDITH,GOMEZ,4520 QUAY ST,,WHEAT RIDGE,CO,80033-3517
Alternative Auto Care,TEK,3586,18887773,1048,,9,,ADOLPH,CABRERA,5112 DECATUR ST,,DENVER,CO,80221-1232
Alternative Auto Care,TEK,3586,26289069,1048,,09,,Sandy,Braudway,5308 E 118TH PL,,THORNTON,CO,80233-1893
Alternative Auto Care,TEK,3586,18890204,1048,,9,,ROSE,CHAVEZ,3351 E 120TH AVE UNIT 27-102,,THORNTON,CO,80233-1590
Alternative Auto Care,TEK,3586,18890376,1048,,9,,DAVE,DIORIO,13175 KRAMERIA ST,,THORNTON,CO,80602-9140
Alternative Auto Care,TEK,3586,18887899,1048,,9,,BILL,FOLWELL,2525 E 104TH AVE UNIT 816,,THORNTON,CO,80233-6181
Alternative Auto Care,TEK,3586,18887464,1048,,9,,DERRICK,BACA,426 JANICE CT,,NORTHGLENN,CO,80233-3045
Alternative Auto Care,TEK,3586,18887176,1048,,9,,DELLA,KNOWLES,4943 E 124TH WAY,,DENVER,CO,80241-3005
Alternative Auto Care,TEK,3586,18888315,1048,,9,,HAROLD,PALMER,11827 W 85TH PL,,ARVADA,CO,80005-5125
Alternative Auto Care,TEK,3586,18886944,1048,,9,,NICHOLAS,MOORE,234 OLD POST OFFICE RD,,BOULDER,CO,80302-9279
Alternative Auto Care,TEK,3586,18892379,1048,,9,,MATT,BOH,15054 COLUMBINE ST,,THORNTON,CO,80602-7364
Alternative Auto Care,TEK,3586,18891126,1048,,9,,RAY,BODLE,11762 ASH DR,,THORNTON,CO,80233-5115
