Shop Name,Software,SID,CID,WSID,WCID,MBdayMo,TBdayMo,First,Last,Address,Address2,City,St,Zip
Alternative Auto Care,TEK,3586,18888383,1048,,,3,HANNAH,KAIDO,1291 W 120TH AVE,,DENVER,CO,80234-2725
Alternative Auto Care,TEK,3586,18886811,1048,,,9,ADAM,HARRISON,3024 DEPO DR,,LONGMONT,CO,80503-7948
Alternative Auto Care,TEK,3586,18890861,1048,,,9,ROBERT,FINGER,10478 FALCON ST,,LONGMONT,CO,80504-3475
Alternative Auto Care,TEK,3586,18889647,1048,,,9,JACOB,LOVELL,1255 LEE ST,,LAKEWOOD,CO,80215-4542
Alternative Auto Care,TEK,3586,18889370,1048,,,3,BOB,RINEHART,11522 GILPIN ST,,NORTHGLENN,CO,80233-2160
Alternative Auto Care,TEK,3586,18887670,1048,,,3,JAMES,HARRELSON,8290 FEDERAL BLVD,,WESTMINSTER,CO,80031-4009
Alternative Auto Care,TEK,3586,18887570,1048,,,9,COREY,VALDEZ,11780 E 111TH AVE,,HENDERSON,CO,80640-7720
Alternative Auto Care,TEK,3586,18887031,1048,,,3,ADAM,BIRCHFIELD,70 W 6TH AVE,,DENVER,CO,80204-5159
Alternative Auto Care,TEK,3586,18886733,1048,,,3,RAZA,YAMAGUCI,7909 W 16TH AVE,,LAKEWOOD,CO,80214-6000
Alternative Auto Care,TEK,3586,18893101,1048,,,3,MEGAN,GEROLD,1303 W 116TH AVE APT 206,,WESTMINSTER,CO,80234-3380
Alternative Auto Care,TEK,3586,18890945,1048,,,9,XAVIER,ALONZO,4051 E 115TH PL,,THORNTON,CO,80233-2622
Alternative Auto Care,TEK,3586,18887271,1048,,,3,GRYPHON,ROOTFLYER,2049 GENEVA ST,,AURORA,CO,80010-1209
Alternative Auto Care,TEK,3586,18890349,1048,,,9,GREG,JARRETT,15681 VILLAGE CIR,,COMMERCE CITY,CO,80603-6968
Alternative Auto Care,TEK,3586,18889878,1048,,,3,SRIJALA,PRADHAN,10095 WYANDOTT CIR S,,THORNTON,CO,80260-6396
Alternative Auto Care,TEK,3586,18889681,1048,,,3,DIMITREAS,PEREZ,143 GARLAND DR,,NORTHGLENN,CO,80233-4038
Alternative Auto Care,TEK,3586,23492325,1048,,,9,Ethen,Roth,1176 E 130TH AVE,,THORNTON,CO,80241-3936
Alternative Auto Care,TEK,3586,23905909,1048,,,3,Kathleen,Serra,420 E 57TH ST LOT 264,,LOVELAND,CO,80538-1297
Alternative Auto Care,TEK,3586,23870763,1048,,,9,Tony,Barber,500 W 123RD AVE,,DENVER,CO,80234-1818
Alternative Auto Care,TEK,3586,24419228,1048,,,9,Sara,Pence,14120 GRANT ST APT 20-310,,THORNTON,CO,80023-6510
Alternative Auto Care,TEK,3586,24181908,1048,,,9,Anthony,Sarconi,12120 MELODY DR APT 108,,WESTMINSTER,CO,80234-2187
Alternative Auto Care,TEK,3586,26136097,1048,,,3,Broox,Davies,14310 GRANT ST APT 4-201,,THORNTON,CO,80023-6437
Alternative Auto Care,TEK,3586,18892666,1048,,,9,BJ,JAMES,11902 GAYLORD WAY,,NORTHGLENN,CO,80233-1320
Alternative Auto Care,TEK,3586,18892933,1048,,,9,EARL,LEBLANC,2677 E 124TH PL,,THORNTON,CO,80241-2730
Alternative Auto Care,TEK,3586,18890311,1048,,,9,NISEAN,CASTILLO,3878 E 99TH CIR,,THORNTON,CO,80229-2839
Alternative Auto Care,TEK,3586,30593140,1048,,,3,Niat,Geberkidane,12150 WASHINGTON CENTER PKWY,,NORTHGLENN,CO,80241-3149
Alternative Auto Care,TEK,3586,28531152,1048,,,3,Brittany,Curry,11612 COMMUNITY CENTER DR APT 38,,NORTHGLENN,CO,80233-1040
Alternative Auto Care,TEK,3586,18887722,1048,,,3,VONNE,KEIRNS,13464 VINE ST,,THORNTON,CO,80241-1963
Alternative Auto Care,TEK,3586,33161034,1048,,,9,Oanh,Do,436 W 129TH AVE,,WESTMINSTER,CO,80234-2840
Alternative Auto Care,TEK,3586,33552534,1048,,,3,Ian,Gerace,881 LONEWOLF CIR,,LOCHBUIE,CO,80603-7770
Alternative Auto Care,TEK,3586,25986414,1048,,,3,JOE,LORMAN,9980 E 163RD PL,,BRIGHTON,CO,80602-8630
Alternative Auto Care,TEK,3586,18886977,1048,,,9,ALEXANDER,LEVINE,745 S LAFAYETTE DR APT E237,,LAFAYETTE,CO,80026-3563
Alternative Auto Care,TEK,3586,18888190,1048,,,3,Joseph,Sharko,12549 JASON CT,,WESTMINSTER,CO,80234-1767
Alternative Auto Care,TEK,3586,35314968,1048,,,9,Samantha,Frimpong,11578 COMMUNITY CENTER DR APT 72,,NORTHGLENN,CO,80233-1034
Alternative Auto Care,TEK,3586,35857585,1048,,,3,Chris,Plock,11457 COOK CT,,THORNTON,CO,80233-2432
Alternative Auto Care,TEK,3586,18887941,1048,,,9,THEO,TAFOYA,11420 OGDEN ST,,NORTHGLENN,CO,80233-2139
Alternative Auto Care,TEK,3586,36045377,1048,,,9,Alex,Fong,13510 HIGH CIR,,THORNTON,CO,80241-4112
Alternative Auto Care,TEK,3586,36024155,1048,,,3,Tracie,Ware,16046 COLUMBINE PL,,THORNTON,CO,80602-7718
Alternative Auto Care,TEK,3586,36047138,1048,,,3,John,Muller,652 W 114TH WAY,,NORTHGLENN,CO,80234-3077
Alternative Auto Care,TEK,3586,36010328,1048,,,3,Christ,Mallozi,14163 HUDSON WAY,,THORNTON,CO,80602-8927
Alternative Auto Care,TEK,3586,36654988,1048,,,3,Renee,Ebuen,13219 KRAMERIA ST,,THORNTON,CO,80602-9141
Alternative Auto Care,TEK,3586,24717500,1048,,,9,D.J.,Ruybal,1304 W 132ND PL,,WESTMINSTER,CO,80234-1192
Alternative Auto Care,TEK,3586,36205563,1048,,,3,Tonyia,Campbell,11376 GROVE ST UNIT B,,WESTMINSTER,CO,80031-8063
