Shop Name,Software,SID,CID,WSID,WCID,MBdayMo,TBdayMo,First,Last,Address,Address2,City,St,Zip
Alternative Auto Care,TEK,3586,18890253,1048,,3,,SYLVIA,MILEWSKI,6618 53RD RD,,MASPETH,NY,11378-1708
Alternative Auto Care,TEK,3586,18889239,1048,,3,,PATTY,CARMODY,6825 E 131ST DR,,THORNTON,CO,80602-6951
Alternative Auto Care,TEK,3586,18889438,1048,,3,,MARY,SANDOVAL,13109 CLAYTON CT,,THORNTON,CO,80241-2053
Alternative Auto Care,TEK,3586,18887981,1048,,3,,MARY ANN,DOVER,11202 WYANDOT ST,,WESTMINSTER,CO,80234-2651
Alternative Auto Care,TEK,3586,18887485,1048,,3,,GABRIEL,BEDOLLA,532 E 133RD CT,,WESTMINSTER,CO,80241-1748
Alternative Auto Care,TEK,3586,18891637,1048,,3,,LYNNE,KIZER,823 CEDAR ST,,JULESBURG,CO,80737-1118
Alternative Auto Care,TEK,3586,18891567,1048,,3,,JENNELL,CASH,3995 NELSON ST,,DENVER,CO,80033-4042
Alternative Auto Care,TEK,3586,18889587,1048,,3,,HARRY,TOLVE,12925 GRANT CIR E UNIT C,,THORNTON,CO,80241-2489
Alternative Auto Care,TEK,3586,18889923,1048,,3,,MISTY,LUCERO,13710 NAVAJO ST,,BROOMFIELD,CO,80023-7416
Alternative Auto Care,TEK,3586,18890033,1048,,3,,HILLARY,ENGEL,2118 S COORS CIR,,LAKEWOOD,CO,80228-4500
Alternative Auto Care,TEK,3586,18886928,1048,,3,,CARL,ROTH,1001 W 112TH AVE APT D,,WESTMINSTER,CO,80234-3309
Alternative Auto Care,TEK,3586,18892393,1048,,3,,CARL,SMITH,15324 LIPAN ST,,BROOMFIELD,CO,80023-7439
Alternative Auto Care,TEK,3586,18891456,1048,,3,,BRITTANY,SMITH,9100 TEJON ST LOT 79,,DENVER,CO,80260-6730
Alternative Auto Care,TEK,3586,18888718,1048,,3,,DANIEL,DEGROFF,10762 GROVE ST,,WESTMINSTER,CO,80031-2213
Alternative Auto Care,TEK,3586,18890418,1048,,3,,ADAM,WILSON,1825 JEWEL DR,,LONGMONT,CO,80501-2021
Alternative Auto Care,TEK,3586,18890318,1048,,3,,RACHAEL,DERING,13922 GARFIELD ST,,THORNTON,CO,80602-8723
Alternative Auto Care,TEK,3586,18886706,1048,,3,,KATHERENE,MOUNT,4512 CLAIRSON DR,,KNOXVILLE,TN,37931-3600
Alternative Auto Care,TEK,3586,18888060,1048,,3,,ALEX,RAKESTRAW,543 W 114TH WAY,,NORTHGLENN,CO,80234-3072
Alternative Auto Care,TEK,3586,18890939,1048,,3,,NOELLE,MAUGH,501 W 123RD AVE UNIT 10-103,,WESTMINSTER,CO,80234-1835
Alternative Auto Care,TEK,3586,18890026,1048,,3,,KIM,HILAND,2576 FOX RUN LN,,BULLHEAD CITY,AZ,86442-8673
Alternative Auto Care,TEK,3586,18891572,1048,,3,,ROBERT,STINER,5962 E 121ST PL,,BRIGHTON,CO,80602-8094
Alternative Auto Care,TEK,3586,18887631,1048,,3,,MARK,MARQUEZ,13455 RARITAN ST,,WESTMINSTER,CO,80234-1037
Alternative Auto Care,TEK,3586,18889773,1048,,3,,TYLER,SCHMIDT,1327 W 84TH AVE,,DENVER,CO,80260-4725
Alternative Auto Care,TEK,3586,18891106,1048,,3,,LAUREN,CABOT,11944 KEARNEY CIR,,THORNTON,CO,80233-5218
Alternative Auto Care,TEK,3586,18890461,1048,,3,,CRAIG,RAMIERZ,10571 COLORADO BLVD UNIT D109,,THORNTON,CO,80233-3964
Alternative Auto Care,TEK,3586,18888097,1048,,3,,BENJAMIN,MORENO,14770 ORCHARD PKWY UNIT 251,,WESTMINSTER,CO,80023-9163
Alternative Auto Care,TEK,3586,18887490,1048,,3,,JOHN,ELVERM,8659 E 148TH CIR,,THORNTON,CO,80602-5807
Alternative Auto Care,TEK,3586,18889112,1048,,3,,SHARON,LANE,4825 THUNDERBIRD CIR APT 200,,BOULDER,CO,80303-3982
Alternative Auto Care,TEK,3586,18887797,1048,,3,,LEE,HER,8671 FARADAY ST,,THORNTON,CO,80229-5088
Alternative Auto Care,TEK,3586,18892225,1048,,3,,MADISON,HARRIS,3411 CREEKWOOD DR,,BIRMINGHAM,AL,35243-4436
Alternative Auto Care,TEK,3586,18887717,1048,,3,,DONNA,BARTH,1238 GLENVIEW ST,,REYNOLDSBURG,OH,43068-4701
Alternative Auto Care,TEK,3586,18886795,1048,,3,,CAROL,MAKRIS,5275 E 130TH AVE,,THORNTON,CO,80241-3753
Alternative Auto Care,TEK,3586,18892713,1048,,3,,PAUL,ROBISON,1945 OSPREY DR,,BRIGHTON,CO,80601-4021
Alternative Auto Care,TEK,3586,18888477,1048,,3,,SUMMER,CATO,13929 FOREST ST,,THORNTON,CO,80602-7863
Alternative Auto Care,TEK,3586,18891286,1048,,3,,JANE,CLINE,11034 FOREST WAY,,THORNTON,CO,80233-3838
Alternative Auto Care,TEK,3586,18887739,1048,,3,,ARA,CRUZ,6885 W 91ST CT APT 23-202,,WESTMINSTER,CO,80021-4893
Alternative Auto Care,TEK,3586,18892471,1048,,3,,CHRISTOPHER,FLEISHMAN,1795 PYRENEES LOOP,,COEUR D ALENE,ID,83815-6045
Alternative Auto Care,TEK,3586,18888286,1048,,3,,LARRY,MIZUNAGA,872 S 6TH AVE,,BRIGHTON,CO,80601-3214
Alternative Auto Care,TEK,3586,18892228,1048,,3,,ALLEN,STEVENS,11790 CHERRY DR,,THORNTON,CO,80233-5137
Alternative Auto Care,TEK,3586,18890786,1048,,3,,MAURICE,MANSFIELD,13990 E 106TH DR,,COMMERCE CITY,CO,80022-9465
Alternative Auto Care,TEK,3586,18889532,1048,,3,,AL,YAMAMOTO,1011 NAVAJO ST,,DENVER,CO,80204-3961
Alternative Auto Care,TEK,3586,18890266,1048,,3,,LIN,BORDEN,9286 E 108TH DR,,HENDERSON,CO,80640-7530
Alternative Auto Care,TEK,3586,18886717,1048,,3,,ANTHONY,BACA,10932 ALBION DR,,THORNTON,CO,80233-3785
Alternative Auto Care,TEK,3586,18889266,1048,,3,,MACKENZIE,RAY,3351 E 120TH AVE UNIT 36-101,,THORNTON,CO,80233-1595
Alternative Auto Care,TEK,3586,18888156,1048,,3,,DAN,WALZAK,13652 DEXTER ST,,THORNTON,CO,80602-6970
Alternative Auto Care,TEK,3586,18888875,1048,,3,,KELSEY,MAKEN,596 GALLEGOS CIR,,ERIE,CO,80516-2503
Alternative Auto Care,TEK,3586,18890428,1048,,3,,JUDI,MACIEL,9170 FLORA ST,,ARVADA,CO,80005-1420
Alternative Auto Care,TEK,3586,18887192,1048,,3,,SARAH,VANDELAAR,10163 DRESDEN ST,,FIRESTONE,CO,80504-6713
Alternative Auto Care,TEK,3586,18890107,1048,,03,,BRUCE,COLTHARP,13346 HUMBOLDT DR,,THORNTON,CO,80241-1195
Alternative Auto Care,TEK,3586,18887856,1048,,3,,LUCAS,HENTSCHEL,10561 MADISON ST,,THORNTON,CO,80233-4470
Alternative Auto Care,TEK,3586,18891012,1048,,3,,ELIZABETH,RUPE,1646 N HIGH ST APT 3,,DENVER,CO,80218-1317
Alternative Auto Care,TEK,3586,18891322,1048,,3,,DAVID,HANSEN,216 MIDDLEBURG DR,,PANAMA CITY BEACH,FL,32413-2856
Alternative Auto Care,TEK,3586,18887483,1048,,3,,TRE,ROGERS,11250 KENDALL ST,,WESTMINSTER,CO,80020-3018
Alternative Auto Care,TEK,3586,18891721,1048,,3,,DAVID,WYGANT,2060 HARMONY PARK DR,,WESTMINSTER,CO,80234-3798
Alternative Auto Care,TEK,3586,18892693,1048,,3,,CARRIE,BERLIN,PO BOX 811,,BRIGHTON,CO,80601-0811
Alternative Auto Care,TEK,3586,18889089,1048,,3,,SHELLY,BACA,16560 LEYDEN ST,,BRIGHTON,CO,80602-6057
Alternative Auto Care,TEK,3586,18892977,1048,,3,,MATT,BALL,11040 YORK ST,,NORTHGLENN,CO,80233-4664
Alternative Auto Care,TEK,3586,21048715,1048,,03,,Tom,Sptaru,11525 COMMUNITY CENTER DR APT H208,,NORTHGLENN,CO,80233-1095
Alternative Auto Care,TEK,3586,18892485,1048,,3,,CORENE,JACK,16703 BUCKSKIN WAY,,BROOMFIELD,CO,80023-4642
Alternative Auto Care,TEK,3586,21869458,1048,,3,,Jacey,Zerr,8965 E FLORIDA AVE,,DENVER,CO,80247-2809
Alternative Auto Care,TEK,3586,18893237,1048,,3,,VANESSA,VILLALOBOS,11613 OAKLAND ST,,HENDERSON,CO,80640-7627
Alternative Auto Care,TEK,3586,18891276,1048,,3,,BRIAN,HORAN,12121 CLAYTON CT,,THORNTON,CO,80241-3465
Alternative Auto Care,TEK,3586,18888885,1048,,3,,CURTIS,ZOOK,12476 LIPAN CT,,DENVER,CO,80234-1772
Alternative Auto Care,TEK,3586,18890149,1048,,3,,SERGIO,BOYAR,12654 FAIRFAX ST,,THORNTON,CO,80241-3054
Alternative Auto Care,TEK,3586,18891444,1048,,3,,KRISTEN,WOODS,12921 CLARKSON CIR,,THORNTON,CO,80241-3985
Alternative Auto Care,TEK,3586,18888424,1048,,3,,JOHN,HURT,3300 E 128TH PL,,THORNTON,CO,80241-2141
Alternative Auto Care,TEK,3586,18890793,1048,,3,,ERIK,NETHKEN,2715 E 125TH CIR,,THORNTON,CO,80241-2751
Alternative Auto Care,TEK,3586,18891308,1048,,3,,DUANE,SPIKER,12920 CHERRY WAY,,THORNTON,CO,80241-2209
Alternative Auto Care,TEK,3586,18887668,1048,,3,,MARGO,ALDRICH,3724 E 127TH WAY,,THORNTON,CO,80241-3167
Alternative Auto Care,TEK,3586,18889897,1048,,3,,RENEE,BEERS,8237 W 54TH AVE,,ARVADA,CO,80002-3508
Alternative Auto Care,TEK,3586,18892688,1048,,3,,PAT,MCGINNIS,2290 W 135TH AVE,,WESTMINSTER,CO,80234-1061
Alternative Auto Care,TEK,3586,18892700,1048,,3,,SUSAN,BATMANGLIDJ,4932 PEAKVIEW ST,,ERIE,CO,80516-8902
Alternative Auto Care,TEK,3586,27848035,1048,,03,,Ron,Hughes,12689 TAMARAC ST,,THORNTON,CO,80602-8581
Alternative Auto Care,TEK,3586,18889064,1048,,3,,PAUL,DABROWSKI,2762 E 132ND PL,,THORNTON,CO,80241-2070
Alternative Auto Care,TEK,3586,18887052,1048,,3,,TERRY,WHITE,13825 E 105TH AVE,,COMMERCE CITY,CO,80022-9451
Alternative Auto Care,TEK,3586,18888814,1048,,3,,JOHN,BEAVER,3475 W 115TH AVE,,WESTMINSTER,CO,80031-7109
Alternative Auto Care,TEK,3586,23491504,1048,,3,,Brenna,Pula,7105 W 120TH AVE UNIT 204,,BROOMFIELD,CO,80020-2369
Alternative Auto Care,TEK,3586,18891121,1048,,3,,JOHN,PASSARELLI,9385 UTICA ST,,WESTMINSTER,CO,80031-3150
Alternative Auto Care,TEK,3586,18892623,1048,,3,,DAVID,HARLEY,1379 E 131ST DR,,THORNTON,CO,80241-1180
Alternative Auto Care,TEK,3586,30014101,1048,,03,,Katie,Young,11749 GRANT ST,,NORTHGLENN,CO,80233-1104
Alternative Auto Care,TEK,3586,18890523,1048,,3,,MAT,MCGINNIS,2290 W 135TH AVE,,WESTMINSTER,CO,80234-1061
Alternative Auto Care,TEK,3586,18889407,1048,,3,,STEPHANIE,TOWNSEND,4850 W 88TH PL,,WESTMINSTER,CO,80031-3561
Alternative Auto Care,TEK,3586,18888403,1048,,3,,KELLY,FAUSEY,13287 HOLLY ST UNIT A,,THORNTON,CO,80241-4328
Alternative Auto Care,TEK,3586,30215203,1048,,03,,Mathew,Barker,1734 E 97TH DR,,THORNTON,CO,80229-2200
Alternative Auto Care,TEK,3586,18888766,1048,,3,,DAVID,CUMMINGS,13905 MILWAUKEE ST,,THORNTON,CO,80602-8758
Alternative Auto Care,TEK,3586,18891036,1048,,3,,MARK,LYONS,5932 E 129TH AVE,,THORNTON,CO,80602-9197
Alternative Auto Care,TEK,3586,18891236,1048,,3,,MARY,WILSON,1093 W 112TH AVE UNIT C,,WESTMINSTER,CO,80234-4334
Alternative Auto Care,TEK,3586,18893259,1048,,3,,RAUSHELL,BACA,11420 OGDEN ST,,NORTHGLENN,CO,80233-2139
Alternative Auto Care,TEK,3586,18888377,1048,,3,,DAN,PITCHER,11705 FOREST CT,,THORNTON,CO,80233-1876
Alternative Auto Care,TEK,3586,18888601,1048,,3,,DON,MELTON,12405 COLUMBINE WAY,,THORNTON,CO,80241-2738
Alternative Auto Care,TEK,3586,18328263,1048,,3,,Shelly,Baca,16560 LEYDEN ST,,BRIGHTON,CO,80602-6057
Alternative Auto Care,TEK,3586,32664957,1048,,03,,Teri,Cuthbertson,10477 POMPEY WAY,,NORTHGLENN,CO,80234-3702
Alternative Auto Care,TEK,3586,18891398,1048,,3,,REBECCA,NAVARRETTE,2351 PARK CENTRE DR # 2-406,,WESTMINSTER,CO,80234-5644
Alternative Auto Care,TEK,3586,18892597,1048,,3,,STACY,KRUGER,2000 E 125TH PL,,THORNTON,CO,80241-2630
Alternative Auto Care,TEK,3586,18890391,1048,,3,,MATT,HOLMBO,12442 FOREST VIEW ST,,BROOMFIELD,CO,80020-7936
Alternative Auto Care,TEK,3586,33272575,1048,,03,,Barb,Crabtree,644 MURIEL DR,,NORTHGLENN,CO,80233-3337
Alternative Auto Care,TEK,3586,18888077,1048,,3,,LEESHA,NEUHOLD,9937 GROVE WAY UNIT B,,WESTMINSTER,CO,80031-7910
Alternative Auto Care,TEK,3586,18892996,1048,,3,,LISA,BUND,13575 MILWAUKEE CT,,THORNTON,CO,80241-1325
Alternative Auto Care,TEK,3586,18893195,1048,,3,,TALISHA,SPOELMAN,12542 E 105TH AVE,,COMMERCE CITY,CO,80022-6612
Alternative Auto Care,TEK,3586,18891811,1048,,3,,Traci,Kistler,11597 DAHLIA ST,,THORNTON,CO,80233-5819
Alternative Auto Care,TEK,3586,18892757,1048,,03,,JENNIFER,STRADLEY,7672 E 121ST DR,,BRIGHTON,CO,80602-8184
Alternative Auto Care,TEK,3586,18886933,1048,,3,,CARLOS,MIRANDA,12326 COLORADO BLVD APT 617,,THORNTON,CO,80241-4260
Alternative Auto Care,TEK,3586,18883555,1048,,03,,Patrick,Reischling,14114 HUDSON WAY,,THORNTON,CO,80602-8927
Alternative Auto Care,TEK,3586,18889872,1048,,3,,JOYCE,SCOTT,5236 CODY ST,,ARVADA,CO,80002-3428
Alternative Auto Care,TEK,3586,34719106,1048,,03,,Rachel,Abernathy,4928 E 125TH AVE,,THORNTON,CO,80241-3012
Alternative Auto Care,TEK,3586,18889728,1048,,3,,RUSS,MEYER,6220 E 122ND DR,,BRIGHTON,CO,80602-9679
Alternative Auto Care,TEK,3586,18887111,1048,,3,,Nichole,Doup,3759 MORRISON LN,,JOHNSTOWN,CO,80534-9494
Alternative Auto Care,TEK,3586,18891516,1048,,3,,LEANNE,ZUKAS,11966 OAK HILL WAY UNIT E,,HENDERSON,CO,80640-7745
Alternative Auto Care,TEK,3586,18891531,1048,,3,,DAVE,WISKE,4272 E 130TH DR,,THORNTON,CO,80241-2281
Alternative Auto Care,TEK,3586,19740201,1048,,3,,Alice,Moore,10260 WASHINGTON ST APT 1322,tigges alice@gmail com,THORNTON,CO,80229-2063
Alternative Auto Care,TEK,3586,18888242,1048,,3,,BARBARA,JARAMILLO,11725 ADAMS ST,,THORNTON,CO,80233-1556
Alternative Auto Care,TEK,3586,18893324,1048,,3,,Kevin,Kerber,6929 E 131ST PL,,THORNTON,CO,80602-6999
Alternative Auto Care,TEK,3586,18886935,1048,,3,,JESSICA,YATES,6763 MOORE ST,,ARVADA,CO,80004-1482
Alternative Auto Care,TEK,3586,18886901,1048,,3,,JASON,VINCENT,12156 KALISPELL ST,,BRIGHTON,CO,80603-6916
Alternative Auto Care,TEK,3586,18890331,1048,,3,,LISA,YOSHIMURA,14300 WATERSIDE LN UNIT E1,,BROOMFIELD,CO,80023-4542
Alternative Auto Care,TEK,3586,18890262,1048,,3,,PAM,MAYNARD,9360 E CENTER AVE # 116,,DENVER,CO,80247-1413
Alternative Auto Care,TEK,3586,18890911,1048,,3,,TERRY,CONNOLLY,335 ASH ST,,BROOMFIELD,CO,80020-1530
Alternative Auto Care,TEK,3586,18886931,1048,,3,,PAT,GALLEGOS,4513 LONGS CT,,BROOMFIELD,CO,80023-6118
Alternative Auto Care,TEK,3586,18892614,1048,,3,,Angela,Barber,10651 KING CT,,WESTMINSTER,CO,80031-2211
