Shop Name,Software,SID,CID,WSID,WCID,MBdayMo,TBdayMo,First,Last,Address,Address2,City,St,Zip
TOS Auto Repair,TEK,4120,21353483,1049,,3,,Timothy,Baughman,7301 HOLWORTHY WAY,,SACRAMENTO,CA,95842-4121
TOS Auto Repair,TEK,4120,21348633,1049,,3,,Monica,Siewert,1624 GARY WAY,,CARMICHAEL,CA,95608-5960
TOS Auto Repair,TEK,4120,21343156,1049,,3,,Ken,Taylor,6001 SHENANDOAH DR,,SACRAMENTO,CA,95841-2117
TOS Auto Repair,TEK,4120,21352416,1049,,3,,Cesar,Franco,8129 INGLESIDE WAY,,SACRAMENTO,CA,95828-4449
TOS Auto Repair,TEK,4120,21350493,1049,,3,,Mike,Harrell,6644 SALIDA WAY,,NORTH HIGHLANDS,CA,95660-3826
TOS Auto Repair,TEK,4120,21347405,1049,,3,,Pam,Haney,7524 SYCAMORE DR,,CITRUS HEIGHTS,CA,95610-2211
TOS Auto Repair,TEK,4120,21335735,1049,,3,,Audrey,Sotelo,4755 STONEHURST WAY,,SACRAMENTO,CA,95842-3137
TOS Auto Repair,TEK,4120,21350856,1049,,3,,Matthew,Suganuma,701 REDWOOD BLVD APT 73,,REDDING,CA,96003-1930
TOS Auto Repair,TEK,4120,21345090,1049,,3,,Anthony,Cook,2101 ZURLO WAY APT 12101,,SACRAMENTO,CA,95835-1948
TOS Auto Repair,TEK,4120,21342559,1049,,3,,Luke,Morrison,8328 MYRTUS CT,,ORANGEVALE,CA,95662-3025
TOS Auto Repair,TEK,4120,21338402,1049,,3,,Roberta,Reed,5933 CACKLER LN,,CITRUS HEIGHTS,CA,95621-1626
TOS Auto Repair,TEK,4120,21331067,1049,,3,,Deon,Bozzo,940 ROEDER WAY,,SACRAMENTO,CA,95822-2300
TOS Auto Repair,TEK,4120,21350247,1049,,3,,Andrew,Prouty,3832 BLACKFOOT WAY,,ANTELOPE,CA,95843-2197
TOS Auto Repair,TEK,4120,21351124,1049,,3,,Blake,Hedenland,4407 OAKHOLLOW DR APT 156,,SACRAMENTO,CA,95842-4018
TOS Auto Repair,TEK,4120,21351047,1049,,3,,Raechel,Russo,1540 ARCOLA AVE,,SACRAMENTO,CA,95835-1637
TOS Auto Repair,TEK,4120,21353408,1049,,3,,Steven,Morris,7208 MARY ANN WAY,,CITRUS HEIGHTS,CA,95621-6442
TOS Auto Repair,TEK,4120,21342417,1049,,3,,Manuel,Garcia,5985 DEVECCHI AVE # C22,,CITRUS HEIGHTS,CA,95621-6000
TOS Auto Repair,TEK,4120,21354395,1049,,3,,Laurie,Lively,3309 PARKS LN,,CARMICHAEL,CA,95608-3844
TOS Auto Repair,TEK,4120,21346245,1049,,3,,Marie,Cooke,3661 E COUNTRY CLUB LN,,SACRAMENTO,CA,95821-2546
TOS Auto Repair,TEK,4120,21344766,1049,,3,,Brian,Dalton,7929 KINGSWOOD DR,,CITRUS HEIGHTS,CA,95610-7735
TOS Auto Repair,TEK,4120,21339933,1049,,3,,Mia,Bryant,8040 POCKET RD APT 346,,SACRAMENTO,CA,95831-5824
TOS Auto Repair,TEK,4120,21351325,1049,,3,,Jerry,Lao,5601 REVELSTOK DR,,SACRAMENTO,CA,95842-3163
TOS Auto Repair,TEK,4120,21331542,1049,,3,,Melody,Franklin,6525 GRAYLOCK LN,,NORTH HIGHLANDS,CA,95660-3801
TOS Auto Repair,TEK,4120,21343341,1049,,3,,Mary,Menz,6005 CANVASBACK LN,,CITRUS HEIGHTS,CA,95621-1665
TOS Auto Repair,TEK,4120,21340993,1049,,03,,Shaya,Behboodi,3301 N PARK DR,,SACRAMENTO,CA,95835-1873
TOS Auto Repair,TEK,4120,21330732,1049,,3,,Dan,Walsh,5216 GARFIELD AVE APT 22,,SACRAMENTO,CA,95841-3133
TOS Auto Repair,TEK,4120,21333724,1049,,3,,Barbara,Barley,3600 ELVERTA RD APT 148,,ANTELOPE,CA,95843-4716
TOS Auto Repair,TEK,4120,21330992,1049,,3,,Nikola,Dankovic,5241 KAUAI WAY,,FAIR OAKS,CA,95628-3714
TOS Auto Repair,TEK,4120,21350572,1049,,3,,Vangtoua,Xiong,8500 BANNER CT,,ANTELOPE,CA,95843-4943
TOS Auto Repair,TEK,4120,21348174,1049,,3,,Darryl,Flaggs,598 EL CAMINO AVE,,SACRAMENTO,CA,95815-2405
TOS Auto Repair,TEK,4120,21339681,1049,,3,,Justin,Benning,6028 COYLE AVE,,CARMICHAEL,CA,95608-0431
TOS Auto Repair,TEK,4120,21350970,1049,,3,,Kathleen,Wade,7685 EASTGATE AVE,,CITRUS HEIGHTS,CA,95610-7565
TOS Auto Repair,TEK,4120,21330882,1049,,3,,Pat,Grottkau,6801 GREENLEAF DR,,CITRUS HEIGHTS,CA,95621-6332
TOS Auto Repair,TEK,4120,21330627,1049,,3,,Daryl,Singh,3830 EL CAMINO AVE,,SACRAMENTO,CA,95821-6520
TOS Auto Repair,TEK,4120,21353624,1049,,3,,Laura,Jabczenski,10662 STREAMSIDE AVE,,LAS VEGAS,NV,89129-5037
TOS Auto Repair,TEK,4120,21351063,1049,,3,,Michael,Nunez,3916 MILLICAN CT,,SACRAMENTO,CA,95826-5223
TOS Auto Repair,TEK,4120,21353797,1049,,3,,Patrick,Mahoney,4062 TAYLOR ST # 106,,SACRAMENTO,CA,95838-4917
TOS Auto Repair,TEK,4120,21336393,1049,,03,,Deborah,West,11290 STANFORD COURT LN UNIT 207,,GOLD RIVER,CA,95670-6348
TOS Auto Repair,TEK,4120,21350278,1049,,3,,Larry,Boyd,3175 DATA DR # 173,,RANCHO CORDOVA,CA,95670-6436
TOS Auto Repair,TEK,4120,21342693,1049,,3,,Jeff,Pudoss,6524 COWBOY WAY,,CITRUS HEIGHTS,CA,95621-3325
TOS Auto Repair,TEK,4120,21354230,1049,,3,,Phillip,Manchin,445 GRACE AVE,,SACRAMENTO,CA,95838-2281
TOS Auto Repair,TEK,4120,21349428,1049,,3,,Ty,Warnstaff,6300 BRIGADOON WAY,,SACRAMENTO,CA,95842-2808
TOS Auto Repair,TEK,4120,21350086,1049,,3,,Cameron,Johnson,4930 COLLEGE OAK DR APT 44,,SACRAMENTO,CA,95841-3639
TOS Auto Repair,TEK,4120,21342342,1049,,3,,Gabriel,Rodriguez,5636 LUCE AVE,,MCCLELLAN,CA,95652-2404
TOS Auto Repair,TEK,4120,21343930,1049,,3,,Heather,Jackson,4309 COLLEGE VIEW WAY,,CARMICHAEL,CA,95608-1613
TOS Auto Repair,TEK,4120,21338213,1049,,3,,Daniel,Hallford,5502 SHAVER CT,,SACRAMENTO,CA,95841-4909
TOS Auto Repair,TEK,4120,21344880,1049,,3,,John,Fitzpatrick,120 ROCK HOUSE CIR S,,SACRAMENTO,CA,95835-2190
TOS Auto Repair,TEK,4120,21342488,1049,,3,,Tony,Bico,175 OLIVADI WAY,,SACRAMENTO,CA,95834-7613
TOS Auto Repair,TEK,4120,21338387,1049,,3,,Niloo,Mohebali,4537 EDISON AVE,,SACRAMENTO,CA,95821-3043
TOS Auto Repair,TEK,4120,21340234,1049,,3,,Scott,Cobbs,3111 STEINBRENNER CT,,CARMICHAEL,CA,95608-3147
TOS Auto Repair,TEK,4120,21351651,1049,,3,,Greg,Andrews,1634 DEL DAYO DR,,CARMICHAEL,CA,95608-6052
TOS Auto Repair,TEK,4120,21346778,1049,,3,,Sharon,Guidotti,6400 TWIN WOOD WAY,,CITRUS HEIGHTS,CA,95621-3528
TOS Auto Repair,TEK,4120,21341344,1049,,3,,Brian,Perry,2900 FOX HILL DR,,ROCKLIN,CA,95765-5085
TOS Auto Repair,TEK,4120,21343849,1049,,3,,Mark,Vanantwerp,216 QUADRA AVE,,RIO LINDA,CA,95673-3343
TOS Auto Repair,TEK,4120,21340289,1049,,3,,Peggy,Zaremba,2228 BOYER DR,,CARMICHAEL,CA,95608-5524
TOS Auto Repair,TEK,4120,21345280,1049,,3,,David,Allred,6337 LINCOLN AVE,,CARMICHAEL,CA,95608-2457
TOS Auto Repair,TEK,4120,21334437,1049,,3,,Howard,Kennedy,6348 PARKCREEK CIR,,CITRUS HEIGHTS,CA,95621-6109
TOS Auto Repair,TEK,4120,21351623,1049,,3,,Arnold,Zollinger,6317 NACHEZ CT,,CITRUS HEIGHTS,CA,95621-5220
TOS Auto Repair,TEK,4120,21342184,1049,,3,,Ben,Molina,2830 TIOGA WAY,,SACRAMENTO,CA,95821-3444
TOS Auto Repair,TEK,4120,21343620,1049,,3,,Brenda,Sanchez,6634 RIO LINDA BLVD,,RIO LINDA,CA,95673-3319
TOS Auto Repair,TEK,4120,21352719,1049,,3,,Mary,Buchanan,1152 HAMPTON RD,,SACRAMENTO,CA,95864-3842
TOS Auto Repair,TEK,4120,21352660,1049,,3,,Cheralyn,Dunaway,5738 WINDMILL WAY APT 2,,CARMICHAEL,CA,95608-1344
TOS Auto Repair,TEK,4120,21345637,1049,,3,,Kurtis,Brown,4529 RUSKIN CT,,SACRAMENTO,CA,95842-3151
TOS Auto Repair,TEK,4120,21344548,1049,,3,,Desiree,Bojorques,5300 AGATE WAY,,CARMICHAEL,CA,95608-0609
TOS Auto Repair,TEK,4120,21345093,1049,,3,,Mike,Crosby,5141 CHEROKEE WAY,,SACRAMENTO,CA,95841-2235
TOS Auto Repair,TEK,4120,21333717,1049,,3,,Quentin,Cameron,2315 MOSSY BANK DR APT 1,,SACRAMENTO,CA,95833-2381
TOS Auto Repair,TEK,4120,21353771,1049,,3,,Gaurab,thapa,351 SUMMER GARDEN WAY,,SACRAMENTO,CA,95833-1356
TOS Auto Repair,TEK,4120,21351300,1049,,3,,David,Giorgio,2621 CLEAT LN,,SACRAMENTO,CA,95818-2844
TOS Auto Repair,TEK,4120,21347399,1049,,3,,Ola,Walker'thomas,4813 WINTER OAK WAY,,ANTELOPE,CA,95843-5820
TOS Auto Repair,TEK,4120,21354243,1049,,3,,Darrel,Cooley,3939 WALNUT AVE UNIT 268,,CARMICHAEL,CA,95608-2197
TOS Auto Repair,TEK,4120,21344074,1049,,3,,Brad,Ober,9267 LITTLE CREEK CIR,,STOCKTON,CA,95210-4488
TOS Auto Repair,TEK,4120,21340284,1049,,3,,Lorraine,Cooper,16775 PIONEER WAY,,ROUGH AND READY,CA,95975-9786
TOS Auto Repair,TEK,4120,21350444,1049,,3,,Luke,Gieseke,6430 VERNER AVE APT 72,,SACRAMENTO,CA,95841-2068
TOS Auto Repair,TEK,4120,21338116,1049,,3,,Andrew,Walker,7243 LINDA SUE WAY,,CITRUS HEIGHTS,CA,95621-7318
TOS Auto Repair,TEK,4120,21340619,1049,,03,,Gil,Cantiller,9616 RICHLYN WAY,,ELK GROVE,CA,95757-4034
TOS Auto Repair,TEK,4120,21348338,1049,,3,,Jason,Mccormick,1701 SHARIFA WAY,,ROSEVILLE,CA,95747-4810
TOS Auto Repair,TEK,4120,21351720,1049,,3,,Chris,Plunkett,225 KILHAM RD,,AUBURN,CA,95603-4107
TOS Auto Repair,TEK,4120,21352645,1049,,3,,Tomas,Pacheco,4974 SUMMERWOOD CIR,,SACRAMENTO,CA,95841-2611
TOS Auto Repair,TEK,4120,21341665,1049,,3,,Carla,Martin,1421 W ST APT 8,,SACRAMENTO,CA,95818-1450
TOS Auto Repair,TEK,4120,21347680,1049,,3,,Steve,Taggart,2259 NORTHROP AVE,,SACRAMENTO,CA,95825-7474
TOS Auto Repair,TEK,4120,21344330,1049,,3,,David,Nye,7937 AMALFI WAY,,FAIR OAKS,CA,95628-5902
TOS Auto Repair,TEK,4120,21345634,1049,,3,,Amber,Santos,PO BOX 1178,,CITRUS HEIGHTS,CA,95611-1178
TOS Auto Repair,TEK,4120,21349934,1049,,3,,William I.,Erickson,5949 YEOMAN WAY,,CITRUS HEIGHTS,CA,95610-6743
TOS Auto Repair,TEK,4120,21348262,1049,,3,,Chris,Freeman,1466 LIONS DEN ST,,ROSEVILLE,CA,95747-4622
TOS Auto Repair,TEK,4120,21354392,1049,,3,,Ignacio,Roman,451 CARROLL AVE,,SACRAMENTO,CA,95838-4238
TOS Auto Repair,TEK,4120,21350715,1049,,3,,Roger,Salinas,3825 WHITNEY AVE,,SACRAMENTO,CA,95821-3131
TOS Auto Repair,TEK,4120,21346419,1049,,3,,Hari,Johl,224 NUNZIA CT,,ROSEVILLE,CA,95661-3979
TOS Auto Repair,TEK,4120,21331064,1049,,3,,Irma,Ramirez,963 ELLSWORTH ST,,SAN FRANCISCO,CA,94110-5934
TOS Auto Repair,TEK,4120,21350018,1049,,3,,Savannha,McNamm,19920 FOXWOOD FOREST BLVD APT 907,,HUMBLE,TX,77338-1659
TOS Auto Repair,TEK,4120,21340935,1049,,3,,Mahmoud,Setoudeh,7749 FARMGATE WAY,,CITRUS HEIGHTS,CA,95610-6755
TOS Auto Repair,TEK,4120,21343955,1049,,3,,Marilyn,Lembcke,19534 EAGLE RIDGE RD,,FORESTHILL,CA,95631-9702
TOS Auto Repair,TEK,4120,21346475,1049,,3,,Michael,Roberts,5609 HINDON WAY,,CITRUS HEIGHTS,CA,95621-7337
TOS Auto Repair,TEK,4120,21335724,1049,,03,,Dwight,Tenette,3617 KODIAK WAY,,ANTELOPE,CA,95843-2313
TOS Auto Repair,TEK,4120,21345045,1049,,3,,Stephen,Fagundes,5009 FILBERT AVE,,FAIR OAKS,CA,95628-8114
TOS Auto Repair,TEK,4120,21341069,1049,,3,,Betty,Collins,8020 PARK PLACE DR APT 22I,,NEWBURGH,IN,47630-3181
TOS Auto Repair,TEK,4120,21354046,1049,,03,,Bennett,Twichell,151 MASONIC AVE,,SAN FRANCISCO,CA,94118-4414
TOS Auto Repair,TEK,4120,21347204,1049,,3,,Tanya,Pressley,5135 EL CAMINO AVE APT 34,,CARMICHAEL,CA,95608-5085
TOS Auto Repair,TEK,4120,21344325,1049,,3,,Dillon,Steinheiser,12202 FAIR OAKS BLVD APT 4,,FAIR OAKS,CA,95628-2777
TOS Auto Repair,TEK,4120,21348710,1049,,3,,Jerry,Lux,5825 N HAVEN DR,,NORTH HIGHLANDS,CA,95660-4739
TOS Auto Repair,TEK,4120,21345055,1049,,03,,Delores,Johnson,14205 POWDER RIVER DR,,RENO,NV,89511-6741
TOS Auto Repair,TEK,4120,21348481,1049,,3,,Scott,Moran,3820 HORTON LN,,CARMICHAEL,CA,95608-2325
TOS Auto Repair,TEK,4120,21346944,1049,,3,,David,Brown,7504 GADWALL LN,,CITRUS HEIGHTS,CA,95621-1635
TOS Auto Repair,TEK,4120,21337774,1049,,3,,Eduardo,Delatorre,4501 14TH AVE,,SACRAMENTO,CA,95820-2903
TOS Auto Repair,TEK,4120,21347824,1049,,3,,Miyoko,Tominaga,15380 MURIETA SOUTH PKWY,,SLOUGHHOUSE,CA,95683-9180
TOS Auto Repair,TEK,4120,21342843,1049,,3,,Greg,Guidotti,7251 SUMTER DR,,FAIR OAKS,CA,95628-5622
TOS Auto Repair,TEK,4120,21347042,1049,,03,,Makela,Lucas,1150 DUCHOW WAY APT 6,,FOLSOM,CA,95630-3143
TOS Auto Repair,TEK,4120,21343863,1049,,3,,Peter,Anderson,PO BOX 661898,,SACRAMENTO,CA,95866-1898
TOS Auto Repair,TEK,4120,21353086,1049,,3,,Jack,Houseworth,6917 VERA CRUZ CT,,CITRUS HEIGHTS,CA,95621-4328
TOS Auto Repair,TEK,4120,21336396,1049,,3,,Marty,Namjou,3407 KENTFIELD DR,,SACRAMENTO,CA,95821-6215
TOS Auto Repair,TEK,4120,21339180,1049,,3,,Travis,Newman,6089 CRATER LAKE DR,,ROSEVILLE,CA,95678-1971
TOS Auto Repair,TEK,4120,21347123,1049,,3,,Lisa,Stutey,230 LEPOKO PL,,WAILUKU,HI,96793-1213
TOS Auto Repair,TEK,4120,21338791,1049,,3,,Les,Napper,2309 NANCY WAY,,CARMICHAEL,CA,95608-4933
TOS Auto Repair,TEK,4120,21353566,1049,,3,,James,Beeson,6600 MARKLEY WAY,,CARMICHAEL,CA,95608-6316
TOS Auto Repair,TEK,4120,21347991,1049,,3,,Will,Louie,9429 VINTAGE PORT WAY,,SACRAMENTO,CA,95829-9589
TOS Auto Repair,TEK,4120,21340113,1049,,3,,Mark,Tollefson,818 PARK RD,,SACRAMENTO,CA,95838-1920
TOS Auto Repair,TEK,4120,21341908,1049,,3,,Samuel,Ervin,6035 WINDING WAY,,CARMICHAEL,CA,95608-1414
TOS Auto Repair,TEK,4120,21335840,1049,,3,,Damien,McDonald,4213 KIRKBY WAY,,NORTH HIGHLANDS,CA,95660-4439
TOS Auto Repair,TEK,4120,21349603,1049,,3,,Aaron,Linde,6439 DONEGAL DR APT 3,,CITRUS HEIGHTS,CA,95621-4936
TOS Auto Repair,TEK,4120,21342568,1049,,3,,Don,Chin,4801 LOLA WAY,,CARMICHAEL,CA,95608-8029
TOS Auto Repair,TEK,4120,21349960,1049,,3,,Andrew,Dreifus,8141 MONTE PARK AVE,,FAIR OAKS,CA,95628-6020
TOS Auto Repair,TEK,4120,21346780,1049,,3,,William,Griffin,4146 SHERA LN,,CARMICHAEL,CA,95608-1754
TOS Auto Repair,TEK,4120,21710430,1049,,3,,Margaret,Reszczynski,8848 FAIR OAKS BLVD,,CARMICHAEL,CA,95608-2612
TOS Auto Repair,TEK,4120,21867631,1049,,3,,Steve,Actis,5335 COLLEGE OAK DR,,SACRAMENTO,CA,95841-2546
TOS Auto Repair,TEK,4120,22203924,1049,,3,,Sanjay,Prasad,7838 DEER CREEK DR,,SACRAMENTO,CA,95823-4440
TOS Auto Repair,TEK,4120,21351362,1049,,3,,Tevis,Underwood,4220 BANNISTER RD,,FAIR OAKS,CA,95628-6917
TOS Auto Repair,TEK,4120,21347062,1049,,3,,Justin,Sommers,9275 BENNOEL CT,,ELK GROVE,CA,95758-7620
TOS Auto Repair,TEK,4120,22908305,1049,,03,,Jon,Mullenhour,5340 TIERRA VISTA WAY,,ANTELOPE,CA,95843-3848
TOS Auto Repair,TEK,4120,21340959,1049,,3,,Michael,McCray,5442 MAIDSTONE WAY,,CITRUS HEIGHTS,CA,95621-7320
TOS Auto Repair,TEK,4120,21353299,1049,,3,,Rochelle,Ginter,2545 FULTON AVE APT 23,,SACRAMENTO,CA,95821-5917
TOS Auto Repair,TEK,4120,23348022,1049,,3,,Steven,Hinkle,6653 BIG CHIEF CT,,ORANGEVALE,CA,95662-3101
TOS Auto Repair,TEK,4120,21344946,1049,,3,,Ken,Hoffman,8445 MISTY OAK WAY,,ANTELOPE,CA,95843-5831
TOS Auto Repair,TEK,4120,21352972,1049,,3,,Marypat,Friar,7712 GREENRIDGE WAY,,FAIR OAKS,CA,95628-4811
TOS Auto Repair,TEK,4120,21338051,1049,,3,,Tina,Fontana,3724 ARROYO SECO LN,,NORTH HIGHLANDS,CA,95660-2718
TOS Auto Repair,TEK,4120,24054832,1049,,03,,Matt,Rose,5317 JESSICA CT,,FAIR OAKS,CA,95628-3938
TOS Auto Repair,TEK,4120,24396844,1049,,3,,Ed,Bryven,6213 32ND ST,,NORTH HIGHLANDS,CA,95660-4203
TOS Auto Repair,TEK,4120,24416415,1049,,3,,Sondra,Hauger,6747 RAPPAHANNOCK WAY,,CARMICHAEL,CA,95608-1552
TOS Auto Repair,TEK,4120,21338428,1049,,3,,CHRIS,KAWELO,9344 SNOWBIRD WAY,,SACRAMENTO,CA,95826-4633
TOS Auto Repair,TEK,4120,21337723,1049,,3,,Joy,Cockrell,2448 SPYGLASS HILL LN,,CARMICHAEL,CA,95608-6800
TOS Auto Repair,TEK,4120,24715419,1049,,3,,Michael,Delach,5446 BARTIG WAY,,CITRUS HEIGHTS,CA,95621-7302
TOS Auto Repair,TEK,4120,25907480,1049,,03,,Louis,Osofsky,2406 I ST,,SACRAMENTO,CA,95816-4209
TOS Auto Repair,TEK,4120,26928154,1049,,03,,Elizabeth,Brown,7711 GREENBACK LN,,CITRUS HEIGHTS,CA,95610-5832
TOS Auto Repair,TEK,4120,21349189,1049,,3,,Kelly,Vermilyer,6853 ESCALLONIA DR,,ORANGEVALE,CA,95662-3047
TOS Auto Repair,TEK,4120,21350627,1049,,3,,Matt,Van Airsdale,4630 PAULA WAY,,FAIR OAKS,CA,95628-6138
TOS Auto Repair,TEK,4120,29356533,1049,,03,,Emily,Strobaugh,6850 KITTERY AVE,,CITRUS HEIGHTS,CA,95621-4137
TOS Auto Repair,TEK,4120,21349094,1049,,3,,Dionne,Myers,5520 HARRISON ST APT 54,,NORTH HIGHLANDS,CA,95660-5087
TOS Auto Repair,TEK,4120,21351579,1049,,3,,Anthony,Williams,6617 CARMELWOOD DR,,CITRUS HEIGHTS,CA,95621-1017
TOS Auto Repair,TEK,4120,29643729,1049,,03,,Roland,Magill,7543 CLOVIS CT,,CITRUS HEIGHTS,CA,95610-2438
TOS Auto Repair,TEK,4120,29662174,1049,,03,,Richard,Malanoski,8193 DESERET AVE,,FAIR OAKS,CA,95628-2825
TOS Auto Repair,TEK,4120,29984270,1049,,03,,Jose,Aranda,7116 KOROPP CT,,SACRAMENTO,CA,95842-1739
TOS Auto Repair,TEK,4120,30210021,1049,,03,,Lee,Frasier,6661 INDIAN RIVER DR,,CITRUS HEIGHTS,CA,95621-4754
TOS Auto Repair,TEK,4120,21331303,1049,,3,,Pam,Erickson,4668 LADERA WAY,,CARMICHAEL,CA,95608-1574
TOS Auto Repair,TEK,4120,21348163,1049,,3,,Justin,Patterson,7700 HEREDIA DR,,CITRUS HEIGHTS,CA,95610-3083
TOS Auto Repair,TEK,4120,21340841,1049,,3,,Mike,Cullen,1508 GLADSTONE DR,,SACRAMENTO,CA,95864-2713
TOS Auto Repair,TEK,4120,21344536,1049,,3,,Don,Redlingshafer,5414 PARKVILLE CT,,SACRAMENTO,CA,95842-1907
TOS Auto Repair,TEK,4120,30625278,1049,,03,,Cole,Novak,5943 CASA ALEGRE,,CARMICHAEL,CA,95608-6557
TOS Auto Repair,TEK,4120,21347965,1049,,03,,Andrea,Hernandez,111 S VILLA AVE APT 6,,WILLOWS,CA,95988-2965
TOS Auto Repair,TEK,4120,21330996,1049,,3,,Sara,O Grady,4248 MONHEGAN WAY,,MATHER,CA,95655-3016
TOS Auto Repair,TEK,4120,21352786,1049,,3,,Curtiss,Spriggs,4104 DUMARS CT,,ANTELOPE,CA,95843-2463
TOS Auto Repair,TEK,4120,21352316,1049,,3,,Melanie,Boyd,3922 MAY ST,,SACRAMENTO,CA,95838-3528
TOS Auto Repair,TEK,4120,31260973,1049,,03,,Kiara,Wondeh,6713 SHALIMAR WAY,,CITRUS HEIGHTS,CA,95621-5424
TOS Auto Repair,TEK,4120,31513043,1049,,03,,Ryan,Mcgrory,6025 WENDAL LN,,SACRAMENTO,CA,95841-2044
TOS Auto Repair,TEK,4120,21331235,1049,,03,,Ralph,Calderon,6337 SLIPPERY CREEK LN,,CITRUS HEIGHTS,CA,95621-4860
TOS Auto Repair,TEK,4120,21346031,1049,,3,,David,Matista,8320 ARGO DR,,CITRUS HEIGHTS,CA,95610-0807
TOS Auto Repair,TEK,4120,21341829,1049,,3,,Sue,Kelly,214 LAPWING LN,,GALT,CA,95632-2437
TOS Auto Repair,TEK,4120,21342131,1049,,3,,Garrett,Shaw,7621 FAIR OAKS BLVD,,CARMICHAEL,CA,95608-1703
TOS Auto Repair,TEK,4120,32037756,1049,,03,,Laura,Seward,7108 DANCING CREEK CT,,CITRUS HEIGHTS,CA,95621-3319
TOS Auto Repair,TEK,4120,21339350,1049,,3,,Jay,Jarrell,7969 MADISON AVE APT 1307,,CITRUS HEIGHTS,CA,95610-7834
TOS Auto Repair,TEK,4120,21345160,1049,,03,,Nathan,Duenas,1723 GREY BUNNY DR,,ROSEVILLE,CA,95747-4667
TOS Auto Repair,TEK,4120,21351307,1049,,3,,Reema,Danaher,6913 RANCH HOUSE WAY,,CITRUS HEIGHTS,CA,95621-3330
TOS Auto Repair,TEK,4120,32661276,1049,,03,,Daniel,Oswalt,4757 SELKIRK WAY,,FAIR OAKS,CA,95628-4436
TOS Auto Repair,TEK,4120,21345701,1049,,3,,Fred,Shanbour,7615 EL RENO AVE,,ELVERTA,CA,95626-9517
TOS Auto Repair,TEK,4120,32909051,1049,,03,,Alex,Leguizamo,5828 PIONEER WAY,,SACRAMENTO,CA,95841-2215
TOS Auto Repair,TEK,4120,21349744,1049,,3,,Tony,Angeles,625 TURNSTONE DR,,SACRAMENTO,CA,95834-1502
TOS Auto Repair,TEK,4120,33273238,1049,,03,,Kwang,Yoo,5124 LINDA LOU DR,,CARMICHAEL,CA,95608-2175
TOS Auto Repair,TEK,4120,33266412,1049,,03,,David,Milhoan,7808 WESTBOURNE WAY,,ANTELOPE,CA,95843-4662
TOS Auto Repair,TEK,4120,21350597,1049,,3,,Kenneth,Wenzel,4063 EASTWOOD VILLAGE LN,,CARMICHAEL,CA,95608-2666
TOS Auto Repair,TEK,4120,21351936,1049,,3,,Jennifer,Koerner,3525 MORROW ST,,SACRAMENTO,CA,95821-3337
TOS Auto Repair,TEK,4120,27858383,1049,,03,,Bethanie,Humphreys,7220 SUNWOOD WAY,,CITRUS HEIGHTS,CA,95621-1854
TOS Auto Repair,TEK,4120,21340504,1049,,03,,Tammie,Miller,1579 BARTLETT LN,,SACRAMENTO,CA,95815-3692
TOS Auto Repair,TEK,4120,34201055,1049,,03,,Deb,Villescas,6132 SYLVESTER WAY,,CARMICHAEL,CA,95608-0209
TOS Auto Repair,TEK,4120,21347010,1049,,3,,Barbara,Zarembinski,6950 LISA MARIE WAY,,CARMICHAEL,CA,95608-2057
TOS Auto Repair,TEK,4120,34399246,1049,,03,,Jeff,Cameron,7122 BRAYTON AVE,,CITRUS HEIGHTS,CA,95621-6439
TOS Auto Repair,TEK,4120,34700134,1049,,03,,Cristopher,Mullins,5300 HACKBERRY LN APT 133,,SACRAMENTO,CA,95841-3257
TOS Auto Repair,TEK,4120,21346234,1049,,3,,Bill,Travis,4805 MONET WAY,,SACRAMENTO,CA,95842-2416
TOS Auto Repair,TEK,4120,34715391,1049,,03,,Steve,Ramsey,6341 EDGERTON WAY,,CARMICHAEL,CA,95608-0440
TOS Auto Repair,TEK,4120,21331274,1049,,3,,Sue,Cutter,5935 AUBURN BLVD SPC 105,,CITRUS HEIGHTS,CA,95621-6030
TOS Auto Repair,TEK,4120,21339812,1049,,3,,Bob,Jarboe,6437 CHIKAMI CT,,ORANGEVALE,CA,95662-4017
TOS Auto Repair,TEK,4120,21339073,1049,,3,,Dave,Kapiioho,9 CASEY CT,,SACRAMENTO,CA,95838-2131
TOS Auto Repair,TEK,4120,29980289,1049,,03,,Nick,D'Anna,7012 TANDEM CT,,CITRUS HEIGHTS,CA,95621-3756
TOS Auto Repair,TEK,4120,21348082,1049,,3,,Brandi,Ortlip,4439 GALBRATH DR,,SACRAMENTO,CA,95842-4117
TOS Auto Repair,TEK,4120,35603541,1049,,03,,Rich,Frost,8351 BRAMBLE BUSH CIR,,ANTELOPE,CA,95843-4850
TOS Auto Repair,TEK,4120,21351975,1049,,3,,Michael,Larussa,2801 LA COLINA WAY,,CARMICHAEL,CA,95608-4405
TOS Auto Repair,TEK,4120,21349653,1049,,3,,Dorel,Harms,270 ROCK HOUSE CIR N,,SACRAMENTO,CA,95835-2156
TOS Auto Repair,TEK,4120,34721060,1049,,03,,Marie,Daza,6229 TISHIMINGO CT,,CITRUS HEIGHTS,CA,95621-5218
TOS Auto Repair,TEK,4120,21335699,1049,,3,,Peter,Francis,5860 69TH ST,,SACRAMENTO,CA,95824-2058
TOS Auto Repair,TEK,4120,21351316,1049,,3,,Gregg,Procter,PO BOX 7190,,CITRUS HEIGHTS,CA,95621-7190
TOS Auto Repair,TEK,4120,21345809,1049,,3,,Victor,Bruce,5441 WOODLEIGH DR,,CARMICHAEL,CA,95608-0707
TOS Auto Repair,TEK,4120,21349010,1049,,3,,Jeffery,Macias,8200 WAR HORSE CT,,ORANGEVALE,CA,95662-3118
TOS Auto Repair,TEK,4120,21343963,1049,,3,,Lola,Pudinski,6105 MARWICK WAY,,CARMICHAEL,CA,95608-0413
TOS Auto Repair,TEK,4120,21342729,1049,,3,,Pedro,Esparza,3805 MERRILY WAY,,SACRAMENTO,CA,95821-2717
TOS Auto Repair,TEK,4120,21346779,1049,,3,,Douglas,McGehee,8849 TAHAN LN,,FAIR OAKS,CA,95628-6357
TOS Auto Repair,TEK,4120,22445743,1049,,3,,Shelley,Wade,1226 ARBOR DR,,ROSEVILLE,CA,95678-6720
TOS Auto Repair,TEK,4120,21339993,1049,,3,,Korina,Cardenas,3140 WHITEWOOD DR,,CARMICHAEL,CA,95608-3739
TOS Auto Repair,TEK,4120,21341158,1049,,03,,Krishawn,Janke,8420 ARROWROOT CIR,,ANTELOPE,CA,95843-3724
