Shop Name,Software,SID,CID,WSID,WCID,MBdayMo,TBdayMo,First,Last,Address,Address2,City,St,Zip
TOS Auto Repair,TEK,4120,21338659,1049,,,9,Mitchell,Shapiro,2007 ROSE ARBOR DR,,SACRAMENTO,CA,95835-1793
TOS Auto Repair,TEK,4120,21346662,1049,,,9,Golie,Xiong,7476 REDWOOD IVY WAY,,SACRAMENTO,CA,95829-8725
TOS Auto Repair,TEK,4120,21353031,1049,,,9,Willie,Johnson,4725 MARCONI AVE APT 28,,CARMICHAEL,CA,95608-3562
TOS Auto Repair,TEK,4120,21349564,1049,,,3,Damir,Zulic,4475 MANZANITA AVE APT 80,,CARMICHAEL,CA,95608-1441
TOS Auto Repair,TEK,4120,21338330,1049,,,9,Jaksa,Bozovic,2525 LOCKINGTON CT,,ORLANDO,FL,32828-7519
TOS Auto Repair,TEK,4120,21348956,1049,,,9,Ben,Sonnik,8434 WALERGA RD APT 322,,ANTELOPE,CA,95843-5061
TOS Auto Repair,TEK,4120,21349077,1049,,,3,Dmitry,Kotov,5067 RHODE ISLAND DR,,SACRAMENTO,CA,95841-3950
TOS Auto Repair,TEK,4120,21340288,1049,,,3,Aj,Hassan,4680 RIVER COLLEGE DR,,SACRAMENTO,CA,95841-4225
TOS Auto Repair,TEK,4120,21348076,1049,,,3,Dave,Espinosa,8169 SUNBONNET DR,,FAIR OAKS,CA,95628-2543
TOS Auto Repair,TEK,4120,21348544,1049,,,3,Glen,Manansala,8252 GRAND CRU DR,,SACRAMENTO,CA,95829-9515
TOS Auto Repair,TEK,4120,21340440,1049,,,9,Joe,Williams,3262 23RD AVE,,SACRAMENTO,CA,95820-4704
TOS Auto Repair,TEK,4120,21338932,1049,,,3,Mark,Keller,2950 CALDERWOOD LN,,SACRAMENTO,CA,95821-5077
TOS Auto Repair,TEK,4120,21340134,1049,,,3,Dulce,Carrillo,1908 SOUTH AVE,,SACRAMENTO,CA,95838-4639
TOS Auto Repair,TEK,4120,21334164,1049,,,3,Miguel,Fernandez,4924 FORRESTAL ST,,FAIR OAKS,CA,95628-5109
TOS Auto Repair,TEK,4120,21341920,1049,,,9,Andrew,Mars,PO BOX 1624,,FOLSOM,CA,95763-1624
TOS Auto Repair,TEK,4120,21351381,1049,,,3,Jennifer,Jennings,5321 MANZANITA AVE APT 2,,CARMICHAEL,CA,95608-0550
TOS Auto Repair,TEK,4120,21338165,1049,,,9,Blake,Daveggio,6308 BRIGADOON WAY,,SACRAMENTO,CA,95842-2808
TOS Auto Repair,TEK,4120,21333744,1049,,,9,Andriy,Trokhymchuk,7773 ENVOY WAY,,CITRUS HEIGHTS,CA,95610-6751
TOS Auto Repair,TEK,4120,21338828,1049,,,9,Ronald,Fitzgerald,5662 AUBURN BLVD SPC 2,,SACRAMENTO,CA,95841-2931
TOS Auto Repair,TEK,4120,21345224,1049,,,9,Cameron,Mosbarger,6076 OGDEN NASH WAY,,SACRAMENTO,CA,95842-2753
TOS Auto Repair,TEK,4120,21351120,1049,,,3,Kaleb,Bruce,5441 WOODLEIGH DR,,CARMICHAEL,CA,95608-0707
TOS Auto Repair,TEK,4120,21336045,1049,,,3,Amal,Mshrf,5820 PEPPERMILL CT APT 4,,SACRAMENTO,CA,95841-3245
TOS Auto Repair,TEK,4120,21351180,1049,,,3,Nick,Trachuk,10850 GOLD CENTER DR STE 325,,RANCHO CORDOVA,CA,95670-6177
TOS Auto Repair,TEK,4120,21335798,1049,,,3,Alexsus,ViNgola,12877 LOST LAKE RD,,GRASS VALLEY,CA,95945-9346
TOS Auto Repair,TEK,4120,21334129,1049,,,9,Ilijah,Hill,3204 NORDYKE DR,,SACRAMENTO,CA,95833-1232
TOS Auto Repair,TEK,4120,21338196,1049,,,3,David,Chapman,5 MARK HOPKINS CT,,SACRAMENTO,CA,95818-2805
TOS Auto Repair,TEK,4120,21343453,1049,,,9,Katie,Freeman,3332 BRAEBURN ST,,SACRAMENTO,CA,95821-4037
TOS Auto Repair,TEK,4120,21345581,1049,,,3,Zsevolod,Zaigralin,6547 DONEGAL DR,,CITRUS HEIGHTS,CA,95621-4927
TOS Auto Repair,TEK,4120,21340159,1049,,,9,Sergey,Shinkarev,6809 SPECKLE WAY,,SACRAMENTO,CA,95842-1838
TOS Auto Repair,TEK,4120,21349760,1049,,,9,Brad,Hague,6929 GRAND TREE LN,,CITRUS HEIGHTS,CA,95621-8368
TOS Auto Repair,TEK,4120,21350341,1049,,,3,Gino,Battani,5569 WHITE FIR WAY,,SACRAMENTO,CA,95841-2808
TOS Auto Repair,TEK,4120,21352778,1049,,,3,Jose,Ibanez,4141 PALM AVE,,SACRAMENTO,CA,95842-4201
TOS Auto Repair,TEK,4120,21343072,1049,,,3,Freddy,Thompson,6821 DONERAIL DR,,SACRAMENTO,CA,95842-1947
TOS Auto Repair,TEK,4120,21342911,1049,,,3,Sam,Engineer,10501 FAIR OAKS BLVD APT 41,,FAIR OAKS,CA,95628-7265
TOS Auto Repair,TEK,4120,21333687,1049,,,9,Maegen,Liyanage,5236 POPLAR BLVD,,NORTH HIGHLANDS,CA,95660-4934
TOS Auto Repair,TEK,4120,21333944,1049,,,3,Jake,Mcintire,7255 EAGLE RD,,FAIR OAKS,CA,95628-4511
TOS Auto Repair,TEK,4120,21342420,1049,,,3,Travis,Bishop,6761 AUBURN BLVD,,CITRUS HEIGHTS,CA,95621-4211
TOS Auto Repair,TEK,4120,21353660,1049,,,9,Deshane,Mertenszurborg,6457 EVEREST WAY,,SACRAMENTO,CA,95842-2624
TOS Auto Repair,TEK,4120,21339520,1049,,,3,Richard,Harlos,6348 MISTY WOOD WAY,,CITRUS HEIGHTS,CA,95621-3554
TOS Auto Repair,TEK,4120,21349273,1049,,,3,David,Skow,6624 NORTHBROOK WAY,,FAIR OAKS,CA,95628-3040
TOS Auto Repair,TEK,4120,21351546,1049,,,9,Joseph,Caldera,4255 WINDING WAY,,SACRAMENTO,CA,95841-4422
TOS Auto Repair,TEK,4120,21702505,1049,,,9,Jerome,Joseph,4740 PRETENTIOUS WAY,,SACRAMENTO,CA,95842-3712
TOS Auto Repair,TEK,4120,21706989,1049,,,3,Walid,Mostafa,4938 FERIGO LN,,SACRAMENTO,CA,95841-3616
TOS Auto Repair,TEK,4120,23510682,1049,,,3,Carlos,Murillo,2903 LERWICK RD,,SACRAMENTO,CA,95821-1824
TOS Auto Repair,TEK,4120,22909895,1049,,,9,Anthony,Impinna,10297 MCCRACKEN DR,,RANCHO CORDOVA,CA,95670-5418
TOS Auto Repair,TEK,4120,23875034,1049,,,9,Rostam,Namiri,1773 CANYON CREEK DR,,ROSEVILLE,CA,95747-4943
TOS Auto Repair,TEK,4120,23908006,1049,,,9,Ruthann,Russell,7400 SAN NITA WAY,,FAIR OAKS,CA,95628-5525
TOS Auto Repair,TEK,4120,25957044,1049,,,9,Tommy,Hicks,4729 MANZANITA AVE,,CARMICHAEL,CA,95608-0864
TOS Auto Repair,TEK,4120,26145569,1049,,,3,Lucas,Patton,165 S LINCOLN ST,,ROSEVILLE,CA,95678-2740
TOS Auto Repair,TEK,4120,21349740,1049,,,3,PI,Domingo,3860 TOPAZ RD,,WEST SACRAMENTO,CA,95691-5480
TOS Auto Repair,TEK,4120,27321743,1049,,,9,Ryan,Oneil,12801 FAIR OAKS BLVD,,CITRUS HEIGHTS,CA,95610-5135
TOS Auto Repair,TEK,4120,24710145,1049,,,3,Michael,Norris,2430 NEGRARA WAY,,RANCHO CORDOVA,CA,95670-3823
TOS Auto Repair,TEK,4120,27907441,1049,,,3,Ahmad,Almhaimed,5409 PARKVILLE CT,,SACRAMENTO,CA,95842-1906
TOS Auto Repair,TEK,4120,21348344,1049,,,3,Kathy,Harp,5427 CEDARHURST WAY,,CARMICHAEL,CA,95608-0740
TOS Auto Repair,TEK,4120,21346923,1049,,,3,Jim,Jurkovich,5309 POMEGRANATE AVE,,SACRAMENTO,CA,95823-3400
TOS Auto Repair,TEK,4120,29361785,1049,,,3,Priscilla,Herrara,5831 FAIR OAKS BLVD,,CARMICHAEL,CA,95608-5241
TOS Auto Repair,TEK,4120,29992828,1049,,,9,Ben,Ostrander,7838 GLEN ECHO ST,,CITRUS HEIGHTS,CA,95610-2406
TOS Auto Repair,TEK,4120,29548836,1049,,,3,Venny,De los Santos,4978 TYLER ST,,SACRAMENTO,CA,95841-3437
TOS Auto Repair,TEK,4120,21339733,1049,,,9,JOHN,PATTISON,346 W DURANTA ST,,ROSEVILLE,CA,95678-2161
TOS Auto Repair,TEK,4120,31271032,1049,,,9,Jagdeep,Chouhon,5979 DEVECCHI AVE,,CITRUS HEIGHTS,CA,95621-6070
TOS Auto Repair,TEK,4120,21338421,1049,,,9,Shay,Vinayak,5331 KLAMATH DR,,SACRAMENTO,CA,95842-2625
TOS Auto Repair,TEK,4120,21330591,1049,,,3,Alan,Gilbert,PO BOX 2865,,CITRUS HEIGHTS,CA,95611-2865
TOS Auto Repair,TEK,4120,27321425,1049,,,3,Caleb,Cooblall,5123 ANDREA BLVD APT 59,,SACRAMENTO,CA,95842-2517
TOS Auto Repair,TEK,4120,29557056,1049,,,9,Angel,Garcia,5540 WHITE FIR WAY,,SACRAMENTO,CA,95841-2839
TOS Auto Repair,TEK,4120,21343468,1049,,,9,Carlos,Herrera,1696 STETSON CIR,,WEST SACRAMENTO,CA,95691-5294
TOS Auto Repair,TEK,4120,21349784,1049,,,3,Lexi,Oversen,5237 SHEREEN CT,,SACRAMENTO,CA,95841-3119
TOS Auto Repair,TEK,4120,21340379,1049,,,9,Sarah,Whalen,5409 TREE SIDE DR,,CARMICHAEL,CA,95608-5942
TOS Auto Repair,TEK,4120,35840775,1049,,,9,Liliya,Hood,6229 SHILOH WAY,,SACRAMENTO,CA,95841-2048
TOS Auto Repair,TEK,4120,36009935,1049,,,9,Monica,Calderon,7221 BOBCAT CT,,NORTH HIGHLANDS,CA,95660-3460
TOS Auto Repair,TEK,4120,21333753,1049,,,3,Denise,Phillips,7321 PARKVALE WAY,,CITRUS HEIGHTS,CA,95621-1705
TOS Auto Repair,TEK,4120,36196350,1049,,,9,Rachel,Henry,6025 BOURBON DR,,CARMICHAEL,CA,95608-1002
TOS Auto Repair,TEK,4120,36087407,1049,,,9,Jenny,Martinez,9346 FASSETT WAY,,ELK GROVE,CA,95758-4514
TOS Auto Repair,TEK,4120,31622340,1049,,,3,Julio,Munoz,6011 SHADOW LN APT 48,,CITRUS HEIGHTS,CA,95621-6057
TOS Auto Repair,TEK,4120,36626895,1049,,,3,Kaitlin,Bonnet,4729 MANZANITA AVE,,CARMICHAEL,CA,95608-0864
TOS Auto Repair,TEK,4120,36222382,1049,,,9,Jamal,Fountaine,4409 SHENANGO WAY,,ELK GROVE,CA,95758-4059
TOS Auto Repair,TEK,4120,36747566,1049,,,3,Howard,Schafer,7535 CHIPMUNK WAY,,CITRUS HEIGHTS,CA,95610-2547
TOS Auto Repair,TEK,4120,21343454,1049,,,9,Jose,Silva,2635 FAIRFIELD ST APT 41,,SACRAMENTO,CA,95815-2176
TOS Auto Repair,TEK,4120,33563026,1049,,,3,Dawn,Maxinofki,2930 BRIDLEWOOD DR,,EL DORADO HILLS,CA,95762-6232
TOS Auto Repair,TEK,4120,36925551,1049,,,9,Jeffrey,Haynes,5401 SAWTOOTH CT,,SACRAMENTO,CA,95842-1932
