Shop Name,Software,SID,CID,WSID,WCID,MBdayMo,TBdayMo,First,Last,Address,Address2,City,St,Zip
Elysian Auto Service,TEK,4494,23860454,1050,,9,,GARY,HERMEL,20570 470TH ST,,WATERVILLE,MN,56096-4268
Elysian Auto Service,TEK,4494,23861541,1050,,9,,LAURA,KNAUSS,705 PARK RD,,MADISON LAKE,MN,56063-9635
Elysian Auto Service,TEK,4494,23862634,1050,,9,,BRIANNA,MALAND,323 LAKE ST W,,WATERVILLE,MN,56096-1321
Elysian Auto Service,TEK,4494,23863106,1050,,9,,CHERI,MILLER,22484 LAKE FRANCIS RD,,ELYSIAN,MN,56028-4464
Elysian Auto Service,TEK,4494,23864050,1050,,9,,GREG,GEORGE,309 W NORTH ST,,JANESVILLE,MN,56048-9560
Elysian Auto Service,TEK,4494,23862624,1050,,9,,RHONDA K.,MORSCHING,10095 245TH ST W,,MORRISTOWN,MN,55052-5218
Elysian Auto Service,TEK,4494,23860165,1050,,9,,DENNIS,GENS,208 EAGLE AVE APT 15,,EAGLE LAKE,MN,56024-9697
Elysian Auto Service,TEK,4494,23862205,1050,,9,,TONY,HRAB,491 RUSTIC LN,,VICKSBURG,MI,49097-9458
Elysian Auto Service,TEK,4494,23862193,1050,,9,,JOHN,PETERSON,3000 RANKIN RD,,MINNEAPOLIS,MN,55418-2548
Elysian Auto Service,TEK,4494,23860133,1050,,9,,MIKE,BAJULE,106 W NORTH ST,,JANESVILLE,MN,56048-9558
Elysian Auto Service,TEK,4494,23862040,1050,,9,,DANIELLE,OLSEN,PO BOX 102,,ELYSIAN,MN,56028-0102
Elysian Auto Service,TEK,4494,23862149,1050,,9,,RHONDA,SORENSON,PO BOX 304,,ELYSIAN,MN,56028-0304
Elysian Auto Service,TEK,4494,23863222,1050,,9,,TOM,THIESSE,PO BOX 173,,MINNESOTA LAKE,MN,56068-0173
Elysian Auto Service,TEK,4494,23860109,1050,,9,,AMANDA,MACKIE,407 HERBERT ST S,,WATERVILLE,MN,56096-1318
Elysian Auto Service,TEK,4494,23861182,1050,,9,,HELMER,LEMBKE,126 WILLOW POINT DR,,ELYSIAN,MN,56028-1205
Elysian Auto Service,TEK,4494,23862266,1050,,9,,WILLIARD,STEFFEN,43192 REEDS LAKE RD,,JANESVILLE,MN,56048-1231
Elysian Auto Service,TEK,4494,23860330,1050,,9,,RYAN,BROWN,924 W 22ND AVE,,SPOKANE,WA,99203-1211
Elysian Auto Service,TEK,4494,23861563,1050,,9,,DARYL,ERDMAN,2228 440TH AVE,,ELYSIAN,MN,56028-1003
Elysian Auto Service,TEK,4494,23863093,1050,,9,,ROXANNE,HAUST,PO BOX 116,,ELYSIAN,MN,56028-0116
Elysian Auto Service,TEK,4494,23862607,1050,,9,,SCOTT,FISCHER,PO BOX 234,,JANESVILLE,MN,56048-0234
Elysian Auto Service,TEK,4494,23863782,1050,,9,,TIM,KRENIK,23210 MIRANDA LN,,ELYSIAN,MN,56028-3301
Elysian Auto Service,TEK,4494,23860589,1050,,9,,DON,TOMLINSON,415 LIND ST W,,WATERVILLE,MN,56096-1145
Elysian Auto Service,TEK,4494,23863289,1050,,9,,RACHEL,WENDLANDT,1733 PLEASANT VIEW DR APT 2,,MANKATO,MN,56003-1626
Elysian Auto Service,TEK,4494,23863429,1050,,9,,DENNIS,JOHNSON,720 PARK RD,,MADISON LAKE,MN,56063-9635
Elysian Auto Service,TEK,4494,23860473,1050,,9,,CHRIS,MOORE,23945 SCOTCH LAKE RD,,CLEVELAND,MN,56017-4452
Elysian Auto Service,TEK,4494,23862469,1050,,9,,HUNTER,SONNEK,22296 WARNER LN,,ELYSIAN,MN,56028-4512
Elysian Auto Service,TEK,4494,23860658,1050,,9,,BRAD,CARLSON,43208 E ELYSIAN LAKE RD,,JANESVILLE,MN,56048-1117
Elysian Auto Service,TEK,4494,23860714,1050,,9,,LINDA,WATZEK,315 PAQUIN ST E,,WATERVILLE,MN,56096-1529
Elysian Auto Service,TEK,4494,23861476,1050,,9,,STEVE,ROHLFING,28020 MAPLE LN,,MADISON LAKE,MN,56063-4136
Elysian Auto Service,TEK,4494,23864121,1050,,9,,AMY,EMM,43061 79TH ST,,JANESVILLE,MN,56048-1240
Elysian Auto Service,TEK,4494,23862592,1050,,9,,CHARLES,STANGLER,48674 221ST AVE,,ELYSIAN,MN,56028-4473
Elysian Auto Service,TEK,4494,23862242,1050,,9,,JEFF,WAGNER,50255 191ST AVE,,ELYSIAN,MN,56028-4520
Elysian Auto Service,TEK,4494,23863505,1050,,9,,TINA,WOLTERS,1503 5TH AVE,,MANKATO,MN,56001-2922
Elysian Auto Service,TEK,4494,23860599,1050,,9,,JASON,BLEEKER,1846 6TH ST NE,,WATERTOWN,SD,57201-8643
Elysian Auto Service,TEK,4494,23862950,1050,,9,,TOM,MC BROOM,106 SHOREVIEW DR,,ELYSIAN,MN,56028-1203
Elysian Auto Service,TEK,4494,23861814,1050,,09,,HEIDI,RICARD,606 N MAIN ST,,JANESVILLE,MN,56048-8701
Elysian Auto Service,TEK,4494,23864023,1050,,9,,TARA,TUPA,213 ADDITION ST,,WATERVILLE,MN,56096-1076
Elysian Auto Service,TEK,4494,23863388,1050,,9,,HOWARD,FRIESEN,716 N EAST ST,,JANESVILLE,MN,56048-9216
Elysian Auto Service,TEK,4494,23863677,1050,,9,,KURT,CROSBY,16736 RIDGE RD,,WATERVILLE,MN,56096-4201
Elysian Auto Service,TEK,4494,23861366,1050,,9,,MARK S.,SHEEHY,1040 MAPLE DR,,WATERVILLE,MN,56096-1234
Elysian Auto Service,TEK,4494,23863964,1050,,9,,LUTHER,DALE,481 SHERWOOD RD,,SHOREVIEW,MN,55126-4762
Elysian Auto Service,TEK,4494,23860256,1050,,9,,KEITH,HEDGE,5 EGRET LN,,ELYSIAN,MN,56028-4564
Elysian Auto Service,TEK,4494,23862078,1050,,9,,BERNIE,IFKEWITSCH,520 3RD ST S,,WATERVILLE,MN,56096-1418
Elysian Auto Service,TEK,4494,23861396,1050,,9,,JEANETTE,CADY,215 JILL LYNN CIR,,ELYSIAN,MN,56028-1208
Elysian Auto Service,TEK,4494,23862314,1050,,09,,DAN,LENERTZ,503 N MARKET ST,,JANESVILLE,MN,56048-3033
Elysian Auto Service,TEK,4494,23861021,1050,,9,,GREGORY,BECHTEL,7750 E BROADWAY RD LOT 292,,MESA,AZ,85208-1339
Elysian Auto Service,TEK,4494,23861477,1050,,9,,JOE,ELIAS,8047 LAUREL MILL RD,,RIDGWAY,PA,15853-5439
Elysian Auto Service,TEK,4494,23861882,1050,,9,,TOM,EATON,308 W 4TH ST,,JANESVILLE,MN,56048-9565
Elysian Auto Service,TEK,4494,23863733,1050,,9,,SHAUN,WELCH,619 3RD ST SW,,WASECA,MN,56093-2507
Elysian Auto Service,TEK,4494,23863248,1050,,9,,JORDAN,FREDERICK,500 W 4TH ST,,JANESVILLE,MN,56048-9594
Elysian Auto Service,TEK,4494,26939921,1050,,09,,MITCH,JEWISON,41502 50TH ST,,JANESVILLE,MN,56048-1112
Elysian Auto Service,TEK,4494,23861135,1050,,9,,SAM,MORRIS,50074 175TH AVE,,WATERVILLE,MN,56096-4146
Elysian Auto Service,TEK,4494,23863105,1050,,9,,MARCUS,TEAT,202 N 4TH ST,,SAINT PETER,MN,56082-1919
Elysian Auto Service,TEK,4494,23860513,1050,,9,,JEREMY,ZIMPRICH,513 16TH AVE NE,,WASECA,MN,56093-2734
Elysian Auto Service,TEK,4494,23860978,1050,,9,,TODD,LAU,31575 BAKER ST,,KASOTA,MN,56050-2200
Elysian Auto Service,TEK,4494,23860424,1050,,9,,TOM,TETZLOFF,314 N SKOOKUM ST,,JANESVILLE,MN,56048-9327
Elysian Auto Service,TEK,4494,23863589,1050,,9,,NANCY,BECKER,7916 WANDERING WAY,,ORLANDO,FL,32836-6893
Elysian Auto Service,TEK,4494,29993783,1050,,09,,HANNAH,PETERSON,915 LILLIAN ST,,WATERVILLE,MN,56096-1188
Elysian Auto Service,TEK,4494,23861359,1050,,9,,BRIAN,NEEGARD,400 ASH ST,,JANESVILLE,MN,56048-3027
Elysian Auto Service,TEK,4494,23863725,1050,,9,,CRAIG,JASKULKE,86 EVERGREEN CT,,MADISON LAKE,MN,56063-1102
Elysian Auto Service,TEK,4494,23860874,1050,,9,,DANTE,RAND,8370 HAMEL WAY,,MORRISTOWN,MN,55052-5060
Elysian Auto Service,TEK,4494,23860262,1050,,9,,HENRI,VALIUKAS,24250 GELDNERS LN,,CLEVELAND,MN,56017-4460
Elysian Auto Service,TEK,4494,23862962,1050,,9,,ROSS,NORNES,606 N WEST ST,,JANESVILLE,MN,56048-8513
Elysian Auto Service,TEK,4494,23864010,1050,,9,,CRAIG,HADLER,22136 WARNER LN,,ELYSIAN,MN,56028-4510
Elysian Auto Service,TEK,4494,23863296,1050,,9,,JASON,JAMES,43911 43RD ST,,ELYSIAN,MN,56028-1107
Elysian Auto Service,TEK,4494,23862782,1050,,9,,RUSS,WIEBOLD,402 E 1ST ST,,JANESVILLE,MN,56048-9211
Elysian Auto Service,TEK,4494,23861894,1050,,9,,MONTY,BURKHART,43899 66TH ST,,WATERVILLE,MN,56096-1233
Elysian Auto Service,TEK,4494,23860892,1050,,9,,MIKE,SCOTT,PO BOX 316,,ELYSIAN,MN,56028-0316
Elysian Auto Service,TEK,4494,23860650,1050,,9,,STUART,DAVIS,22924 HOLIDAY PARK LN,,ELYSIAN,MN,56028-4529
Elysian Auto Service,TEK,4494,23861693,1050,,9,,KRIS,FLEMMING,4698 330TH AVE,,WASECA,MN,56093-4807
Elysian Auto Service,TEK,4494,32922324,1050,,09,,COURTNEY,KONAKOWITZ,617 1ST ST N,,WATERVILLE,MN,56096-1040
Elysian Auto Service,TEK,4494,23863491,1050,,9,,BRIAN,NUTTER,PO BOX 38,,ELYSIAN,MN,56028-0038
Elysian Auto Service,TEK,4494,23862105,1050,,9,,AUSTIN,CLAEYS,609 RECORD ST,,MANKATO,MN,56001-2549
Elysian Auto Service,TEK,4494,23862101,1050,,9,,MATT,SCHOLLJEGERDES,PO BOX 133,111 FRANK AVE NE,ELYSIAN,MN,56028-0133
Elysian Auto Service,TEK,4494,23862292,1050,,9,,CHAD,READY,137 SHOREVIEW DR,,ELYSIAN,MN,56028-1203
Elysian Auto Service,TEK,4494,23861081,1050,,9,,TYREL,WENDT,23938 GREENLAND RD,,MADISON LAKE,MN,56063-4122
Elysian Auto Service,TEK,4494,23863314,1050,,9,,RACHEL,HINTON,306 2ND AVE NE,,WASECA,MN,56093-2937
Elysian Auto Service,TEK,4494,23860096,1050,,9,,BRAD,FREDERICK,43596 E ELYSIAN LAKE RD,,JANESVILLE,MN,56048-1118
Elysian Auto Service,TEK,4494,23860553,1050,,9,,MIKE,LAFRANCE,43803 66TH ST,,WATERVILLE,MN,56096-1233
Elysian Auto Service,TEK,4494,23861263,1050,,9,,MARLIS,OLSON,816 N CRAIG ST,,JANESVILLE,MN,56048-9559
Elysian Auto Service,TEK,4494,23863185,1050,,9,,MIKE,ZUPFER,24661 WILDFLOWER LN,,CLEVELAND,MN,56017-4552
