Shop Name,Software,SID,CID,WSID,WCID,MBdayMo,TBdayMo,First,Last,Address,Address2,City,St,Zip
Elysian Auto Service,TEK,4494,23863382,1050,,3,,ANDY,LEHMANN,19994 STATE HIGHWAY 60,,WATERVILLE,MN,56096-4162
Elysian Auto Service,TEK,4494,23863526,1050,,3,,ROBERT,ROUTH,620 TETONKA VIEW DR,,WATERVILLE,MN,56096-1601
Elysian Auto Service,TEK,4494,23863389,1050,,3,,DAVE,MISKA,24332 474TH LN,,ELYSIAN,MN,56028-4596
Elysian Auto Service,TEK,4494,23863276,1050,,3,,ABBY,HALVERSON,16875 GALENA AVE W,,ROSEMOUNT,MN,55068-1938
Elysian Auto Service,TEK,4494,23861504,1050,,3,,SHANA,KRENIK,24140 GINGERALE TRL,,MADISON LAKE,MN,56063-4483
Elysian Auto Service,TEK,4494,23861722,1050,,3,,CHAD,PFEIFER,41836 70TH ST,,JANESVILLE,MN,56048-1211
Elysian Auto Service,TEK,4494,23862914,1050,,3,,OWEN,GOWER,2606 CRYSTAL COVE RD,,MADISON LAKE,MN,56063-9513
Elysian Auto Service,TEK,4494,23863076,1050,,3,,FLORENCE,TAYLOR,421 JOHNSON AVE SW APT 206,,WASECA,MN,56093-2562
Elysian Auto Service,TEK,4494,23860593,1050,,3,,TYLER,FELLOWS,210 W 4TH ST,,JANESVILLE,MN,56048-1725
Elysian Auto Service,TEK,4494,23862145,1050,,3,,JASON R,ANDROLI,8912 415TH AVE,,JANESVILLE,MN,56048-1200
Elysian Auto Service,TEK,4494,23863876,1050,,3,,TIM,HAYES,12675 375TH AVE,,WASECA,MN,56093-4609
Elysian Auto Service,TEK,4494,23862976,1050,,3,,JOHN,BUCHMANN,110 MAIN ST W,,WATERVILLE,MN,56096-1455
Elysian Auto Service,TEK,4494,23863525,1050,,3,,DALE,SIMONSON,46290 ARTHUR DR,,CLEVELAND,MN,56017-4499
Elysian Auto Service,TEK,4494,23861973,1050,,3,,MARK,MASSO,420 MAIN ST E,,WATERVILLE,MN,56096-1554
Elysian Auto Service,TEK,4494,23860492,1050,,3,,DONNA,PITTMAN,614 REED ST N,,WATERVILLE,MN,56096-1016
Elysian Auto Service,TEK,4494,23863627,1050,,3,,KRISTA,BAHNSEN,5 BRIGANTINE CT,,SAINT AUGUSTINE,FL,32080-6564
Elysian Auto Service,TEK,4494,23862773,1050,,3,,ART,ZUHLSDORF,1246 BAKER BAY RD,,KASOTA,MN,56050-9601
Elysian Auto Service,TEK,4494,23863406,1050,,3,,DON,SOHRE,61560 NUTMEG RD,,MADISON LAKE,MN,56063-4201
Elysian Auto Service,TEK,4494,23861244,1050,,3,,RUTH,REITSMA,2346 ROOKERY DR SW,,BRAINERD,MN,56401-2761
Elysian Auto Service,TEK,4494,23861720,1050,,3,,SCOTT,ROEMHILDT,49203 239TH AVE,,ELYSIAN,MN,56028-4560
Elysian Auto Service,TEK,4494,23860914,1050,,3,,ANDY,GRAMS,1490 425TH AVE,,MADISON LAKE,MN,56063-1016
Elysian Auto Service,TEK,4494,23863540,1050,,3,,ROB,WORMLEY,17285 JASPER TRL,,LAKEVILLE,MN,55044-9468
Elysian Auto Service,TEK,4494,23861676,1050,,3,,BOB,WERTMAN,529 MALLORY ST N,,WATERVILLE,MN,56096-1112
Elysian Auto Service,TEK,4494,23862670,1050,,3,,BAILEY,BAHNSEN,2020 W ORANGEWOOD AVE APT 115,,PHOENIX,AZ,85021-7872
Elysian Auto Service,TEK,4494,23860223,1050,,3,,ZACK,ROBERTS,304 W GROVE ST,,JANESVILLE,MN,56048-8507
Elysian Auto Service,TEK,4494,23862423,1050,,3,,MEGAN,GEORGESON,1333 440TH ST,,MADISON LAKE,MN,56063-4101
Elysian Auto Service,TEK,4494,23861740,1050,,3,,PAUL,REINARTZ,PO BOX 281,,ELYSIAN,MN,56028-0281
Elysian Auto Service,TEK,4494,23861605,1050,,03,,MATT,STREED,812 BIRCH ST,,CROSBY,MN,56441-1103
Elysian Auto Service,TEK,4494,23860138,1050,,3,,TROY,GUENTZEL,48135 RED IRON RD,,KASOTA,MN,56050-8705
Elysian Auto Service,TEK,4494,23863502,1050,,3,,JARED,WATZEK,225 ROGERS RD,,WATERVILLE,MN,56096-1025
Elysian Auto Service,TEK,4494,23860797,1050,,3,,JANICE,ROEMHILDT,315 N STATE AVE,,LE CENTER,MN,56057-1723
Elysian Auto Service,TEK,4494,23861001,1050,,3,,MICHELE,O'ROURKE,210 W GRANT ST APT 113,,MINNEAPOLIS,MN,55403-2242
Elysian Auto Service,TEK,4494,23863336,1050,,3,,MARY,VILLWOCK,127 W MAPLE ST,,KILKENNY,MN,56052-2025
Elysian Auto Service,TEK,4494,23864034,1050,,3,,DAVE FLEET,GEROT,PO BOX 422,,JANESVILLE,MN,56048-0422
Elysian Auto Service,TEK,4494,23860635,1050,,3,,TRAVIS,PERRY,529 MALLORY ST N,,WATERVILLE,MN,56096-1112
Elysian Auto Service,TEK,4494,23860684,1050,,3,,BRIAN,NELSON,PO BOX 233,,ELYSIAN,MN,56028-0233
Elysian Auto Service,TEK,4494,23862767,1050,,3,,PAUL,STANKE,109 LAKE ST W,,WATERVILLE,MN,56096-1466
Elysian Auto Service,TEK,4494,23861681,1050,,3,,SHAWN,STAFFORD,1104 N MAIN ST,,JANESVILLE,MN,56048-3031
Elysian Auto Service,TEK,4494,23861475,1050,,3,,GLENYCE,PETERSON,602 2ND ST,,CLEVELAND,MN,56017-9742
Elysian Auto Service,TEK,4494,23863514,1050,,3,,STEVE,KETCHAM,7271 435TH AVE,,WATERVILLE,MN,56096-1230
Elysian Auto Service,TEK,4494,27620156,1050,,03,,Cristal,Arrizola,127 SUMMIT PARK,,SAINT PETER,MN,56082-1606
Elysian Auto Service,TEK,4494,28902425,1050,,03,,RAND,HODGMAN,212 CHESTNUT AVE,,MADISON LAKE,MN,56063-2015
Elysian Auto Service,TEK,4494,23860667,1050,,3,,DEANN,BREKKE,48675 191ST AVE,,WATERVILLE,MN,56096-4103
Elysian Auto Service,TEK,4494,23860032,1050,,03,,STEVEN J.,MOE,PO BOX 333,,ELYSIAN,MN,56028-0333
Elysian Auto Service,TEK,4494,23861860,1050,,3,,CHRIS,JACKSON,6211 437TH AVE,,JANESVILLE,MN,56048-1238
Elysian Auto Service,TEK,4494,23862321,1050,,3,,JIM,MARTIN,906 N SHORE DR,,WATERVILLE,MN,56096-1004
Elysian Auto Service,TEK,4494,23860289,1050,,3,,KELLY P,STANGLER,42777 ELYSIAN LAKE RD W,,ELYSIAN,MN,56028-1006
Elysian Auto Service,TEK,4494,29548112,1050,,03,,GAVIN,HELD,40993 REEDS LAKE RD,,JANESVILLE,MN,56048-1226
Elysian Auto Service,TEK,4494,23863440,1050,,3,,KAREN,SPERL,PO BOX 284,,ELYSIAN,MN,56028-0284
Elysian Auto Service,TEK,4494,23861501,1050,,3,,DON,SIMES,221 BUCHANNON ST N,,WATERVILLE,MN,56096-1128
Elysian Auto Service,TEK,4494,23861711,1050,,3,,PAT,NUSBAUM,PO BOX 1,,ELYSIAN,MN,56028-0001
Elysian Auto Service,TEK,4494,23862928,1050,,03,,DALE,SEATH,200 JAMES DR,,ELYSIAN,MN,56028-1209
Elysian Auto Service,TEK,4494,23862728,1050,,03,,TODD,NORTON,39187 150TH ST,,WASECA,MN,56093-4205
Elysian Auto Service,TEK,4494,23861715,1050,,3,,TRISHA,WETZEL,511 E 1ST ST,,JANESVILLE,MN,56048-9212
Elysian Auto Service,TEK,4494,23861340,1050,,3,,SHARON,PETERSON,PO BOX 204,,LE CENTER,MN,56057-0204
Elysian Auto Service,TEK,4494,23863673,1050,,3,,MARK,MUELLERLEILE,51733 231ST AVE,,ELYSIAN,MN,56028-4469
Elysian Auto Service,TEK,4494,23861391,1050,,3,,CHARLIE,SKLUZACEK,6244 437TH AVE,,JANESVILLE,MN,56048-1238
Elysian Auto Service,TEK,4494,23861079,1050,,3,,DAVID,VENDT,PO BOX 153,,ELYSIAN,MN,56028-0153
Elysian Auto Service,TEK,4494,23861210,1050,,3,,LARRY,GILMORE,43589 95TH ST,,WATERVILLE,MN,56096-1382
Elysian Auto Service,TEK,4494,23863598,1050,,3,,RON,SIMONSON,PO BOX 534,,ELYSIAN,MN,56028-0534
Elysian Auto Service,TEK,4494,23861274,1050,,3,,MARSHAL,ROBECK,21529 PRINCE ALBERT CT,,LEESBURG,FL,34748-7935
Elysian Auto Service,TEK,4494,23861905,1050,,3,,TRAVIS,DORAN,400 NELSON ST,,JANESVILLE,MN,56048-4501
Elysian Auto Service,TEK,4494,23860601,1050,,3,,DAWN,SKINNER,PO BOX 501,,ELYSIAN,MN,56028-0501
Elysian Auto Service,TEK,4494,23861965,1050,,3,,MICHAEL,ZIMMERMAN,45305 RICE LAKE RD,,LE CENTER,MN,56057-4043
