Shop Name,Software,SID,CID,WSID,WCID,MBdayMo,TBdayMo,First,Last,Address,Address2,City,St,Zip
East Rock Auto Repair,TEK,1216,7000837,1051,,,9,CAROLINE,MAGAVERN,216 DWIGHT ST,,NEW HAVEN,CT,06511-4505
East Rock Auto Repair,TEK,1216,6995919,1051,,,9,DANIEL,REES,123 YORK ST APT 207,,NEW HAVEN,CT,06511-5614
East Rock Auto Repair,TEK,1216,6995858,1051,,,9,REBECCA,BLAND,266 WILLOW ST APT 2,,NEW HAVEN,CT,06511-2426
East Rock Auto Repair,TEK,1216,8645057,1051,,,9,KIM,MARTIN,125 PUTNAM AVE,,HAMDEN,CT,06517-2875
East Rock Auto Repair,TEK,1216,9663668,1051,,,3,ROBIN,GOSNELL,31 ELM LN,,PRINCETON,NJ,08540-6741
East Rock Auto Repair,TEK,1216,9659919,1051,,,3,MARY CAROLE,OVERHOLT,78 OLIVE ST,,NEW HAVEN,CT,06511-6981
East Rock Auto Repair,TEK,1216,10129178,1051,,,9,SUBASH,GAUTAM,107 COTTAGE ST,,NEW HAVEN,CT,06511-2465
East Rock Auto Repair,TEK,1216,10122517,1051,,,3,LILI,CHEN,62 WEBB ST,,HAMDEN,CT,06517-3923
East Rock Auto Repair,TEK,1216,6995973,1051,,,9,PETER,BRITTON,28 PEARL ST,,NEW HAVEN,CT,06511-5282
East Rock Auto Repair,TEK,1216,10298576,1051,,,9,JONATHON,SANTAN,574 GEORGE ST,,NEW HAVEN,CT,06511-5367
East Rock Auto Repair,TEK,1216,10298837,1051,,,3,UMA,DWIVEDI,8 EDGEWOOD AVE,,NEW HAVEN,CT,06511-4744
East Rock Auto Repair,TEK,1216,10429725,1051,,,9,KEISHANDA,PHILLIPS,119 BLAKE ST,,NEW HAVEN,CT,06511-2972
East Rock Auto Repair,TEK,1216,10289959,1051,,,9,TW,BRANHAM,42 ELLSWORTH AVE,,NEW HAVEN,CT,06511-4298
East Rock Auto Repair,TEK,1216,6999532,1051,,,9,HENRY,MATTINGLY,180 WILLOW ST,,NEW HAVEN,CT,06511-5500
East Rock Auto Repair,TEK,1216,10960813,1051,,,9,TYLER,GODEK,1320 YORK AVE APT 28E,,NEW YORK,NY,10021-4875
East Rock Auto Repair,TEK,1216,11281191,1051,,,9,MAX,SCHRECK,858 ORANGE ST,,NEW HAVEN,CT,06511-2510
East Rock Auto Repair,TEK,1216,11408769,1051,,,3,PRAKASH,PEGADALA,847 STATE ST,,NEW HAVEN,CT,06511-5533
East Rock Auto Repair,TEK,1216,11735051,1051,,,9,AMBER,VANNAMAN,433 WHITNEY AVE,,NEW HAVEN,CT,06511-2375
East Rock Auto Repair,TEK,1216,11741483,1051,,,9,RACHAEL,LOBE,77 EDWARDS ST,,NEW HAVEN,CT,06511-7366
East Rock Auto Repair,TEK,1216,8445898,1051,,,9,FAN,JIANG,74 CANNER ST,,NEW HAVEN,CT,06511-2506
East Rock Auto Repair,TEK,1216,12475179,1051,,,3,BRIANA,FENANDEZ,155 PARK RD,,HAMDEN,CT,06517-3846
East Rock Auto Repair,TEK,1216,12663097,1051,,,9,TOLA,OLAMIDE,537 PROSPECT ST,,NEW HAVEN,CT,06511-2132
East Rock Auto Repair,TEK,1216,12830662,1051,,,3,WILLIAM,VESTER,304 NICOLL ST,,NEW HAVEN,CT,06511-2643
East Rock Auto Repair,TEK,1216,12935860,1051,,,3,AMANDA,LINDO,40 PROSPECT AVE,,NORWALK,CT,06850-3737
East Rock Auto Repair,TEK,1216,12149973,1051,,,3,MARGARIDA,AGROCHAO,120 FOSTER ST,,NEW HAVEN,CT,06511-2655
East Rock Auto Repair,TEK,1216,6994679,1051,,,3,HIROMITSU,ASASHIMA,114 CANNER ST APT 3,,NEW HAVEN,CT,06511-2202
East Rock Auto Repair,TEK,1216,13839731,1051,,,3,JUSTICE,BERRIOS,18 RIDGE ST,,NEW HAVEN,CT,06511-2714
East Rock Auto Repair,TEK,1216,6994855,1051,,,3,ADAM,KRYSZTOFIAK,32 SCOTT RD # A,,PROSPECT,CT,06712-1332
East Rock Auto Repair,TEK,1216,11285087,1051,,,3,RUDOLPH,HAGWOOD,125 COLEMAN ST,,WEST HAVEN,CT,06516-3200
East Rock Auto Repair,TEK,1216,15445651,1051,,,9,TIM,SPRATLIN,140 WOODSIDE GRN APT 1,,STAMFORD,CT,06905-4928
East Rock Auto Repair,TEK,1216,15775283,1051,,,3,MIRIAM,ROBINSON,1050 STATE ST,,NEW HAVEN,CT,06511-2762
East Rock Auto Repair,TEK,1216,15912312,1051,,,3,CAITLYN,HAMM,367 ORANGE ST,,NEW HAVEN,CT,06511-6449
East Rock Auto Repair,TEK,1216,14528039,1051,,,9,BRANDON,WIMDUSH,257 FORBES AVE,,NEW HAVEN,CT,06512-1615
East Rock Auto Repair,TEK,1216,13325956,1051,,,9,ADAM,PAPROTA,820 ORANGE ST,,NEW HAVEN,CT,06511-2567
East Rock Auto Repair,TEK,1216,11699870,1051,,,3,HENRY,BIRDSEY,63 EDWARDS ST,,NEW HAVEN,CT,06511-3942
East Rock Auto Repair,TEK,1216,16386119,1051,,,9,JOSHUA,EHLEBRACHT,152 WILLARD ST,,NEW HAVEN,CT,06515-2030
East Rock Auto Repair,TEK,1216,16403644,1051,,,9,HANNA,DEBORD,PO BOX 201793,,NEW HAVEN,CT,06520-1793
East Rock Auto Repair,TEK,1216,16512656,1051,,,9,NICK,BENDER,15 PENDLETON ST # 3,,NEW HAVEN,CT,06511-4038
East Rock Auto Repair,TEK,1216,9349593,1051,,,3,GRACE,LOWE,20 AVON ST,,NEW HAVEN,CT,06511-2523
East Rock Auto Repair,TEK,1216,15544925,1051,,,9,GRETCHEN,LONG,245 BRADLEY ST,,NEW HAVEN,CT,06510-1111
East Rock Auto Repair,TEK,1216,18309811,1051,,,3,SHAUN,PIERSON,188 DWIGHT ST,,NEW HAVEN,CT,06511-4503
East Rock Auto Repair,TEK,1216,18315687,1051,,,9,SHREYA,SHAH,22 GOLD ST,,NEW HAVEN,CT,06519-1640
East Rock Auto Repair,TEK,1216,18342876,1051,,,9,HAMID,ATIQULLO,325 HUMPHREY ST,,NEW HAVEN,CT,06511-4877
East Rock Auto Repair,TEK,1216,18465806,1051,,,3,VIVIAN,BI,113 CANNER ST,,NEW HAVEN,CT,06511-2201
East Rock Auto Repair,TEK,1216,18445356,1051,,,3,KAREN,CHEN,76 MANSFIELD ST,,NEW HAVEN,CT,06511-3514
East Rock Auto Repair,TEK,1216,19765865,1051,,,9,JOHNATHAN,SMITH,13 S STATE ST,,NEWTOWN,PA,18940-3506
East Rock Auto Repair,TEK,1216,19272844,1051,,,9,LAUREN,BLAZING,66 ORANGE ST,,NEW HAVEN,CT,06510-3141
East Rock Auto Repair,TEK,1216,19999239,1051,,,3,DAVID,MILANO,1050 STATE ST,,NEW HAVEN,CT,06511-2762
East Rock Auto Repair,TEK,1216,20286969,1051,,,9,SUNEEL,AGERWALA,57 WILLIAM ST,,NEW HAVEN,CT,06511-5097
East Rock Auto Repair,TEK,1216,20415110,1051,,,9,SHANIECE,PEARSON,400 ELM ST,,NEW HAVEN,CT,06511-7030
East Rock Auto Repair,TEK,1216,7000621,1051,,,9,DAVID,MCDONALD,31 OAK MANOR LN,,PITTSFORD,NY,14534-1433
East Rock Auto Repair,TEK,1216,21686578,1051,,,9,Edwidge,Frasier,18 HAZEL ST,,NEW HAVEN,CT,06511-1975
East Rock Auto Repair,TEK,1216,22095044,1051,,,9,Laura,Abreu,453 QUINNIPIAC AVE,,NEW HAVEN,CT,06513-4465
East Rock Auto Repair,TEK,1216,21671107,1051,,,9,John,Ralston,153 COLD SPRING ST APT 4,,NEW HAVEN,CT,06511-2241
East Rock Auto Repair,TEK,1216,22177935,1051,,,3,Celia,Arsen,227 FOUNTAIN ST,,NEW HAVEN,CT,06515-1901
East Rock Auto Repair,TEK,1216,22446271,1051,,,3,Min,Silvestre,131 BRADLEY ST,,NEW HAVEN,CT,06511-6224
East Rock Auto Repair,TEK,1216,22667726,1051,,,3,Shayan,Hosseinzadeh,74 PEARL ST,,NEW HAVEN,CT,06511-3811
East Rock Auto Repair,TEK,1216,8641274,1051,,,9,MARIA,JIANG,98 AVON ST,,NEW HAVEN,CT,06511-2423
East Rock Auto Repair,TEK,1216,22798866,1051,,,3,Elliot,Mac,173 EDWARDS ST,,NEW HAVEN,CT,06511-3789
East Rock Auto Repair,TEK,1216,18613025,1051,,,3,KYLE,SORKNESS,142 EDWARDS ST,,NEW HAVEN,CT,06511-3918
East Rock Auto Repair,TEK,1216,11702849,1051,,,3,KODIE,DAIGLE,750 ORANGE ST,,NEW HAVEN,CT,06511-5509
East Rock Auto Repair,TEK,1216,11210737,1051,,,3,MORGAN,FREEMAN,192 FOSTER ST # NEW,,NEW HAVEN,CT,06511-2660
East Rock Auto Repair,TEK,1216,23339633,1051,,,9,Emma,Leblanc,205 CHURCH ST,,NEW HAVEN,CT,06510-1805
East Rock Auto Repair,TEK,1216,23894862,1051,,,3,Lawrence,Gallina,813 ORANGE ST,,NEW HAVEN,CT,06511-2867
East Rock Auto Repair,TEK,1216,23868339,1051,,,3,Liam,Kaplan,70 HOWE ST APT 105,,NEW HAVEN,CT,06511-4628
East Rock Auto Repair,TEK,1216,24147052,1051,,,9,Pete,Marquez,426 RIDGEFIELD AVE,,BRIDGEPORT,CT,06610-2817
East Rock Auto Repair,TEK,1216,24218794,1051,,,9,Grace,Nagle,49 ROSE ST APT 109,,BRANFORD,CT,06405-3795
East Rock Auto Repair,TEK,1216,24393609,1051,,,9,Claire,Sobaski,229 DWIGHT ST,,NEW HAVEN,CT,06511-4504
East Rock Auto Repair,TEK,1216,24076077,1051,,,9,Yash,Gaudan,385 PUTNAM AVE,,HAMDEN,CT,06517-2781
East Rock Auto Repair,TEK,1216,10973297,1051,,,3,KEVIN,WILSON,1050 STATE ST,,NEW HAVEN,CT,06511-2762
East Rock Auto Repair,TEK,1216,24661436,1051,,,3,Xiao,Xiao,174 HIGHLAND ST,,NEW HAVEN,CT,06511-2059
East Rock Auto Repair,TEK,1216,27615793,1051,,,9,Sandra,Villavicencio,9 HUDSON ST,,NORWALK,CT,06851-2705
East Rock Auto Repair,TEK,1216,28317667,1051,,,9,Nadia,Koryamnikova,47 HILTON AVE,,EAST HAVEN,CT,06512-3533
East Rock Auto Repair,TEK,1216,28449564,1051,,,9,Natalina,Schappach,545 5TH AVE,,NEW YORK,NY,10017-3609
East Rock Auto Repair,TEK,1216,22840589,1051,,,9,Michael,Garza,66 ORANGE ST APT 523,,NEW HAVEN,CT,06510-3144
East Rock Auto Repair,TEK,1216,28933730,1051,,,3,Chris,Dickerson,500 MAIN ST,,EAST HAVEN,CT,06512-2760
East Rock Auto Repair,TEK,1216,29328809,1051,,,9,Balen,Hernandez,149 FOSTER ST,,NEW HAVEN,CT,06511-3085
East Rock Auto Repair,TEK,1216,6994801,1051,,,9,Daniela,Morales,40 RIDGE RD,,HAMDEN,CT,06517-3506
East Rock Auto Repair,TEK,1216,8367289,1051,,,9,MATTHEW,PETERSON,83 MULBERRY HL,,HAMDEN,CT,06517-3531
East Rock Auto Repair,TEK,1216,6995058,1051,,,9,ANNA,DUNHAM,62 LYON ST,,NEW HAVEN,CT,06511-4927
East Rock Auto Repair,TEK,1216,24398081,1051,,,3,Kate,Oconnor,150 WILLOW ST,,NEW HAVEN,CT,06511-2640
East Rock Auto Repair,TEK,1216,8813356,1051,,,3,CATHERINE,WRIGHT,168 BRADLEY ST,,NEW HAVEN,CT,06511-6211
East Rock Auto Repair,TEK,1216,31254487,1051,,,9,Brooke,Schrickel,240 CONGRESS AVE APT 206,,NEW HAVEN,CT,06519-1402
East Rock Auto Repair,TEK,1216,31387249,1051,,,3,Andrew,Ton,33 PEARL ST,,NEW HAVEN,CT,06511-8825
East Rock Auto Repair,TEK,1216,17021414,1051,,,9,Mara,Macdonell,294 HUMPHREY ST,,NEW HAVEN,CT,06511-7347
East Rock Auto Repair,TEK,1216,32005974,1051,,,9,Russel,Dirienzo,101 HARRISON ST,,NEW HAVEN,CT,06515-1724
East Rock Auto Repair,TEK,1216,22907345,1051,,,3,Hannah,Schiller,577 ORANGE ST,,NEW HAVEN,CT,06511-3820
East Rock Auto Repair,TEK,1216,24217822,1051,,,3,Josh,Lefkow,45 NASH ST,,NEW HAVEN,CT,06511-2671
East Rock Auto Repair,TEK,1216,15910272,1051,,,3,MICHELLE,DICKEY,453 WHITNEY AVE,,NEW HAVEN,CT,06511-2361
East Rock Auto Repair,TEK,1216,27836034,1051,,,3,Petra,Wakker,100 EDWARDS ST,,NEW HAVEN,CT,06511-3940
East Rock Auto Repair,TEK,1216,21162357,1051,,,9,Georgia,Pappano,738 WHITNEY AVE APT 3,,NEW HAVEN,CT,06511-1303
East Rock Auto Repair,TEK,1216,12454135,1051,,,9,MD AFJALUS,SIRAJ,1476 CHAPEL ST,,NEW HAVEN,CT,06511-4321
East Rock Auto Repair,TEK,1216,32677866,1051,,,9,Rafael,Vjarres,517 PROSPECT ST,,NEW HAVEN,CT,06511-2128
East Rock Auto Repair,TEK,1216,33955998,1051,,,9,Victor,Olmos,376 WHITNEY AVE,apt 3,NEW HAVEN,CT,06511-2371
East Rock Auto Repair,TEK,1216,34128705,1051,,,3,Oscar,Carmona,24 STONEGATE,,BRANFORD,CT,06405-4363
East Rock Auto Repair,TEK,1216,34326707,1051,,,3,Mohamed,Bouthakour,170 LINDEN ST,,NEW HAVEN,CT,06511-2462
East Rock Auto Repair,TEK,1216,22492798,1051,,,3,Marc,Bertoni,8644 SOMERSET ST,,JAMAICA,NY,11432-2315
East Rock Auto Repair,TEK,1216,35592658,1051,,,3,Erin,Shives,294 HUMPHREY ST APT 2,,NEW HAVEN,CT,06511-7347
East Rock Auto Repair,TEK,1216,23897013,1051,,,3,Mollie,Finnegan,367 ELM ST,,NEW HAVEN,CT,06511-4746
East Rock Auto Repair,TEK,1216,35825790,1051,,,3,Cooper,Dickerson,12477 COUNTY ROAD 438,,MERKEL,TX,79536-3707
East Rock Auto Repair,TEK,1216,35588674,1051,,,9,Clark,Fisher,116 FOSTER ST,,NEW HAVEN,CT,06511-2655
East Rock Auto Repair,TEK,1216,20748175,1051,,,3,Jess,Jones,821 ORANGE ST,,NEW HAVEN,CT,06511-2507
East Rock Auto Repair,TEK,1216,36028137,1051,,,3,Beatrice,Peccerillo,939 ELM ST,1,NEW HAVEN,CT,06511-4057
East Rock Auto Repair,TEK,1216,36061821,1051,,,9,Aurela,Ulaj,209 GREENE ST,,NEW HAVEN,CT,06511-6936
East Rock Auto Repair,TEK,1216,36048755,1051,,,9,Mike,Marone,373 LAUREL ST,,EAST HAVEN,CT,06512-1547
East Rock Auto Repair,TEK,1216,36068785,1051,,,9,Alex,Lam,532 WHITNEY AVE,,NEW HAVEN,CT,06511-2217
East Rock Auto Repair,TEK,1216,36221900,1051,,,3,Michael,Swellander,616 PROSPECT ST,,NEW HAVEN,CT,06511-2004
East Rock Auto Repair,TEK,1216,36194645,1051,,,3,Brenda,Ricardson,7 WESTERLEIGH RD,,NEW HAVEN,CT,06515-1506
East Rock Auto Repair,TEK,1216,36354054,1051,,,3,Dan,Greene,99 CLARK ST,,NEW HAVEN,CT,06511-3803
East Rock Auto Repair,TEK,1216,36276625,1051,,,3,Sam,Panitch,63 EDWARDS ST,,NEW HAVEN,CT,06511-3942
East Rock Auto Repair,TEK,1216,36578184,1051,,,9,Jacky,Firichantho,196 CROWN ST APT 305,,NEW HAVEN,CT,06510-2708
East Rock Auto Repair,TEK,1216,14032091,1051,,,9,Brendan,Powers,354 CANNER ST,,NEW HAVEN,CT,06511-2246
East Rock Auto Repair,TEK,1216,11242631,1051,,,9,SARA,FARAONE,386 PROSPECT ST,,NEW HAVEN,CT,06511-2100
East Rock Auto Repair,TEK,1216,36604008,1051,,,3,Hyunjae,Ryu,1050 STATE ST,,NEW HAVEN,CT,06511-2762
East Rock Auto Repair,TEK,1216,6995981,1051,,,3,Pamela,Caudill,2 MANSFIELD GROVE RD APT U-170,,EAST HAVEN,CT,06512-4806
East Rock Auto Repair,TEK,1216,36923521,1051,,,9,Ervin,Simmons,107 NEWCASTLE DR,,HAMDEN,CT,06514-3311
