Shop Name,Software,SID,CID,WSID,WCID,MBdayMo,TBdayMo,First,Last,Address,Address2,City,St,Zip
East Rock Auto Repair,TEK,1216,6993687,1051,,9,,SUSAN,O'LEARY,9 PINE ST,,NEW HAVEN,CT,06513-3236
East Rock Auto Repair,TEK,1216,9229400,1051,,9,,CLARE,DIGNAN,248 EDGEWOOD AVE,,NEW HAVEN,CT,06511-4107
East Rock Auto Repair,TEK,1216,9571113,1051,,9,,MERCY,O'BOURKE,39 GOODRICH ST,,NEW HAVEN,CT,06517-3202
East Rock Auto Repair,TEK,1216,7983226,1051,,9,,ILANA,KAMBER,35 ELD ST,,NEW HAVEN,CT,06511-5393
East Rock Auto Repair,TEK,1216,10121945,1051,,9,,KAELA,KELLY,199 NICOLL ST,,NEW HAVEN,CT,06511-2623
East Rock Auto Repair,TEK,1216,6995996,1051,,9,,JOHNATHAN,WEIL,90 EVERIT ST,,NEW HAVEN,CT,06511-1321
East Rock Auto Repair,TEK,1216,10283757,1051,,9,,DENNIS,MELTON,149 WASHINGTON AVE,,WEST HAVEN,CT,06516-6057
East Rock Auto Repair,TEK,1216,10299993,1051,,9,,TERRY,LOWE,2343 MASTLANDS DR,,OAKLAND,CA,94611-2713
East Rock Auto Repair,TEK,1216,10789336,1051,,9,,MONA,BERMAN,78 LYON ST,,NEW HAVEN,CT,06511-4927
East Rock Auto Repair,TEK,1216,10879541,1051,,9,,Chris,Londa,PO BOX 1045,Apt 2,EAST ORLEANS,MA,02643-1045
East Rock Auto Repair,TEK,1216,10573737,1051,,9,,SARAH,FRIEDMAN,20 COURT ST,,NEW HAVEN,CT,06511-6921
East Rock Auto Repair,TEK,1216,9352813,1051,,9,,BETH ANNE,LALIBERTE,11 SUSAN LN,,NORTH HAVEN,CT,06473-1930
East Rock Auto Repair,TEK,1216,11556107,1051,,9,,LANI,CHANG,1230 SOUTHFIELD CT,,DAVIS,CA,95616-5728
East Rock Auto Repair,TEK,1216,11699916,1051,,9,,LEAH,OSBOURNE,38 SHAD ROW,,SUFFIELD,CT,06078-1922
East Rock Auto Repair,TEK,1216,6999742,1051,,9,,DAVID,MILEY,344 MUNSON ST,,NEW HAVEN,CT,06511-3343
East Rock Auto Repair,TEK,1216,11741600,1051,,9,,MATT,BRUNDAGE,81 NICOLL ST,,NEW HAVEN,CT,06511-2621
East Rock Auto Repair,TEK,1216,7000047,1051,,9,,ROBERT,ELLIS,7 W PARK AVE,,NEW HAVEN,CT,06511-4041
East Rock Auto Repair,TEK,1216,6994888,1051,,9,,DAN,KNIGHT,75 WESTWOOD RD,,NEW HAVEN,CT,06515-2226
East Rock Auto Repair,TEK,1216,12007598,1051,,9,,KARAM,SHEBAN,235 LAWRENCE ST,,NEW HAVEN,CT,06511-2491
East Rock Auto Repair,TEK,1216,12149901,1051,,9,,KAYLA,MATHEUS,285 HUMPHREY ST,,NEW HAVEN,CT,06511-4879
East Rock Auto Repair,TEK,1216,12936247,1051,,9,,JESSICA,GIANFREDI,17 MANILA AVE,,WOODBRIDGE,CT,06525-2349
East Rock Auto Repair,TEK,1216,6995864,1051,,9,,JESSICA,MISSIOS,36 CHRISTMAS HILL RD,,GUILFORD,CT,06437-1055
East Rock Auto Repair,TEK,1216,13302619,1051,,9,,BENEDICTE,KALALA,826 ELM ST,,NEW HAVEN,CT,06511-4010
East Rock Auto Repair,TEK,1216,14371831,1051,,9,,MIKAELA,STARTUP,14 BARRY RD,,PLYMOUTH,CT,06782-2104
East Rock Auto Repair,TEK,1216,14947301,1051,,9,,JUSTINE,FORD,171 HELEN ST,,HAMDEN,CT,06514-4415
East Rock Auto Repair,TEK,1216,15286858,1051,,9,,MICHAEL,BAICKER,2939 CHASE ST,,WHEAT RIDGE,CO,80214-8435
East Rock Auto Repair,TEK,1216,15448644,1051,,9,,TYLER,CLAXTON,98 WEBSTER ST,,NEW HAVEN,CT,06511-3320
East Rock Auto Repair,TEK,1216,6994499,1051,,9,,STEFANIE,GILLSON,302 NICOLL ST,,NEW HAVEN,CT,06511-2643
East Rock Auto Repair,TEK,1216,6994817,1051,,9,,MORGAN,GOHEEN,1050 STATE ST APT 524,,NEW HAVEN,CT,06511-2778
East Rock Auto Repair,TEK,1216,16724931,1051,,9,,Richard,Almonte,412 FERRY ST,,NEW HAVEN,CT,06513-3655
East Rock Auto Repair,TEK,1216,7000891,1051,,09,,ANGELA,LEMIRE,220 LAWRENCE ST APT 1,,NEW HAVEN,CT,06511-2452
East Rock Auto Repair,TEK,1216,7000909,1051,,9,,ANNIE,HALL,17847 LUNNONHAUS DR APT 11,,GOLDEN,CO,80401-2625
East Rock Auto Repair,TEK,1216,15295708,1051,,9,,GARETH,HILL,36 NASH ST,,NEW HAVEN,CT,06511-2616
East Rock Auto Repair,TEK,1216,18340554,1051,,9,,TERRY,SMITH,38 READ ST,,NEW HAVEN,CT,06511-1121
East Rock Auto Repair,TEK,1216,6999932,1051,,9,,DARREN,PETERSON,69 FOSTER ST,,NEW HAVEN,CT,06511-2607
East Rock Auto Repair,TEK,1216,21187213,1051,,9,,Everette,Hill,35 URSINI DR,,HAMDEN,CT,06514-2725
East Rock Auto Repair,TEK,1216,17292269,1051,,9,,CATHERINE,MWAI,301 MANSFIELD ST,,NEW HAVEN,CT,06511-2052
East Rock Auto Repair,TEK,1216,7000645,1051,,9,,JAMES,HAMMETT,573 DIXWELL AVE APT 13,Complete Pest Control LLC-1,NEW HAVEN,CT,06511-1752
East Rock Auto Repair,TEK,1216,6998026,1051,,9,,LAINE,HARRIS,18 TURNER AVE,,HAMDEN,CT,06517-2715
East Rock Auto Repair,TEK,1216,6995974,1051,,9,,JULIA,SMITH,95 E ROCK RD,,NEW HAVEN,CT,06511-1341
East Rock Auto Repair,TEK,1216,6996416,1051,,9,,JIM,FARNAM,86 COTTAGE ST,,NEW HAVEN,CT,06511-2404
East Rock Auto Repair,TEK,1216,18481944,1051,,9,,DEE,OCONNELL,49 STEWART ST,,NEW HAVEN,CT,06512-3618
East Rock Auto Repair,TEK,1216,16141112,1051,,9,,CARLYE,DISTASIO,30 AVON ST,,NEW HAVEN,CT,06511-2566
East Rock Auto Repair,TEK,1216,6997412,1051,,9,,JOHN,CIANCIOLO,500 ORANGE ST,,NEW HAVEN,CT,06511-3808
East Rock Auto Repair,TEK,1216,21383687,1051,,9,,Andrea,Ayala,72 BISHOP ST,,NEW HAVEN,CT,06511-3932
East Rock Auto Repair,TEK,1216,12146922,1051,,9,,KATHERINE,NEEDHAM,511 WHITNEY AVE,,NEW HAVEN,CT,06511-2385
East Rock Auto Repair,TEK,1216,6994343,1051,,9,,ROB,HORN,63 STERLING PARK,,MADISON,CT,06443-2203
East Rock Auto Repair,TEK,1216,24055114,1051,,9,,Jaydon,Gardener,44 AMY DR,,EAST HARTFORD,CT,06108-1801
East Rock Auto Repair,TEK,1216,6999701,1051,,9,,Jordan,Cardenas,187 LINDEN ST APT 2R,,NEW HAVEN,CT,06511-2407
East Rock Auto Repair,TEK,1216,6997855,1051,,9,,MARINE,DEMARCKEN,150 BISHOP ST,,NEW HAVEN,CT,06511-3718
East Rock Auto Repair,TEK,1216,24394664,1051,,9,,Geraldine,Lavin,55 CLARK ST,,NEW HAVEN,CT,06511-3801
East Rock Auto Repair,TEK,1216,25904385,1051,,9,,Nathan,Pagano,1405 CHAPEL ST APT 10,,NEW HAVEN,CT,06511-4414
East Rock Auto Repair,TEK,1216,25961171,1051,,9,,Michael,McElory,200 COLLEGE ST,,NEW HAVEN,CT,06510-2444
East Rock Auto Repair,TEK,1216,17055039,1051,,9,,Nathan,DeMaio,109 CONCORD ST,,NEW HAVEN,CT,06512-4029
East Rock Auto Repair,TEK,1216,25984148,1051,,9,,Marya,Bergloff,15 FOREST PARK DR,,HOLLISTON,MA,01746-3403
East Rock Auto Repair,TEK,1216,27262753,1051,,9,,Madeleine,Hardt,12 CHESTER ST,,LOCUST VALLEY,NY,11560-2222
East Rock Auto Repair,TEK,1216,12479817,1051,,9,,TIFFANY,BRYANT,90 ROCK ST,,NEW HAVEN,CT,06511-2737
East Rock Auto Repair,TEK,1216,6995590,1051,,9,,NICHOLAS,ECONOMOS,54 PARLEY AVE,,JAMAICA PLAIN,MA,02130-2134
East Rock Auto Repair,TEK,1216,27606325,1051,,09,,Christina,Rutland,436 PROSPECT ST,,NEW HAVEN,CT,06511-2123
East Rock Auto Repair,TEK,1216,6994637,1051,,9,,Jack,Mills,21 CLARK ST,,NEW HAVEN,CT,06511-3801
East Rock Auto Repair,TEK,1216,27099710,1051,,9,,Luz,Miranda,1410 STATE ST APT 6,,NEW HAVEN,CT,06511-2752
East Rock Auto Repair,TEK,1216,16159612,1051,,9,,JUSTIN,HAYES,40 RUSSELL ST,,HAMDEN,CT,06517-2015
East Rock Auto Repair,TEK,1216,27528464,1051,,9,,Lisa,Dondy,43 AUTUMN ST,,NEW HAVEN,CT,06511-2220
East Rock Auto Repair,TEK,1216,28912367,1051,,9,,Dezhein,Tucker,374 HUNTINGTON ST,,NEW HAVEN,CT,06511-1107
East Rock Auto Repair,TEK,1216,22084460,1051,,9,,Jonah,Kelly,73 PEARL ST APT 2,,NEW HAVEN,CT,06511-8813
East Rock Auto Repair,TEK,1216,6993726,1051,,9,,Andrew,Smyth,80 CLEVELAND RD,,NEW HAVEN,CT,06515-2707
East Rock Auto Repair,TEK,1216,21696788,1051,,9,,Amanda,Weiss,315 WHITNEY AVE APT 2B,,NEW HAVEN,CT,06511-3788
East Rock Auto Repair,TEK,1216,29978937,1051,,09,,Sam,Schaefer,8 HOLMES RD,,GLASTONBURY,CT,06033-2906
East Rock Auto Repair,TEK,1216,7000947,1051,,9,,BENNIE,FINCH,555 DENSLOW HILL ROAD EXT,,HAMDEN,CT,06514-1844
East Rock Auto Repair,TEK,1216,6999038,1051,,9,,DAMON,CLARK,27 LINDEN ST,,NEW HAVEN,CT,06511-2526
East Rock Auto Repair,TEK,1216,7001117,1051,,9,,JUDITH,LHAMON,24 KING ST,,HAMDEN,CT,06517-2313
East Rock Auto Repair,TEK,1216,30179796,1051,,09,,Briana,Jones,529 EAST ST,,NEW HAVEN,CT,06511-3900
East Rock Auto Repair,TEK,1216,31255777,1051,,09,,Jeffica,Watts,418 SMITH AVE,,NEW HAVEN,CT,06513-1146
East Rock Auto Repair,TEK,1216,6999867,1051,,9,,JOE,RUDY,33 AVON ST APT 2,,NEW HAVEN,CT,06511-2522
East Rock Auto Repair,TEK,1216,29659779,1051,,09,,Nelson,Burnham,12 MERILINE AVE APT 23,,WATERBURY,CT,06705-2923
East Rock Auto Repair,TEK,1216,27856086,1051,,9,,Evelyn,Willett,225 FRONT ST,,NEW HAVEN,CT,06513-3251
East Rock Auto Repair,TEK,1216,7001041,1051,,9,,GAYLE,WALTER,51 LINDEN ST,,NEW HAVEN,CT,06511-2526
East Rock Auto Repair,TEK,1216,7111404,1051,,9,,TAHLISA,BROUGHAM,14 WEBB ST,,HAMDEN,CT,06517-3923
East Rock Auto Repair,TEK,1216,23491622,1051,,9,,Wenfei,Zhou,310 WILLOW ST,,NEW HAVEN,CT,06511-2432
East Rock Auto Repair,TEK,1216,13841812,1051,,9,,Angela,Balcom,710 QUINNIPIAC AVE,,NEW HAVEN,CT,06513-4007
East Rock Auto Repair,TEK,1216,20176010,1051,,9,,GABE,DESMOND,294 HUMPHREY ST,,NEW HAVEN,CT,06511-7347
East Rock Auto Repair,TEK,1216,29664144,1051,,09,,Katie,Hunsberger,36 CHATHAM ST,,NEW HAVEN,CT,06513-3212
East Rock Auto Repair,TEK,1216,33962692,1051,,09,,Victor,Garcia,23 MALTBY PL,,NEW HAVEN,CT,06513-3532
East Rock Auto Repair,TEK,1216,6996900,1051,,09,,Al,Gobel,70 OGDEN ST,,NEW HAVEN,CT,06511-1324
East Rock Auto Repair,TEK,1216,22446940,1051,,9,,Chelsea,O'Donnell,119 FOSTER ST,,NEW HAVEN,CT,06511-2610
East Rock Auto Repair,TEK,1216,6995759,1051,,9,,BENJAMIN,KAPLOW,83 COTTAGE ST # B,,NEW HAVEN,CT,06511-2403
East Rock Auto Repair,TEK,1216,6998907,1051,,9,,Dirk,Bergemann,62 LIVINGSTON ST,,NEW HAVEN,CT,06511-2429
East Rock Auto Repair,TEK,1216,34914746,1051,,09,,Fernado,Santos,275 WINCHESTER AVE APT 418,,NEW HAVEN,CT,06511-2067
East Rock Auto Repair,TEK,1216,35306984,1051,,09,,Charlie,Mason,170 COLD SPRING ST,,NEW HAVEN,CT,06511-2230
East Rock Auto Repair,TEK,1216,10567601,1051,,9,,AARON,PICCIRILLO,106 FOSTER ST,,NEW HAVEN,CT,06511-2655
East Rock Auto Repair,TEK,1216,6992849,1051,,9,,MARK,BRANCH,885 ORANGE ST,,NEW HAVEN,CT,06511-2509
East Rock Auto Repair,TEK,1216,13192823,1051,,9,,CHAD,TALBOOM,128 GREENWICH AVE,,NEW HAVEN,CT,06519-2802
East Rock Auto Repair,TEK,1216,7000910,1051,,9,,DEBORAH,CROWLEY,28 CHATHAM ST,,NEW HAVEN,CT,06513-3212
East Rock Auto Repair,TEK,1216,29544455,1051,,9,,Ronnie,Vollano,5 MOUNTAIN RIDGE TER APT 36,,NEW HAVEN,CT,06513-4750
East Rock Auto Repair,TEK,1216,26191304,1051,,09,,Carlos,Preising,163 HUMPHREY ST,,NEW HAVEN,CT,06511-3905
East Rock Auto Repair,TEK,1216,6994330,1051,,9,,BILL,MEDDICK,337 SUMMIT ST,,NEW HAVEN,CT,06513-4107
East Rock Auto Repair,TEK,1216,6993355,1051,,9,,Pat,Snow,25 FOXON HILL RD,,NEW HAVEN,CT,06513-1103
East Rock Auto Repair,TEK,1216,18331550,1051,,9,,AMY,LANE,141 BIRCHWOOD DR,,HAMDEN,CT,06518-1141
East Rock Auto Repair,TEK,1216,7001229,1051,,9,,Pericles,Lewis,202 PROSPECT ST,,NEW HAVEN,CT,06511-2107
East Rock Auto Repair,TEK,1216,6994948,1051,,9,,MIKE,AFFINITO,6 BRENNAN ST,,EAST HAVEN,CT,06513-2604
