Shop Name,Software,SID,CID,WSID,WCID,MBdayMo,TBdayMo,First,Last,Address,Address2,City,St,Zip
East Rock Auto Repair,TEK,1216,9152894,1051,,3,,MAYA,POLAN,122 LINDEN ST,,NEW HAVEN,CT,06511-2425
East Rock Auto Repair,TEK,1216,9226375,1051,,3,,SHANNON,LEE,127 PENDLETON ST,,NEW HAVEN,CT,06511-2947
East Rock Auto Repair,TEK,1216,7000896,1051,,3,,ELIZABETH,MCDONALD,32 LINDEN ST,,NEW HAVEN,CT,06511-2527
East Rock Auto Repair,TEK,1216,9459264,1051,,3,,LYDIA,JACKSON,194 LAWRENCE ST,,NEW HAVEN,CT,06511-2417
East Rock Auto Repair,TEK,1216,10404378,1051,,3,,SARAH,FITZPATRICK,655 ORANGE ST APT 4,,NEW HAVEN,CT,06511-3861
East Rock Auto Repair,TEK,1216,10783147,1051,,3,,DAVE,PALMER,236 BATES DR,,CHESHIRE,CT,06410-3614
East Rock Auto Repair,TEK,1216,10794918,1051,,3,,Tom,Clemente,790 RUSSELL ST,,NEW HAVEN,CT,06513-3312
East Rock Auto Repair,TEK,1216,7000763,1051,,3,,RICHARD,SCUSSEL,816 THOMPSON ST,,EAST HAVEN,CT,06513-1313
East Rock Auto Repair,TEK,1216,11148439,1051,,3,,STAN,BOYKON,124 BEVERLY RD,,NEW HAVEN,CT,06515-1530
East Rock Auto Repair,TEK,1216,11615327,1051,,3,,SARAH,BILSTEON,82 EDGEHILL RD,,NEW HAVEN,CT,06511-1337
East Rock Auto Repair,TEK,1216,7000836,1051,,3,,UGBOMAH,OBIAJULA,2375 LORILLARD PL,,BRONX,NY,10458-8004
East Rock Auto Repair,TEK,1216,10792817,1051,,3,,ALEXUS,JOHNSON,76 WARREN PL,,NEW HAVEN,CT,06511-2735
East Rock Auto Repair,TEK,1216,11972991,1051,,3,,ROBERT,SELIAN,343 EASTERN ST,,NEW HAVEN,CT,06513-2464
East Rock Auto Repair,TEK,1216,12133421,1051,,3,,ALLISON,MURPHY,591 WHITNEY AVE,,NEW HAVEN,CT,06511-2218
East Rock Auto Repair,TEK,1216,12142485,1051,,3,,ANELISE,ZIMMER,2726 CONNECTICUT AVE NW APT 601,,WASHINGTON,DC,20008-5322
East Rock Auto Repair,TEK,1216,6995890,1051,,3,,TIM,TRAINER,9 ELDRIDGE ST,,NEW HAVEN,CT,06513-4034
East Rock Auto Repair,TEK,1216,12830794,1051,,3,,MARGARET,PELLEY,15 ROSINA RD,,HAMDEN,CT,06514-4515
East Rock Auto Repair,TEK,1216,6999404,1051,,3,,EDMUND,DELGUERCIO,237 COOK RD,,PROSPECT,CT,06712-1822
East Rock Auto Repair,TEK,1216,13425270,1051,,3,,KRISTIN,DEFRANCESCO,23 BUTTERMILK LN,,BRANFORD,CT,06405-2701
East Rock Auto Repair,TEK,1216,13800415,1051,,3,,CHERYL,COVINGTON,2 JOHN WILLIAMSON DR,,NEW HAVEN,CT,06513-2204
East Rock Auto Repair,TEK,1216,15426332,1051,,3,,DERRICK,CORBETT,231 BROOK ST,,HAMDEN,CT,06514-3301
East Rock Auto Repair,TEK,1216,9094655,1051,,3,,Ninasimone,Barrow,425 HUNTINGTON ST,,NEW HAVEN,CT,06511-1108
East Rock Auto Repair,TEK,1216,15907557,1051,,3,,ISABELLA,JOSLIN,198 EDWARDS ST,,NEW HAVEN,CT,06511-3702
East Rock Auto Repair,TEK,1216,16149907,1051,,3,,JANA,ZIELONKA,246 NICOLL ST,,NEW HAVEN,CT,06511-2662
East Rock Auto Repair,TEK,1216,16487486,1051,,3,,GONZALO,DE LA MORA,80 COLD SPRING ST,,NEW HAVEN,CT,06511-2204
East Rock Auto Repair,TEK,1216,11308652,1051,,3,,ELIZA,FAWCETT,322 ATLANTIC AVE APT 5,,BROOKLYN,NY,11201-5824
East Rock Auto Repair,TEK,1216,12932438,1051,,3,,ALBERT,SEMIDEY,40 SHEILA DR APT G,,NEW HAVEN,CT,06511-6021
East Rock Auto Repair,TEK,1216,17042004,1051,,3,,LIAM,MCNAMEE,2900 CONNECTICUT AVE NW,,WASHINGTON,DC,20008-1444
East Rock Auto Repair,TEK,1216,6999860,1051,,3,,CHARLIE,MEAD,321 SAINT JOHN ST,,NEW HAVEN,CT,06511-4975
East Rock Auto Repair,TEK,1216,13700420,1051,,3,,SARA,PAUL,4511 AVENUE G,,AUSTIN,TX,78751-3116
East Rock Auto Repair,TEK,1216,6995925,1051,,03,,ALEXANDRA,GATSIOS,36 COLLEGE AVE APT 37,,SOMERVILLE,MA,02144-1938
East Rock Auto Repair,TEK,1216,6994962,1051,,03,,NOAH,WARD,425 WHITNEY AVE APT 17,,NEW HAVEN,CT,06511-2344
East Rock Auto Repair,TEK,1216,17276370,1051,,3,,SARAH,SILVERGLATE,16 KYLES LN APT 2,,FORT THOMAS,KY,41075-1827
East Rock Auto Repair,TEK,1216,6994493,1051,,3,,CHRISTOPHER,TENG,2 EDGEHILL RD,,NEW HAVEN,CT,06511-1328
East Rock Auto Repair,TEK,1216,6994459,1051,,3,,NOAH,PLANAVSKY,145 BLUE TRL,,HAMDEN,CT,06518-1618
East Rock Auto Repair,TEK,1216,6994426,1051,,3,,DANIEL,NEMES,255 WHITNEY AVE APT 22,,NEW HAVEN,CT,06511-3747
East Rock Auto Repair,TEK,1216,13426282,1051,,3,,LENA,SKAlABAN,3606 FISK AVE,,PHILADELPHIA,PA,19129-1611
East Rock Auto Repair,TEK,1216,6999107,1051,,3,,SHANE,FREDERICK,450 HUMPHREY ST,,NEW HAVEN,CT,06511-3711
East Rock Auto Repair,TEK,1216,19772727,1051,,3,,STEVEN,LAROCCO,764 QUINNIPIAC AVE,,NEW HAVEN,CT,06513-3301
East Rock Auto Repair,TEK,1216,20235702,1051,,03,,Pete,Nuzzo,6 DAMEN DR,,EAST HAVEN,CT,06512-1120
East Rock Auto Repair,TEK,1216,7807393,1051,,3,,SOPHIE,WESTACOTT,8 EDWARDS ST,,NEW HAVEN,CT,06511-3946
East Rock Auto Repair,TEK,1216,19327939,1051,,3,,UNISON,KELNER,85 STILL HILL RD,,HAMDEN,CT,06518-1824
East Rock Auto Repair,TEK,1216,6995947,1051,,3,,PRIYA,WICKRAMARATNE,750 WHITNEY AVE,,NEW HAVEN,CT,06511-1358
East Rock Auto Repair,TEK,1216,20884087,1051,,3,,Dennis,Adams,215 LONG POND RD,,HEWITT,NJ,07421-3121
East Rock Auto Repair,TEK,1216,6997018,1051,,3,,ROB,BOTTI,220 ARGYLE RD,,CHESHIRE,CT,06410-2624
East Rock Auto Repair,TEK,1216,6994866,1051,,3,,JOE,CANTERINO,32 ORCHARD CT,,HAMDEN,CT,06517-2119
East Rock Auto Repair,TEK,1216,6993178,1051,,3,,JAMES,PORTER,1410 STATE ST APT 7,,NEW HAVEN,CT,06511-2752
East Rock Auto Repair,TEK,1216,16139659,1051,,3,,BRIANA,MITCHELL,11400 MOUNTAIN LAKE DR,,ANCHORAGE,AK,99516-1881
East Rock Auto Repair,TEK,1216,22479725,1051,,3,,Courtney,Fennell,15 FOSTER ST,,NEW HAVEN,CT,06511-2605
East Rock Auto Repair,TEK,1216,6995908,1051,,3,,Lauren,Mellenthin,902 STATE ST,,NEW HAVEN,CT,06511-3921
East Rock Auto Repair,TEK,1216,6999672,1051,,3,,RICHARD,CIANFLONE,1074 HARTFORD TPKE,,NORTH HAVEN,CT,06473-3038
East Rock Auto Repair,TEK,1216,22679143,1051,,3,,Dylan,Davidson,31 NASH ST # 1,,NEW HAVEN,CT,06511-2615
East Rock Auto Repair,TEK,1216,23876652,1051,,3,,Dillon,Svoboda,335 ORANGE ST APT 326,,NEW HAVEN,CT,06511-6495
East Rock Auto Repair,TEK,1216,23905286,1051,,3,,John,Leventhal,17 TEMPLE CT,,NEW HAVEN,CT,06511-6820
East Rock Auto Repair,TEK,1216,7000742,1051,,3,,GEOFF,RAAB,77 WOOD CHASE LN,,NORTH BRANFORD,CT,06471-1053
East Rock Auto Repair,TEK,1216,19550415,1051,,3,,RAOUL,HARDING,24 ROCK ST,,NEW HAVEN,CT,06511-2716
East Rock Auto Repair,TEK,1216,25903035,1051,,3,,Marybeth,Baumgartner,123 YORK ST,,NEW HAVEN,CT,06511-5614
East Rock Auto Repair,TEK,1216,26150584,1051,,3,,Terry,Obrien,45 HILLSIDE AVE APT 6,,BRANFORD,CT,06405-3748
East Rock Auto Repair,TEK,1216,27269299,1051,,3,,Thomas,Toles,26 ROSE ST,,HAMDEN,CT,06514-2922
East Rock Auto Repair,TEK,1216,7651795,1051,,3,,FORRESTER,HAMMER,110 LINDEN ST,,NEW HAVEN,CT,06511-2425
East Rock Auto Repair,TEK,1216,27527865,1051,,3,,Dillon,Svoboda,335 ORANGE ST APT 326,,NEW HAVEN,CT,06511-6495
East Rock Auto Repair,TEK,1216,28894146,1051,,3,,Latasha,Mills,44 PARAMOUNT AVE,,HAMDEN,CT,06517-2712
East Rock Auto Repair,TEK,1216,29640768,1051,,3,,Melissa,Muller,123 YORK ST APT 20A,,NEW HAVEN,CT,06511-5686
East Rock Auto Repair,TEK,1216,6995861,1051,,3,,APRIL,CAPONE,140 MILL ST APT 18141,,EAST HAVEN,CT,06512-1087
East Rock Auto Repair,TEK,1216,6997749,1051,,3,,ALLISON,NEAR,90 HIGH ST,,NEW HAVEN,CT,06511-6643
East Rock Auto Repair,TEK,1216,7000786,1051,,3,,NATE,ELMER,70 HOWE ST APT 602,,NEW HAVEN,CT,06511-4682
East Rock Auto Repair,TEK,1216,31657983,1051,,03,,Brandon,Rhynders,1 MEADOW ST,,EAST HAVEN,CT,06512-3510
East Rock Auto Repair,TEK,1216,6992088,1051,,3,,BONNIE,MOELLER,15 ATHOL PL,,HAMDEN,CT,06517-2005
East Rock Auto Repair,TEK,1216,14335640,1051,,3,,Chester,Kilfoyle,114 CANNER ST,,NEW HAVEN,CT,06511-2202
East Rock Auto Repair,TEK,1216,6995785,1051,,3,,PAUL,KLEIN,21 WINCHESTER AVE,,NEW HAVEN,CT,06511-3501
East Rock Auto Repair,TEK,1216,33268370,1051,,03,,Jason,Green,223 FRONT ST,,NEW HAVEN,CT,06513-3211
East Rock Auto Repair,TEK,1216,33524410,1051,,03,,Rosa,Ballenilla,125 HIGHLAND AVE,,EAST HAVEN,CT,06513-1857
East Rock Auto Repair,TEK,1216,7000099,1051,,3,,PAT,SWOPE,3 BRIAR LN,,HAMDEN,CT,06517-4008
East Rock Auto Repair,TEK,1216,6994958,1051,,3,,GIUSEPPE,MOSCARINI,35 SWARTHMORE ST,,HAMDEN,CT,06517-1916
East Rock Auto Repair,TEK,1216,8373490,1051,,3,,Eliza,Mahoney,44 BEECHWOOD LN,,HAMDEN,CT,06511-1205
East Rock Auto Repair,TEK,1216,34006743,1051,,03,,Gianella,Salvaggio,37 LAUREL LN,,WARREN,RI,02885-2224
East Rock Auto Repair,TEK,1216,23903891,1051,,03,,Molly,Mcguire,73 WHITNEY AVE,number 6,NEW HAVEN,CT,06510-1226
East Rock Auto Repair,TEK,1216,6994957,1051,,3,,James,Butler,9 EVERIT ST,,NEW HAVEN,CT,06511-2207
East Rock Auto Repair,TEK,1216,7001526,1051,,3,,KEVIN,MCNAMARA,200 COLONY RD,,NEW HAVEN,CT,06511-1622
East Rock Auto Repair,TEK,1216,11136059,1051,,3,,William,Valvo,79 WARREN ST,2 R,NEW HAVEN,CT,06511-5765
East Rock Auto Repair,TEK,1216,34719544,1051,,03,,Marlon,Williams,451 GEORGE ST,,NEW HAVEN,CT,06511-5410
East Rock Auto Repair,TEK,1216,7000749,1051,,3,,Carl,Gulliver,367 ORANGE ST APT 736,,NEW HAVEN,CT,06511-6465
East Rock Auto Repair,TEK,1216,6995797,1051,,3,,MARCO,RAMOS,558 CHAPEL ST APT 3,,NEW HAVEN,CT,06511-6918
East Rock Auto Repair,TEK,1216,9122325,1051,,3,,MARY,TALBOT,147 LINDEN ST,,NEW HAVEN,CT,06511-2407
East Rock Auto Repair,TEK,1216,6995103,1051,,3,,Debra,Tangarone,12103 TOWN WALK DR,,HAMDEN,CT,06518-3752
East Rock Auto Repair,TEK,1216,11610204,1051,,3,,ELIZABETH,WELLES,88 NOTCH HILL RD,,NORTH BRANFORD,CT,06471-1846
East Rock Auto Repair,TEK,1216,33158818,1051,,03,,Jake,Barker,129 LIVINGSTON ST,,NEW HAVEN,CT,06511-2470
East Rock Auto Repair,TEK,1216,6994720,1051,,3,,MARTIN,BORAK,121 W ELM ST,,NEW HAVEN,CT,06515-2119
