Shop Name,Software,SID,CID,WSID,WCID,MBdayMo,TBdayMo,First,Last,Address,Address2,City,St,Zip
Complete Car Care Encinitas,TEK,4743,27036030,1054,,09,,Allison,Kent,533 S SIERRA AVE UNIT 140,,SOLANA BEACH,CA,92075-2259
Complete Car Care Encinitas,TEK,4743,27037023,1054,,09,,MARK,BLOOMFIELD,982 SANTA HELENA,,SOLANA BEACH,CA,92075-1643
Complete Car Care Encinitas,TEK,4743,27075858,1054,,09,,Melissa,Durant,7899 PASEO TULIPERO,,CARLSBAD,CA,92009-9351
Complete Car Care Encinitas,TEK,4743,27021018,1054,,09,,Dan,Kimmich,2607 PIRINEOS WAY UNIT 302,,CARLSBAD,CA,92009-7336
Complete Car Care Encinitas,TEK,4743,27015476,1054,,09,,Art,Mortensen,831 SUMMERSONG CT,,ENCINITAS,CA,92024-5447
Complete Car Care Encinitas,TEK,4743,27043314,1054,,09,,Theresa,Hawks,PO BOX 50043,,PASADENA,CA,91115-0043
Complete Car Care Encinitas,TEK,4743,27025202,1054,,09,,Arthur,Pawlak,1456 CORAL WAY,,SAN MARCOS,CA,92078-7987
Complete Car Care Encinitas,TEK,4743,27051041,1054,,09,,Darel,Giffin,1485 BEECHTREE RD,,SAN MARCOS,CA,92078-7979
Complete Car Care Encinitas,TEK,4743,27066928,1054,,09,,Elijah,Duncan,18242 SUN MAIDEN CT,,SAN DIEGO,CA,92127-3103
Complete Car Care Encinitas,TEK,4743,27031427,1054,,09,,DANIEL,DROGICHEN,829 HYMETTUS AVE,,ENCINITAS,CA,92024-2150
Complete Car Care Encinitas,TEK,4743,27044282,1054,,09,,NILS,MADDEN,7579 CIRCULO SEQUOIA,,CARLSBAD,CA,92009-8468
Complete Car Care Encinitas,TEK,4743,27078130,1054,,09,,Alexander,Inda,4592 PARKS AVE,,LA MESA,CA,91942-8850
Complete Car Care Encinitas,TEK,4743,27021984,1054,,09,,RONALD,BUSICK,4474 ENDERS ST,,ORLANDO,FL,32814-6021
Complete Car Care Encinitas,TEK,4743,27038253,1054,,09,,Rick,Soto,7311 ALICANTE RD APT C,,CARLSBAD,CA,92009-6228
Complete Car Care Encinitas,TEK,4743,27038471,1054,,09,,Janet,Hart,299 COUNTRYHAVEN RD,,ENCINITAS,CA,92024-3106
Complete Car Care Encinitas,TEK,4743,27030670,1054,,09,,Nick,Brackett,26022 CAMINO ADELANTO,,MISSION VIEJO,CA,92691-3242
Complete Car Care Encinitas,TEK,4743,27041700,1054,,09,,ANTHONY,VIGIERI,6869 CATAMARAN DR,,CARLSBAD,CA,92011-3218
Complete Car Care Encinitas,TEK,4743,27059363,1054,,09,,Sandra,Houston,404 MARVIEW DR,,SOLANA BEACH,CA,92075-1326
Complete Car Care Encinitas,TEK,4743,27068207,1054,,09,,Amanda,Smith,7777 CAMINITO MONARCA,,CARLSBAD,CA,92009-8545
Complete Car Care Encinitas,TEK,4743,27071229,1054,,09,,Robert,Frame,94 W BLUE RIDGE WAY,,CHANDLER,AZ,85248-5313
Complete Car Care Encinitas,TEK,4743,27017913,1054,,09,,ADAM,BINZAK,15705 CONCORD RIDGE TER,,SAN DIEGO,CA,92127-4159
Complete Car Care Encinitas,TEK,4743,27050840,1054,,09,,Marc,Thiebach,1052 LA REINA DR,,SAN MARCOS,CA,92078-1347
Complete Car Care Encinitas,TEK,4743,27077763,1054,,09,,Connor,Obrien,2123 SEA VILLAGE CIR,,CARDIFF BY THE SEA,CA,92007-1200
Complete Car Care Encinitas,TEK,4743,27075855,1054,,09,,TOM,SULLIVAN,5622 CAMINO ESMERADO,,RANCHO SANTA FE,CA,92091-4377
Complete Car Care Encinitas,TEK,4743,27069446,1054,,09,,Chris,Gordon,7312 BINNACLE DR,,CARLSBAD,CA,92011-4680
Complete Car Care Encinitas,TEK,4743,27055201,1054,,09,,Abraham,Turner,2409 HAAS ST,,ESCONDIDO,CA,92025-7601
Complete Car Care Encinitas,TEK,4743,27076599,1054,,09,,Teresa,Eichelberger,3443 CALLE ODESSA,,CARLSBAD,CA,92009-8626
Complete Car Care Encinitas,TEK,4743,27054373,1054,,09,,David,Hille,5035 SARATOGA AVE APT 1,,SAN DIEGO,CA,92107-4818
Complete Car Care Encinitas,TEK,4743,27073896,1054,,09,,Alex,Belcastro,1416 RANCHO ENCINITAS DR,,ENCINITAS,CA,92024-7030
Complete Car Care Encinitas,TEK,4743,27014803,1054,,09,,Clifton,Stanton,407 COUNTRYWOOD LN,,ENCINITAS,CA,92024-5408
Complete Car Care Encinitas,TEK,4743,27052778,1054,,09,,Santosh,Arya,521 AVENIDA PRIMAVERA,,DEL MAR,CA,92014-2422
Complete Car Care Encinitas,TEK,4743,27026327,1054,,09,,Patricia,Goins,2011 WOODMOSS CT,,ENCINITAS,CA,92024-1924
Complete Car Care Encinitas,TEK,4743,27035965,1054,,09,,ARDELL,PETERS,1545 LA CASITA DR,,SAN MARCOS,CA,92078-4723
Complete Car Care Encinitas,TEK,4743,27020333,1054,,09,,SUE,BULICEK,PO BOX 1996,,RANCHO SANTA FE,CA,92067-1996
Complete Car Care Encinitas,TEK,4743,27018141,1054,,09,,Melissa,Laurenson,1150 BALOUR DR,,ENCINITAS,CA,92024-3912
Complete Car Care Encinitas,TEK,4743,27058746,1054,,09,,Steven,Boehone,1904 CIRCLE PARK LN,,ENCINITAS,CA,92024-1928
Complete Car Care Encinitas,TEK,4743,27022746,1054,,09,,DAVID,FRIEDMAN,442 JOLINA WAY,,ENCINITAS,CA,92024-2403
Complete Car Care Encinitas,TEK,4743,27075772,1054,,09,,Timothy,Augustine,609 S VULCAN AVE STE 301,,ENCINITAS,CA,92024-3600
Complete Car Care Encinitas,TEK,4743,27013359,1054,,09,,Jeff,Klein,1788 VILLAGE RUN N,,ENCINITAS,CA,92024-3051
Complete Car Care Encinitas,TEK,4743,27016175,1054,,09,,LARRY,MARSHALL,7909 VISTA CANELA,,CARLSBAD,CA,92009-2911
Complete Car Care Encinitas,TEK,4743,27081464,1054,,09,,John Paul,Cook,2348 MONTGOMERY AVE,,CARDIFF BY THE SEA,CA,92007-2012
Complete Car Care Encinitas,TEK,4743,27036104,1054,,09,,CHRISTOPHER,SMITH,7941 CALLE MADRID,,CARLSBAD,CA,92009-9303
Complete Car Care Encinitas,TEK,4743,27042761,1054,,09,,KELLI,WALSH,737 COLE RANCH RD,,ENCINITAS,CA,92024-6612
Complete Car Care Encinitas,TEK,4743,27031404,1054,,09,,Patrick,Mundy,3474 DOVE HOLLOW RD,,ENCINITAS,CA,92024-7241
Complete Car Care Encinitas,TEK,4743,27082802,1054,,09,,EDWARD,CORNEJO,3488 CAMINO LARGO,,CARLSBAD,CA,92009-8930
Complete Car Care Encinitas,TEK,4743,27080747,1054,,09,,Mary,Mangio,2381 VIA PELICANO,,CARLSBAD,CA,92009-6620
Complete Car Care Encinitas,TEK,4743,27034188,1054,,09,,Isabelle,Mcbain,7554 AGUA DULCE CT,,CARLSBAD,CA,92009-7701
Complete Car Care Encinitas,TEK,4743,27079512,1054,,09,,WOLE,COKER,2813 RANCHO RIO CHICO,,CARLSBAD,CA,92009-3003
Complete Car Care Encinitas,TEK,4743,27082005,1054,,09,,Nancy,Cunningham,1050 CREST DR,,ENCINITAS,CA,92024-4042
Complete Car Care Encinitas,TEK,4743,27013011,1054,,09,,Sam,Gazzo,2813 ESTURION ST,,CARLSBAD,CA,92009-4418
Complete Car Care Encinitas,TEK,4743,27078534,1054,,09,,Joe,Ford,145 E CLIFF ST,,SOLANA BEACH,CA,92075-1278
Complete Car Care Encinitas,TEK,4743,27033705,1054,,09,,Karen,Nyman,7835 RUSH ROSE DR UNIT 124,,CARLSBAD,CA,92009-6828
Complete Car Care Encinitas,TEK,4743,27076162,1054,,09,,Patrick,Collins,11 BARNEY HILL RD,,WAYLAND,MA,01778-3601
Complete Car Care Encinitas,TEK,4743,27021995,1054,,09,,Ross,Gill,820 SANTA RUFINA DR,,SOLANA BEACH,CA,92075-1624
Complete Car Care Encinitas,TEK,4743,27039679,1054,,09,,Ester,Nelson,2564 NAVARRA DR UNIT 114,,CARLSBAD,CA,92009-7070
Complete Car Care Encinitas,TEK,4743,27034699,1054,,09,,JULIE,YERIGAN,2815 VISTA MARIANA,,CARLSBAD,CA,92009-7112
Complete Car Care Encinitas,TEK,4743,27060149,1054,,09,,Manal,Mehea,3709 GARDEN CT,,CHINO HILLS,CA,91709-2012
Complete Car Care Encinitas,TEK,4743,27024350,1054,,09,,Connie,Goates,1253 ORCHARD GLEN CIR,,ENCINITAS,CA,92024-5661
Complete Car Care Encinitas,TEK,4743,27055698,1054,,09,,Stephanie,Fairhead,7927 CORTE CAROLINA,,CARLSBAD,CA,92009-9251
Complete Car Care Encinitas,TEK,4743,27075795,1054,,09,,Brittany,Idema,2733 MADISON ST APT A,,CARLSBAD,CA,92008-1716
Complete Car Care Encinitas,TEK,4743,27019631,1054,,09,,Julia,Shimaski,2673 VISTA DIABLO CT,,PLEASANTON,CA,94566-7033
Complete Car Care Encinitas,TEK,4743,27069024,1054,,09,,Doug,Woelkers,3803 RANCHO LA BELLA,,SAN DIEGO,CA,92130-5100
Complete Car Care Encinitas,TEK,4743,27031067,1054,,09,,Ronald,Reynolds,8180 AUBERGE CIR,,SAN DIEGO,CA,92127-4204
Complete Car Care Encinitas,TEK,4743,27064450,1054,,09,,EVERETT,JENKINS,PO BOX 2618,,RANCHO SANTA FE,CA,92067-2618
Complete Car Care Encinitas,TEK,4743,27031256,1054,,09,,LARRY,MULLINS,7586 DEHESA CT,,CARLSBAD,CA,92009-7703
Complete Car Care Encinitas,TEK,4743,27022736,1054,,09,,David,Stelter,579 CREST DR,,ENCINITAS,CA,92024-4145
Complete Car Care Encinitas,TEK,4743,27082535,1054,,09,,Scott,Swindle,2068 BULRUSH LN,,CARDIFF BY THE SEA,CA,92007-1406
Complete Car Care Encinitas,TEK,4743,27045933,1054,,09,,SEAN,DELANEY,1602 VALLEDA LN,,ENCINITAS,CA,92024-2415
Complete Car Care Encinitas,TEK,4743,27070376,1054,,09,,Carmen,Hartmann,1463 GLENCREST DR,,SAN MARCOS,CA,92078-1022
Complete Car Care Encinitas,TEK,4743,27017266,1054,,09,,Lorrie,Nissen,16583 ANTERO CIR,,BROOMFIELD,CO,80023-8352
Complete Car Care Encinitas,TEK,4743,27042794,1054,,09,,Juli,Defilippis,1650 SUNNYSIDE AVE,,SAN MARCOS,CA,92078-1036
Complete Car Care Encinitas,TEK,4743,27047198,1054,,09,,Teri,Strohm,7504 CIRCULO SEQUOIA,,CARLSBAD,CA,92009-8468
Complete Car Care Encinitas,TEK,4743,27016509,1054,,09,,Jason,Willams,226 PACIFIC VIEW LN,,ENCINITAS,CA,92024-7719
Complete Car Care Encinitas,TEK,4743,27060447,1054,,09,,Julia,Eylar,1403 WILLOWVIEW CT,,ENCINITAS,CA,92024-5247
Complete Car Care Encinitas,TEK,4743,27054016,1054,,09,,Nicholas,Brackett,26022 CAMINO ADELANTO,,MISSION VIEJO,CA,92691-3242
Complete Car Care Encinitas,TEK,4743,27072543,1054,,09,,Matt,Silverman,1624 N COAST HIGHWAY 101 SPC 56,,ENCINITAS,CA,92024-1053
Complete Car Care Encinitas,TEK,4743,27028299,1054,,09,,Shaun,Mclaurin,7873 CALLE OLIVA,,CARLSBAD,CA,92009-2907
Complete Car Care Encinitas,TEK,4743,27045976,1054,,09,,Stacey,Leland,1624 N COAST HIGHWAY 101 SPC 22,,ENCINITAS,CA,92024-1041
Complete Car Care Encinitas,TEK,4743,27073814,1054,,09,,Jonathan,Lee,1690 GASCONY RD,,ENCINITAS,CA,92024-1223
Complete Car Care Encinitas,TEK,4743,27029253,1054,,09,,Dave,Lovejoy,265 SIERRA RIDGE DR,,ENCINITAS,CA,92024-4363
Complete Car Care Encinitas,TEK,4743,27016642,1054,,09,,Khalil,Ahmad,4370 MANCHESTER AVE,,ENCINITAS,CA,92024-4931
Complete Car Care Encinitas,TEK,4743,27070814,1054,,09,,Yvonne,Gerber,1125 PACIFICA PL,,ENCINITAS,CA,92024-1343
Complete Car Care Encinitas,TEK,4743,27065332,1054,,09,,Glenn,Hendrickson,241 MEADOW VISTA WAY,,ENCINITAS,CA,92024-4321
Complete Car Care Encinitas,TEK,4743,27016787,1054,,09,,Marc,Blackwood,4010 MANCHESTER AVE,,ENCINITAS,CA,92024-4925
Complete Car Care Encinitas,TEK,4743,27075912,1054,,09,,Zephyr,St. Michel,910 HEATHER DR,,VISTA,CA,92084-5561
Complete Car Care Encinitas,TEK,4743,27083038,1054,,09,,David,Scherer,PO BOX 804,,RANCHO SANTA FE,CA,92067-0804
Complete Car Care Encinitas,TEK,4743,27072229,1054,,09,,PAUL,EDWARDS,1574 VILLAGE VIEW RD,,ENCINITAS,CA,92024-5606
Complete Car Care Encinitas,TEK,4743,27072775,1054,,09,,Sal,Valdez,2866 RANCHO RIO CHICO,,CARLSBAD,CA,92009-3004
Complete Car Care Encinitas,TEK,4743,27040210,1054,,09,,CARROLL,JUDITH,3479 SITIO BORDE,,CARLSBAD,CA,92009-8926
Complete Car Care Encinitas,TEK,4743,27060380,1054,,09,,Joseph,Ramos,3086 WILDFLOWER DR,,ENCINITAS,CA,92024-7021
Complete Car Care Encinitas,TEK,4743,27065307,1054,,09,,Brian,Nascimento,794 FIELDSTONE LN,,ENCINITAS,CA,92024-5628
Complete Car Care Encinitas,TEK,4743,27032261,1054,,09,,Daniel,Reyes,745 DEL RIO AVE,,ENCINITAS,CA,92024-2322
Complete Car Care Encinitas,TEK,4743,27015332,1054,,09,,TOBI,TROTTA,2850 ENGLEWOOD WAY,,CARLSBAD,CA,92010-7006
Complete Car Care Encinitas,TEK,4743,27080302,1054,,09,,NATE,FALCO,740 KNIGHTSBRIDGE CT,,CARDIFF BY THE SEA,CA,92007-1319
Complete Car Care Encinitas,TEK,4743,27042596,1054,,09,,Chris,Kerins,7039 LLAMA ST,,CARLSBAD,CA,92009-6520
Complete Car Care Encinitas,TEK,4743,27081007,1054,,09,,Elyse,Ohare,6809 ZINNIA CT,,CARLSBAD,CA,92011-3860
Complete Car Care Encinitas,TEK,4743,27015806,1054,,09,,Jeff,Wilcox,801 ROBERT LN,,ENCINITAS,CA,92024-5640
Complete Car Care Encinitas,TEK,4743,27041083,1054,,09,,Andrew,Jones,4562 HAMILTON ST APT 3,,SAN DIEGO,CA,92116-3037
Complete Car Care Encinitas,TEK,4743,27014440,1054,,09,,JEREMIAH,JAMES,697 OCEAN VIEW AVE,,ENCINITAS,CA,92024-2631
Complete Car Care Encinitas,TEK,4743,27059025,1054,,09,,FRANK,MERRIFIELD,726 LOTUS BLOSSOM ST,,ENCINITAS,CA,92024-2452
Complete Car Care Encinitas,TEK,4743,27032476,1054,,09,,EMILY,PARKER,1339 RAINBOW RIDGE LN,,ENCINITAS,CA,92024-1848
Complete Car Care Encinitas,TEK,4743,27037496,1054,,09,,VLADAN,TRIFUNOVIC,3587 CALLE PALMITO,,CARLSBAD,CA,92009-8959
Complete Car Care Encinitas,TEK,4743,27015996,1054,,09,,Juanita,Mccolloch,3274 CAMINO CORONADO,,CARLSBAD,CA,92009-9311
Complete Car Care Encinitas,TEK,4743,27043723,1054,,09,,Donald,Lowe,3310 FEBO CT,,CARLSBAD,CA,92009-7828
Complete Car Care Encinitas,TEK,4743,27038234,1054,,09,,Will,Glockner,211 MANGO VIEW DR,,ENCINITAS,CA,92024-2806
Complete Car Care Encinitas,TEK,4743,27063547,1054,,09,,Megan,Lytle,4038 MISTRAL DR,,HUNTINGTON BEACH,CA,92649-2140
Complete Car Care Encinitas,TEK,4743,27032753,1054,,09,,Mercedes,Allen,617 CANYON PL,,SOLANA BEACH,CA,92075-1348
Complete Car Care Encinitas,TEK,4743,27041391,1054,,09,,Erik,Oh,2815 JACARANDA AVE,,CARLSBAD,CA,92009-9216
Complete Car Care Encinitas,TEK,4743,27021248,1054,,09,,Rick,Berg,PO BOX 1646,,RANCHO SANTA FE,CA,92067-1646
Complete Car Care Encinitas,TEK,4743,27066329,1054,,09,,Sam,Guzzo,2813 ESTURION ST,,CARLSBAD,CA,92009-4418
Complete Car Care Encinitas,TEK,4743,27021111,1054,,09,,Robert,Via,4028 CLAIREMONT DR,,SAN DIEGO,CA,92117-5522
Complete Car Care Encinitas,TEK,4743,27063757,1054,,09,,LISA,RUDLOFF,7849 PASEO TULIPERO,,CARLSBAD,CA,92009-9351
Complete Car Care Encinitas,TEK,4743,27069819,1054,,09,,Greg,Johnson,1355 BURGUNDY RD,,ENCINITAS,CA,92024-1847
Complete Car Care Encinitas,TEK,4743,27040302,1054,,09,,Sarah,Ritter,802 SPINDRIFT LN,,CARLSBAD,CA,92011-3739
Complete Car Care Encinitas,TEK,4743,27050820,1054,,09,,Janelle,Velasco,2061 VILLAGE PARK WAY APT 125,,ENCINITAS,CA,92024-5468
Complete Car Care Encinitas,TEK,4743,27020173,1054,,09,,Sherri,Singleton,1561 JEANNE PL,,CARLSBAD,CA,92008-2605
Complete Car Care Encinitas,TEK,4743,27033393,1054,,09,,KELLY,DRAGOJOVIC,PO BOX 1074,,RANCHO SANTA FE,CA,92067-1074
Complete Car Care Encinitas,TEK,4743,27047576,1054,,09,,Mike,Zines,3319 CABO CT,,CARLSBAD,CA,92009-7803
Complete Car Care Encinitas,TEK,4743,27026320,1054,,09,,Van,Guy,833 EUGENIE AVE,,ENCINITAS,CA,92024-2327
Complete Car Care Encinitas,TEK,4743,27029552,1054,,09,,Tisha,Seims,1949 FREDA LN,,CARDIFF BY THE SEA,CA,92007-1416
Complete Car Care Encinitas,TEK,4743,27074670,1054,,09,,Joan,Siem,2239 PASEO SAUCEDAL,,CARLSBAD,CA,92009-8705
Complete Car Care Encinitas,TEK,4743,27028298,1054,,09,,Michael,Landau,3425 DOVE HOLLOW RD,,ENCINITAS,CA,92024-7242
Complete Car Care Encinitas,TEK,4743,27020699,1054,,09,,Ryan,Bovia,468 SANDALWOOD CT,,ENCINITAS,CA,92024-5841
Complete Car Care Encinitas,TEK,4743,27081609,1054,,09,,Nicholas,Dame,1552 AVENIDA DE LAS LILAS,,ENCINITAS,CA,92024-4108
Complete Car Care Encinitas,TEK,4743,27047360,1054,,09,,Dylan,Shirey,2015 VILLAGE WOOD RD,,ENCINITAS,CA,92024-4340
Complete Car Care Encinitas,TEK,4743,27052319,1054,,09,,ROGER,CLARK,167 CHAPALA CT,,SOLANA BEACH,CA,92075-2505
Complete Car Care Encinitas,TEK,4743,27066783,1054,,09,,Joseph,Bainum,454 REQUEZA ST APT 220A,,ENCINITAS,CA,92024-6760
Complete Car Care Encinitas,TEK,4743,27054819,1054,,09,,Roger,Rudman,13696 RUETTE LE PARC UNIT A,,DEL MAR,CA,92014-3587
Complete Car Care Encinitas,TEK,4743,27076449,1054,,09,,KERRI,ROWE,2303 TERRAZA RIBERA,,CARLSBAD,CA,92009-6630
Complete Car Care Encinitas,TEK,4743,27018023,1054,,09,,Cameron,Casey,1773 CALIBAN DR,,ENCINITAS,CA,92024-3008
Complete Car Care Encinitas,TEK,4743,27021062,1054,,09,,LANI,BRAY,1702 KENWOOD PL,,SAN MARCOS,CA,92078-1019
Complete Car Care Encinitas,TEK,4743,27031433,1054,,09,,Jim,Olynger,8056 CORTE SASAFRAS,,CARLSBAD,CA,92009-6953
Complete Car Care Encinitas,TEK,4743,27023303,1054,,09,,JEFF,BUTCHER,8048 AVENIDA SECRETO,,CARLSBAD,CA,92009-9550
Complete Car Care Encinitas,TEK,4743,27024042,1054,,09,,EDITH,JIRAK,1542 LINDA SUE LN,,ENCINITAS,CA,92024-2425
Complete Car Care Encinitas,TEK,4743,27027840,1054,,09,,Bob,Wells,270 SHARP PL,,ENCINITAS,CA,92024-2906
Complete Car Care Encinitas,TEK,4743,27041586,1054,,09,,Janet,Mansi,319 HARRISBURG DR,,ENCINITAS,CA,92024-4216
Complete Car Care Encinitas,TEK,4743,27020668,1054,,09,,Michelle,Hamill,7511 JEREZ CT,,CARLSBAD,CA,92009-7436
Complete Car Care Encinitas,TEK,4743,27040661,1054,,09,,Robert,Molinaro,273 RAIN TREE DR,,ENCINITAS,CA,92024-1569
Complete Car Care Encinitas,TEK,4743,27049515,1054,,09,,Deborah,Hunt,3587 CORTE CASTILLO,,CARLSBAD,CA,92009-9522
Complete Car Care Encinitas,TEK,4743,27025911,1054,,09,,KEITH,WILEY,114 COUNTRYWOOD LN,,ENCINITAS,CA,92024-3109
Complete Car Care Encinitas,TEK,4743,27049905,1054,,09,,Paula,Doss,2613 LEXINGTON PL,,MCKINNEY,TX,75070-4521
Complete Car Care Encinitas,TEK,4743,27017959,1054,,09,,Kevin,Anderson,1140 ARCADIA RD,,ENCINITAS,CA,92024-4602
Complete Car Care Encinitas,TEK,4743,27018176,1054,,09,,Linda,Collier,942 PASSIFLORA AVE,,ENCINITAS,CA,92024-2212
Complete Car Care Encinitas,TEK,4743,27082776,1054,,09,,Pedro,Osuna,10954 W OCEAN AIR DR APT 2101,,SAN DIEGO,CA,92130-4643
Complete Car Care Encinitas,TEK,4743,27082766,1054,,09,,Cory,Barker,1150 ALEXANDRA LN,,ENCINITAS,CA,92024-2369
Complete Car Care Encinitas,TEK,4743,27032279,1054,,09,,Mcfadden,John,1305 VIA TERRASSA,,ENCINITAS,CA,92024-5331
Complete Car Care Encinitas,TEK,4743,27075811,1054,,09,,Sean,Kabo,2189 VISTA LA NISA,,CARLSBAD,CA,92009-9344
Complete Car Care Encinitas,TEK,4743,27077262,1054,,09,,JULIANA,SUMMERS,2808 SOMBROSA ST,,CARLSBAD,CA,92009-9242
Complete Car Care Encinitas,TEK,4743,27019605,1054,,09,,Ken,Kafka,1937 MISTY CIR,,ENCINITAS,CA,92024-3139
Complete Car Care Encinitas,TEK,4743,27064404,1054,,09,,Marsha,Lukavsky,7013 GOLDENROD WAY,,LA COSTA,CA,92011-5144
Complete Car Care Encinitas,TEK,4743,27033298,1054,,09,,Julie,Carter,115 S NARDO AVE,,SOLANA BEACH,CA,92075-2020
Complete Car Care Encinitas,TEK,4743,27037916,1054,,09,,Kerry,Kaestner,1015 SAN ABELLA DR,,ENCINITAS,CA,92024-3949
Complete Car Care Encinitas,TEK,4743,27019894,1054,,09,,Mark,Hannah,PO BOX 3,,SOLANA BEACH,CA,92075-0003
Complete Car Care Encinitas,TEK,4743,27067095,1054,,09,,MATTHEW,LUTIN,7040 AVENIDA ENCINAS STE 104,,CARLSBAD,CA,92011-4653
Complete Car Care Encinitas,TEK,4743,27080811,1054,,09,,Bridget,Allensworth,3023 SEGOVIA WAY,,CARLSBAD,CA,92009-8355
Complete Car Care Encinitas,TEK,4743,27048865,1054,,09,,Jose,Tovar,14550 EL CAMINO REAL,,DEL MAR,CA,92014-4257
Complete Car Care Encinitas,TEK,4743,27028413,1054,,09,,DENNIS,JONES,3425 CALLE DEL SUR,,CARLSBAD,CA,92009-8617
Complete Car Care Encinitas,TEK,4743,27070972,1054,,09,,LUCY,FERRARI,3641 SAGE CANYON DR,,ENCINITAS,CA,92024-7918
Complete Car Care Encinitas,TEK,4743,27015435,1054,,09,,James,Cobb,8013 PASEO AVELLANO,,CARLSBAD,CA,92009-6958
Complete Car Care Encinitas,TEK,4743,27022116,1054,,09,,Kasey,Pinter,3023 CADENCIA ST,,CARLSBAD,CA,92009-8309
Complete Car Care Encinitas,TEK,4743,27064125,1054,,09,,Matt,Dalessandro,595 SAMUEL CT,,ENCINITAS,CA,92024-2382
Complete Car Care Encinitas,TEK,4743,27055593,1054,,09,,Mark,Stadweiser,161 TOWNWOOD WAY,,ENCINITAS,CA,92024-4338
Complete Car Care Encinitas,TEK,4743,27015379,1054,,09,,Kathleen,Nitting,765 STRATFORD DR,,ENCINITAS,CA,92024-4548
Complete Car Care Encinitas,TEK,4743,27039202,1054,,09,,Iranpour,Jazani,7774 KINGDOM DR,,RIVERSIDE,CA,92506-7507
Complete Car Care Encinitas,TEK,4743,27076708,1054,,09,,Jordan,Altshul,7933 SITIO ABRIDOR,,CARLSBAD,CA,92009-2913
Complete Car Care Encinitas,TEK,4743,27047736,1054,,09,,TYLER,BJORKLUND,6525 PASEO FRONTERA APT H,,CARLSBAD,CA,92009-4534
Complete Car Care Encinitas,TEK,4743,27017439,1054,,09,,Matthew,Mock,607 SHASTA DR,,ENCINITAS,CA,92024-2380
Complete Car Care Encinitas,TEK,4743,27047917,1054,,09,,Marilyn,Furbush,521 LIVERPOOL DR,,CARDIFF BY THE SEA,CA,92007-1813
Complete Car Care Encinitas,TEK,4743,27017890,1054,,09,,Lance,Cornell,508 N CEDROS AVE,,SOLANA BEACH,CA,92075-1256
Complete Car Care Encinitas,TEK,4743,27045113,1054,,09,,NANCY,STAYCER,701 MARIE CT,,ENCINITAS,CA,92024-5630
Complete Car Care Encinitas,TEK,4743,27069822,1054,,09,,RICK,VASQUEZ,908 MARGUERITE LN,,CARLSBAD,CA,92011-3949
Complete Car Care Encinitas,TEK,4743,27050112,1054,,09,,Sharron,Dattilo,3452 CORTE SELVA,,CARLSBAD,CA,92009-8720
Complete Car Care Encinitas,TEK,4743,27033695,1054,,09,,Sean,Dwyer,8006 SITIO CAUCHO,,CARLSBAD,CA,92009-6954
Complete Car Care Encinitas,TEK,4743,27083070,1054,,09,,James,Rouse,1935 AZURE WAY,,ENCINITAS,CA,92024-1901
Complete Car Care Encinitas,TEK,4743,27042085,1054,,09,,Demarius,Jones,7309 CALLE CONIFERA,,CARLSBAD,CA,92009-8695
Complete Car Care Encinitas,TEK,4743,27045403,1054,,09,,SANDRA,SILVA,8065 PASEO ARRAYAN,,CARLSBAD,CA,92009-6963
Complete Car Care Encinitas,TEK,4743,27073502,1054,,09,,KATHY,NORVELL,1790 COTTONWOOD AVE,,CARLSBAD,CA,92011-5140
Complete Car Care Encinitas,TEK,4743,27013121,1054,,09,,Jenelle,Rivera,2407 APPIAN RD,,CARLSBAD,CA,92010-2153
Complete Car Care Encinitas,TEK,4743,27028366,1054,,09,,Abigail,Fender,204 COUNTRYHAVEN RD,,ENCINITAS,CA,92024-3105
Complete Car Care Encinitas,TEK,4743,27061897,1054,,09,,RON,FERNANDEZ,1007 EOLUS AVE,,ENCINITAS,CA,92024-1724
Complete Car Care Encinitas,TEK,4743,27082195,1054,,09,,EVE,HAKANSON,3329 VIVIENDA CIR,,CARLSBAD,CA,92009-7713
Complete Car Care Encinitas,TEK,4743,27063509,1054,,09,,Stephen,Edwards,2808 AVENIDA VALERA,,CARLSBAD,CA,92009-7109
Complete Car Care Encinitas,TEK,4743,27028218,1054,,09,,Courtney,Flickwir,2322 CHATSWORTH BLVD,,SAN DIEGO,CA,92106-1659
Complete Car Care Encinitas,TEK,4743,27021290,1054,,09,,KRISTIN,HOYT,PO BOX 2775,,RANCHO SANTA FE,CA,92067-2775
Complete Car Care Encinitas,TEK,4743,27027028,1054,,09,,Grant,Lucier,3317 POPPY HILLS LN,,ENCINITAS,CA,92024-7054
Complete Car Care Encinitas,TEK,4743,27052859,1054,,09,,Mitchell,Griffith,2113 COOLNGREEN WAY,,ENCINITAS,CA,92024-1902
Complete Car Care Encinitas,TEK,4743,27076595,1054,,09,,Randall,May,3335 CAMINO CORONADO,,CARLSBAD,CA,92009-9326
Complete Car Care Encinitas,TEK,4743,27024013,1054,,09,,Paige,Soenksen,3356 LONE HILL LN,,ENCINITAS,CA,92024-7262
Complete Car Care Encinitas,TEK,4743,27035505,1054,,09,,JENNIFFER,RUDER,7093 CORINTIA ST,,CARLSBAD,CA,92009-6099
Complete Car Care Encinitas,TEK,4743,27064871,1054,,09,,JAMIE,RUSSELL,2752 UNICORNIO ST,,CARLSBAD,CA,92009-5335
Complete Car Care Encinitas,TEK,4743,27058677,1054,,09,,NANCY,WILKES,7499 CIRCULO SEQUOIA,,CARLSBAD,CA,92009-8467
Complete Car Care Encinitas,TEK,4743,27079795,1054,,09,,Stephanie,Montgomery,10664 CAMINITO DERECHO,,SAN DIEGO,CA,92126-2857
Complete Car Care Encinitas,TEK,4743,27068958,1054,,09,,JOSEPH,SHAHEEN,7356 MELODIA TER,,CARLSBAD,CA,92011-4864
Complete Car Care Encinitas,TEK,4743,27048680,1054,,09,,Robert,Nichols,16053 VIA DE LAS PALMAS,,RANCHO SANTA FE,CA,92091-4348
Complete Car Care Encinitas,TEK,4743,27053278,1054,,09,,Fred,Dittman,PO BOX 9862,,RANCHO SANTA FE,CA,92067-4862
Complete Car Care Encinitas,TEK,4743,27065237,1054,,09,,Nancy,Sexton,2032 WANDERING RD,,ENCINITAS,CA,92024-5624
Complete Car Care Encinitas,TEK,4743,27022472,1054,,09,,Anne,Zilinek,2907 CORTE JARDIN,,CARLSBAD,CA,92009-9253
Complete Car Care Encinitas,TEK,4743,27065634,1054,,09,,Mark,Mariani,252 26TH ST,,DEL MAR,CA,92014-2016
Complete Car Care Encinitas,TEK,4743,27049020,1054,,09,,Laura,Stearn,7818 CORTE MACIDO,,CARLSBAD,CA,92009-8682
Complete Car Care Encinitas,TEK,4743,27040369,1054,,09,,Rob,Schulman,7963 CAMINO ALVARO,,CARLSBAD,CA,92009-9204
Complete Car Care Encinitas,TEK,4743,27066000,1054,,09,,LAURA,STEARN,7818 CORTE MACIDO,,CARLSBAD,CA,92009-8682
Complete Car Care Encinitas,TEK,4743,27048057,1054,,09,,CHRISTIAN,THOMPSON,439 4TH ST,,ENCINITAS,CA,92024-3402
Complete Car Care Encinitas,TEK,4743,27063702,1054,,09,,Kevin,Stout,1615 ORANGE BLOSSOM WAY,,ENCINITAS,CA,92024-2457
Complete Car Care Encinitas,TEK,4743,27023673,1054,,09,,Tim,Feuling,1749 VILLAGE RUN N,,ENCINITAS,CA,92024-3052
Complete Car Care Encinitas,TEK,4743,27026969,1054,,09,,David,Backer,7598 CIRCULO SEQUOIA,,CARLSBAD,CA,92009-8468
Complete Car Care Encinitas,TEK,4743,27062979,1054,,09,,Elizabeth,Leytam,459 JOLINA WAY,,ENCINITAS,CA,92024-2405
Complete Car Care Encinitas,TEK,4743,27039867,1054,,09,,Cyrus,Ghahremani,3535 LEBON DR,,SAN DIEGO,CA,92122-4593
Complete Car Care Encinitas,TEK,4743,27032204,1054,,09,,Dagmar,Lubonovich,1868 FORESTDALE DR,,ENCINITAS,CA,92024-4214
Complete Car Care Encinitas,TEK,4743,27037450,1054,,09,,Harris,Hauptman,2148 AVENIDA TORONJA,,CARLSBAD,CA,92009-8706
Complete Car Care Encinitas,TEK,4743,27073383,1054,,09,,Brett,Cook,2908 CORTE CELESTE,,CARLSBAD,CA,92009-9211
Complete Car Care Encinitas,TEK,4743,27071699,1054,,09,,ANITA,CRAIN,1639 BUTTERCUP RD,,ENCINITAS,CA,92024-2450
Complete Car Care Encinitas,TEK,4743,27030507,1054,,09,,Art,Armendariz,660 UNION ST,,ENCINITAS,CA,92024-2732
Complete Car Care Encinitas,TEK,4743,27061556,1054,,09,,Louticia,Grier,2914 LUCIERNAGA ST UNIT A,,CARLSBAD,CA,92009-5951
Complete Car Care Encinitas,TEK,4743,27019132,1054,,09,,Claire,Brocato,309 SEEMAN DR,,ENCINITAS,CA,92024-2841
Complete Car Care Encinitas,TEK,4743,27026830,1054,,09,,India,Alavrez,2814 LUCIERNAGA ST,,CARLSBAD,CA,92009-5926
Complete Car Care Encinitas,TEK,4743,27039091,1054,,09,,Karl,Nelson,1035 EMMA DR,,CARDIFF BY THE SEA,CA,92007-1412
Complete Car Care Encinitas,TEK,4743,27054761,1054,,09,,Grace,Domenici,7905 CALLE POSADA,,CARLSBAD,CA,92009-9305
Complete Car Care Encinitas,TEK,4743,27037273,1054,,09,,Ken,Mccreight,1217 CAMINITO SEPTIMO,,CARDIFF BY THE SEA,CA,92007-1030
Complete Car Care Encinitas,TEK,4743,27044840,1054,,09,,Jan,Peters,PO BOX 2326,,RANCHO SANTA FE,CA,92067-2326
Complete Car Care Encinitas,TEK,4743,27075392,1054,,09,,Ruth,Sanson,2379 CARINGA WAY,,CARLSBAD,CA,92009-8815
Complete Car Care Encinitas,TEK,4743,27069125,1054,,09,,THERESA,JOCHELSON,PO BOX 2495,,RANCHO SANTA FE,CA,92067-2495
Complete Car Care Encinitas,TEK,4743,27013974,1054,,09,,Deb,Abrahamson,2910 LUCIERNAGA ST UNIT A,,CARLSBAD,CA,92009-5950
Complete Car Care Encinitas,TEK,4743,27034468,1054,,09,,Alan,Forsey,PO BOX 2809,,RANCHO SANTA FE,CA,92067-2809
Complete Car Care Encinitas,TEK,4743,27081690,1054,,09,,Bob,Skoldberg,13496 SAMANTHA AVE,,SAN DIEGO,CA,92129-2119
Complete Car Care Encinitas,TEK,4743,27034251,1054,,09,,RYAN,ABNEY,205 RUBENSTEIN PL,,CARDIFF BY THE SEA,CA,92007-2410
Complete Car Care Encinitas,TEK,4743,27057776,1054,,09,,Hewette,Stone,PO BOX 1988,,RANCHO SANTA FE,CA,92067-1988
Complete Car Care Encinitas,TEK,4743,27045991,1054,,09,,Amin,Taheri,2340 CARINGA WAY UNIT D,,CARLSBAD,CA,92009-6341
Complete Car Care Encinitas,TEK,4743,27067507,1054,,09,,Tim,Peacock,243 SPRUCEWOOD DR,,ENCINITAS,CA,92024-4130
Complete Car Care Encinitas,TEK,4743,27069730,1054,,09,,Kevin,Kienast,6339 DI VITA DR,,CARLSBAD,CA,92009-3078
Complete Car Care Encinitas,TEK,4743,27028599,1054,,09,,Cathy,Carey,3194 CAMINO ARROYO,,CARLSBAD,CA,92009-7612
Complete Car Care Encinitas,TEK,4743,27044093,1054,,09,,Mark,Schumacher,3314 AZAHAR PL,,CARLSBAD,CA,92009-8305
Complete Car Care Encinitas,TEK,4743,27083296,1054,,09,,Margaret,Dupree,7503 SOLANO ST,,CARLSBAD,CA,92009-7529
Complete Car Care Encinitas,TEK,4743,27029755,1054,,09,,BEN,ALEXANDER,3338 VIVIENDA CIR,,CARLSBAD,CA,92009-7712
Complete Car Care Encinitas,TEK,4743,27040769,1054,,09,,ALLEN,FORSEY,PO BOX 2809,,RANCHO SANTA FE,CA,92067-2809
Complete Car Care Encinitas,TEK,4743,27049839,1054,,09,,Nicole,Petree,2229 COOLNGREEN WAY,,ENCINITAS,CA,92024-1904
Complete Car Care Encinitas,TEK,4743,27064048,1054,,09,,Hugh,Stephenson,1812 PLEASANTDALE DR,,ENCINITAS,CA,92024-4249
Complete Car Care Encinitas,TEK,4743,27045867,1054,,09,,Julie,Rich,464 DELAGE CT,,ENCINITAS,CA,92024-4752
Complete Car Care Encinitas,TEK,4743,27058193,1054,,09,,Joan,Debaets,1584 HAWK VIEW DR,,ENCINITAS,CA,92024-1273
Complete Car Care Encinitas,TEK,4743,27033561,1054,,09,,Curt,Rounsville,PO BOX 43,,VISTA,CA,92085-0043
Complete Car Care Encinitas,TEK,4743,27038639,1054,,09,,Robert,Castro,1862 PLEASANTDALE LN,,ENCINITAS,CA,92024-4251
Complete Car Care Encinitas,TEK,4743,27066524,1054,,09,,David,Snyder,1449 TZENA WAY,,ENCINITAS,CA,92024-2407
Complete Car Care Encinitas,TEK,4743,27036042,1054,,09,,Lilly,Clune,3020 CORTE TILO,,CARLSBAD,CA,92009-6961
Complete Car Care Encinitas,TEK,4743,27081588,1054,,09,,Jason,Gianatti,993 IRON HORSE DR,,SAN MARCOS,CA,92078-7909
Complete Car Care Encinitas,TEK,4743,27013922,1054,,09,,GLENN,DUNDAS,1757 CHARLESTON LN,,ENCINITAS,CA,92024-4225
Complete Car Care Encinitas,TEK,4743,27029700,1054,,09,,Carl,Black,PO BOX 5000 PMB 424,,RANCHO SANTA FE,CA,92067-5000
Complete Car Care Encinitas,TEK,4743,27062677,1054,,09,,Kelly,Wright,6627 GRULLA ST,,CARLSBAD,CA,92009-5316
Complete Car Care Encinitas,TEK,4743,27071564,1054,,09,,Aye,Mon,4417 MISSION AVE APT H104,,OCEANSIDE,CA,92057-6722
Complete Car Care Encinitas,TEK,4743,27032485,1054,,09,,Greg,Trachtenberg,1190 ENCINITAS BLVD APT 138,,ENCINITAS,CA,92024-5367
Complete Car Care Encinitas,TEK,4743,27063240,1054,,09,,Matthew,Downham,6867 ADOLPHIA DR,,CARLSBAD,CA,92011-5012
Complete Car Care Encinitas,TEK,4743,27023880,1054,,09,,Andrew,Hansen,2576 LUCIERNAGA ST,,CARLSBAD,CA,92009-5819
Complete Car Care Encinitas,TEK,4743,27057063,1054,,09,,Robert,Lozano,1542 SANTA SABINA CT,,SOLANA BEACH,CA,92075-1625
Complete Car Care Encinitas,TEK,4743,27079060,1054,,09,,KARRI,ROBERTS,1325 EVERGREEN DR,,CARDIFF BY THE SEA,CA,92007-1034
Complete Car Care Encinitas,TEK,4743,27059512,1054,,09,,ROBERT,HORD,1401 KINGS CROSS DR,,CARDIFF BY THE SEA,CA,92007-1315
Complete Car Care Encinitas,TEK,4743,27022947,1054,,09,,Sherri,Leone,658 BLOSSOM RD,,ENCINITAS,CA,92024-2246
Complete Car Care Encinitas,TEK,4743,27062886,1054,,09,,MOLLY,HILDAHL,7229 SITIO LIMA,,CARLSBAD,CA,92009-8484
Complete Car Care Encinitas,TEK,4743,27073223,1054,,09,,Shelton,Darensburg,3519 CAMINO CEREZA,,CARLSBAD,CA,92009-8963
Complete Car Care Encinitas,TEK,4743,27047910,1054,,09,,SUE,HIMMER,5300 E NICHOLS DR,,CENTENNIAL,CO,80122-3892
Complete Car Care Encinitas,TEK,4743,27081499,1054,,09,,WALTER,NISHIOKA,2107 MOUNTAIN VISTA DR,,ENCINITAS,CA,92024-3141
Complete Car Care Encinitas,TEK,4743,27065126,1054,,09,,Herb,Noll,2028 LEAFWOOD PL,,ENCINITAS,CA,92024-1929
Complete Car Care Encinitas,TEK,4743,27066327,1054,,09,,Lucas,Casazza,2049 FREDA LN,,CARDIFF BY THE SEA,CA,92007-1418
Complete Car Care Encinitas,TEK,4743,27077800,1054,,09,,Thomas,Lee,1610 BITTERN CT,,CARLSBAD,CA,92011-5003
Complete Car Care Encinitas,TEK,4743,27020663,1054,,09,,Sharon,Fabry,357 ABINGTON RD,,ENCINITAS,CA,92024-4204
Complete Car Care Encinitas,TEK,4743,27023745,1054,,09,,Sara,Huggins,2167 COSMO WAY,,SAN MARCOS,CA,92078-0970
Complete Car Care Encinitas,TEK,4743,27048769,1054,,09,,RAYNA,CHILDERS,1638 AVERY RD,,SAN MARCOS,CA,92078-1047
Complete Car Care Encinitas,TEK,4743,27066926,1054,,09,,MIKAH,FELAGO,3730 VIA CARA LOMA,,ENCINITAS,CA,92024-7249
Complete Car Care Encinitas,TEK,4743,27083447,1054,,09,,Mark,Wernig,1378 NIGHTSHADE RD,,CARLSBAD,CA,92011-3500
Complete Car Care Encinitas,TEK,4743,27027196,1054,,09,,Denise,Marshall,616 SHASTA DR,,ENCINITAS,CA,92024-2380
Complete Car Care Encinitas,TEK,4743,27051413,1054,,09,,Mary,Schuyler,7535 NAVIGATOR CIR,,CARLSBAD,CA,92011-5405
Complete Car Care Encinitas,TEK,4743,27067982,1054,,09,,Evan,Green,3376 AVENIDA NIEVE,,CARLSBAD,CA,92009-9338
Complete Car Care Encinitas,TEK,4743,27060689,1054,,09,,Heather,Rock,749 CREST DR,,ENCINITAS,CA,92024-4036
Complete Car Care Encinitas,TEK,4743,27034319,1054,,09,,DENNIS,TELFER,1832 CREST DR,,ENCINITAS,CA,92024-5214
Complete Car Care Encinitas,TEK,4743,27032019,1054,,09,,ALEX,POGELER,4633 DUNHAM WAY,,SAN DIEGO,CA,92130-1333
Complete Car Care Encinitas,TEK,4743,27015693,1054,,09,,Lynn,Skoczelas,2889 SEGOVIA WAY,,CARLSBAD,CA,92009-8243
Complete Car Care Encinitas,TEK,4743,27014001,1054,,09,,Kelly,Walsh,737 COLE RANCH RD,,ENCINITAS,CA,92024-6612
Complete Car Care Encinitas,TEK,4743,27036036,1054,,09,,Valerie,Recabaren,8724 HERRINGTON WAY,,SAN DIEGO,CA,92127-7007
Complete Car Care Encinitas,TEK,4743,27046452,1054,,09,,David,Slack,PO BOX 1091,,RANCHO SANTA FE,CA,92067-1091
Complete Car Care Encinitas,TEK,4743,27055912,1054,,09,,Steve,Vanslyke,951 JASMINE CT,,CARLSBAD,CA,92011-4826
Complete Car Care Encinitas,TEK,4743,27083095,1054,,09,,JACK,ALLEGRETTI,7740 CORTE PROMENADE,,CARLSBAD,CA,92009-8940
Complete Car Care Encinitas,TEK,4743,27026619,1054,,09,,Ryan,Sullivan,925 N VULCAN AVE APT 212,,ENCINITAS,CA,92024-1781
Complete Car Care Encinitas,TEK,4743,27043954,1054,,09,,Hollis,Peterson,660 LUCYLLE LN,,ENCINITAS,CA,92024-6529
Complete Car Care Encinitas,TEK,4743,27025363,1054,,09,,Horst,Vanderlinden,3007 LEVANTE ST,,CARLSBAD,CA,92009-8229
Complete Car Care Encinitas,TEK,4743,27064471,1054,,09,,Tony,Weston,945 HYGEIA AVE,,ENCINITAS,CA,92024-1767
Complete Car Care Encinitas,TEK,4743,27073105,1054,,09,,valeria,Pallai,2235 CAMINO ROBLEDO,,CARLSBAD,CA,92009-9346
Complete Car Care Encinitas,TEK,4743,27043280,1054,,09,,Mark,Giaimo,2916 VIA EMERADO,,CARLSBAD,CA,92009-9234
Complete Car Care Encinitas,TEK,4743,27083195,1054,,09,,Caroline,Augustine,2115 PARK DALE LN,,ENCINITAS,CA,92024-4326
Complete Car Care Encinitas,TEK,4743,27025569,1054,,09,,Sophia,Damico,1100 GARDEN VIEW RD APT 202,,ENCINITAS,CA,92024-1361
Complete Car Care Encinitas,TEK,4743,27021867,1054,,09,,John,Lane,13060 SIGNATURE PT,,SAN DIEGO,CA,92130-1539
Complete Car Care Encinitas,TEK,4743,27075050,1054,,09,,CHRISTOPHER,HAVEN,2511 MANCHESTER AVE,,CARDIFF BY THE SEA,CA,92007-2104
Complete Car Care Encinitas,TEK,4743,27050878,1054,,09,,Jim,Vrla,5094 AVENIDA DE LA PLATA,,OCEANSIDE,CA,92057-8000
Complete Car Care Encinitas,TEK,4743,27055409,1054,,09,,Shelly,Murphey,3209 LONE JACK RD,,ENCINITAS,CA,92024-7012
Complete Car Care Encinitas,TEK,4743,27017792,1054,,09,,Tom,Adams,1615 GLEN HOLLOW CT,,ENCINITAS,CA,92024-1990
Complete Car Care Encinitas,TEK,4743,27053500,1054,,09,,Lauren,Wilson,816 LUMINARA WAY,,SAN MARCOS,CA,92078-2808
Complete Car Care Encinitas,TEK,4743,27016274,1054,,09,,John,Houston,2953 AVENIDA VALERA,,CARLSBAD,CA,92009-7121
Complete Car Care Encinitas,TEK,4743,27020680,1054,,09,,Aubree,Smithey,2049 WILLOWOOD LN,,ENCINITAS,CA,92024-3132
Complete Car Care Encinitas,TEK,4743,27043441,1054,,09,,Max,Hardage,441 ALVISO WAY,,ENCINITAS,CA,92024-2617
Complete Car Care Encinitas,TEK,4743,27069881,1054,,09,,IAN,SCHWEIKERT,151 VILLAGE GREEN RD,,ENCINITAS,CA,92024-3036
Complete Car Care Encinitas,TEK,4743,27049937,1054,,09,,RACHEL,TYLER,133 COUNTRYWOOD LN,,ENCINITAS,CA,92024-3110
Complete Car Care Encinitas,TEK,4743,27051221,1054,,09,,JANINE,HAND,708 SUMMERSONG LN,,ENCINITAS,CA,92024-5453
Complete Car Care Encinitas,TEK,4743,27055546,1054,,09,,STEPHANIE,grauer,2133 PLEASANT GROVE RD,,ENCINITAS,CA,92024-4328
Complete Car Care Encinitas,TEK,4743,27029666,1054,,09,,Spencer,Parkes,1926 VIA RANCHO PKWY,,ESCONDIDO,CA,92029-6505
Complete Car Care Encinitas,TEK,4743,27041972,1054,,09,,GERRIT,WITSENBURG,3441 PASEO ANCHO,,CARLSBAD,CA,92009-9518
Complete Car Care Encinitas,TEK,4743,27044564,1054,,09,,JOSE,PECCHIO,2617 JACARANDA AVE,,CARLSBAD,CA,92009-9116
Complete Car Care Encinitas,TEK,4743,27076243,1054,,09,,CHARLES,DUFFY,3434 CORTE SONRISA,,CARLSBAD,CA,92009-9341
Complete Car Care Encinitas,TEK,4743,27037762,1054,,09,,Elizabeth,Kompfner,12822 CALLE DE LA SIENA,,SAN DIEGO,CA,92130-2192
Complete Car Care Encinitas,TEK,4743,27066984,1054,,09,,Clara,Steer,456 SANDALWOOD CT,,ENCINITAS,CA,92024-5841
Complete Car Care Encinitas,TEK,4743,27071307,1054,,09,,BRUCE,PECKHAM,2914 MCCALL ST,,SAN DIEGO,CA,92106-3508
Complete Car Care Encinitas,TEK,4743,27043005,1054,,09,,Greta,Goforth,699 N VULCAN AVE,,ENCINITAS,CA,92024-2122
Complete Car Care Encinitas,TEK,4743,27052547,1054,,09,,Wayne,Foley,3324 AVENIDA OBERTURA,,CARLSBAD,CA,92009-9328
Complete Car Care Encinitas,TEK,4743,27070507,1054,,09,,Evelyn,Kibbe,2450 TORREJON PL,,CARLSBAD,CA,92009-8033
Complete Car Care Encinitas,TEK,4743,27032278,1054,,09,,Brittain,Cheney,7063 SITIO CALIENTE,,CARLSBAD,CA,92009-2042
Complete Car Care Encinitas,TEK,4743,27038072,1054,,09,,MELANIE,BETLACH,1414 VIA TERRASSA,,ENCINITAS,CA,92024-5379
Complete Car Care Encinitas,TEK,4743,27077832,1054,,09,,Robert,Frickman,402 NEPTUNE AVE,,ENCINITAS,CA,92024-2015
Complete Car Care Encinitas,TEK,4743,27039889,1054,,09,,Laurie,MACRI,2535 ABEDUL ST,,CARLSBAD,CA,92009-5305
Complete Car Care Encinitas,TEK,4743,27057507,1054,,09,,MARIAN,ROGERS,1421 CAMINITO SEPTIMO,,CARDIFF BY THE SEA,CA,92007-1042
Complete Car Care Encinitas,TEK,4743,27012877,1054,,09,,ELIZABETH,FERNANDEZ,1354 MALLARD CT,,CARLSBAD,CA,92011-4879
Complete Car Care Encinitas,TEK,4743,27016283,1054,,09,,Brad,Soll,1657 SAGEWOOD WAY,,SAN MARCOS,CA,92078-7990
Complete Car Care Encinitas,TEK,4743,27064571,1054,,09,,John,Pacheco,1138 SYCAMOREVIEW DR,,ENCINITAS,CA,92024-5243
Complete Car Care Encinitas,TEK,4743,27060940,1054,,09,,Don,Hill,3202 FOSCA ST,,CARLSBAD,CA,92009-7829
Complete Car Care Encinitas,TEK,4743,27039984,1054,,09,,Louis,Bajkai,1949 DOVE LN APT 300,,CARLSBAD,CA,92009-4085
Complete Car Care Encinitas,TEK,4743,27015949,1054,,09,,Marilyn,Gordon,2936 CORTE PEDRO,,CARLSBAD,CA,92009-9212
Complete Car Care Encinitas,TEK,4743,27062143,1054,,09,,Brenda,Cost,2333 GALENA AVE,,CARLSBAD,CA,92009-1716
Complete Car Care Encinitas,TEK,4743,27054633,1054,,09,,Enrique,Lamda,6723 BARBERRY PL,,LA COSTA,CA,92011-3418
Complete Car Care Encinitas,TEK,4743,27058071,1054,,09,,Jude,Merkel,851 4TH ST APT D,,ENCINITAS,CA,92024-3415
Complete Car Care Encinitas,TEK,4743,27042394,1054,,09,,Jovian,Hagerman,4328 DIEGOS CT,,FALLBROOK,CA,92028-9243
Complete Car Care Encinitas,TEK,4743,27017834,1054,,09,,AMANDA,AHUMADA,248 CEREUS ST,,ENCINITAS,CA,92024-2105
Complete Car Care Encinitas,TEK,4743,27058826,1054,,09,,MATT,SIMONS,6753 VERMARINE CT,,CARLSBAD,CA,92009-1705
Complete Car Care Encinitas,TEK,4743,27031580,1054,,09,,ERIK,DARBY,7631 CIRCULO SEQUOIA,,CARLSBAD,CA,92009-8472
Complete Car Care Encinitas,TEK,4743,27077456,1054,,09,,William,Holsten,1798 SIENNA CANYON DR,,ENCINITAS,CA,92024-5535
Complete Car Care Encinitas,TEK,4743,27045116,1054,,09,,Rachel,Nishikawa,3982 JEWELL ST APT R303,,SAN DIEGO,CA,92109-6068
Complete Car Care Encinitas,TEK,4743,27030092,1054,,09,,Tanya,Hrabovcky,1645 ORANGE BLOSSOM WAY,,ENCINITAS,CA,92024-2457
Complete Car Care Encinitas,TEK,4743,27019054,1054,,09,,KEVIN,NEWMAN,822 BLUFFCREST LN,,ENCINITAS,CA,92024-1988
Complete Car Care Encinitas,TEK,4743,27060919,1054,,09,,Andrew,Brubaker,1238 GREEN ORCHARD PL,,ENCINITAS,CA,92024-5659
Complete Car Care Encinitas,TEK,4743,27025944,1054,,09,,Anthony,Fitzgerald,2240 ALTA VISTA DR,,VISTA,CA,92084-7022
Complete Car Care Encinitas,TEK,4743,27045396,1054,,09,,Andy,Groenke,351 TRAILVIEW RD,,ENCINITAS,CA,92024-3126
Complete Car Care Encinitas,TEK,4743,27069084,1054,,09,,Theresa,Jackson,218 VILLAGE RUN W,,ENCINITAS,CA,92024-3055
Complete Car Care Encinitas,TEK,4743,27022529,1054,,09,,Fred,Hyde,1022 DEVONSHIRE DR,,ENCINITAS,CA,92024-5121
Complete Car Care Encinitas,TEK,4743,27014375,1054,,09,,Carmelita,Owens,948 LUPINE HILLS DR,,VISTA,CA,92081-5365
Complete Car Care Encinitas,TEK,4743,27021666,1054,,09,,Marco,Della ripa,2610 RAWHIDE LN,,SAN MARCOS,CA,92078-2130
Complete Car Care Encinitas,TEK,4743,27022530,1054,,09,,Caleb,Templeton,238 BEAL AVE,,PLACENTIA,CA,92870-2538
Complete Car Care Encinitas,TEK,4743,27018582,1054,,09,,Kenan,Sharpe,3018 SEGOVIA CT,,CARLSBAD,CA,92009-8352
Complete Car Care Encinitas,TEK,4743,27026622,1054,,09,,Denise,Corrigan,1855 WANDERING RD,,ENCINITAS,CA,92024-2438
Complete Car Care Encinitas,TEK,4743,27065678,1054,,09,,SALLY,WISLAR,3664 LORIMER LN,,ENCINITAS,CA,92024-5507
Complete Car Care Encinitas,TEK,4743,27076252,1054,,09,,Claire,Travis,2560 FARADAY AVE,,CARLSBAD,CA,92010-7202
Complete Car Care Encinitas,TEK,4743,27017681,1054,,09,,Susan,McClain,416 SANDALWOOD CT,,ENCINITAS,CA,92024-5840
Complete Car Care Encinitas,TEK,4743,27047067,1054,,09,,Samantha,Ahern,2917 LUCIERNAGA ST,,CARLSBAD,CA,92009-5929
Complete Car Care Encinitas,TEK,4743,27080080,1054,,09,,KYUNG,MOON,3019 CALLE ALHENA,,CARLSBAD,CA,92009-6966
Complete Car Care Encinitas,TEK,4743,27079104,1054,,09,,Dannikka,Cox,863 ANTILLA WAY,,SAN MARCOS,CA,92078-0917
Complete Car Care Encinitas,TEK,4743,27057586,1054,,09,,BERNIE,ROBINSON,1746 BURGUNDY RD,,ENCINITAS,CA,92024-1209
Complete Car Care Encinitas,TEK,4743,27015689,1054,,09,,Claire,McRoberts,2479 CAMINITO OCEAN CV,,CARDIFF BY THE SEA,CA,92007-2217
Complete Car Care Encinitas,TEK,4743,27017494,1054,,09,,Katie,Kralick,1920 EDINBURG AVE,,CARDIFF BY THE SEA,CA,92007-1620
Complete Car Care Encinitas,TEK,4743,27030787,1054,,09,,Noel,Velez,1069 BERYL ST APT 3,,SAN DIEGO,CA,92109-2086
Complete Car Care Encinitas,TEK,4743,27039567,1054,,09,,Ben,Ruiz,847 CERRITOS AVE APT 6,,LONG BEACH,CA,90813-4839
Complete Car Care Encinitas,TEK,4743,27015129,1054,,09,,Michelle,Pasquariello,2130 ORINDA DR APT A,,CARDIFF BY THE SEA,CA,92007-1940
Complete Car Care Encinitas,TEK,4743,27055043,1054,,09,,Matthew,Coats,3489 CORTE FORTUNA,,CARLSBAD,CA,92009-2039
Complete Car Care Encinitas,TEK,4743,27074123,1054,,09,,HANS,EICHMAN,11312 MORRISON ST APT 8,,NORTH HOLLYWOOD,CA,91601-4485
Complete Car Care Encinitas,TEK,4743,27026795,1054,,09,,DOUGLASS,KURZ,668 HYGEIA AVE,,ENCINITAS,CA,92024-2113
Complete Car Care Encinitas,TEK,4743,27080951,1054,,09,,Dennis,Berkshire,7912 CALLE POSADA,,CARLSBAD,CA,92009-9304
Complete Car Care Encinitas,TEK,4743,27043560,1054,,09,,Lori,Atherton,225 IRONWOOD LN,,REDDING,CA,96003-5344
Complete Car Care Encinitas,TEK,4743,27068320,1054,,09,,Kaitlyn,Rosstomily,2557 OCEAN COVE DR,,CARDIFF BY THE SEA,CA,92007-2218
Complete Car Care Encinitas,TEK,4743,27047252,1054,,09,,John,Ohara,2855 CAMINO SERBAL,,CARLSBAD,CA,92009-6995
Complete Car Care Encinitas,TEK,4743,27022070,1054,,09,,LAUREL,WEBER,120 VIA CANTEBRIA APT 4,,ENCINITAS,CA,92024-5808
Complete Car Care Encinitas,TEK,4743,27054476,1054,,09,,Joanna,Stapleton,1911 ESTRELLA DE MAR CT UNIT F,,CARLSBAD,CA,92009-6126
Complete Car Care Encinitas,TEK,4743,27082967,1054,,09,,Lars,Madsen,10111 CARLTON HILLS BLVD,,SANTEE,CA,92071-1351
Complete Car Care Encinitas,TEK,4743,27032132,1054,,09,,Allan,Oiana,8024 PASEO ALISO,,CARLSBAD,CA,92009-9025
Complete Car Care Encinitas,TEK,4743,27027286,1054,,09,,Chafik,Larobi,1309 CHERT DR,,SAN MARCOS,CA,92078-2822
Complete Car Care Encinitas,TEK,4743,27055177,1054,,09,,Fred,Richetta,7264 CIRCULO PAPAYO,,CARLSBAD,CA,92009-8698
Complete Car Care Encinitas,TEK,4743,27016930,1054,,09,,Jonathan,Riehn,610 N WILLOWSPRING DR,,ENCINITAS,CA,92024-1918
Complete Car Care Encinitas,TEK,4743,27019536,1054,,09,,Van,Oyama,8024 PASEO ALISO,,CARLSBAD,CA,92009-9025
Complete Car Care Encinitas,TEK,4743,27030960,1054,,09,,Carl,Walker,444 N EL CAMINO REAL SPC 155,,ENCINITAS,CA,92024-1303
Complete Car Care Encinitas,TEK,4743,27076051,1054,,09,,Ileese,Schneir,7893 SITIO MIRTO,,CARLSBAD,CA,92009-6999
Complete Car Care Encinitas,TEK,4743,27071136,1054,,09,,Lorriane,Simon,7040 AVENIDA ENCINAS STE 104,,CARLSBAD,CA,92011-4653
Complete Car Care Encinitas,TEK,4743,27065757,1054,,09,,Gordon,Watson,465 E GLAUCUS ST,,ENCINITAS,CA,92024-1737
Complete Car Care Encinitas,TEK,4743,27050897,1054,,09,,Heather,Hillerman,3345 AVENIDA OBERTURA,,CARLSBAD,CA,92009-9300
Complete Car Care Encinitas,TEK,4743,27057550,1054,,09,,Melissa,Orcutt,2414 SACADA CIR,,CARLSBAD,CA,92009-8049
Complete Car Care Encinitas,TEK,4743,27045887,1054,,09,,Steve,Rons,1644 CORTE ORCHIDIA,,CARLSBAD,CA,92011-4063
Complete Car Care Encinitas,TEK,4743,27066449,1054,,09,,John,Smith,765 STRATFORD DR,,ENCINITAS,CA,92024-4548
Complete Car Care Encinitas,TEK,4743,27083961,1054,,09,,Windy,Marshall,7149 SITIO CORAZON,,CARLSBAD,CA,92009-2036
Complete Car Care Encinitas,TEK,4743,27071212,1054,,09,,Stevie,dixon,615 WINDMILL RANCH RD,,ENCINITAS,CA,92024-6558
Complete Car Care Encinitas,TEK,4743,27049858,1054,,09,,Mary,Tucker,556 ORPHEUS AVE,,ENCINITAS,CA,92024-2660
Complete Car Care Encinitas,TEK,4743,27079909,1054,,09,,Jessica,Mcclemand,6790 EMBARCADERO LN UNIT 203,,CARLSBAD,CA,92011-3278
Complete Car Care Encinitas,TEK,4743,27013487,1054,,09,,MORELL,MERCADO,3474 SITIO BAYA,,CARLSBAD,CA,92009-8916
Complete Car Care Encinitas,TEK,4743,27062123,1054,,09,,John,Daiza,3310 CORTE VERSO,,CARLSBAD,CA,92009-9323
Complete Car Care Encinitas,TEK,4743,27039260,1054,,09,,Dominique,Meredith,1471 N VULCAN AVE APT 6,,ENCINITAS,CA,92024-1504
Complete Car Care Encinitas,TEK,4743,27058926,1054,,09,,Rafael,Moya,PO BOX 1331,,RANCHO SANTA FE,CA,92067-1331
Complete Car Care Encinitas,TEK,4743,27027299,1054,,09,,Doug,Wofford,1742 BURGUNDY RD,,ENCINITAS,CA,92024-1209
Complete Car Care Encinitas,TEK,4743,27079288,1054,,09,,Molly,Latta,305 S SIERRA AVE APT 10,,SOLANA BEACH,CA,92075-2225
Complete Car Care Encinitas,TEK,4743,27031752,1054,,09,,Lexi,Sun,1058 QUAIL GARDENS CT,,ENCINITAS,CA,92024-2782
Complete Car Care Encinitas,TEK,4743,27013816,1054,,09,,George,Temmel,3166 ARROYO VIS,,CARLSBAD,CA,92009-7602
Complete Car Care Encinitas,TEK,4743,27041350,1054,,09,,STEVE,MORGAN,1567 LOWER LAKE CT,,CARDIFF BY THE SEA,CA,92007-1142
Complete Car Care Encinitas,TEK,4743,27078922,1054,,09,,Marilyn,Woods,1950 SILVERLEAF CIR,,CARLSBAD,CA,92009-8410
Complete Car Care Encinitas,TEK,4743,27045649,1054,,09,,Shannon,Ehlers,PO BOX 855,,DEL MAR,CA,92014-0855
Complete Car Care Encinitas,TEK,4743,27037722,1054,,09,,Mark,Oconnor,7930 AVENIDA DIESTRO,,CARLSBAD,CA,92009-8913
Complete Car Care Encinitas,TEK,4743,27034616,1054,,09,,Luis,Perez,1025 EVERGREEN DR,,ENCINITAS,CA,92024-3916
Complete Car Care Encinitas,TEK,4743,27046997,1054,,09,,Ryan,Mcmay,3538 SITIO BAYA,,CARLSBAD,CA,92009-8919
Complete Car Care Encinitas,TEK,4743,27054872,1054,,09,,RINA,HAUTH,14868 RANCHO REAL,,DEL MAR,CA,92014-4211
Complete Car Care Encinitas,TEK,4743,27075141,1054,,09,,James,Hopson,1015 OLIVE CREST DR,,ENCINITAS,CA,92024-6830
Complete Car Care Encinitas,TEK,4743,27060892,1054,,09,,JENNIFER,ZEGLEN,309 N WILLOWSPRING DR,,ENCINITAS,CA,92024-3129
Complete Car Care Encinitas,TEK,4743,27017023,1054,,09,,Jesse,Hill,1498 VILLAGE VIEW RD,,ENCINITAS,CA,92024-5619
Complete Car Care Encinitas,TEK,4743,27047646,1054,,09,,Trevor,Durflinger,135 GROVER LN,,WALNUT CREEK,CA,94596-6308
Complete Car Care Encinitas,TEK,4743,27061934,1054,,09,,Sheryl,Lambert,2607 PIRINEOS WAY UNIT 103,,CARLSBAD,CA,92009-7333
Complete Car Care Encinitas,TEK,4743,27031502,1054,,09,,Atwood,Mcandrew,1986 LANCEWOOD LN,,CARLSBAD,CA,92009-6826
Complete Car Care Encinitas,TEK,4743,27035875,1054,,09,,SUZANNE,BEMIS,172 COUNTRYHAVEN RD,,ENCINITAS,CA,92024-3102
Complete Car Care Encinitas,TEK,4743,27071753,1054,,09,,Megan,Yoshitomi,3020 CIELO PL,,CARLSBAD,CA,92009-7535
Complete Car Care Encinitas,TEK,4743,27050965,1054,,09,,Champagne,Lamon,1840 MONSERRAT WAY,,VISTA,CA,92081-7012
Complete Car Care Encinitas,TEK,4743,27076859,1054,,09,,Houman,Forood,2878 RANCHO CORTES,,CARLSBAD,CA,92009-3033
Complete Car Care Encinitas,TEK,4743,27015455,1054,,09,,JOANNE,HSIA,2609 FALLSVIEW RD,,SAN MARCOS,CA,92078-0912
Complete Car Care Encinitas,TEK,4743,27081832,1054,,09,,PATRICK,DONAHUE,1970 SILVERLEAF CIR UNIT 301,,CARLSBAD,CA,92009-8422
Complete Car Care Encinitas,TEK,4743,27063911,1054,,09,,Judith,Sloane,1485 E BASALT DR,,GREEN VALLEY,AZ,85614-0006
Complete Car Care Encinitas,TEK,4743,27023939,1054,,09,,Alan,Rutstein,7036 CORINTIA ST,,CARLSBAD,CA,92009-6098
Complete Car Care Encinitas,TEK,4743,27031057,1054,,09,,Michael,Romero,324 WINSOME PL,,ENCINITAS,CA,92024-3133
Complete Car Care Encinitas,TEK,4743,27047076,1054,,09,,Mark,Andriany,7329 ALICANTE RD APT C,,CARLSBAD,CA,92009-6234
Complete Car Care Encinitas,TEK,4743,27068881,1054,,09,,JOHN,MITCHELL,1821 WILLOWHAVEN RD,,ENCINITAS,CA,92024-5644
Complete Car Care Encinitas,TEK,4743,27019661,1054,,09,,Kelly,Morrow,7751 PENDON CT,,CARLSBAD,CA,92009-8027
Complete Car Care Encinitas,TEK,4743,27071194,1054,,09,,Kristina,Ritter,3240 OLIVENHAIN FARMS RD,,ENCINITAS,CA,92024-6660
Complete Car Care Encinitas,TEK,4743,27031293,1054,,09,,Michelle,Mclelland,7588 DEHESA CT,,CARLSBAD,CA,92009-7703
Complete Car Care Encinitas,TEK,4743,27082380,1054,,09,,Billy,McBee,182 RAINBOW DR UNIT 8255,,LIVINGSTON,TX,77399-1082
Complete Car Care Encinitas,TEK,4743,27062416,1054,,09,,Eugene,Katz,7714 ROMERIA ST,,CARLSBAD,CA,92009-8350
Complete Car Care Encinitas,TEK,4743,27075743,1054,,09,,Arden,Khanna,1043 SEAHORSE CT,,CARLSBAD,CA,92011-3413
Complete Car Care Encinitas,TEK,4743,27019818,1054,,09,,Heather,Venne,1829 AVENIDA FLORES,,ENCINITAS,CA,92024-7107
Complete Car Care Encinitas,TEK,4743,27036794,1054,,09,,Ken,Buck,2334 LAGOON VIEW DR,,CARDIFF BY THE SEA,CA,92007-1506
Complete Car Care Encinitas,TEK,4743,27056829,1054,,09,,Kevin,Wells,2048 RED COACH LN,,ENCINITAS,CA,92024-3119
Complete Car Care Encinitas,TEK,4743,27082106,1054,,09,,Kevin,Thompson,3433 LONE HILL LN,,ENCINITAS,CA,92024-7264
Complete Car Care Encinitas,TEK,4743,27076049,1054,,09,,Eden,Uebelhor,356 HORIZON DR,,ENCINITAS,CA,92024-4148
Complete Car Care Encinitas,TEK,4743,27017330,1054,,09,,Eric,Globerson,7785 PALENQUE ST,,CARLSBAD,CA,92009-8026
Complete Car Care Encinitas,TEK,4743,27083788,1054,,09,,ALAINA,MARTIN,1100 GARDEN VIEW RD APT 341,,ENCINITAS,CA,92024-1371
Complete Car Care Encinitas,TEK,4743,27014863,1054,,09,,SALLY,TAGGART,2255 CAMINO ROBLEDO,,CARLSBAD,CA,92009-9346
Complete Car Care Encinitas,TEK,4743,27046412,1054,,09,,CAROL,ROLNICK,7808 SEGOVIA WAY,,CARLSBAD,CA,92009-8234
Complete Car Care Encinitas,TEK,4743,27013286,1054,,09,,RYAN,HOPPER,1145 PACIFICA PL,,ENCINITAS,CA,92024-1343
Complete Car Care Encinitas,TEK,4743,27014725,1054,,09,,MARK,GOLDSWORTH,7411 CIRCULO SEQUOIA,,CARLSBAD,CA,92009-8467
Complete Car Care Encinitas,TEK,4743,27023115,1054,,09,,Debbie,Halverson,3458 CAMINO ALEGRE,,CARLSBAD,CA,92009-9512
Complete Car Care Encinitas,TEK,4743,27042548,1054,,09,,SHIRLEY,MCLAUGHLIN,354 ABINGTON RD,,ENCINITAS,CA,92024-4204
Complete Car Care Encinitas,TEK,4743,27056031,1054,,09,,Tara,Given,1156 WILD CANARY LN,,ENCINITAS,CA,92024-6800
Complete Car Care Encinitas,TEK,4743,27029815,1054,,09,,Bonnie,Reed,7395 ALICANTE RD,,CARLSBAD,CA,92009-6262
Complete Car Care Encinitas,TEK,4743,27057745,1054,,09,,Helen,Galvin,PO BOX 2797,,RANCHO SANTA FE,CA,92067-2797
Complete Car Care Encinitas,TEK,4743,27058996,1054,,09,,Craig,Combs,7955 RAYTHEON RD,,SAN DIEGO,CA,92111-1606
Complete Car Care Encinitas,TEK,4743,27082497,1054,,09,,Keith,Kim,2323 CAMBRIDGE AVE,,CARDIFF BY THE SEA,CA,92007-2001
Complete Car Care Encinitas,TEK,4743,27049664,1054,,09,,Saiyad,Mohammed,1061 EMERALD ST,,SAN DIEGO,CA,92109-2825
Complete Car Care Encinitas,TEK,4743,27054777,1054,,09,,Joe,Pusl,737 HYMETTUS AVE,,ENCINITAS,CA,92024-2148
Complete Car Care Encinitas,TEK,4743,27017581,1054,,09,,Reid,Strahan,1190 BEACON HL,,SAN MARCOS,CA,92078-5431
Complete Car Care Encinitas,TEK,4743,27062091,1054,,09,,ERIC,REINDEL,1060 ALOHA DR,,ENCINITAS,CA,92024-3906
Complete Car Care Encinitas,TEK,4743,27065286,1054,,09,,Richard,Zepeda,8916 BOWER LN,,LAKESIDE,CA,92040-5001
Complete Car Care Encinitas,TEK,4743,27042874,1054,,09,,Alexandra,Flanagan,PO BOX 233,,RANCHO SANTA FE,CA,92067-0233
Complete Car Care Encinitas,TEK,4743,27066419,1054,,09,,STACY,SMITH,1218 ELFIN FOREST RD W,,SAN MARCOS,CA,92078-1072
Complete Car Care Encinitas,TEK,4743,27054379,1054,,09,,Deanna,King,1662 LANDQUIST DR,,ENCINITAS,CA,92024-4755
Complete Car Care Encinitas,TEK,4743,27046537,1054,,09,,LAURIE,MACRI,2535 ABEDUL ST,,CARLSBAD,CA,92009-5305
Complete Car Care Encinitas,TEK,4743,27051244,1054,,09,,William,Ewing,1182 SANTA FE DR,,ENCINITAS,CA,92024-3954
Complete Car Care Encinitas,TEK,4743,27078861,1054,,09,,Mick,Midkiff,5410 LOS ROBLES DR,,CARLSBAD,CA,92008-4422
Complete Car Care Encinitas,TEK,4743,27031434,1054,,09,,Marianne,Jasenovec,2879 CORTE MORERA,,CARLSBAD,CA,92009-8247
Complete Car Care Encinitas,TEK,4743,27071188,1054,,09,,Randy,Stamper,7349 ALICANTE RD APT B,,CARLSBAD,CA,92009-6243
Complete Car Care Encinitas,TEK,4743,27016210,1054,,09,,Angela,Ball,3449 CAMINO CORTE,,CARLSBAD,CA,92009-9520
Complete Car Care Encinitas,TEK,4743,27076329,1054,,09,,Catherine,Forsthoefel,6434 CAYENNE LN,,CARLSBAD,CA,92009-4301
Complete Car Care Encinitas,TEK,4743,27021022,1054,,09,,Richard,Shavatt,7086 ESTRELLA DE MAR RD,,CARLSBAD,CA,92009-6135
Complete Car Care Encinitas,TEK,4743,27044854,1054,,09,,Russell,Clark,1739 SIENNA CANYON DR,,ENCINITAS,CA,92024-5535
Complete Car Care Encinitas,TEK,4743,27079558,1054,,09,,Gina,Hartman,4632 FELTON ST,,SAN DIEGO,CA,92116-3353
Complete Car Care Encinitas,TEK,4743,27071351,1054,,09,,Marc,Zimmerman,732 VAL SERENO DR,,ENCINITAS,CA,92024-6919
Complete Car Care Encinitas,TEK,4743,27065415,1054,,09,,Cynthia,Monahan,918 MONTE MIRA DR,,ENCINITAS,CA,92024-1283
Complete Car Care Encinitas,TEK,4743,27028143,1054,,09,,Scot,Steck,944 NORTHAMPTON ST,,CAMBRIA,CA,93428-2506
Complete Car Care Encinitas,TEK,4743,27024366,1054,,09,,Charles,Ettari,2205 RECODO CT,,CARLSBAD,CA,92009-8528
Complete Car Care Encinitas,TEK,4743,27022020,1054,,09,,Derek,Barnhart,189 W JASON ST,,ENCINITAS,CA,92024-1448
Complete Car Care Encinitas,TEK,4743,27079481,1054,,09,,Nicolas,Pauli,3010 GARBOSO ST,,CARLSBAD,CA,92009-8326
Complete Car Care Encinitas,TEK,4743,27017492,1054,,09,,Jaime,Johnson,2639 PIRINEOS WAY UNIT 235,,CARLSBAD,CA,92009-7348
Complete Car Care Encinitas,TEK,4743,27023180,1054,,09,,Fabian,Hernandez,675 WESTLAKE ST,,ENCINITAS,CA,92024-3708
Complete Car Care Encinitas,TEK,4743,27079559,1054,,09,,Tom,Wilson,1803 WILLOWHAVEN RD,,ENCINITAS,CA,92024-5644
Complete Car Care Encinitas,TEK,4743,27031735,1054,,09,,Brennan,Best,1722 MACKINNON AVE,,CARDIFF BY THE SEA,CA,92007-1605
Complete Car Care Encinitas,TEK,4743,27078797,1054,,09,,KAREN,CAMPBELL,3352 AVENIDA NIEVE,,CARLSBAD,CA,92009-9338
Complete Car Care Encinitas,TEK,4743,27030156,1054,,09,,Septina,McDonnell,1569 CALLE RYAN,,ENCINITAS,CA,92024-5528
Complete Car Care Encinitas,TEK,4743,27028712,1054,,09,,Ryan,Hopper,1145 PACIFICA PL,,ENCINITAS,CA,92024-1343
Complete Car Care Encinitas,TEK,4743,27068589,1054,,09,,Erik,Myhro,1447 SANTA FE DR,,ENCINITAS,CA,92024-4059
Complete Car Care Encinitas,TEK,4743,27057325,1054,,09,,Jason,Van Dyke,433 SANTA HELENA,,SOLANA BEACH,CA,92075-1511
Complete Car Care Encinitas,TEK,4743,27073850,1054,,09,,Lauren,Greider,3364 FORTUNA RANCH RD,,ENCINITAS,CA,92024-5704
Complete Car Care Encinitas,TEK,4743,27053712,1054,,09,,Heather,Nelson,PO BOX 232340,,ENCINITAS,CA,92023-2340
Complete Car Care Encinitas,TEK,4743,27037910,1054,,09,,Monica,Works,3321 AVENIDA OBERTURA,,CARLSBAD,CA,92009-9327
Complete Car Care Encinitas,TEK,4743,27055974,1054,,09,,Rebecca,Nelson,1702 AVENIDA LA POSTA,,ENCINITAS,CA,92024-5610
Complete Car Care Encinitas,TEK,4743,27058573,1054,,09,,David,Melby,1122 RANCHO ENCINITAS DR,,ENCINITAS,CA,92024-7023
Complete Car Care Encinitas,TEK,4743,27082722,1054,,09,,Jonathan,Akbari,3371 CALLE SANTIAGO,,CARLSBAD,CA,92009-8630
Complete Car Care Encinitas,TEK,4743,27073308,1054,,09,,Bianca,Kaplan,6084 CITRACADO CIR,,CARLSBAD,CA,92009-2283
Complete Car Care Encinitas,TEK,4743,27046844,1054,,09,,Cody,Riechers,2724 EL CAMINO DEL NORTE,,ENCINITAS,CA,92024-6909
Complete Car Care Encinitas,TEK,4743,27019697,1054,,09,,MOLLY,EDWARDS,7732 BRIZA PLACIDA,,SAN DIEGO,CA,92127-3621
Complete Car Care Encinitas,TEK,4743,27058275,1054,,09,,Renate,Zellmann,1995 AZURE WAY,,ENCINITAS,CA,92024-1901
Complete Car Care Encinitas,TEK,4743,27077747,1054,,09,,Yvonne,Raymond,5921 CYPRESS POINT AVE,,LONG BEACH,CA,90808-2150
Complete Car Care Encinitas,TEK,4743,27018907,1054,,09,,Marianne,Kimmel,3321 AVENIDA OBERTURA,,CARLSBAD,CA,92009-9327
Complete Car Care Encinitas,TEK,4743,27050500,1054,,09,,Sayet,Asatryan,701 GARDEN VIEW CT,,ENCINITAS,CA,92024-2464
Complete Car Care Encinitas,TEK,4743,27037974,1054,,09,,Roxana,Foxx,PO BOX 1018,,RANCHO SANTA FE,CA,92067-1018
Complete Car Care Encinitas,TEK,4743,27018985,1054,,09,,Tierney,Schatz,3453 CIRCULO ADORNO,,CARLSBAD,CA,92009-8906
Complete Car Care Encinitas,TEK,4743,27068396,1054,,09,,James,Haskell,7022 IBIS PL,,CARLSBAD,CA,92011-5011
Complete Car Care Encinitas,TEK,4743,27029557,1054,,09,,Fabian,Hernandez,675 WESTLAKE ST,,ENCINITAS,CA,92024-3708
Complete Car Care Encinitas,TEK,4743,27055839,1054,,09,,Joe,Clarke,742 TEABERRY ST,,ENCINITAS,CA,92024-3352
Complete Car Care Encinitas,TEK,4743,27059712,1054,,09,,Tony,Kurlovich,3534 DON CARLOS DR,,CARLSBAD,CA,92010-3911
Complete Car Care Encinitas,TEK,4743,27038990,1054,,09,,KATRINA,MAXWELL,734 FOXGLOVE ST,,ENCINITAS,CA,92024-3317
Complete Car Care Encinitas,TEK,4743,27033068,1054,,09,,BOB,GILES,2904 CAMINO SERBAL,,CARLSBAD,CA,92009-2900
Complete Car Care Encinitas,TEK,4743,27019565,1054,,09,,Christian,Kelly,2611 COLIBRI LN,,CARLSBAD,CA,92009-4304
Complete Car Care Encinitas,TEK,4743,27060633,1054,,09,,Kevin,Brewer,1075 N VULCAN AVE,,ENCINITAS,CA,92024-1782
Complete Car Care Encinitas,TEK,4743,27067004,1054,,09,,Roger,Pierce,7831 RUSH ROSE DR UNIT 316,,CARLSBAD,CA,92009-6848
Complete Car Care Encinitas,TEK,4743,27070451,1054,,09,,Peter,Tarricone,2953 AVENIDA CASTANA,,CARLSBAD,CA,92009-6986
Complete Car Care Encinitas,TEK,4743,27068112,1054,,09,,Jonthan,Mueller,1770 COTTAGE GROVE DR,,ENCINITAS,CA,92024-3009
Complete Car Care Encinitas,TEK,4743,27071848,1054,,09,,Deeann,Freeman,405 SANDALWOOD CT,,ENCINITAS,CA,92024-5840
Complete Car Care Encinitas,TEK,4743,27048846,1054,,09,,Jeff,Benotiz,1102 ALEXANDRA LN,,ENCINITAS,CA,92024-2369
Complete Car Care Encinitas,TEK,4743,27079718,1054,,09,,CHRIS,MCWILLIAMS,1642 TENNIS MATCH WAY,,ENCINITAS,CA,92024-2945
Complete Car Care Encinitas,TEK,4743,27063769,1054,,09,,MIKE,LEMBKE,930 VIA MIL CUMBRES UNIT 87,,SOLANA BEACH,CA,92075-1705
Complete Car Care Encinitas,TEK,4743,27013174,1054,,09,,Karla,Hayward,1567 SAN DIEGUITO DR,,DEL MAR,CA,92014-2414
Complete Car Care Encinitas,TEK,4743,26931099,1054,,09,,Philippe,Gerretsen,1837 AVENIDA MIMOSA,,ENCINITAS,CA,92024-7121
Complete Car Care Encinitas,TEK,4743,27009473,1054,,09,,Jean,Martin,1408 RUBENSTEIN AVE,,CARDIFF BY THE SEA,CA,92007-2406
Complete Car Care Encinitas,TEK,4743,27063406,1054,,09,,George,Vargas,247 RODNEY AVE,,ENCINITAS,CA,92024-2901
Complete Car Care Encinitas,TEK,4743,27040841,1054,,09,,PHILOMENA,WALSH,2181 MANCHESTER AVE,,CARDIFF BY THE SEA,CA,92007-1853
Complete Car Care Encinitas,TEK,4743,27861171,1054,,09,,Anthony,Bina,1122 WEST ST,,OCEANSIDE,CA,92054-4246
Complete Car Care Encinitas,TEK,4743,27055500,1054,,09,,Clement,Brown,270 GARDENDALE RD,,ENCINITAS,CA,92024-3016
Complete Car Care Encinitas,TEK,4743,27074368,1054,,09,,KAMRAN,MORADI,PO BOX 231985,,ENCINITAS,CA,92023-1985
Complete Car Care Encinitas,TEK,4743,28900235,1054,,09,,Chad,Alasantro,3020 GARBOSO ST,,CARLSBAD,CA,92009-8326
Complete Car Care Encinitas,TEK,4743,27046291,1054,,09,,Mitchell,White,3518 AVENIDA PANTERA,,CARLSBAD,CA,92009-8939
Complete Car Care Encinitas,TEK,4743,27021232,1054,,09,,Don,Abbott,104 ROPER CT,,ENCINITAS,CA,92024-2905
Complete Car Care Encinitas,TEK,4743,28893302,1054,,09,,haley,condello,7565 ROMERIA ST,,CARLSBAD,CA,92009-7453
Complete Car Care Encinitas,TEK,4743,27021582,1054,,09,,Erika,Omotoy,3158 VISTA GRANDE,,CARLSBAD,CA,92009-7623
Complete Car Care Encinitas,TEK,4743,27029309,1054,,09,,Beatriz,Lewis,11660 AGRESTE PL,,SAN DIEGO,CA,92127-1136
Complete Car Care Encinitas,TEK,4743,27037162,1054,,09,,WILLOW,RIDENOUR,698 RIHELY PL,,ENCINITAS,CA,92024-2395
Complete Car Care Encinitas,TEK,4743,29379533,1054,,09,,Rolly,Lofshult,820 CALLE SANTA CRUZ,,ENCINITAS,CA,92024-6608
Complete Car Care Encinitas,TEK,4743,27076793,1054,,09,,Jennifer,Pizzo,2412 LA TINADA CT,,CARLSBAD,CA,92009-9133
Complete Car Care Encinitas,TEK,4743,29579186,1054,,09,,Robert,Murtfeldt,1593 CAUDOR ST,,ENCINITAS,CA,92024-1217
Complete Car Care Encinitas,TEK,4743,27038545,1054,,09,,Teresa,Falley,1034 HERMES AVE,,ENCINITAS,CA,92024-1703
Complete Car Care Encinitas,TEK,4743,27075534,1054,,09,,Jamie,Eucker,7905 VISTA GUYABA,,CARLSBAD,CA,92009-6977
Complete Car Care Encinitas,TEK,4743,27051944,1054,,09,,KRISTIN,EDDINGTON,2154 CORTE MORAL,,CARLSBAD,CA,92009-8701
Complete Car Care Encinitas,TEK,4743,27035878,1054,,09,,Teri,Perkon,350 N EL CAMINO REAL SPC 60,,ENCINITAS,CA,92024-2824
Complete Car Care Encinitas,TEK,4743,27033250,1054,,09,,WHITNEY,MANASJAN,2431 SACADA CIR,,CARLSBAD,CA,92009-8031
Complete Car Care Encinitas,TEK,4743,27036537,1054,,09,,GAY,BORSARI,2017 MESQUITE CT,,CARLSBAD,CA,92009-6883
Complete Car Care Encinitas,TEK,4743,27052350,1054,,09,,SAMIR,NAJD,7025 CRYSTALLINE DR,,CARLSBAD,CA,92011-3968
Complete Car Care Encinitas,TEK,4743,27075124,1054,,09,,Cheryl,Dunbar,7937 SITIO PERAL,,CARLSBAD,CA,92009-6975
Complete Car Care Encinitas,TEK,4743,30159761,1054,,09,,Justin,Ternes,1050 3RD ST,,ENCINITAS,CA,92024-5012
Complete Car Care Encinitas,TEK,4743,27076132,1054,,09,,Marc,Anfossi,785 WINDING WAY,,ENCINITAS,CA,92024-2446
Complete Car Care Encinitas,TEK,4743,27023299,1054,,09,,CAROL,BOURGEOIS,951 WINDY HILL TER,,ENCINITAS,CA,92024-3960
Complete Car Care Encinitas,TEK,4743,27075089,1054,,09,,KEITH,GOODMAN,7207 MIMOSA DR,,CARLSBAD,CA,92011-5136
Complete Car Care Encinitas,TEK,4743,27043786,1054,,09,,MELODY,FLEETWOOD,350 N EL CAMINO REAL SPC 50,,ENCINITAS,CA,92024-2823
Complete Car Care Encinitas,TEK,4743,30426620,1054,,09,,Robert,Burnette,7770 PASEO LA JOLLA,,CARLSBAD,CA,92009-9506
Complete Car Care Encinitas,TEK,4743,27062709,1054,,09,,Douglas,Rein,919 OLIVE CREST DR,,ENCINITAS,CA,92024-6828
Complete Car Care Encinitas,TEK,4743,27067799,1054,,09,,Michelle,Spears,1033 ELMVIEW DR,,ENCINITAS,CA,92024-5236
Complete Car Care Encinitas,TEK,4743,27052741,1054,,09,,ANDY,BLOUGH,3605 FORTUNA RANCH RD,,ENCINITAS,CA,92024-7216
Complete Car Care Encinitas,TEK,4743,27063262,1054,,09,,Virginia,Mcghee,3504 SITIO BAYA,,CARLSBAD,CA,92009-8917
Complete Car Care Encinitas,TEK,4743,31242743,1054,,09,,Katie,Young,1328 PINE AVE,,CARLSBAD,CA,92008-1940
Complete Car Care Encinitas,TEK,4743,27033833,1054,,09,,PATRICK,FITZSIMMONS,1506 CALLE TULIPANES,,ENCINITAS,CA,92024-4721
Complete Car Care Encinitas,TEK,4743,27041424,1054,,09,,JEAN,MARTIN,1408 RUBENSTEIN AVE,,CARDIFF BY THE SEA,CA,92007-2406
Complete Car Care Encinitas,TEK,4743,27077709,1054,,09,,SETH,SPROUL,860 BRACERO RD,,ENCINITAS,CA,92024-3812
Complete Car Care Encinitas,TEK,4743,31637536,1054,,09,,Jeff,Swiecki,6933 MIMOSA DR,,CARLSBAD,CA,92011-5152
Complete Car Care Encinitas,TEK,4743,31652545,1054,,09,,Ramin,Parsi,2043 ALGA RD,,CARLSBAD,CA,92009-6116
Complete Car Care Encinitas,TEK,4743,27062447,1054,,09,,Chris,Straka,811 MOLA VISTA WAY,,SOLANA BEACH,CA,92075-2056
Complete Car Care Encinitas,TEK,4743,27074462,1054,,09,,Mohammad,Zomorrodian,2464 LA COSTA AVE,,CARLSBAD,CA,92009-7301
Complete Car Care Encinitas,TEK,4743,27014570,1054,,09,,Benjamin,Kaija,1100 GARDEN VIEW RD APT 329,,ENCINITAS,CA,92024-1371
Complete Car Care Encinitas,TEK,4743,31666792,1054,,09,,Matt,Beekman,7708 CORTE VIOLETA,,CARLSBAD,CA,92009-9340
Complete Car Care Encinitas,TEK,4743,32053239,1054,,09,,perry,Strahl,1761 GREENTREE RD,,ENCINITAS,CA,92024-3025
Complete Car Care Encinitas,TEK,4743,27062912,1054,,09,,Bryant,Sandquist,251 SHARP PL,,ENCINITAS,CA,92024-2907
Complete Car Care Encinitas,TEK,4743,27031353,1054,,09,,PHAN,TRAN,331 COUNTRYWOOD LN,,ENCINITAS,CA,92024-3136
Complete Car Care Encinitas,TEK,4743,27019593,1054,,09,,CATHARINE,SHELBY,7893 CALLE OLIVA,,CARLSBAD,CA,92009-2908
Complete Car Care Encinitas,TEK,4743,27035209,1054,,09,,Kelly,Hawkins,2542 ANTLERS WAY,,SAN MARCOS,CA,92078-2133
Complete Car Care Encinitas,TEK,4743,27055601,1054,,09,,JAMES,PAYNE,1651 LINDA SUE LN,,ENCINITAS,CA,92024-2427
Complete Car Care Encinitas,TEK,4743,27065433,1054,,09,,Donna,Kearney,3694 FALLON CIR,,SAN DIEGO,CA,92130-1872
Complete Car Care Encinitas,TEK,4743,27074040,1054,,09,,Mark,Piccone,1513 VILLAGE VIEW RD,,ENCINITAS,CA,92024-5605
Complete Car Care Encinitas,TEK,4743,32904283,1054,,09,,Joshua,Pupping,130 4TH ST,,ENCINITAS,CA,92024-3209
Complete Car Care Encinitas,TEK,4743,27027025,1054,,09,,Andrew,Grant,467 BAY MEADOWS WAY,,SOLANA BEACH,CA,92075-2447
Complete Car Care Encinitas,TEK,4743,27042212,1054,,09,,Katerina,Van Biene,1215 SKYROS WAY,,ENCINITAS,CA,92024-1800
Complete Car Care Encinitas,TEK,4743,27032409,1054,,09,,ROBERTA,GORIN,943 AVALON WAY,,SAN MARCOS,CA,92078-1054
Complete Car Care Encinitas,TEK,4743,32934555,1054,,09,,Justin,Williams,1505 SAPPHIRE DR,,CARLSBAD,CA,92011-1231
Complete Car Care Encinitas,TEK,4743,27039063,1054,,09,,Brandon,Marsh,3226 BROOKSIDE LN,,ENCINITAS,CA,92024-6903
Complete Car Care Encinitas,TEK,4743,27070493,1054,,09,,Susan,Michelon,1698 DOCENA RD,,CARLSBAD,CA,92011-4045
Complete Car Care Encinitas,TEK,4743,33252030,1054,,09,,Maryse,Levenson,1619 ABINGTON LN,,ENCINITAS,CA,92024-4203
Complete Car Care Encinitas,TEK,4743,27044606,1054,,09,,Richard,Giammarinaro,2505 ABEDUL ST,,CARLSBAD,CA,92009-5305
Complete Car Care Encinitas,TEK,4743,27063477,1054,,09,,Jeremy,Adams,1723 BLUEBIRD LN,,CARLSBAD,CA,92011-2781
Complete Car Care Encinitas,TEK,4743,27018708,1054,,09,,Phillip,Yeakley,157 TOWNWOOD WAY,,ENCINITAS,CA,92024-4338
Complete Car Care Encinitas,TEK,4743,27017362,1054,,09,,Erin,Goodman,7410 CARLINA ST,,CARLSBAD,CA,92009-7507
Complete Car Care Encinitas,TEK,4743,27033523,1054,,09,,Aaron,Lehman,PO BOX 1670,,RANCHO SANTA FE,CA,92067-1670
Complete Car Care Encinitas,TEK,4743,34003424,1054,,09,,Emma,Kennedy,978 WOODGROVE DR,,CARDIFF BY THE SEA,CA,92007-1147
Complete Car Care Encinitas,TEK,4743,27017791,1054,,09,,CAROLE,RING,6489 ALEXANDRI CIR,,CARLSBAD,CA,92011-3610
Complete Car Care Encinitas,TEK,4743,27068807,1054,,09,,Mike,Cerrito,954 EMMA DR,,CARDIFF BY THE SEA,CA,92007-1448
Complete Car Care Encinitas,TEK,4743,27073955,1054,,09,,BRIAN,BERSON,3168 WILDFLOWER SMT,,ENCINITAS,CA,92024-7057
Complete Car Care Encinitas,TEK,4743,28449601,1054,,09,,Thomas,Solowczuk,2023 WANDERING RD,,ENCINITAS,CA,92024-5625
Complete Car Care Encinitas,TEK,4743,34334637,1054,,09,,Kimberly,Cottam,6550 PONTO DR SPC 139,,CARLSBAD,CA,92011-2317
Complete Car Care Encinitas,TEK,4743,27033123,1054,,09,,John,Brannon,2120 VIA TIEMPO,,CARDIFF,CA,92007-1208
Complete Car Care Encinitas,TEK,4743,27041965,1054,,09,,DARREN,REINING,324 ALVISO WAY,,ENCINITAS,CA,92024-2614
Complete Car Care Encinitas,TEK,4743,27073736,1054,,09,,Rafaela,Zanetti,258 FRAXINELLA ST,,ENCINITAS,CA,92024-3355
Complete Car Care Encinitas,TEK,4743,27014053,1054,,09,,SCOTT,TOWNEND,324 SHAWN ELISE WAY,,ENCINITAS,CA,92024-2942
Complete Car Care Encinitas,TEK,4743,27062006,1054,,09,,Mike,Goriscek,842 SUMMERHILL CT,,ENCINITAS,CA,92024-5450
Complete Car Care Encinitas,TEK,4743,27071851,1054,,09,,Leah,Nierman,PO BOX 9291,,RANCHO SANTA FE,CA,92067-4291
Complete Car Care Encinitas,TEK,4743,34953862,1054,,09,,Grayson,Toschi,351 PASEO PACIFICA,,ENCINITAS,CA,92024-3643
Complete Car Care Encinitas,TEK,4743,27061956,1054,,09,,Glenn,Akin,1231 MEADOW WOOD PL,,ENCINITAS,CA,92024-5651
Complete Car Care Encinitas,TEK,4743,27053575,1054,,09,,Briana,Dowling,7727 CAMINITO MONARCA UNIT 103,,CARLSBAD,CA,92009-8533
Complete Car Care Encinitas,TEK,4743,35279264,1054,,09,,Kirk,Ketcherside,1330 BELLO MAR DR,,ENCINITAS,CA,92024-1289
Complete Car Care Encinitas,TEK,4743,27044080,1054,,09,,Loreen,Bina,13725 MANGO DR,,DEL MAR,CA,92014-3444
Complete Car Care Encinitas,TEK,4743,27070646,1054,,09,,Carole,Mayne,345 SANFORD ST,,ENCINITAS,CA,92024-1508
Complete Car Care Encinitas,TEK,4743,27081703,1054,,09,,MARYBETH,EATON,1716 WEATHERWOOD CT,,SAN MARCOS,CA,92078-0906
Complete Car Care Encinitas,TEK,4743,27064627,1054,,09,,Michael,Alfuso,3302 CALLE DEL SUR,,CARLSBAD,CA,92009-8611
Complete Car Care Encinitas,TEK,4743,27070100,1054,,09,,John,Gaillard,7080 SITIO FRONTERA,,CARLSBAD,CA,92009-2045
Complete Car Care Encinitas,TEK,4743,27062200,1054,,09,,Michael,Reid,1624 CORTE ORCHIDIA,,CARLSBAD,CA,92011-4063
Complete Car Care Encinitas,TEK,4743,27032482,1054,,09,,Jennifer,Demsey,3327 CAMINO CORONADO,,CARLSBAD,CA,92009-9326
Complete Car Care Encinitas,TEK,4743,27036027,1054,,09,,TODD,THELIN,1434 SUNDANCE AVE,,SAN MARCOS,CA,92078-7999
Complete Car Care Encinitas,TEK,4743,27036276,1054,,09,,Cassandra,Muntz,3330 CAMINO CORONADO,,CARLSBAD,CA,92009-9326
Complete Car Care Encinitas,TEK,4743,27020101,1054,,09,,Janet,Hightower,1319 AHLRICH AVE,,ENCINITAS,CA,92024-4027
Complete Car Care Encinitas,TEK,4743,27021868,1054,,09,,Jeff,Rothstein,3566 CAMINO ARENA,,CARLSBAD,CA,92009-9507
Complete Car Care Encinitas,TEK,4743,27025960,1054,,09,,Seth,Thalnick,1957 CREST DR,,ENCINITAS,CA,92024-5217
Complete Car Care Encinitas,TEK,4743,27032057,1054,,09,,Chris,Russell,7035 COLUMBINE DR,,CARLSBAD,CA,92011-5109
Complete Car Care Encinitas,TEK,4743,27060262,1054,,09,,SEAN,DURKIN,1653 CLEARWATER PL,,ENCINITAS,CA,92024-1964
Complete Car Care Encinitas,TEK,4743,27028168,1054,,09,,AARON,WRIGHT,1961 SKYKNOLL WAY,,ENCINITAS,CA,92024-1937
Complete Car Care Encinitas,TEK,4743,27527458,1054,,09,,George,Mariscal,1723 FREDA LN,,CARDIFF BY THE SEA,CA,92007-1108
Complete Car Care Encinitas,TEK,4743,27023710,1054,,09,,Nash,smith,7915 ARBUSTO CT,,CARLSBAD,CA,92009-9105
Complete Car Care Encinitas,TEK,4743,27030782,1054,,09,,Gene,Lenahan,3118 VISTA BONITA,,CARLSBAD,CA,92009-7620
