Shop Name,Software,SID,CID,WSID,WCID,MBdayMo,TBdayMo,First,Last,Address,Address2,City,St,Zip
Complete Car Care Encinitas,TEK,4743,27019483,1054,,,9,Maria,Jorge,6463 TILIA PL UNIT 201,,CARLSBAD,CA,92011-2763
Complete Car Care Encinitas,TEK,4743,27024432,1054,,,9,JIMMY,WILKIMS,1025 GENIE LN,,CARDIFF BY THE SEA,CA,92007-1420
Complete Car Care Encinitas,TEK,4743,27040717,1054,,,3,Jacques,Ermolieff,2110 JACKSON ST APT 504,,SAN FRANCISCO,CA,94115-1532
Complete Car Care Encinitas,TEK,4743,27070572,1054,,,3,MARCELO,SAN MARTIN,4321 N MILLER RD,,SCOTTSDALE,AZ,85251-3601
Complete Car Care Encinitas,TEK,4743,27047102,1054,,,3,AARON,BENEDICT,6042 PASEO SALINERO,,CARLSBAD,CA,92009-2269
Complete Car Care Encinitas,TEK,4743,27013961,1054,,,9,Andrea,Williams,136 E JASON ST,,ENCINITAS,CA,92024-1671
Complete Car Care Encinitas,TEK,4743,27059350,1054,,,3,Natalie,Gilligan,356 TRAILVIEW RD,,ENCINITAS,CA,92024-3125
Complete Car Care Encinitas,TEK,4743,27027746,1054,,,3,STEVEN,LOSKOT,11196 VISTA SORRENTO PKWY APT H306,,SAN DIEGO,CA,92130-7620
Complete Car Care Encinitas,TEK,4743,27060496,1054,,,9,CYRIAC,ALEXANDER,841 SANTA FLORENCIA,,SOLANA BEACH,CA,92075-1553
Complete Car Care Encinitas,TEK,4743,27075332,1054,,,9,Kevin,Modafferi,5165 GLASGOW DR,,SAN DIEGO,CA,92117-1036
Complete Car Care Encinitas,TEK,4743,27013809,1054,,,3,Gary,Stern,7222 PLAZA DE LA COSTA,,CARLSBAD,CA,92009-6258
Complete Car Care Encinitas,TEK,4743,27044449,1054,,,3,LAURENCE,MEYERS,3108 AVENIDA CHRISTINA,,CARLSBAD,CA,92009-4504
Complete Car Care Encinitas,TEK,4743,27041199,1054,,,3,MARIA,ARNONE,2382 CAROL VIEW DR,,CARDIFF BY THE SEA,CA,92007-2029
Complete Car Care Encinitas,TEK,4743,27071612,1054,,,3,Eda,Bogursky,716 COLE RANCH RD,,ENCINITAS,CA,92024-6611
Complete Car Care Encinitas,TEK,4743,27080053,1054,,,9,Marjorie,Fox,PO BOX 231357,,ENCINITAS,CA,92023-1357
Complete Car Care Encinitas,TEK,4743,27041749,1054,,,3,Matt,Hamzey,7329 SITIO SALVIA,,CARLSBAD,CA,92009-9528
Complete Car Care Encinitas,TEK,4743,27058882,1054,,,3,SANDRA,TILLINGHAST,1188 MONTEREY PL,,ENCINITAS,CA,92024-1340
Complete Car Care Encinitas,TEK,4743,27029340,1054,,,3,Charles,Grosenick,6563 CORTE LA PAZ,,CARLSBAD,CA,92009-4555
Complete Car Care Encinitas,TEK,4743,27069372,1054,,,3,ALLYSON,KNEIB,1100 GARDEN VIEW RD,,ENCINITAS,CA,92024-1363
Complete Car Care Encinitas,TEK,4743,27082740,1054,,,9,Rony,Lopez Ramirez,1738 OLD MILL RD,,ENCINITAS,CA,92024-3027
Complete Car Care Encinitas,TEK,4743,27017164,1054,,,3,Julie,Brown,613 SANTA THERESA,,SOLANA BEACH,CA,92075-1644
Complete Car Care Encinitas,TEK,4743,27080768,1054,,,3,Baxter,Williams,606 CAMINO EL DORADO,,ENCINITAS,CA,92024-3847
Complete Car Care Encinitas,TEK,4743,27058159,1054,,,3,Ray,Zargham,5482 WHITE OAK LN,,SAN DIEGO,CA,92130-5752
Complete Car Care Encinitas,TEK,4743,27013360,1054,,,3,Dallon,Beachem,2212 BURGENER BLVD,,SAN DIEGO,CA,92110-1105
Complete Car Care Encinitas,TEK,4743,27038564,1054,,,3,Branigan,Kenemer,404 ENCINITAS BLVD APT 315,,ENCINITAS,CA,92024-6721
Complete Car Care Encinitas,TEK,4743,27033782,1054,,,3,Marianne,Watson,7919 TERRAZA DISOMA,,CARLSBAD,CA,92009-8923
Complete Car Care Encinitas,TEK,4743,27068882,1054,,,3,Kristina,Rostomily,2340 CAROL VIEW DR APT E316,,CARDIFF BY THE SEA,CA,92007-2042
Complete Car Care Encinitas,TEK,4743,27047384,1054,,,3,Jyl,Maas,3995 ALDER AVE,,CARLSBAD,CA,92008-3602
Complete Car Care Encinitas,TEK,4743,27051963,1054,,,9,Rafael,Gama,2382 CAROL VIEW DR APT F213,,CARDIFF BY THE SEA,CA,92007-2046
Complete Car Care Encinitas,TEK,4743,27082609,1054,,,3,Anna,Simons,2550 W RANCH ST APT,,CARLSBAD,CA,92010-5624
Complete Car Care Encinitas,TEK,4743,27062728,1054,,,9,Tony,Jones,804 LEUCADIA BLVD,,ENCINITAS,CA,92024-2337
Complete Car Care Encinitas,TEK,4743,27057370,1054,,,3,Lat,Pong,4891 CLAIREMONT MESA BLVD APT 403,,SAN DIEGO,CA,92117-2124
Complete Car Care Encinitas,TEK,4743,27065254,1054,,,3,Susana,Jeronimo,1331 ENCINITAS BLVD,Apt 12,ENCINITAS,CA,92024-2845
Complete Car Care Encinitas,TEK,4743,27055083,1054,,,9,Brenda,Peterson,365 1/2 OCEAN VIEW AVE,,ENCINITAS,CA,92024-2625
Complete Car Care Encinitas,TEK,4743,27067744,1054,,,3,Neema,Guivian,28311 LA BAJADA,,LAGUNA NIGUEL,CA,92677-7057
Complete Car Care Encinitas,TEK,4743,27014287,1054,,,9,James,Papke,10376 DIANE AVE,,BUENA PARK,CA,90620-4412
Complete Car Care Encinitas,TEK,4743,27013203,1054,,,9,ALYSSA,DRIVER,2307 CARINGA WAY UNIT D,,CARLSBAD,CA,92009-6343
Complete Car Care Encinitas,TEK,4743,27056511,1054,,,3,Brent,Dills,2230 LA MIRADA DR,,VISTA,CA,92081-8854
Complete Car Care Encinitas,TEK,4743,27068700,1054,,,9,Roger,Dostalek,620 W BLUFF CT,,ENCINITAS,CA,92024-5836
Complete Car Care Encinitas,TEK,4743,27076183,1054,,,9,Dorothy,ORTIZ,7965 REPRESA CIR,,CARLSBAD,CA,92009-9148
Complete Car Care Encinitas,TEK,4743,27013233,1054,,,9,Robert,Harned,2382 CAROL VIEW DR,,CARDIFF BY THE SEA,CA,92007-2029
Complete Car Care Encinitas,TEK,4743,27055814,1054,,,3,Rio,Reinholz,PO BOX 234,,RANCHO SANTA FE,CA,92067-0234
Complete Car Care Encinitas,TEK,4743,27056787,1054,,,9,JILL,MARK,PO BOX 845,,DEL MAR,CA,92014-0845
Complete Car Care Encinitas,TEK,4743,27057043,1054,,,3,Andrew,Shaw,417 LA MESA AVE,,ENCINITAS,CA,92024-2009
Complete Car Care Encinitas,TEK,4743,27048344,1054,,,9,Robert,Steinberg,PO BOX 91245,,SANTA BARBARA,CA,93190-1245
Complete Car Care Encinitas,TEK,4743,27015490,1054,,,9,Anthony,gifford,2552 GREGORY DR,,CARLSBAD,CA,92008-1514
Complete Car Care Encinitas,TEK,4743,27078516,1054,,,9,DEAN,CURTIS,309 SANFORD ST,,ENCINITAS,CA,92024-1508
Complete Car Care Encinitas,TEK,4743,27044339,1054,,,3,Austin,Masterson,2841 CEBU PL,,CARLSBAD,CA,92009-5905
Complete Car Care Encinitas,TEK,4743,27048578,1054,,,3,Emily,Buickerood,1190 ENCINITAS BLVD APT 2U9P,,ENCINITAS,CA,92024-5335
Complete Car Care Encinitas,TEK,4743,27069227,1054,,,9,Brittany,Woolley,247 RODNEY AVE,,ENCINITAS,CA,92024-2901
Complete Car Care Encinitas,TEK,4743,27029836,1054,,,9,Fred,Miller,1043 ALOHA DR,,ENCINITAS,CA,92024-3907
Complete Car Care Encinitas,TEK,4743,27017841,1054,,,3,Patti,Louvier,2161 HARRIS RD,,LEWISBURG,TN,37091-6809
Complete Car Care Encinitas,TEK,4743,27045041,1054,,,3,Pat,Dunlap,1157 LAGOON VIEW CT,,CARDIFF BY THE SEA,CA,92007-1503
Complete Car Care Encinitas,TEK,4743,27040589,1054,,,3,Brad,Hunsaker,3468 SITIO BAYA,,CARLSBAD,CA,92009-8916
Complete Car Care Encinitas,TEK,4743,27055163,1054,,,9,Don,Ponec,14332 DICKENS ST UNIT 3,,SHERMAN OAKS,CA,91423-4123
Complete Car Care Encinitas,TEK,4743,27016907,1054,,,9,Shauna,Zoul,675 W CIRCLE DR,,SOLANA BEACH,CA,92075-1113
Complete Car Care Encinitas,TEK,4743,27055094,1054,,,3,Jozsef,Namenyi,819 HONEY BEE LN,,VISTA,CA,92081-6541
Complete Car Care Encinitas,TEK,4743,27042180,1054,,,9,Tim,Metcalf,1076 GLEN ARBOR DR,,ENCINITAS,CA,92024-2444
Complete Car Care Encinitas,TEK,4743,27033930,1054,,,3,Robert,Quick,2407 JACARANDA AVE,,CARLSBAD,CA,92009-9112
Complete Car Care Encinitas,TEK,4743,27070366,1054,,,3,Kathryn,Okeefe,675 QUAIL GARDENS LN,,ENCINITAS,CA,92024-2716
Complete Car Care Encinitas,TEK,4743,27043950,1054,,,9,Lucas,Aveling,7792 CALLE LOMAS,,CARLSBAD,CA,92009-8646
Complete Car Care Encinitas,TEK,4743,27016911,1054,,,3,EDWIN,OLVERA,552 OAKLAWN AVE,,CHULA VISTA,CA,91910-5106
Complete Car Care Encinitas,TEK,4743,27073865,1054,,,9,Peggy,Hansen,PO BOX 993,,RANCHO SANTA FE,CA,92067-0993
Complete Car Care Encinitas,TEK,4743,27054097,1054,,,9,DAVID,BAHR,2240 ENCINITAS BLVD,,ENCINITAS,CA,92024-4345
Complete Car Care Encinitas,TEK,4743,27075729,1054,,,9,Whitney,Wright,743 AVALON CT,,SAN DIEGO,CA,92109-8209
Complete Car Care Encinitas,TEK,4743,27069476,1054,,,9,Kenneth,Brown,2348 LA COSTA AVE UNIT 416,,CARLSBAD,CA,92009-6943
Complete Car Care Encinitas,TEK,4743,27065087,1054,,,9,Andrew,Fontanini,1015 HYMETTUS AVE,,ENCINITAS,CA,92024-1741
Complete Car Care Encinitas,TEK,4743,27021930,1054,,,9,Crispin,Luna,PO BOX 2637,,PASADENA,CA,91102-2637
Complete Car Care Encinitas,TEK,4743,27054067,1054,,,3,Karl,Eppel,6728 CANTIL ST,,CARLSBAD,CA,92009-5809
Complete Car Care Encinitas,TEK,4743,27047056,1054,,,9,Juan,Fernandez,7957 CALLE MADRID,,CARLSBAD,CA,92009-9303
Complete Car Care Encinitas,TEK,4743,27019207,1054,,,3,Maria,Morales,1835 N VULCAN AVE APT 4,,ENCINITAS,CA,92024-1153
Complete Car Care Encinitas,TEK,4743,27065828,1054,,,9,Melissa,Collins,8604 MATTERHORN DR,,SANTEE,CA,92071-3412
Complete Car Care Encinitas,TEK,4743,27037303,1054,,,9,Adam,Uchimoto,757 OCEAN SURF DR,,SOLANA BEACH,CA,92075-2610
Complete Car Care Encinitas,TEK,4743,27077944,1054,,,9,PATRIK,LAWRENCE,7832 SITIO TEJO,,CARLSBAD,CA,92009-8710
Complete Car Care Encinitas,TEK,4743,27013333,1054,,,3,Jack,Ramsey,750 STRATFORD DR,,ENCINITAS,CA,92024-4547
Complete Car Care Encinitas,TEK,4743,27022125,1054,,,9,Rachel,Wedemire,268 SEA VIEW CT,,ENCINITAS,CA,92024-7718
Complete Car Care Encinitas,TEK,4743,27059173,1054,,,9,Jimmie,Thorpe,130 N TWIN OAKS VALLEY RD UNIT 103,,SAN MARCOS,CA,92069-3285
Complete Car Care Encinitas,TEK,4743,27073624,1054,,,3,Praveen,Malou,1942 COURAGE ST,,VISTA,CA,92081-7021
Complete Car Care Encinitas,TEK,4743,27037272,1054,,,3,Lijun,He,18477 VIA CANDELA,,RANCHO SANTA FE,CA,92091-0195
Complete Car Care Encinitas,TEK,4743,27064684,1054,,,9,Wendy,Johnson,1524 BOUNTIFUL BLVD,,BOUNTIFUL,UT,84010-1344
Complete Car Care Encinitas,TEK,4743,27067148,1054,,,3,JULIA,NAUGHTON,17635 PARLANGE PL,,SAN DIEGO,CA,92128-2081
Complete Car Care Encinitas,TEK,4743,27031646,1054,,,3,Hahn,Jean,PO BOX 225,,RANCHO SANTA FE,CA,92067-0225
Complete Car Care Encinitas,TEK,4743,27080857,1054,,,3,Wes,Peter,209 OAK ST,,FRAZIER PARK,CA,93225-9487
Complete Car Care Encinitas,TEK,4743,27016086,1054,,,3,Josh,Jones,3147 AVENIDA OLMEDA,,CARLSBAD,CA,92009-4508
Complete Car Care Encinitas,TEK,4743,27045298,1054,,,9,Guy,Tatum,1804 GARNET AVE UNIT 671,,SAN DIEGO,CA,92109-3352
Complete Car Care Encinitas,TEK,4743,27021438,1054,,,9,Anabel,Garcia,2057 VILLAGE PARK WAY APT 101,,ENCINITAS,CA,92024-5431
Complete Car Care Encinitas,TEK,4743,27064947,1054,,,9,Preston,Coen,11093 VIA SAN MARCO,,SAN DIEGO,CA,92129-2053
Complete Car Care Encinitas,TEK,4743,27070721,1054,,,3,Will,Peterson,2683 VIA DE LA VALLE UNIT G716,,DEL MAR,CA,92014-1911
Complete Car Care Encinitas,TEK,4743,27077438,1054,,,9,Josh,Morgan,1864 HAYMARKET RD,,ENCINITAS,CA,92024-1017
Complete Car Care Encinitas,TEK,4743,27070184,1054,,,9,Sawyer,Gilley,7143 SURFBIRD CIR,,CARLSBAD,CA,92011-4020
Complete Car Care Encinitas,TEK,4743,27046759,1054,,,9,Daniel,Woolston,7512 VIEJO CASTILLA WAY,,CARLSBAD,CA,92009-7352
Complete Car Care Encinitas,TEK,4743,27035898,1054,,,9,Sabrina,Yoss,1625 WARBLER CT,,CARLSBAD,CA,92011-5015
Complete Car Care Encinitas,TEK,4743,27026876,1054,,,3,Ryden,Way,441 COLE RANCH RD,,ENCINITAS,CA,92024-6518
Complete Car Care Encinitas,TEK,4743,27031020,1054,,,9,Christopher,Taylor,1100 GARDEN VIEW RD # 271,,ENCINITAS,CA,92024-1363
Complete Car Care Encinitas,TEK,4743,27081239,1054,,,9,Robert,Villamil,119 COUNTRYHAVEN RD,,ENCINITAS,CA,92024-3103
Complete Car Care Encinitas,TEK,4743,27024554,1054,,,9,K.c.,Medina,215 COUNTRYHAVEN RD,,ENCINITAS,CA,92024-3106
Complete Car Care Encinitas,TEK,4743,27027696,1054,,,9,STEPHANIE,WHOLFORD,1510 S MELROSE DR APT 68,,VISTA,CA,92081-7452
Complete Car Care Encinitas,TEK,4743,27048782,1054,,,9,Francesca,Mainiero,2622 COLIBRI LN,,CARLSBAD,CA,92009-4303
Complete Car Care Encinitas,TEK,4743,27013042,1054,,,9,Miles,Martin,924 ENCINITAS BLVD APT 8,,ENCINITAS,CA,92024-5392
Complete Car Care Encinitas,TEK,4743,27070312,1054,,,3,Jeanette,Ochoa,3451 CALLE CANCUNA,,CARLSBAD,CA,92009-8607
Complete Car Care Encinitas,TEK,4743,27031754,1054,,,9,ANDREW,MESHNIK,445 ZARINA LN,,ENCINITAS,CA,92024-2418
Complete Car Care Encinitas,TEK,4743,27039658,1054,,,3,Edward,Murphy,6155 ARTISAN WAY,,SAN DIEGO,CA,92130-5030
Complete Car Care Encinitas,TEK,4743,27033962,1054,,,3,GABRIELLA,JOLIN,5110 WHITMAN WAY APT V213,,CARLSBAD,CA,92008-4638
Complete Car Care Encinitas,TEK,4743,27082043,1054,,,9,Swdina,Hurt,7304 BORLA PL,,CARLSBAD,CA,92009-7802
Complete Car Care Encinitas,TEK,4743,27068848,1054,,,3,Tyler,Jack,729 REGAL RD,,ENCINITAS,CA,92024-4622
Complete Car Care Encinitas,TEK,4743,27032439,1054,,,9,Kayla,Frost,139 AVENIDA ESPERANZA APT B,,ENCINITAS,CA,92024-4308
Complete Car Care Encinitas,TEK,4743,27079434,1054,,,3,David,Boerje,7086 ROCKROSE TER,,CARLSBAD,CA,92011-3955
Complete Car Care Encinitas,TEK,4743,27049680,1054,,,3,Eduardo,Castro Garcia,1161 GARDENA RD,,ENCINITAS,CA,92024-4645
Complete Car Care Encinitas,TEK,4743,27081935,1054,,,3,Ron,Tinko,1761 PLEASANTDALE DR,,ENCINITAS,CA,92024-4219
Complete Car Care Encinitas,TEK,4743,27052592,1054,,,9,Roberto,Juarez,840 VILLAGE DR APT 4108,,SAN MARCOS,CA,92078-4336
Complete Car Care Encinitas,TEK,4743,27037650,1054,,,9,Andrew,Bamford,2308 ALTISMA WAY UNIT 219,,CARLSBAD,CA,92009-6312
Complete Car Care Encinitas,TEK,4743,27014033,1054,,,3,Steve,Beibel,2190 CORTE MANGO,,CARLSBAD,CA,92009-9019
Complete Car Care Encinitas,TEK,4743,27029044,1054,,,3,Charles,Mills,18366 CALLE STELLINA,,RANCHO SANTA FE,CA,92091-0163
Complete Car Care Encinitas,TEK,4743,27018576,1054,,,3,KAREN,COOK,7715 CORTINA CT,,CARLSBAD,CA,92009-8207
Complete Car Care Encinitas,TEK,4743,27062331,1054,,,3,Michelle,Carbone,745 CLARK AVE,,ENCINITAS,CA,92024-2314
Complete Car Care Encinitas,TEK,4743,27049045,1054,,,3,MAX,GORNISH,2728 LONE JACK RD,,ENCINITAS,CA,92024-6642
Complete Car Care Encinitas,TEK,4743,27067622,1054,,,9,Jose,Perez,6439 OLEA LN UNIT,,CARLSBAD,CA,92011-2715
Complete Car Care Encinitas,TEK,4743,27024297,1054,,,9,Chris,Rogers,7467 ALTIVA PL,,CARLSBAD,CA,92009-6424
Complete Car Care Encinitas,TEK,4743,27030490,1054,,,9,Peter,Gault,PO BOX 8026,,RANCHO SANTA FE,CA,92067-8026
Complete Car Care Encinitas,TEK,4743,27075667,1054,,,3,Kalyn,McMackin,2471 OXFORD AVE,,CARDIFF BY THE SEA,CA,92007-2130
Complete Car Care Encinitas,TEK,4743,27016489,1054,,,3,Dayna,Hansen,213 2ND ST,,ENCINITAS,CA,92024-3279
Complete Car Care Encinitas,TEK,4743,27026874,1054,,,9,Jp,Cugier,991 TREASURE ISLAND DR,,MATTAWAN,MI,49071-9424
Complete Car Care Encinitas,TEK,4743,27050577,1054,,,9,William,Gong,1100 GARDEN VIEW RD APT 121,,ENCINITAS,CA,92024-1360
Complete Car Care Encinitas,TEK,4743,27067486,1054,,,3,Andrew,Quiming,7702 CAMINITO LEON,,CARLSBAD,CA,92009-8656
Complete Car Care Encinitas,TEK,4743,27028576,1054,,,9,Katrina,Whipple,2053 VILLAGE PARK WAY,,ENCINITAS,CA,92024-5422
Complete Car Care Encinitas,TEK,4743,27061458,1054,,,3,Lori,Noto,324 S FREEMAN ST # A,,OCEANSIDE,CA,92054-3107
Complete Car Care Encinitas,TEK,4743,27067418,1054,,,3,Jessica,Lux,1732 CREST DR,,ENCINITAS,CA,92024-5213
Complete Car Care Encinitas,TEK,4743,27021599,1054,,,3,Braden,Cook,7391 ALICANTE RD,,CARLSBAD,CA,92009-6262
Complete Car Care Encinitas,TEK,4743,27058637,1054,,,9,Nick,Terlecky,1705 TATTENHAM RD,,ENCINITAS,CA,92024-1034
Complete Car Care Encinitas,TEK,4743,27049091,1054,,,9,Oliva,Watson,447 JOLINA WAY,,ENCINITAS,CA,92024-2405
Complete Car Care Encinitas,TEK,4743,27023530,1054,,,3,Krisin,Staton,540 VIA DE LA VALLE UNIT K,,SOLANA BEACH,CA,92075-2486
Complete Car Care Encinitas,TEK,4743,27073748,1054,,,3,Roderick,Gilman Jr,7151 ALMADEN LN,,CARLSBAD,CA,92009-6247
Complete Car Care Encinitas,TEK,4743,27043212,1054,,,9,Bill,Burton,1648 BRAHMS RD,,CARDIFF BY THE SEA,CA,92007-2302
Complete Car Care Encinitas,TEK,4743,27013525,1054,,,9,Lindsay,Geery,PO BOX 1977,,RANCHO SANTA FE,CA,92067-1977
Complete Car Care Encinitas,TEK,4743,27057824,1054,,,3,Michael,Moyniham,PO BOX 5005,,RANCHO SANTA FE,CA,92067-5005
Complete Car Care Encinitas,TEK,4743,27078772,1054,,,9,Emi,Bullari,3570 JASMINE CRST,,ENCINITAS,CA,92024-7047
Complete Car Care Encinitas,TEK,4743,27036021,1054,,,3,EILEEN,ALLEN,PO BOX 230565,,ENCINITAS,CA,92023-0565
Complete Car Care Encinitas,TEK,4743,27020672,1054,,,3,Mike,Coffman,1028 C ST,,ENCINITAS,CA,92024-6811
Complete Car Care Encinitas,TEK,4743,27019311,1054,,,3,ANDY,GATTORNA,7320 SPINNAKER ST,,CARLSBAD,CA,92011-4676
Complete Car Care Encinitas,TEK,4743,27052162,1054,,,3,Ryan,Morgan,116 QUAIL GARDENS DR,,ENCINITAS,CA,92024-2759
Complete Car Care Encinitas,TEK,4743,27059824,1054,,,9,Danielle,Wiedeseld,138 N TWIN OAKS VALLEY RD UNIT 102,,SAN MARCOS,CA,92069-3294
Complete Car Care Encinitas,TEK,4743,27081196,1054,,,9,Fabiana,Allen,2630 PIRINEOS WAY UNIT 26,,CARLSBAD,CA,92009-7362
Complete Car Care Encinitas,TEK,4743,27064879,1054,,,9,Arjun,Mukherji,918 CAMINITO ESTRADA UNIT C,,CARLSBAD,CA,92011-2434
Complete Car Care Encinitas,TEK,4743,27046382,1054,,,9,Stephanie,Chaires,5128 CARLSBAD BLVD,,CARLSBAD,CA,92008-4304
Complete Car Care Encinitas,TEK,4743,27046574,1054,,,3,Gilberto,Leonardez,945 AVENIDA DE SAN CLEMENTE,,ENCINITAS,CA,92024-3936
Complete Car Care Encinitas,TEK,4743,27079734,1054,,,3,Jim,Kelly,2209 PLAZA DE LAS FLORES,,CARLSBAD,CA,92009-6257
Complete Car Care Encinitas,TEK,4743,27081317,1054,,,3,Henery,Jenkins,922 WOODLAKE DR,,CARDIFF BY THE SEA,CA,92007-1025
Complete Car Care Encinitas,TEK,4743,27019069,1054,,,3,Andrew,Ferguson,7828 QUEBRADA CIR,,CARLSBAD,CA,92009-8341
Complete Car Care Encinitas,TEK,4743,27013853,1054,,,3,Conor,Barnbrough,5665 LINDO PASEO,,SAN DIEGO,CA,92115-1313
Complete Car Care Encinitas,TEK,4743,27019243,1054,,,3,Blanca,Lucas,1974 MISTY CIR,,ENCINITAS,CA,92024-3138
Complete Car Care Encinitas,TEK,4743,27081008,1054,,,3,Stephen,Moffat,350 N EL CAMINO REAL SPC 16,,ENCINITAS,CA,92024-2820
Complete Car Care Encinitas,TEK,4743,27078937,1054,,,9,Steve,Fahringer,PO BOX 295,4373 Camino Privado,RANCHO SANTA FE,CA,92067-0295
Complete Car Care Encinitas,TEK,4743,27055091,1054,,,9,Chris,Gulliver,7509 JEREZ CT,,CARLSBAD,CA,92009-7494
Complete Car Care Encinitas,TEK,4743,27060235,1054,,,9,Lize,William,7025 EL FUERTE ST,,CARLSBAD,CA,92009-6513
Complete Car Care Encinitas,TEK,4743,27057896,1054,,,3,Mila,Nance,500 FORREST BLF,,ENCINITAS,CA,92024-5834
Complete Car Care Encinitas,TEK,4743,27028004,1054,,,9,Milena,Romani,3211 SELLO LN APT 97,,CARLSBAD,CA,92009-6056
Complete Car Care Encinitas,TEK,4743,27073665,1054,,,3,Alexa,Alequin,2730 CIRCULO SANTIAGO APT F,,CARLSBAD,CA,92008-6835
Complete Car Care Encinitas,TEK,4743,27072664,1054,,,3,Steve,Billoms,1823 BLUE BONNET PL,,ENCINITAS,CA,92024-1963
Complete Car Care Encinitas,TEK,4743,27032002,1054,,,9,James,Chestnut,875 E SILVERADO RANCH BLVD APT 2078,,LAS VEGAS,NV,89183-5894
Complete Car Care Encinitas,TEK,4743,27073969,1054,,,3,Maiken,Domingue,3464 FILOLI CIR,,CARLSBAD,CA,92009-2053
Complete Car Care Encinitas,TEK,4743,27023198,1054,,,9,Ruben,Rodriguez Jr,10406 INDIANA AVE APT 116,,RIVERSIDE,CA,92503-5393
Complete Car Care Encinitas,TEK,4743,27047644,1054,,,3,Rummer,Bershtein,6451 SLEEPY RIDGE RD,,FALLS CHURCH,VA,22042-3149
Complete Car Care Encinitas,TEK,4743,27065567,1054,,,3,Pete,Hazaie,1190 ENCINITAS BLVD APT 101,,ENCINITAS,CA,92024-5335
Complete Car Care Encinitas,TEK,4743,27013388,1054,,,9,Benjamin,Bucci,1685 SAN ELIJO AVE UNIT A,,CARDIFF BY THE SEA,CA,92007-2342
Complete Car Care Encinitas,TEK,4743,27023398,1054,,,9,Trigg,Brekke,3830 VALLEY CENTRE DR,,SAN DIEGO,CA,92130-3320
Complete Car Care Encinitas,TEK,4743,27026217,1054,,,3,Teofania,Slobodzians,PO BOX 1944,,RANCHO SANTA FE,CA,92067-1944
Complete Car Care Encinitas,TEK,4743,27042702,1054,,,3,Marta,Papini,2610 COLIBRI LN,,CARLSBAD,CA,92009-4303
Complete Car Care Encinitas,TEK,4743,27052177,1054,,,3,Nathan,Menard,1860 WILLOWHAVEN RD,,ENCINITAS,CA,92024-5643
Complete Car Care Encinitas,TEK,4743,27078828,1054,,,3,Will,Dynan,1750 S EL CAMINO REAL,,ENCINITAS,CA,92024-4962
Complete Car Care Encinitas,TEK,4743,27043558,1054,,,3,Taylor,Langston,2362 32ND ST,,ASTORIA,NY,11105-2416
Complete Car Care Encinitas,TEK,4743,27035462,1054,,,3,Matthew,Adamus,4009 LIMBER PINE RD,,FALLBROOK,CA,92028-8057
Complete Car Care Encinitas,TEK,4743,27026288,1054,,,3,Mike,Diedrichs,2557 DOGWOOD RD,,CARLSBAD,CA,92009-3065
Complete Car Care Encinitas,TEK,4743,27047035,1054,,,3,Raushus,Kirpikar,9251 NW MURDOCK ST,,PORTLAND,OR,97229-8087
Complete Car Care Encinitas,TEK,4743,27073295,1054,,,9,Barry,Hall,1809 ALVARADO ST,,OCEANSIDE,CA,92054-6028
Complete Car Care Encinitas,TEK,4743,27015111,1054,,,3,David,Debas,6511 JUDY LEE PL,,SAN DIEGO,CA,92115-6811
Complete Car Care Encinitas,TEK,4743,27022837,1054,,,9,Craig,Onholm R,1238 VISTA DEL CANON,,DEL MAR,CA,92014-3931
Complete Car Care Encinitas,TEK,4743,27023256,1054,,,3,Angelina,Vallejo,2548 KATHERINE CT,,EL CAJON,CA,92020-2062
Complete Car Care Encinitas,TEK,4743,27038286,1054,,,9,AMY,ANDREWS,3399 CORTE PANORAMA,,CARLSBAD,CA,92009-2035
Complete Car Care Encinitas,TEK,4743,27038863,1054,,,9,Sava,Sivcev,1500 SHADOWRIDGE DR,,VISTA,CA,92081-9041
Complete Car Care Encinitas,TEK,4743,27071781,1054,,,9,Joanna,Andrade,1749 N VULCAN AVE APT 18,,ENCINITAS,CA,92024-1163
Complete Car Care Encinitas,TEK,4743,27029058,1054,,,9,Kyle,Holton,10922 POBLADO RD APT 2411,,SAN DIEGO,CA,92127-5335
Complete Car Care Encinitas,TEK,4743,27035187,1054,,,3,Robert,Campbell,2058 WINSOME WAY,,ENCINITAS,CA,92024-5411
Complete Car Care Encinitas,TEK,4743,27028207,1054,,,3,Tom,Bexx,939 TUCANA DR,,SAN MARCOS,CA,92078-2827
Complete Car Care Encinitas,TEK,4743,27024663,1054,,,3,Trenton,Wilson,8156 CALLE CATALONIA,,CARLSBAD,CA,92009-8954
Complete Car Care Encinitas,TEK,4743,27050891,1054,,,9,Haydee,Zavalza,1452 SANTA FE DR,,ENCINITAS,CA,92024-4060
Complete Car Care Encinitas,TEK,4743,27026428,1054,,,9,Ross,Parker,910 CAMINITO MADRIGAL UNIT A,,CARLSBAD,CA,92011-2457
Complete Car Care Encinitas,TEK,4743,27051093,1054,,,9,Cat,Altmann,2683 VIA DE LA VALLE,,DEL MAR,CA,92014-1911
Complete Car Care Encinitas,TEK,4743,27080111,1054,,,9,Clayton,Turner,348 WINSOME PL,,ENCINITAS,CA,92024-3133
Complete Car Care Encinitas,TEK,4743,27026281,1054,,,9,Gregory,Brums,2520 NAVARRA DR UNIT F,,CARLSBAD,CA,92009-7032
Complete Car Care Encinitas,TEK,4743,27060761,1054,,,9,DAN,ROMERO,334 HOLIDAY WAY,,OCEANSIDE,CA,92057-4260
Complete Car Care Encinitas,TEK,4743,27079135,1054,,,9,Kelly,Ogawa,162 S RANCHO SANTA FE RD,,ENCINITAS,CA,92024-4300
Complete Car Care Encinitas,TEK,4743,27059097,1054,,,9,Eric,Oates,264 ASPENWOOD LN,,ENCINITAS,CA,92024-3003
Complete Car Care Encinitas,TEK,4743,27037783,1054,,,3,Jeff,Dunlap,444 N EL CAMINO REAL,,ENCINITAS,CA,92024-1304
Complete Car Care Encinitas,TEK,4743,27049984,1054,,,9,Rick,Hodgendan,12810 VIA NIEVE UNIT 69,,SAN DIEGO,CA,92130-3161
Complete Car Care Encinitas,TEK,4743,27054560,1054,,,3,Aaron,Snyder,515 N WILLOWSPRING DR,,ENCINITAS,CA,92024-1915
Complete Car Care Encinitas,TEK,4743,27028796,1054,,,9,Daisy,Davis,924 ENCINITAS BLVD,,ENCINITAS,CA,92024-5391
Complete Car Care Encinitas,TEK,4743,27043847,1054,,,9,Jairo,Carrillo,1448 VIA TERRASSA,,ENCINITAS,CA,92024-5382
Complete Car Care Encinitas,TEK,4743,27035807,1054,,,3,Qisong,Hu,6620 AMBROSIA LN APT 427,,CARLSBAD,CA,92011-2630
Complete Car Care Encinitas,TEK,4743,27069970,1054,,,9,Yerolyn,Lane,327 AVENIDA DE LAS ROSAS,,ENCINITAS,CA,92024-4717
Complete Car Care Encinitas,TEK,4743,27049646,1054,,,3,Robyn,Kay,2164 VALLEYDALE LN,,ENCINITAS,CA,92024-4241
Complete Car Care Encinitas,TEK,4743,27044929,1054,,,3,Steve,Duff,7539 CIRCULO SEQUOIA,,CARLSBAD,CA,92009-8468
Complete Car Care Encinitas,TEK,4743,27039418,1054,,,3,Angel,Baltazar,PO BOX 1033,,PICO RIVERA,CA,90660-1033
Complete Car Care Encinitas,TEK,4743,27066760,1054,,,3,Adam,Johnson,1614 HAWK VIEW DR,,ENCINITAS,CA,92024-1251
Complete Car Care Encinitas,TEK,4743,27077591,1054,,,3,Clarissa,Martin,1190 ENCINITAS BLVD,,ENCINITAS,CA,92024-2829
Complete Car Care Encinitas,TEK,4743,27078831,1054,,,9,Edismar,Da Silva,2738 WORDEN ST,,SAN DIEGO,CA,92110-5704
Complete Car Care Encinitas,TEK,4743,27050651,1054,,,9,Kelvin,Boltonitt,Norman Scott Rd,,SAN DIEGO,CA,92136-0001
Complete Car Care Encinitas,TEK,4743,27083552,1054,,,9,DON,KIKKAWA,2240 ENCINITAS BLVD # D200,,ENCINITAS,CA,92024-4345
Complete Car Care Encinitas,TEK,4743,27078323,1054,,,3,William,Funes,924 ENCINITAS BLVD APT 13,,ENCINITAS,CA,92024-5392
Complete Car Care Encinitas,TEK,4743,27066184,1054,,,9,Dan,Brucker,2128 SUBIDA TER,,CARLSBAD,CA,92009-7926
Complete Car Care Encinitas,TEK,4743,27029704,1054,,,9,Ana,Whitaker,3525 DEL MAR HEIGHTS RD,,SAN DIEGO,CA,92130-2199
Complete Car Care Encinitas,TEK,4743,27046354,1054,,,9,Timmy,Simpson,237 A ST PMB 66932,,SAN DIEGO,CA,92101-4003
Complete Car Care Encinitas,TEK,4743,27016093,1054,,,3,Bwb,Contractors,2317 VISTA ROYAL,,VISTA,CA,92084-7315
Complete Car Care Encinitas,TEK,4743,27039367,1054,,,3,Rebecca,Power,6233 VILLAGE GREEN DR,,CARLSBAD,CA,92009-3070
Complete Car Care Encinitas,TEK,4743,27067422,1054,,,9,Liam,Brennan,2340 CARINGA WAY,,CARLSBAD,CA,92009-6341
Complete Car Care Encinitas,TEK,4743,27018819,1054,,,9,Jim,Hancock,PO BOX 1027,,IDYLLWILD,CA,92549-1027
Complete Car Care Encinitas,TEK,4743,27021665,1054,,,3,Will,Symons,2061 CUMBRE CT,,CARLSBAD,CA,92009-8502
Complete Car Care Encinitas,TEK,4743,27061547,1054,,,3,BRENDA,DIAZ,1023 BONITA DR,,ENCINITAS,CA,92024-3839
Complete Car Care Encinitas,TEK,4743,27075540,1054,,,3,Matt,Whyte,57 PASEO WAY,,GREENBRAE,CA,94904-1235
Complete Car Care Encinitas,TEK,4743,27040099,1054,,,3,Mikayla,Bartell,615 S CATALINA AVE APT 227,,REDONDO BEACH,CA,90277-4113
Complete Car Care Encinitas,TEK,4743,27018757,1054,,,3,Patti,Price,1624 N COAST HIGHWAY 101 UNIT B,,ENCINITAS,CA,92024-1043
Complete Car Care Encinitas,TEK,4743,27018673,1054,,,9,Zack,Wybert,1618 HOLLY LEAF WAY,,OCEANSIDE,CA,92056-5499
Complete Car Care Encinitas,TEK,4743,27071652,1054,,,9,Matt,Nucklos,328 HILMEN DR,,SOLANA BEACH,CA,92075-1317
Complete Car Care Encinitas,TEK,4743,27020549,1054,,,3,Tyler,Perez,534 N 200 W,,SALT LAKE CITY,UT,84103-1301
Complete Car Care Encinitas,TEK,4743,27083351,1054,,,9,Peter,Rhoads,904 MELALEUCA AVE,,CARLSBAD,CA,92011-3825
Complete Car Care Encinitas,TEK,4743,27069781,1054,,,3,Daniel,Mariscal,12448 REATA RD,,APPLE VALLEY,CA,92308-6760
Complete Car Care Encinitas,TEK,4743,27059905,1054,,,3,Nikola,Szepesy Ortega,1603 CALLE PLUMERIAS,,ENCINITAS,CA,92024-4802
Complete Car Care Encinitas,TEK,4743,27039101,1054,,,3,TATSUMI,AKIYO,1700 AVIARA PKWY UNIT 131134,,CARLSBAD,CA,92013-7047
Complete Car Care Encinitas,TEK,4743,27055315,1054,,,3,Katerina,Crosier,3401 CALLE DEL SUR,,CARLSBAD,CA,92009-8617
Complete Car Care Encinitas,TEK,4743,27057920,1054,,,3,Meg,Mangano,1102 SLAUSON LN,,REDONDO BEACH,CA,90278-5132
Complete Car Care Encinitas,TEK,4743,27023479,1054,,,3,Christine,Chavez,297 FESTIVAL DR,,OCEANSIDE,CA,92057-5135
Complete Car Care Encinitas,TEK,4743,27075737,1054,,,3,Lauli,Cusimano,PO BOX 231701,,ENCINITAS,CA,92023-1701
Complete Car Care Encinitas,TEK,4743,27027627,1054,,,3,MELANI,O'BRIEN,828 SETTLERS CT,,SAN MARCOS,CA,92069-1963
Complete Car Care Encinitas,TEK,4743,27077270,1054,,,3,GREG,ROGERS,9752 ASPEN CREEK CT,,SAN DIEGO,CA,92126-1081
Complete Car Care Encinitas,TEK,4743,27078058,1054,,,3,Ted,Kelley,PO BOX 7157,,RANCHO SANTA FE,CA,92067-7157
Complete Car Care Encinitas,TEK,4743,27043638,1054,,,9,David,Duncan,2950 WISHBONE WAY,,ENCINITAS,CA,92024-7235
Complete Car Care Encinitas,TEK,4743,27080409,1054,,,9,ANDREA,MARQUEZ,7934 REPRESA CIR,,CARLSBAD,CA,92009-9147
Complete Car Care Encinitas,TEK,4743,27035566,1054,,,9,Zekeriyya,Ankarali,904 MELALEUCA AVE,,CARLSBAD,CA,92011-3825
Complete Car Care Encinitas,TEK,4743,27024449,1054,,,9,Aidan,Linstedt,1707 EDGEFIELD LN,,ENCINITAS,CA,92024-1977
Complete Car Care Encinitas,TEK,4743,27069134,1054,,,9,Darren,Haworth,2049 VILLAGE PARK WAY,,ENCINITAS,CA,92024-5416
Complete Car Care Encinitas,TEK,4743,27051674,1054,,,9,Gavin,Haggerty,2266 11TH ST,,ENCINITAS,CA,92024-6601
Complete Car Care Encinitas,TEK,4743,27070380,1054,,,9,Samantha,Rivera,2907 S SANTA FE AVE SPC S4,,SAN MARCOS,CA,92069-6052
Complete Car Care Encinitas,TEK,4743,27041256,1054,,,3,Mayada,Hettawi,1945 CASSIA RD APT 101,,CARLSBAD,CA,92011-4174
Complete Car Care Encinitas,TEK,4743,27061258,1054,,,9,Vahe,Esmailian,6430 CAYENNE LN,,CARLSBAD,CA,92009-4301
Complete Car Care Encinitas,TEK,4743,27042863,1054,,,3,Cooper,Chadwick,2848 UNICORNIO ST,,CARLSBAD,CA,92009-4430
Complete Car Care Encinitas,TEK,4743,27021312,1054,,,9,Keaton,Burlington,937 NARDO RD,,ENCINITAS,CA,92024-3832
Complete Car Care Encinitas,TEK,4743,27027116,1054,,,9,Charles,Adkins,840 SUMMERSONG CT,,ENCINITAS,CA,92024-5447
Complete Car Care Encinitas,TEK,4743,27069571,1054,,,3,Hj,Sims,2117 PLEASANT GROVE RD,,ENCINITAS,CA,92024-4328
Complete Car Care Encinitas,TEK,4743,27048095,1054,,,9,Gavin,Donovan,2322 LA COSTA AVE,,CARLSBAD,CA,92009-6925
Complete Car Care Encinitas,TEK,4743,27045556,1054,,,3,TOY,BALDWIN,874 29TH AVE,,SAN FRANCISCO,CA,94121-3518
Complete Car Care Encinitas,TEK,4743,27035063,1054,,,3,Big Lou,Lebherz,965 BIRMINGHAM DR,,CARDIFF BY THE SEA,CA,92007-1403
Complete Car Care Encinitas,TEK,4743,27018054,1054,,,9,Jason,Shafer,6637 32ND ST NW,,WASHINGTON,DC,20015-2309
Complete Car Care Encinitas,TEK,4743,27041226,1054,,,3,BRIAN,DERFER,152 GLEN ARBOR DR,,ENCINITAS,CA,92024-4318
Complete Car Care Encinitas,TEK,4743,27082796,1054,,,3,Meryl,Muldoom,917 HERMES AVE,,ENCINITAS,CA,92024-1702
Complete Car Care Encinitas,TEK,4743,27068927,1054,,,3,Josh,Weiss,933 SHIRETON CT,,CINCINNATI,OH,45245-7046
Complete Car Care Encinitas,TEK,4743,27031591,1054,,,3,Oscar,Rodriguez,1006 DEL DIOS RD,,ESCONDIDO,CA,92029-2260
Complete Car Care Encinitas,TEK,4743,27027508,1054,,,9,Michael,Santiago,8537 GLENHAVEN ST UNIT 37C,,SAN DIEGO,CA,92123-2181
Complete Car Care Encinitas,TEK,4743,27053790,1054,,,9,Austin,Blue,22 E F ST,,ENCINITAS,CA,92024-3601
Complete Car Care Encinitas,TEK,4743,27054230,1054,,,3,Arjun,Prakash,7155 TANAGER DR,,CARLSBAD,CA,92011-5035
Complete Car Care Encinitas,TEK,4743,27041926,1054,,,3,Courtney,Cohen,807 AMERICA WAY,,DEL MAR,CA,92014-3915
Complete Car Care Encinitas,TEK,4743,27082094,1054,,,9,David,Duchesne,2058 SHADOW GROVE WAY,,ENCINITAS,CA,92024-4333
Complete Car Care Encinitas,TEK,4743,27077368,1054,,,9,Jen,Morrison,327 COUNTRYWOOD LN,,ENCINITAS,CA,92024-3136
Complete Car Care Encinitas,TEK,4743,27063094,1054,,,3,Jori,Wolf,3525 DEL MAR HEIGHTS RD # 365,,SAN DIEGO,CA,92130-2199
Complete Car Care Encinitas,TEK,4743,27040461,1054,,,9,Brody,Boyd,1623 BUTTERCUP RD,,ENCINITAS,CA,92024-2450
Complete Car Care Encinitas,TEK,4743,27041002,1054,,,3,Wesley,Daniels,1121 CAL HILL RD,,PINE KNOT,KY,42635-9234
Complete Car Care Encinitas,TEK,4743,27078063,1054,,,9,Complete,Car care,318 N EL CAMINO REAL,,ENCINITAS,CA,92024-5805
Complete Car Care Encinitas,TEK,4743,27064123,1054,,,3,Tristan,Stanley,957 URANIA AVE,,ENCINITAS,CA,92024-2232
Complete Car Care Encinitas,TEK,4743,27017155,1054,,,3,Paul,Reyes,7743 CALLE ANDAR,,CARLSBAD,CA,92009-9227
Complete Car Care Encinitas,TEK,4743,27014326,1054,,,9,Lauren,Kennedy,PO BOX 994613,,REDDING,CA,96099-4613
Complete Car Care Encinitas,TEK,4743,27027295,1054,,,3,David,Barritt,1549 N VULCAN AVE SPC 3,,ENCINITAS,CA,92024-1547
Complete Car Care Encinitas,TEK,4743,27054227,1054,,,9,Eduarda,Kertesz,612 LUCYLLE LN,,ENCINITAS,CA,92024-6529
Complete Car Care Encinitas,TEK,4743,27041832,1054,,,9,Mike,Campagna,PO BOX 1051,,RANCHO SANTA FE,CA,92067-1051
Complete Car Care Encinitas,TEK,4743,27025887,1054,,,9,Felicia,Kruger,924 ENCINITAS BLVD,,ENCINITAS,CA,92024-5391
Complete Car Care Encinitas,TEK,4743,27076431,1054,,,3,Michael,Siemers,7777 CAMINITO MONARCA,,CARLSBAD,CA,92009-8545
Complete Car Care Encinitas,TEK,4743,27037780,1054,,,3,Angelina,Miller,2601 JEFFERSON ST,,CARLSBAD,CA,92008-1432
Complete Car Care Encinitas,TEK,4743,27037669,1054,,,3,Eric,Simpson,13850 MANGO DR,,DEL MAR,CA,92014-3154
Complete Car Care Encinitas,TEK,4743,27020283,1054,,,9,JULIO,SANCHEZ,1336 LOCH LOMOND DR,,CARDIFF BY THE SEA,CA,92007-1323
Complete Car Care Encinitas,TEK,4743,27034607,1054,,,3,Horstmar,Freytag,1114 GARDENA RD,,ENCINITAS,CA,92024-4606
Complete Car Care Encinitas,TEK,4743,27049024,1054,,,9,Jesus,Martinezcruz,7244 PASEO PLOMO,,CARLSBAD,CA,92009-2025
Complete Car Care Encinitas,TEK,4743,26930989,1054,,,9,Raquel,Kelsey,1923 HUMMOCK LN,,ENCINITAS,CA,92024-1908
Complete Car Care Encinitas,TEK,4743,26934972,1054,,,9,Paul,Jensen,2912 CAMINO SERBAL,,CARLSBAD,CA,92009-2900
Complete Car Care Encinitas,TEK,4743,27856993,1054,,,9,Eugenia,Perez,1950 SILVERLEAF CIR,,CARLSBAD,CA,92009-8410
Complete Car Care Encinitas,TEK,4743,28315717,1054,,,9,Samantha,Cachutt,1972 MISTY CIR,,ENCINITAS,CA,92024-3138
Complete Car Care Encinitas,TEK,4743,27842371,1054,,,3,Jimmy,Barsoum,556 SAMUEL CT,,ENCINITAS,CA,92024-2382
Complete Car Care Encinitas,TEK,4743,27056160,1054,,,9,MARCIA,NORMAN,7835 RUSH ROSE DR UNIT 314,,CARLSBAD,CA,92009-6829
Complete Car Care Encinitas,TEK,4743,27043955,1054,,,9,Emily,Brown,335 TRAILVIEW RD,,ENCINITAS,CA,92024-3126
Complete Car Care Encinitas,TEK,4743,27041330,1054,,,3,Alex,Lisnevsky,2187 CAMINO ROBLEDO,,CARLSBAD,CA,92009-9358
Complete Car Care Encinitas,TEK,4743,29379432,1054,,,3,Audrey,Early,924 ENCINITAS BLVD,,ENCINITAS,CA,92024-5391
Complete Car Care Encinitas,TEK,4743,29663386,1054,,,9,David,Michel,10624 CAMINITO DERECHO,,SAN DIEGO,CA,92126-2857
Complete Car Care Encinitas,TEK,4743,29984027,1054,,,3,Alexander,Drakoln,7693 PALMILLA DR,,SAN DIEGO,CA,92122-4713
Complete Car Care Encinitas,TEK,4743,31182148,1054,,,9,Evan,Pierce,2455 ANTLERS WAY,,SAN MARCOS,CA,92078-2139
Complete Car Care Encinitas,TEK,4743,27025163,1054,,,3,Sayed,Jalali,318 N EL CAMINO REAL,,ENCINITAS,CA,92024-2817
Complete Car Care Encinitas,TEK,4743,27013311,1054,,,3,Lariza,Gunther,282 CERRO ST,,ENCINITAS,CA,92024-4822
Complete Car Care Encinitas,TEK,4743,31666785,1054,,,9,Meredith,Arrison,2376 CARINGA WAY UNIT D,,CARLSBAD,CA,92009-6354
Complete Car Care Encinitas,TEK,4743,32096273,1054,,,9,Matt,Mcmanhon,3493 SITIO BORDE,,CARLSBAD,CA,92009-8926
Complete Car Care Encinitas,TEK,4743,27047406,1054,,,3,Molly,Carrera,687 POINSETTIA PARK S,,ENCINITAS,CA,92024-2754
Complete Car Care Encinitas,TEK,4743,27075000,1054,,,3,Andrew,Cappello,6898 VIA BORREGOS,,CARLSBAD,CA,92009-6079
Complete Car Care Encinitas,TEK,4743,33267782,1054,,,9,TJ,Florence,408 SWAMIS LN,,ENCINITAS,CA,92024-8711
Complete Car Care Encinitas,TEK,4743,33288161,1054,,,3,Ramon,Sanchez,226 COUNTRYHAVEN RD,,ENCINITAS,CA,92024-3105
Complete Car Care Encinitas,TEK,4743,27067512,1054,,,3,Nicole,Simpson,4708 DALEA PL,,OCEANSIDE,CA,92057-6135
Complete Car Care Encinitas,TEK,4743,27612159,1054,,,3,John,Hunt,1177 WALES PL,,CARDIFF BY THE SEA,CA,92007-1513
Complete Car Care Encinitas,TEK,4743,27030333,1054,,,3,JOHN,LAVERY,2211 ENCINITAS BLVD,,ENCINITAS,CA,92024-4361
Complete Car Care Encinitas,TEK,4743,33996885,1054,,,3,Daniel,Cohen,1690 N POINT ST,,SAN FRANCISCO,CA,94123-1775
Complete Car Care Encinitas,TEK,4743,27027054,1054,,,9,Brian,Peck,311 COLE RANCH RD,,ENCINITAS,CA,92024-6417
Complete Car Care Encinitas,TEK,4743,34204524,1054,,,9,Susan,Ward,2564 NAVARRA DR,,CARLSBAD,CA,92009-7067
Complete Car Care Encinitas,TEK,4743,34327917,1054,,,3,Salvador,Garcia,130 VILLAGE RUN W,,ENCINITAS,CA,92024-3053
Complete Car Care Encinitas,TEK,4743,27019832,1054,,,9,RYAN,PRANGE,1935 COUNTRY GROVE LN,,ENCINITAS,CA,92024-1930
Complete Car Care Encinitas,TEK,4743,27048897,1054,,,9,BUD,LEEDOM,PO BOX 7151,,RANCHO SANTA FE,CA,92067-7151
Complete Car Care Encinitas,TEK,4743,34676754,1054,,,9,Siena,Palm,1786 N COAST HIGHWAY 101,,ENCINITAS,CA,92024-1099
Complete Car Care Encinitas,TEK,4743,34910025,1054,,,3,Yakov,Gallindo,3156 LOGAN AVE,,SAN DIEGO,CA,92113-2540
Complete Car Care Encinitas,TEK,4743,27039537,1054,,,9,Chris,Ashby,3241 AVENIDA DE SUENO,,CARLSBAD,CA,92009-9539
Complete Car Care Encinitas,TEK,4743,35308881,1054,,,9,Terence,Fong,2731 ASCOT AVE,,CARLSBAD,CA,92009-3087
Complete Car Care Encinitas,TEK,4743,35603215,1054,,,3,ken,hudson,550 15TH ST,,SAN DIEGO,CA,92101-7575
Complete Car Care Encinitas,TEK,4743,35670714,1054,,,9,Zach,Butler,2168 CAROL VIEW DR,,CARDIFF BY THE SEA,CA,92007-1859
Complete Car Care Encinitas,TEK,4743,35667906,1054,,,9,Lourdes,Parra,116 QUAIL GARDENS DR,,ENCINITAS,CA,92024-2759
Complete Car Care Encinitas,TEK,4743,35599431,1054,,,9,Amanda,Scarski,2171 AVENIDA TORONJA,,CARLSBAD,CA,92009-8707
Complete Car Care Encinitas,TEK,4743,27082692,1054,,,3,Matt,Falkner,7709 GARBOSO PL,,CARLSBAD,CA,92009-8325
Complete Car Care Encinitas,TEK,4743,35851582,1054,,,9,Ryan,Carl,1791 CREST DR,,ENCINITAS,CA,92024-5250
Complete Car Care Encinitas,TEK,4743,27026630,1054,,,9,Mark,Wile,7847 SITIO COCO,,CARLSBAD,CA,92009-8714
Complete Car Care Encinitas,TEK,4743,27032875,1054,,,3,Chet,Archer,1839 STONEBROOK LN,,ENCINITAS,CA,92024-3034
Complete Car Care Encinitas,TEK,4743,34910862,1054,,,9,Zalia,Oliva,7306 ALICANTE RD UNIT 9,,CARLSBAD,CA,92009-6207
Complete Car Care Encinitas,TEK,4743,35902792,1054,,,9,Todd,Karnig,2550 TOWN GARDEN RD,,CARLSBAD,CA,92009-3059
Complete Car Care Encinitas,TEK,4743,35933954,1054,,,9,Nick,Soultanian,3107 LA COSTA AVE,,CARLSBAD,CA,92009-7523
Complete Car Care Encinitas,TEK,4743,27019403,1054,,,3,Eamon,Gallagher,2180 CORTE LIMON,,CARLSBAD,CA,92009-9020
Complete Car Care Encinitas,TEK,4743,36025478,1054,,,3,Kendall,Berents,6919 QUAIL PL UNIT B,,CARLSBAD,CA,92009-4129
Complete Car Care Encinitas,TEK,4743,27061849,1054,,,9,Nate,Soe,7051 PARTRIDGE PL,,CARLSBAD,CA,92011-5013
Complete Car Care Encinitas,TEK,4743,27068536,1054,,,9,Cheryl,Patchet,2270 LA COSTA AVE UNIT 14,,CARLSBAD,CA,92009-6921
Complete Car Care Encinitas,TEK,4743,36065437,1054,,,3,steven,whittlesey,1654 LANDQUIST DR,,ENCINITAS,CA,92024-4755
Complete Car Care Encinitas,TEK,4743,27029093,1054,,,9,PEGGY,EWING,6702 ANTILOPE ST,,CARLSBAD,CA,92009-5805
Complete Car Care Encinitas,TEK,4743,36205167,1054,,,9,Meagan,Carmichael,7491 ESFERA ST,,CARLSBAD,CA,92009-7824
Complete Car Care Encinitas,TEK,4743,36204625,1054,,,3,Kyle,Lawrence,6735 CORINTIA ST,,CARLSBAD,CA,92009-5907
Complete Car Care Encinitas,TEK,4743,36196301,1054,,,3,Jack,Garvey,265 VIA TAVIRA,,ENCINITAS,CA,92024-5325
Complete Car Care Encinitas,TEK,4743,36197885,1054,,,3,Kara,Seliga,1857 TULE CT,,CARLSBAD,CA,92011-5138
Complete Car Care Encinitas,TEK,4743,36221044,1054,,,9,Noah,Greathouse,3401 CALLE DEL SUR,,CARLSBAD,CA,92009-8617
Complete Car Care Encinitas,TEK,4743,36264852,1054,,,9,charles,antony,260 TURNER AVE,,ENCINITAS,CA,92024-2928
Complete Car Care Encinitas,TEK,4743,27019521,1054,,,9,Kathy,Hogan,158 FIVE CROWNS WAY,,ENCINITAS,CA,92024-4316
Complete Car Care Encinitas,TEK,4743,36277823,1054,,,3,Bob,Lipsey,2811 VISTA MARIANA,,CARLSBAD,CA,92009-7112
Complete Car Care Encinitas,TEK,4743,36264656,1054,,,9,Mike,Braun,1470 VIA TERRASSA,,ENCINITAS,CA,92024-5382
Complete Car Care Encinitas,TEK,4743,36282382,1054,,,3,Andrea,Hughes,7544 ROMERIA ST,,CARLSBAD,CA,92009-7457
Complete Car Care Encinitas,TEK,4743,36363468,1054,,,9,Sofie,Black,247 N VULCAN AVE,,ENCINITAS,CA,92024-2646
Complete Car Care Encinitas,TEK,4743,27065589,1054,,,9,Jarrod,Edwards,1285 BLUE SKY DR,,CARDIFF BY THE SEA,CA,92007-1004
Complete Car Care Encinitas,TEK,4743,27080420,1054,,,3,stephen,Dalton,1241 RUBENSTEIN AVE,,CARDIFF,CA,92007-2409
Complete Car Care Encinitas,TEK,4743,36575550,1054,,,9,Ryan,Westphal,6919 QUAIL PL UNIT B,,CARLSBAD,CA,92009-4129
Complete Car Care Encinitas,TEK,4743,27017129,1054,,,3,Tom,Buckley,2910 AVENIDA CASTANA,,CARLSBAD,CA,92009-6985
Complete Car Care Encinitas,TEK,4743,36711243,1054,,,9,jay,myers,2802 PASEO DEL SOL,,ESCONDIDO,CA,92025-7733
Complete Car Care Encinitas,TEK,4743,36621704,1054,,,9,Hunter,Morgan,961 MELALEUCA AVE,,CARLSBAD,CA,92011-3851
Complete Car Care Encinitas,TEK,4743,36626564,1054,,,3,Linda,Hance,7835 RUSH ROSE DR,,CARLSBAD,CA,92009-6827
Complete Car Care Encinitas,TEK,4743,36707550,1054,,,9,Romina,Hoda,1433 ENCLAVE CT,,ENCINITAS,CA,92024-4759
Complete Car Care Encinitas,TEK,4743,27037753,1054,,,9,STEPHEN,BIRCHALL,6873 CARNATION DR,,CARLSBAD,CA,92011-3809
Complete Car Care Encinitas,TEK,4743,27046522,1054,,,3,Mike,Murray,7830 SITIO COCO,,CARLSBAD,CA,92009-8714
Complete Car Care Encinitas,TEK,4743,36928461,1054,,,3,starlone,thomas II,6974 SHORELINE DR,,CARLSBAD,CA,92011-3261
Complete Car Care Encinitas,TEK,4743,27081631,1054,,,9,Ryan,Oehler,1985 CIRCLE PARK LN,,ENCINITAS,CA,92024-1927
Complete Car Care Encinitas,TEK,4743,27060131,1054,,,9,Dorothy,Frazier,PO BOX 2696,,RANCHO SANTA FE,CA,92067-2696
