Shop Name,Software,SID,CID,WSID,WCID,MBdayMo,TBdayMo,First,Last,Address,Address2,City,St,Zip
Complete Car Care Encinitas,TEK,4743,27069326,1054,,03,,Kyle,Schmuckle,277 LA VETA AVE,,ENCINITAS,CA,92024-2508
Complete Car Care Encinitas,TEK,4743,27077345,1054,,03,,ALISON,MEAGHER,6422 CAYENNE LN,,CARLSBAD,CA,92009-4301
Complete Car Care Encinitas,TEK,4743,27047459,1054,,03,,ANNA,FOBES,1950 CALLE BARCELONA,,CARLSBAD,CA,92009-8401
Complete Car Care Encinitas,TEK,4743,27023722,1054,,03,,Joe,Cowdrick,909 LAS BRISAS WAY,,CARDIFF BY THE SEA,CA,92007-1422
Complete Car Care Encinitas,TEK,4743,27048671,1054,,03,,JOHN,FRANKLIN,PO BOX 2716,,RANCHO SANTA FE,CA,92067-2716
Complete Car Care Encinitas,TEK,4743,27049133,1054,,03,,ANDRES,LANZA,527 S SIERRA AVE UNIT 177,,SOLANA BEACH,CA,92075-2235
Complete Car Care Encinitas,TEK,4743,27042441,1054,,03,,Patrick,Anding,1535 HAWK VIEW DR,,ENCINITAS,CA,92024-1274
Complete Car Care Encinitas,TEK,4743,27041622,1054,,03,,Tammy,Bozich,1931 HUMMOCK LN,,ENCINITAS,CA,92024-1908
Complete Car Care Encinitas,TEK,4743,27073521,1054,,03,,Norma,Hanson,3228 MARY LN,,ESCONDIDO,CA,92025-7726
Complete Car Care Encinitas,TEK,4743,27052632,1054,,03,,BOONIE,THACKER,3440 CAMINO LARGO,,CARLSBAD,CA,92009-8930
Complete Car Care Encinitas,TEK,4743,27015980,1054,,03,,THOMAS,BELL,444 N EL CAMINO REAL SPC 93,,ENCINITAS,CA,92024-1313
Complete Car Care Encinitas,TEK,4743,27016554,1054,,03,,Frank,Glynn,2895 CORTE MORERA,,CARLSBAD,CA,92009-8247
Complete Car Care Encinitas,TEK,4743,27015432,1054,,03,,Thomas,Morgan,1649 HONEYSUCKLE CT,,ENCINITAS,CA,92024-2458
Complete Car Care Encinitas,TEK,4743,27035449,1054,,03,,LYNELL,SAMUEL,5146 WHITMAN WAY APT 302,,CARLSBAD,CA,92008-4663
Complete Car Care Encinitas,TEK,4743,27030449,1054,,03,,Jeff,Colton,1433 LEGEND OAKS DR,,CHAPEL HILL,NC,27517-6171
Complete Car Care Encinitas,TEK,4743,27038805,1054,,03,,Jesulito,Soria,11598 MESA VERDE DR,,VALLEY CENTER,CA,92082-5039
Complete Car Care Encinitas,TEK,4743,27051457,1054,,03,,Thomas,Starr,7305 CALLE DE FUENTES,,CARLSBAD,CA,92009-7608
Complete Car Care Encinitas,TEK,4743,27056772,1054,,03,,ELIZABETH,TENUTO,644 VALLEY AVE,,SOLANA BEACH,CA,92075-2429
Complete Car Care Encinitas,TEK,4743,27060877,1054,,03,,Amir,Fayyazuddin,965 OCEAN VIEW AVE,,ENCINITAS,CA,92024-2208
Complete Car Care Encinitas,TEK,4743,27075094,1054,,03,,Roger,Stein,7301 SITIO LIRIO,,CARLSBAD,CA,92009-9553
Complete Car Care Encinitas,TEK,4743,27081109,1054,,03,,MARK,VAN BUSKIRK,1803 BELLE GROVE RD,,ENCINITAS,CA,92024-4208
Complete Car Care Encinitas,TEK,4743,27082825,1054,,03,,SARAH,SPRINGER,1950 SILVERLEAF CIR,,CARLSBAD,CA,92009-8410
Complete Car Care Encinitas,TEK,4743,27057412,1054,,03,,Troy,Wagman,930 VIA MIL CUMBRES UNIT 198,,SOLANA BEACH,CA,92075-1708
Complete Car Care Encinitas,TEK,4743,27043266,1054,,03,,Kristi,Andrie,1270 ELMBRANCH DR,,ENCINITAS,CA,92024-4044
Complete Car Care Encinitas,TEK,4743,27028385,1054,,03,,JOSIE,KOPECKY,2319 CARINGA WAY UNIT 59,,CARLSBAD,CA,92009-6364
Complete Car Care Encinitas,TEK,4743,27054298,1054,,03,,ZARA,ASHRAFZAI,2615 VICTORIA CIR,,ALPINE,CA,91901-1465
Complete Car Care Encinitas,TEK,4743,27065452,1054,,03,,BRAD,TAYLOR,1432 WILDMEADOW PL,,ENCINITAS,CA,92024-5645
Complete Car Care Encinitas,TEK,4743,27020086,1054,,03,,Brian,Birchler,2907 WISHBONE WAY,,ENCINITAS,CA,92024-7236
Complete Car Care Encinitas,TEK,4743,27036520,1054,,03,,Lucy,Saltmarsh,1085 ARDEN DR,,ENCINITAS,CA,92024-5103
Complete Car Care Encinitas,TEK,4743,27082932,1054,,03,,Jesse,Bunker,2104 COSMO WAY,,SAN MARCOS,CA,92078-0970
Complete Car Care Encinitas,TEK,4743,27017914,1054,,03,,John,Zinn,1374 SUMMIT AVE UNIT A,,CARDIFF BY THE SEA,CA,92007-2430
Complete Car Care Encinitas,TEK,4743,27048583,1054,,03,,Rick,Hill,2811 SEAFARER LOOP,,ANCHORAGE,AK,99516-3556
Complete Car Care Encinitas,TEK,4743,27056416,1054,,03,,Drew,Swonetz,610 NAVIGATOR CT,,CARLSBAD,CA,92011-5402
Complete Car Care Encinitas,TEK,4743,27032226,1054,,03,,Cody,James,940 MONTECITO WAY,,RAMONA,CA,92065-1625
Complete Car Care Encinitas,TEK,4743,27048502,1054,,03,,Frank,Sterling,2202 MOUNTAIN VISTA DR,,ENCINITAS,CA,92024-3117
Complete Car Care Encinitas,TEK,4743,27080849,1054,,03,,STANFORD,SHAHAN,2216 RECODO CT,,CARLSBAD,CA,92009-8528
Complete Car Care Encinitas,TEK,4743,27018855,1054,,03,,KAREN,MASTNY,3326 CALLE DEL SUR,,CARLSBAD,CA,92009-8614
Complete Car Care Encinitas,TEK,4743,27030247,1054,,03,,Charlie,Rahill,3714 E FOUNTAIN ST,,MESA,AZ,85205-4971
Complete Car Care Encinitas,TEK,4743,27025243,1054,,03,,Darin,Libby,1405 RAINBOW RIDGE LN,,ENCINITAS,CA,92024-1817
Complete Car Care Encinitas,TEK,4743,27080135,1054,,03,,Doug,McIlwain,341 COUNTRYWOOD LN,,ENCINITAS,CA,92024-3136
Complete Car Care Encinitas,TEK,4743,27073031,1054,,03,,Trevor,Peterson,2912 AVENIDA VALERA,,CARLSBAD,CA,92009-7111
Complete Car Care Encinitas,TEK,4743,27031141,1054,,03,,Midori,Uyeno,10181 JON DAY DR,,HUNTINGTON BEACH,CA,92646-5407
Complete Car Care Encinitas,TEK,4743,27080207,1054,,03,,Scott,Beaudoin,1909 SAN ELIJO AVE,,CARDIFF BY THE SEA,CA,92007-2322
Complete Car Care Encinitas,TEK,4743,27055685,1054,,03,,Aaron,Bartell,239 DELTA RD,,OAKLEY,CA,94561-2834
Complete Car Care Encinitas,TEK,4743,27069894,1054,,03,,Jeff,Griffith,1852 PENTAS CT,,CARLSBAD,CA,92011-5137
Complete Car Care Encinitas,TEK,4743,27068558,1054,,03,,Andrew,Christopher,6715 XANA WAY,,CARLSBAD,CA,92009-6023
Complete Car Care Encinitas,TEK,4743,27034123,1054,,03,,EMILY,KEITH,620 MELBA RD APT 2,,ENCINITAS,CA,92024-4616
Complete Car Care Encinitas,TEK,4743,27058666,1054,,03,,Yan,Hu,844 W MABEL AVE,,MONTEREY PARK,CA,91754-2654
Complete Car Care Encinitas,TEK,4743,27067121,1054,,03,,Susanne,Scheulen,1418 AVENIDA LA POSTA,,ENCINITAS,CA,92024-5635
Complete Car Care Encinitas,TEK,4743,27030610,1054,,03,,Shelby,Pecenka,1317 5TH AVE,,UPLAND,CA,91786-3311
Complete Car Care Encinitas,TEK,4743,27052446,1054,,03,,CHRISY,Casari,PO BOX 676186,,RANCHO SANTA FE,CA,92067-6186
Complete Car Care Encinitas,TEK,4743,27053476,1054,,03,,Mike,Conolly,1078 GARDENA RD,,ENCINITAS,CA,92024-4604
Complete Car Care Encinitas,TEK,4743,27074750,1054,,03,,Taylor,Matzke,107 VIA SOLARO,,ENCINITAS,CA,92024-5326
Complete Car Care Encinitas,TEK,4743,27020707,1054,,03,,Christine,Jenkins,1234 EVERGREEN DR,,CARDIFF BY THE SEA,CA,92007-1003
Complete Car Care Encinitas,TEK,4743,27079082,1054,,03,,Nathan,Heid,14060 RUE SAN REMO,,DEL MAR,CA,92014-3044
Complete Car Care Encinitas,TEK,4743,27044905,1054,,03,,Maysen,Hendricks,3511 CAMINO CEREZA,,CARLSBAD,CA,92009-8963
Complete Car Care Encinitas,TEK,4743,27045140,1054,,03,,Catherine,Cambell,953 SIDONIA ST,,ENCINITAS,CA,92024-2359
Complete Car Care Encinitas,TEK,4743,27052767,1054,,03,,Cody,Chester,1540 STEVENSON CT,,SAN MARCOS,CA,92069-9786
Complete Car Care Encinitas,TEK,4743,27054385,1054,,03,,MICHEAL,SHEA,1106 2ND ST # 821,,ENCINITAS,CA,92024-5008
Complete Car Care Encinitas,TEK,4743,27013833,1054,,03,,Gerald,Anderson,7212 SAN LUIS ST,,CARLSBAD,CA,92011-4621
Complete Car Care Encinitas,TEK,4743,27020361,1054,,03,,Kelsey,Yeager,1836 GATEPOST RD,,ENCINITAS,CA,92024-3021
Complete Car Care Encinitas,TEK,4743,27017304,1054,,03,,Chris,Theobald,125 HILLCREST DR APT 11,,ENCINITAS,CA,92024-1554
Complete Car Care Encinitas,TEK,4743,27057420,1054,,03,,JONATHAN,BLUE,633 MELBA RD,,ENCINITAS,CA,92024-4614
Complete Car Care Encinitas,TEK,4743,27049385,1054,,03,,JORDAN,ARIAS,2715 ANTA CT,,CARLSBAD,CA,92009-5804
Complete Car Care Encinitas,TEK,4743,27015471,1054,,03,,Josh,Brophy,5076 TRIANA ST,,SAN DIEGO,CA,92117-3123
Complete Car Care Encinitas,TEK,4743,27079170,1054,,03,,Natalie,Galati,7518 QUINTA ST,,CARLSBAD,CA,92009-7536
Complete Car Care Encinitas,TEK,4743,27028478,1054,,03,,Pam,Monday,11609 WESTVIEW PKWY,,SAN DIEGO,CA,92126-5500
Complete Car Care Encinitas,TEK,4743,27037808,1054,,03,,ELISE,ROSELLI,PO BOX 230082,,ENCINITAS,CA,92023-0082
Complete Car Care Encinitas,TEK,4743,27026007,1054,,03,,Nathan,Scatena,11060 PORTOBELO DR,,SAN DIEGO,CA,92124-4001
Complete Car Care Encinitas,TEK,4743,27037567,1054,,03,,Steve,Cade,4113 YORK DR,,COLLEYVILLE,TX,76034-4129
Complete Car Care Encinitas,TEK,4743,27028682,1054,,03,,ANN,KING,1620 LINDA SUE LN,,ENCINITAS,CA,92024-2426
Complete Car Care Encinitas,TEK,4743,27077266,1054,,03,,Steven,Littlefield,11234 EL CAMINO REAL STE 100,,SAN DIEGO,CA,92130-2678
Complete Car Care Encinitas,TEK,4743,27019175,1054,,03,,Nunzio,Alioto,2297 NEWCASTLE AVE,,CARDIFF BY THE SEA,CA,92007-1917
Complete Car Care Encinitas,TEK,4743,27045532,1054,,03,,BILL,STRONG,PO BOX 2247,,RANCHO SANTA FE,CA,92067-2247
Complete Car Care Encinitas,TEK,4743,27035872,1054,,03,,CHRIS,NELSON,321 10TH AVE UNIT 707,,SAN DIEGO,CA,92101-7494
Complete Car Care Encinitas,TEK,4743,27052738,1054,,03,,Zach,Scheck,417 SANDALWOOD CT,,ENCINITAS,CA,92024-5840
Complete Car Care Encinitas,TEK,4743,27067795,1054,,03,,Joyce,Christensen,543 KRISTEN CT,,ENCINITAS,CA,92024-2700
Complete Car Care Encinitas,TEK,4743,27020430,1054,,03,,Alexis,Ogilvie,2575 NAVARRA DR UNIT B,,CARLSBAD,CA,92009-7082
Complete Car Care Encinitas,TEK,4743,27067113,1054,,03,,SABIN,MANEA,55235 WINGED FOOT,,LA QUINTA,CA,92253-4669
Complete Car Care Encinitas,TEK,4743,27016756,1054,,03,,Matt,Hutnak,1008 SEA VILLAGE DR,,CARDIFF BY THE SEA,CA,92007-1434
Complete Car Care Encinitas,TEK,4743,27062897,1054,,03,,Christopher,Dorobczynski,1046 SALEM ST,,VISTA,CA,92084-7418
Complete Car Care Encinitas,TEK,4743,27031280,1054,,03,,Hill,Jon,2335 CARINGA WAY UNIT 18,,CARLSBAD,CA,92009-6371
Complete Car Care Encinitas,TEK,4743,27075430,1054,,03,,Sari,Dickinson,1815 HAWK VIEW DR,,ENCINITAS,CA,92024-1258
Complete Car Care Encinitas,TEK,4743,27074671,1054,,03,,HEIDI,SAMUELIAN,1551 FLAIR ENCINITAS DR,,ENCINITAS,CA,92024-2944
Complete Car Care Encinitas,TEK,4743,27025653,1054,,03,,KEVIN,STEALEY,3448 CORTE FORTUNA,,CARLSBAD,CA,92009-2039
Complete Car Care Encinitas,TEK,4743,27025314,1054,,03,,Martha,Hanson,1702 CANNAS CT,,CARLSBAD,CA,92011-5103
Complete Car Care Encinitas,TEK,4743,27080071,1054,,03,,PAUL,SALVAGE,6312 MONTECITO DR,,CARLSBAD,CA,92009-3075
Complete Car Care Encinitas,TEK,4743,27013964,1054,,03,,Cathrine,Zuniga,259 SHARP PL,,ENCINITAS,CA,92024-2907
Complete Car Care Encinitas,TEK,4743,27083396,1054,,03,,Calvin,Himelright,1340 MACKINNON AVE,,CARDIFF BY THE SEA,CA,92007-1352
Complete Car Care Encinitas,TEK,4743,27045256,1054,,03,,Marla,Schmaltz,7916 ROBLE PL,,CARLSBAD,CA,92009-9231
Complete Car Care Encinitas,TEK,4743,27015336,1054,,03,,Jonathan,Duran,6869 ALDERWOOD DR,,CARLSBAD,CA,92011-3904
Complete Car Care Encinitas,TEK,4743,27084166,1054,,03,,Chloe,Wallace,7185 ESTRELLA DE MAR RD UNIT A,,CARLSBAD,CA,92009-6716
Complete Car Care Encinitas,TEK,4743,27079874,1054,,03,,Dan,Giles,7030 SNAPDRAGON DR,,CARLSBAD,CA,92011-3943
Complete Car Care Encinitas,TEK,4743,27083399,1054,,03,,Joann,Yao,2263 CAMINO ROBLEDO,,CARLSBAD,CA,92009-9346
Complete Car Care Encinitas,TEK,4743,27053687,1054,,03,,Betty,Valentine,2986 VIA CONQUISTADOR,,CARLSBAD,CA,92009-3018
Complete Car Care Encinitas,TEK,4743,27060425,1054,,03,,Jim,Anderson,1051B 3RD ST,,ENCINITAS,CA,92024-5013
Complete Car Care Encinitas,TEK,4743,27033244,1054,,03,,Mercedes,Lampe,7928 LA CAPELA LN,,CARLSBAD,CA,92009-9217
Complete Car Care Encinitas,TEK,4743,27021860,1054,,03,,Ryan,Redondo,3552 FELTON ST,,SAN DIEGO,CA,92104-4337
Complete Car Care Encinitas,TEK,4743,27069266,1054,,03,,JAKE,STAMP,2779 WORDEN ST,,SAN DIEGO,CA,92110-5705
Complete Car Care Encinitas,TEK,4743,27015199,1054,,03,,Lida,Pasquini,3512 PASEO DE LOS AMERICANOS UNIT 93,,OCEANSIDE,CA,92056-4167
Complete Car Care Encinitas,TEK,4743,27037042,1054,,03,,Cesar,Lomeli,1244 PERSHING RD,,CHULA VISTA,CA,91913-2514
Complete Car Care Encinitas,TEK,4743,27073452,1054,,03,,Marika,Hahnlein,2021 WILLOWOOD LN,,ENCINITAS,CA,92024-3132
Complete Car Care Encinitas,TEK,4743,27053739,1054,,03,,Amy,Ringdahl,2860 VISTA ACEDERA,,CARLSBAD,CA,92009-6900
Complete Car Care Encinitas,TEK,4743,27058338,1054,,03,,Rachael,Valovan,4425 MOUNT HENRY AVE,,SAN DIEGO,CA,92117-4707
Complete Car Care Encinitas,TEK,4743,27032481,1054,,03,,ray,Corney,3466 CORTE SONRISA,,CARLSBAD,CA,92009-9341
Complete Car Care Encinitas,TEK,4743,27058189,1054,,03,,SAMANTHA,VIGIL,7911 VISTA NUEZ,,CARLSBAD,CA,92009-6978
Complete Car Care Encinitas,TEK,4743,27039853,1054,,03,,Andrew,Calogero,7290 SITIO LIRIO,,CARLSBAD,CA,92009-9529
Complete Car Care Encinitas,TEK,4743,27053049,1054,,03,,Michael,Sessions,1411 WILDMEADOW PL,,ENCINITAS,CA,92024-5645
Complete Car Care Encinitas,TEK,4743,27048422,1054,,03,,Ray,Grimaldi,1145 RANCHO ENCINITAS DR,,ENCINITAS,CA,92024-7024
Complete Car Care Encinitas,TEK,4743,27068312,1054,,03,,JOSE,CASAS,1202 BORDEN RD SPC 124,,ESCONDIDO,CA,92026-2345
Complete Car Care Encinitas,TEK,4743,27056892,1054,,03,,Mary,Dean,655 DELL ST,,SOLANA BEACH,CA,92075-1417
Complete Car Care Encinitas,TEK,4743,27042643,1054,,03,,CHRIS,JUAREZ,1512 HAWK VIEW DR,,ENCINITAS,CA,92024-1273
Complete Car Care Encinitas,TEK,4743,27031361,1054,,03,,Hazel,Dils,1070 SIDONIA ST,,ENCINITAS,CA,92024-2360
Complete Car Care Encinitas,TEK,4743,27023099,1054,,03,,Regina,Hart,713 TEABERRY ST,,ENCINITAS,CA,92024-3351
Complete Car Care Encinitas,TEK,4743,27047891,1054,,03,,Jon,Gurwitt,1166 CAMBRIA WAY,,ENCINITAS,CA,92024-1345
Complete Car Care Encinitas,TEK,4743,27029601,1054,,03,,Taysia,Shaffer,465 BAY MEADOWS WAY,,SOLANA BEACH,CA,92075-2447
Complete Car Care Encinitas,TEK,4743,27050509,1054,,03,,Tanya,Kozlowski,805 CAMINITO ROSA,,CARLSBAD,CA,92011-3304
Complete Car Care Encinitas,TEK,4743,27023401,1054,,03,,Camille,Gurley,719 MAGNOLIA AVE,,CARLSBAD,CA,92008-5078
Complete Car Care Encinitas,TEK,4743,27026903,1054,,03,,Valdimir,Pozdnyakov,3471 CAMINITO SIERRA,,CARLSBAD,CA,92009-8660
Complete Car Care Encinitas,TEK,4743,27028493,1054,,03,,Roberta,Espinosa,4038 AVENIDA BRISA,,RANCHO SANTA FE,CA,92091-4312
Complete Car Care Encinitas,TEK,4743,27021731,1054,,03,,KEEGAN,MOORE,7312 ALTA VIS,,CARLSBAD,CA,92009-7601
Complete Car Care Encinitas,TEK,4743,27050579,1054,,03,,Camille,Schenk,3871 CRESTSTONE PL,,SAN DIEGO,CA,92130-1504
Complete Car Care Encinitas,TEK,4743,27080948,1054,,03,,Kyle,Johnson,1109 WOODLAKE DR,,CARDIFF BY THE SEA,CA,92007-1040
Complete Car Care Encinitas,TEK,4743,27046126,1054,,03,,Blue,Tracis,612 BIRMINGHAM DR,,CARDIFF BY THE SEA,CA,92007-1702
Complete Car Care Encinitas,TEK,4743,27037598,1054,,03,,Steve,Fischer,1763 S MAMMOTH PL,,ESCONDIDO,CA,92029-4106
Complete Car Care Encinitas,TEK,4743,27050533,1054,,03,,David,Cook,2867 MEADE AVE,,SAN DIEGO,CA,92116-4211
Complete Car Care Encinitas,TEK,4743,27046922,1054,,03,,Lacey,Cole,1730 SWALLOWTAIL RD,,ENCINITAS,CA,92024-1261
Complete Car Care Encinitas,TEK,4743,27062735,1054,,03,,Dale,Cole,2874 LUCIERNAGA ST,,CARLSBAD,CA,92009-5947
Complete Car Care Encinitas,TEK,4743,27065913,1054,,03,,Joseph,Gaines,18115 LAKE FOREST DR,,PENN VALLEY,CA,95946-8823
Complete Car Care Encinitas,TEK,4743,27016638,1054,,03,,GARRETT,NEGRETECLAAR,279 VILLAGE RUN E,,ENCINITAS,CA,92024-3045
Complete Car Care Encinitas,TEK,4743,27026773,1054,,03,,Chris,Brown,2241 VISTA LA NISA,,CARLSBAD,CA,92009-8712
Complete Car Care Encinitas,TEK,4743,27067874,1054,,03,,STEVEN,MOSS,3163 VISTA MAR,,CARLSBAD,CA,92009-7861
Complete Car Care Encinitas,TEK,4743,27053436,1054,,03,,Kim,Soto,1007 GENIE LN,,CARDIFF BY THE SEA,CA,92007-1420
Complete Car Care Encinitas,TEK,4743,27062633,1054,,03,,Tom,Yufik,147 FIVE CROWNS WAY,,ENCINITAS,CA,92024-4317
Complete Car Care Encinitas,TEK,4743,27033175,1054,,03,,Joseph,Sillstrop,121 VIA DEL CERRITO,,ENCINITAS,CA,92024-4309
Complete Car Care Encinitas,TEK,4743,27072446,1054,,03,,John,Tate,5110 W ENCANTO BLVD APT 104,,PHOENIX,AZ,85035-1973
Complete Car Care Encinitas,TEK,4743,27039142,1054,,03,,Mary,Porter,1190 KILDEER CT,,ENCINITAS,CA,92024-1277
Complete Car Care Encinitas,TEK,4743,27053262,1054,,03,,Justine,woiwode,726 MACKINNON CT,,CARDIFF BY THE SEA,CA,92007-1357
Complete Car Care Encinitas,TEK,4743,27044455,1054,,03,,Lutz,Stephen,13707 NOGALES DR,,DEL MAR,CA,92014-3338
Complete Car Care Encinitas,TEK,4743,27014921,1054,,03,,ALVIN,FAIERMAN,15110 SUN VALLEY LN,,DEL MAR,CA,92014-4123
Complete Car Care Encinitas,TEK,4743,27037013,1054,,03,,PATRICK,BAILEY,1397 N VULCAN AVE APT 8,,ENCINITAS,CA,92024-1667
Complete Car Care Encinitas,TEK,4743,27024504,1054,,03,,Julie,Chippendale,1252 BERRYMAN CYN,,ENCINITAS,CA,92024-7915
Complete Car Care Encinitas,TEK,4743,27079944,1054,,03,,Ben,Regnier,1239 CREST DR,,ENCINITAS,CA,92024-5205
Complete Car Care Encinitas,TEK,4743,27013510,1054,,03,,JOHN,BRASSINGTON,7968 CALLE MADRID,,CARLSBAD,CA,92009-9302
Complete Car Care Encinitas,TEK,4743,27028030,1054,,03,,Lisa,Mckay,209 VIA TAVIRA,,ENCINITAS,CA,92024-5325
Complete Car Care Encinitas,TEK,4743,27076672,1054,,03,,Farnaz,Massa,7727 LUCIA CT,,CARLSBAD,CA,92009-8126
Complete Car Care Encinitas,TEK,4743,27015101,1054,,03,,Don,Parrey,7011 ASTER PL,,CARLSBAD,CA,92011-5102
Complete Car Care Encinitas,TEK,4743,27082499,1054,,03,,AUDON,MARTIN,707 SNAPDRAGON ST,,ENCINITAS,CA,92024-3345
Complete Car Care Encinitas,TEK,4743,27052339,1054,,03,,STEVEN,PRINCE,3387 AVENIDA NIEVE,,CARLSBAD,CA,92009-9339
Complete Car Care Encinitas,TEK,4743,27033613,1054,,03,,CASEY,CONNORS,2544 NAVARRA DR,,CARLSBAD,CA,92009-7054
Complete Car Care Encinitas,TEK,4743,27016685,1054,,03,,Chris,Edwards,1609 WESLEY WAY,,VISTA,CA,92081-7458
Complete Car Care Encinitas,TEK,4743,27053477,1054,,03,,JANET,KLAUS,7831 RUSH ROSE DR UNIT 210,,CARLSBAD,CA,92009-6847
Complete Car Care Encinitas,TEK,4743,27062232,1054,,03,,Michelle,May,2039 SHADOW GROVE WAY,,ENCINITAS,CA,92024-4335
Complete Car Care Encinitas,TEK,4743,27015299,1054,,03,,Connie,Caseman,1331 STATICE CT,,CARLSBAD,CA,92011-1272
Complete Car Care Encinitas,TEK,4743,27019055,1054,,03,,Terry,Karlman,700 FRONT ST UNIT 2302,,SAN DIEGO,CA,92101-6013
Complete Car Care Encinitas,TEK,4743,27037821,1054,,03,,kathleen,Borst,3201 SIRENA VISTA WAY UNIT 128,,CARLSBAD,CA,92009-6066
Complete Car Care Encinitas,TEK,4743,27061000,1054,,03,,John,Danssaert,643 DELL ST,,SOLANA BEACH,CA,92075-1417
Complete Car Care Encinitas,TEK,4743,27083316,1054,,03,,CHARLES,GAGNE,239 HICKORYHILL DR,,ENCINITAS,CA,92024-4019
Complete Car Care Encinitas,TEK,4743,27040306,1054,,03,,Carolyn,Schulman,841 CREST DR,,ENCINITAS,CA,92024-4038
Complete Car Care Encinitas,TEK,4743,27018075,1054,,03,,THYME,OSBORNE,7520 QUINTA ST,,CARLSBAD,CA,92009-7536
Complete Car Care Encinitas,TEK,4743,27079520,1054,,03,,TIM,FAIRBANKS,PO BOX 2655,,RANCHO SANTA FE,CA,92067-2655
Complete Car Care Encinitas,TEK,4743,27071285,1054,,03,,Rollan,Mosko,7917 ROBLE PL,,CARLSBAD,CA,92009-9231
Complete Car Care Encinitas,TEK,4743,27027120,1054,,03,,Paul,Fricke,519 SAMUEL CT,,ENCINITAS,CA,92024-2382
Complete Car Care Encinitas,TEK,4743,27032695,1054,,03,,Kate,Ceccotti,270 CHANNING WAY APT 23,,SAN RAFAEL,CA,94903-2660
Complete Car Care Encinitas,TEK,4743,27063463,1054,,03,,JOE,BARBANO,2936 CAMINO SERBAL,,CARLSBAD,CA,92009-2900
Complete Car Care Encinitas,TEK,4743,27046221,1054,,03,,Alex,Roth,933 SPRINGWOOD LN,,ENCINITAS,CA,92024-1909
Complete Car Care Encinitas,TEK,4743,27033885,1054,,03,,Kevin,Mitchell,707 LYNWOOD DR,,ENCINITAS,CA,92024-2389
Complete Car Care Encinitas,TEK,4743,27054152,1054,,03,,IVKINA,NATALIYA,3123 CALLE FUEGO,,CARLSBAD,CA,92009-7626
Complete Car Care Encinitas,TEK,4743,27063054,1054,,03,,James,Boyd,506 PACIFIC AVE,,SOLANA BEACH,CA,92075-1122
Complete Car Care Encinitas,TEK,4743,27019127,1054,,03,,Joe,Crocco,30636 YOSEMITE DR,,CASTAIC,CA,91384-3737
Complete Car Care Encinitas,TEK,4743,27029401,1054,,03,,Ed,Howell,2371 TERRAZA RIBERA,,CARLSBAD,CA,92009-6634
Complete Car Care Encinitas,TEK,4743,27055255,1054,,03,,Alexis,Price,1730 ORCHARD WOOD RD,,ENCINITAS,CA,92024-5655
Complete Car Care Encinitas,TEK,4743,27015535,1054,,03,,Ron,Hall,894 EUGENIE AVE,,ENCINITAS,CA,92024-2326
Complete Car Care Encinitas,TEK,4743,27017440,1054,,03,,Bryan,Tipton,PO BOX 64,,CARDIFF BY THE SEA,CA,92007-0064
Complete Car Care Encinitas,TEK,4743,27014403,1054,,03,,Ricardo,Chavez,3316 CALLE DEL SUR,,CARLSBAD,CA,92009-8611
Complete Car Care Encinitas,TEK,4743,27027539,1054,,03,,Carl,Megruder,2011 CIMA CT,,CARLSBAD,CA,92009-8501
Complete Car Care Encinitas,TEK,4743,27063270,1054,,03,,Jose,Cherbowsky,3621 LORIMER LN,,ENCINITAS,CA,92024-5506
Complete Car Care Encinitas,TEK,4743,27058802,1054,,03,,Mark,Smithson,754 PLATO PL,,ENCINITAS,CA,92024-1234
Complete Car Care Encinitas,TEK,4743,27075086,1054,,03,,Anthony,Covelli,6719 ABANTO ST,,CARLSBAD,CA,92009-5302
Complete Car Care Encinitas,TEK,4743,27026647,1054,,03,,Gloria,Thiel,6438 AGATE WAY,,CARLSBAD,CA,92011-1236
Complete Car Care Encinitas,TEK,4743,27025606,1054,,03,,OWEN,HARRIS,6218 PASEO ALTA RICO,,CARLSBAD,CA,92009-2110
Complete Car Care Encinitas,TEK,4743,27080479,1054,,03,,Melissa,Bonilla,6433 OLEA LN UNIT 105,,CARLSBAD,CA,92011-2741
Complete Car Care Encinitas,TEK,4743,27033005,1054,,03,,Bik,Singh,1100 GARDEN VIEW RD APT 311,,ENCINITAS,CA,92024-1362
Complete Car Care Encinitas,TEK,4743,27045714,1054,,03,,Ryan,Borck,2112 SUMMERHILL DR,,ENCINITAS,CA,92024-5441
Complete Car Care Encinitas,TEK,4743,27071162,1054,,03,,LISA,JENSEN,2912 CAMINO SERBAL,,CARLSBAD,CA,92009-2900
Complete Car Care Encinitas,TEK,4743,27069513,1054,,03,,JOSEPH,BUECHLER,1343 CASSINS ST,,CARLSBAD,CA,92011-4857
Complete Car Care Encinitas,TEK,4743,27043108,1054,,03,,Anne Marie,Germain,643 4TH ST APT 2,,ENCINITAS,CA,92024-3443
Complete Car Care Encinitas,TEK,4743,27022666,1054,,03,,MICHAEL,Nicoletti,449 COLE RANCH RD,,ENCINITAS,CA,92024-6518
Complete Car Care Encinitas,TEK,4743,27013426,1054,,03,,Monica,Evans,7212 MANZANITA ST,,LA COSTA,CA,92011-5127
Complete Car Care Encinitas,TEK,4743,27049817,1054,,03,,Sarah,Stephens,1611 HAWK VIEW DR,,ENCINITAS,CA,92024-1252
Complete Car Care Encinitas,TEK,4743,27012895,1054,,03,,Wendy,Hansbrough,14070 COLLINS RANCH PL,,SAN DIEGO,CA,92130-5572
Complete Car Care Encinitas,TEK,4743,27027517,1054,,03,,Paul,Spadone,2047 ALOHA LN,,VISTA,CA,92084-2819
Complete Car Care Encinitas,TEK,4743,27031092,1054,,03,,Nancy,Kaufman,276 N EL PORTAL ST,,ENCINITAS,CA,92024-2024
Complete Car Care Encinitas,TEK,4743,27034724,1054,,03,,Marianna,Zabelinskaya,6009 PASEO ACAMPO APT 217,,CARLSBAD,CA,92009-2258
Complete Car Care Encinitas,TEK,4743,27075807,1054,,03,,Steven,Garrett,272 VIA VILLENA,,ENCINITAS,CA,92024-5318
Complete Car Care Encinitas,TEK,4743,27014082,1054,,03,,Tim,McNulty,6936 BATIQUITOS DR,,CARLSBAD,CA,92011-3918
Complete Car Care Encinitas,TEK,4743,27073570,1054,,03,,COREY,LENZEN,305 S SIERRA AVE APT 4,,SOLANA BEACH,CA,92075-2227
Complete Car Care Encinitas,TEK,4743,27054281,1054,,03,,Gustavo,Rios,616 STEVENS AVE STE K,,SOLANA BEACH,CA,92075-3402
Complete Car Care Encinitas,TEK,4743,27022541,1054,,03,,Natalie,Schwartz,1981 CIRCLE PARK LN,,ENCINITAS,CA,92024-1927
Complete Car Care Encinitas,TEK,4743,27074105,1054,,03,,Cheri,Cannone,2639 PIRINEOS WAY,,CARLSBAD,CA,92009-7346
Complete Car Care Encinitas,TEK,4743,27054973,1054,,03,,Joanne,Wolf,6275 PASEO CALLADO,,CARLSBAD,CA,92009-1906
Complete Car Care Encinitas,TEK,4743,27017525,1054,,03,,SEAN,MCGURK,3439 CAMINO LARGO,,CARLSBAD,CA,92009-8930
Complete Car Care Encinitas,TEK,4743,27027190,1054,,03,,Claude,Ognibene,403 N WILLOWSPRING DR,,ENCINITAS,CA,92024-1916
Complete Car Care Encinitas,TEK,4743,27055172,1054,,03,,Robert,Chapplell,1746 WILLOWHAVEN RD,,ENCINITAS,CA,92024-5641
Complete Car Care Encinitas,TEK,4743,27013534,1054,,03,,Martha,Gavins,7184 PINTAIL DR,,CARLSBAD,CA,92011-5043
Complete Car Care Encinitas,TEK,4743,27077614,1054,,03,,ELSA,MATHEWS,1066 BRIGHTWOOD DR,,SAN MARCOS,CA,92078-1057
Complete Car Care Encinitas,TEK,4743,27022574,1054,,03,,LAURA,GREEN,350 N EL CAMINO REAL SPC 61,,ENCINITAS,CA,92024-2824
Complete Car Care Encinitas,TEK,4743,27048611,1054,,03,,Dan,Meyer,327 LEEANN LN,,ENCINITAS,CA,92024-1711
Complete Car Care Encinitas,TEK,4743,27014021,1054,,03,,Nate,Noble,1680 N COAST HIGHWAY 101,,ENCINITAS,CA,92024-1046
Complete Car Care Encinitas,TEK,4743,27016097,1054,,03,,John,Hanlon,2157 SEA VILLAGE CIR,,CARDIFF BY THE SEA,CA,92007-1221
Complete Car Care Encinitas,TEK,4743,27033300,1054,,03,,Joseph,Simoni,3352 DEL RIO CT,,CARLSBAD,CA,92009-7815
Complete Car Care Encinitas,TEK,4743,27063563,1054,,03,,PARKER,WUTHRICH,3823 INGRAHAM ST APT B204,,SAN DIEGO,CA,92109-6460
Complete Car Care Encinitas,TEK,4743,27032071,1054,,03,,Kevin,Smith,2015 PINTORESCO CT,,CARLSBAD,CA,92009-7915
Complete Car Care Encinitas,TEK,4743,27073456,1054,,03,,John,Kutilek,1424 CREST DR,,ENCINITAS,CA,92024-5207
Complete Car Care Encinitas,TEK,4743,27069658,1054,,03,,Danielle,Severson,6744 LOPEZ CANYON WAY,,SAN DIEGO,CA,92126-6083
Complete Car Care Encinitas,TEK,4743,27045886,1054,,03,,Missy,Barbera,2845 CASTILLA PL,,CARLSBAD,CA,92009-8205
Complete Car Care Encinitas,TEK,4743,27057211,1054,,03,,Jake,Davis,2364 ALTISMA WAY UNIT C,,CARLSBAD,CA,92009-6320
Complete Car Care Encinitas,TEK,4743,27047184,1054,,03,,ROSE,BRIDGEWATER,1920 AVENIDA JOAQUIN,,ENCINITAS,CA,92024-7108
Complete Car Care Encinitas,TEK,4743,27082404,1054,,03,,Hector,Carrillo,6725 LUCIERNAGA PL,,CARLSBAD,CA,92009-5818
Complete Car Care Encinitas,TEK,4743,27035440,1054,,03,,Laura,Knight,7533 GIBRALTAR ST,,CARLSBAD,CA,92009-7461
Complete Car Care Encinitas,TEK,4743,27072986,1054,,03,,John,Park,522 SMILAX RD,,SAN MARCOS,CA,92078-6112
Complete Car Care Encinitas,TEK,4743,27081841,1054,,03,,Choon,Chai,3278 AVENIDA DE SUENO,,CARLSBAD,CA,92009-9539
Complete Car Care Encinitas,TEK,4743,27066763,1054,,03,,Jim,Peevey,316 HORIZON DR,,ENCINITAS,CA,92024-4148
Complete Car Care Encinitas,TEK,4743,27070291,1054,,03,,Zach,Polin,1171 MONTEREY PL,,ENCINITAS,CA,92024-1340
Complete Car Care Encinitas,TEK,4743,27038711,1054,,03,,Erin,Anderson,2148 13TH ST,,ENCINITAS,CA,92024-6801
Complete Car Care Encinitas,TEK,4743,27063551,1054,,03,,Christian,Nuss,364 HILLCREST DR,,ENCINITAS,CA,92024-1527
Complete Car Care Encinitas,TEK,4743,27056319,1054,,03,,Crystal,Ramos,703 S TWIN OAKS VALLEY RD APT 442,,SAN MARCOS,CA,92078-7322
Complete Car Care Encinitas,TEK,4743,27056173,1054,,03,,THOMAS,LEYVA,1930 PARKVIEW TER,,LA JOLLA,CA,92037-7033
Complete Car Care Encinitas,TEK,4743,27013818,1054,,03,,Heidi,Wagner,7944 GRADO EL TUPELO,,CARLSBAD,CA,92009-9023
Complete Car Care Encinitas,TEK,4743,27045275,1054,,03,,John,Clessler,4305 MANCHESTER AVE,,ENCINITAS,CA,92024-4932
Complete Car Care Encinitas,TEK,4743,27037147,1054,,03,,Kayla,Emmons,1557 OLD CREEK CT,,CARDIFF BY THE SEA,CA,92007-1145
Complete Car Care Encinitas,TEK,4743,27055295,1054,,03,,Kaveh,Kohani,8004 PASEO ALISO,,CARLSBAD,CA,92009-9025
Complete Car Care Encinitas,TEK,4743,27055243,1054,,03,,Ken,Purcell,7915 PASEO TULIPERO,,CARLSBAD,CA,92009-9352
Complete Car Care Encinitas,TEK,4743,27028192,1054,,03,,Dennis,Dillon,6331 ALEXANDRI CIR,,CARLSBAD,CA,92011-3600
Complete Car Care Encinitas,TEK,4743,27065699,1054,,03,,Anne,Chiplin,1557 CALLE RYAN,,ENCINITAS,CA,92024-5526
Complete Car Care Encinitas,TEK,4743,27080602,1054,,03,,Sabin,Manea,55235 WINGED FOOT,,LA QUINTA,CA,92253-4669
Complete Car Care Encinitas,TEK,4743,27073999,1054,,03,,Adam,Zuffinetti,3725 HERON PRESERVE TRL,,FORT WAYNE,IN,46814-7591
Complete Car Care Encinitas,TEK,4743,27027267,1054,,03,,Adam,Schleyhahn,2704 SOCORRO LN,,CARLSBAD,CA,92009-4333
Complete Car Care Encinitas,TEK,4743,27035866,1054,,03,,Jason,Booher,2221 CORTE ANANAS,,CARLSBAD,CA,92009-8719
Complete Car Care Encinitas,TEK,4743,27053722,1054,,03,,Erica,McFarland,8003 PASEO ALISO,,CARLSBAD,CA,92009-9026
Complete Car Care Encinitas,TEK,4743,27082649,1054,,03,,Rosemary,Vasquez,566 NANTUCKET CT,,ENCINITAS,CA,92024-1538
Complete Car Care Encinitas,TEK,4743,27070375,1054,,03,,Haim,Ore,1589 VILLAGE VIEW RD,,ENCINITAS,CA,92024-5607
Complete Car Care Encinitas,TEK,4743,27019965,1054,,03,,Brett,Everhart,807 VAL SERENO DR,,ENCINITAS,CA,92024-6923
Complete Car Care Encinitas,TEK,4743,27042193,1054,,03,,Joseph,Ricevuto,310 E BRADLEY AVE APT 62,,EL CAJON,CA,92021-8932
Complete Car Care Encinitas,TEK,4743,27030574,1054,,03,,Francisco,Perez,1108 NARDO RD,,ENCINITAS,CA,92024-3834
Complete Car Care Encinitas,TEK,4743,27058624,1054,,03,,Amy,Carlin,3672 PINE ST,,IRVINE,CA,92606-2620
Complete Car Care Encinitas,TEK,4743,27065743,1054,,03,,Ryan,Downing,928 SPRINGWOOD LN,,ENCINITAS,CA,92024-1909
Complete Car Care Encinitas,TEK,4743,27067459,1054,,03,,DEAN,INGLE,7411 CARLINA ST,,CARLSBAD,CA,92009-7508
Complete Car Care Encinitas,TEK,4743,27046154,1054,,03,,JONATHAN,CABRAL,8041 CORTE SASAFRAS,,CARLSBAD,CA,92009-6953
Complete Car Care Encinitas,TEK,4743,27078564,1054,,03,,Andrew,Solomon,7949 PASEO MEMBRILLO,,CARLSBAD,CA,92009-6972
Complete Car Care Encinitas,TEK,4743,27016995,1054,,03,,Nick,Venna,1615 ORCHARD WOOD RD,,ENCINITAS,CA,92024-5654
Complete Car Care Encinitas,TEK,4743,27038333,1054,,03,,Jaime,Burke,752 ORPHEUS AVE,,ENCINITAS,CA,92024-2155
Complete Car Care Encinitas,TEK,4743,27065417,1054,,03,,Jonathan,Stone,2747 SPOKANE WAY,,CARLSBAD,CA,92010-2189
Complete Car Care Encinitas,TEK,4743,27067275,1054,,03,,Anthony,Jeremiah,6749 LIMONITE CT,,CARLSBAD,CA,92009-5202
Complete Car Care Encinitas,TEK,4743,27055081,1054,,03,,Michelle,Trostler,2217 CORTE ANANAS,,CARLSBAD,CA,92009-8719
Complete Car Care Encinitas,TEK,4743,27060243,1054,,03,,Vita,Candela,2842 AVENIDA CEREZA,,CARLSBAD,CA,92009-2912
Complete Car Care Encinitas,TEK,4743,27018485,1054,,03,,Hayley,Nelson,4510 W POINT LOMA BLVD UNIT 1,,SAN DIEGO,CA,92107-1261
Complete Car Care Encinitas,TEK,4743,27018725,1054,,03,,JIM,TKACH,7919 VISTA PALMA,,CARLSBAD,CA,92009-2910
Complete Car Care Encinitas,TEK,4743,27045242,1054,,03,,Alvaro,Celesting,1981 COUNTRY GROVE LN,,ENCINITAS,CA,92024-1930
Complete Car Care Encinitas,TEK,4743,27059200,1054,,03,,Kelsi,Corlett,18090 OLD COACH DR,,POWAY,CA,92064-6634
Complete Car Care Encinitas,TEK,4743,27068976,1054,,03,,Julie,Fisher,126 VILLAGE RUN W,,ENCINITAS,CA,92024-3053
Complete Car Care Encinitas,TEK,4743,27048082,1054,,03,,Jay,Mccabe,2811 EL RASTRO LN,,CARLSBAD,CA,92009-9215
Complete Car Care Encinitas,TEK,4743,27057739,1054,,03,,Stephanie,Orenyak,3900 LINMAR LN,,CARLSBAD,CA,92008-4124
Complete Car Care Encinitas,TEK,4743,27041709,1054,,03,,Jay,Kaffai,1207 CALLE CHRISTOPHER,,ENCINITAS,CA,92024-5518
Complete Car Care Encinitas,TEK,4743,27019023,1054,,03,,ROBERT,GLADNICK,304 FIRTREE CT,,ENCINITAS,CA,92024-4126
Complete Car Care Encinitas,TEK,4743,27083795,1054,,03,,Mary Anne,Donn,3047 VIA DE CABALLO,,ENCINITAS,CA,92024-6924
Complete Car Care Encinitas,TEK,4743,27053650,1054,,03,,Chad,Butler,201 LINDSEY LN,,ENCINITAS,CA,92024-2789
Complete Car Care Encinitas,TEK,4743,27069178,1054,,03,,THALIA,ORMSBY,306 ORPHEUS AVE,,ENCINITAS,CA,92024-2605
Complete Car Care Encinitas,TEK,4743,27031497,1054,,03,,PAUL,STANZIONE,1619 PLEASANT PL,,ENCINITAS,CA,92024-1975
Complete Car Care Encinitas,TEK,4743,27062227,1054,,03,,Bryan,Rohr,7325 CALLE PERA,,CARLSBAD,CA,92009-8400
Complete Car Care Encinitas,TEK,4743,27057595,1054,,03,,Michael,Parti,13316 BARBADOS WAY,,DEL MAR,CA,92014-3502
Complete Car Care Encinitas,TEK,4743,27073528,1054,,03,,Christina,Yaconelli,439 DEL MEDIO AVE APT 40,,MOUNTAIN VIEW,CA,94040-4808
Complete Car Care Encinitas,TEK,4743,27022021,1054,,03,,Esperanca,Cervantes,6432 OLEA LN,,CARLSBAD,CA,92011-2711
Complete Car Care Encinitas,TEK,4743,27063030,1054,,03,,Andrea,Motwai,7973 CALLE MADRID,,CARLSBAD,CA,92009-9303
Complete Car Care Encinitas,TEK,4743,27062675,1054,,03,,Paul,Haunert,819 SAXONY RD,,ENCINITAS,CA,92024-2354
Complete Car Care Encinitas,TEK,4743,27064551,1054,,03,,Christine,Roszak,3255 BROOKSIDE LN,,ENCINITAS,CA,92024-6904
Complete Car Care Encinitas,TEK,4743,27081876,1054,,03,,Tryston,Perry,3919 SHERBOURNE DR,,OCEANSIDE,CA,92056-3328
Complete Car Care Encinitas,TEK,4743,27033477,1054,,03,,DAVID,ESTES,1673 TENNIS MATCH WAY,,ENCINITAS,CA,92024-2946
Complete Car Care Encinitas,TEK,4743,27025287,1054,,03,,Jan,Thompson,1522 GASCONY RD,,ENCINITAS,CA,92024-1221
Complete Car Care Encinitas,TEK,4743,27024738,1054,,03,,Jennifer,Macy,3122 DUSTY TRL,,ENCINITAS,CA,92024-7211
Complete Car Care Encinitas,TEK,4743,27044603,1054,,03,,Abdul,Rajput,986 MERGANSER LN,,CARLSBAD,CA,92011-4869
Complete Car Care Encinitas,TEK,4743,27037667,1054,,03,,Nancy,Villalobos,2427 UNICORNIO ST,,CARLSBAD,CA,92009-5321
Complete Car Care Encinitas,TEK,4743,27054793,1054,,03,,KELLY,HART,PO BOX 9384,,RANCHO SANTA FE,CA,92067-4384
Complete Car Care Encinitas,TEK,4743,27057736,1054,,03,,Abraham,Gaters,974 MARLIN DR,,VISTA,CA,92084-5656
Complete Car Care Encinitas,TEK,4743,27015258,1054,,03,,CHERYL,WATERMAN,2639 PIRINEOS WAY UNIT 132,,CARLSBAD,CA,92009-7347
Complete Car Care Encinitas,TEK,4743,27013317,1054,,03,,James,Kerwin,3133 DEL REY AVE,,CARLSBAD,CA,92009-7513
Complete Car Care Encinitas,TEK,4743,27028236,1054,,03,,TAMZIN,PABST,29 BARBAREE WAY,,BELVEDERE TIBURON,CA,94920-2234
Complete Car Care Encinitas,TEK,4743,27057705,1054,,03,,HOWARD,SEGEL,1339 JUSTIN RD,,CARDIFF BY THE SEA,CA,92007-1312
Complete Car Care Encinitas,TEK,4743,27014976,1054,,03,,Julie,Cox,2494 N 1125 E,,OGDEN,UT,84414-2673
Complete Car Care Encinitas,TEK,4743,27040357,1054,,03,,TERRY,FOX,7923 CORTE CAROLINA,,CARLSBAD,CA,92009-9251
Complete Car Care Encinitas,TEK,4743,27081917,1054,,03,,Herb,Engel,PO BOX 978,,RANCHO SANTA FE,CA,92067-0978
Complete Car Care Encinitas,TEK,4743,27065833,1054,,03,,Ashley,Rinaudo,7069 MURILLO LN,,CARLSBAD,CA,92009-6602
Complete Car Care Encinitas,TEK,4743,27020464,1054,,03,,Barry,Leonard,PO BOX 5000,,RANCHO SANTA FE,CA,92067-5000
Complete Car Care Encinitas,TEK,4743,27026429,1054,,03,,Jenna,Kuebler,616 CREST DR,,ENCINITAS,CA,92024-4124
Complete Car Care Encinitas,TEK,4743,27070805,1054,,03,,Kelly,Carmicheal,31341 BRADFORD ST,,WINCHESTER,CA,92596-9153
Complete Car Care Encinitas,TEK,4743,27025678,1054,,03,,Robert,Bell,3660 DOVE HOLLOW RD,,ENCINITAS,CA,92024-7247
Complete Car Care Encinitas,TEK,4743,27016284,1054,,03,,Ashley,Donadt,1755 RED BARN RD,,ENCINITAS,CA,92024-3030
Complete Car Care Encinitas,TEK,4743,27075545,1054,,03,,Walter,Cox,1719 GENTLE BREEZE LN,,ENCINITAS,CA,92024-1968
Complete Car Care Encinitas,TEK,4743,27028031,1054,,03,,Ira,Kristol,648 LUCYLLE LN,,ENCINITAS,CA,92024-6529
Complete Car Care Encinitas,TEK,4743,27058417,1054,,03,,Karla,Moore,190 DEL MAR SHORES TER UNIT 75,,SOLANA BEACH,CA,92075-2634
Complete Car Care Encinitas,TEK,4743,27018770,1054,,03,,Jimmy,Dunne,939 OCEAN VIEW AVE,,ENCINITAS,CA,92024-2208
Complete Car Care Encinitas,TEK,4743,27030730,1054,,03,,Manuel,Tanguma,956 WOODLAKE DR,,CARDIFF BY THE SEA,CA,92007-1025
Complete Car Care Encinitas,TEK,4743,27049951,1054,,03,,Steve,Luna,204 RAIN TREE DR,,ENCINITAS,CA,92024-1568
Complete Car Care Encinitas,TEK,4743,27046140,1054,,03,,Jacob,Michaelis,1942 NORTHSTAR WAY,,SAN MARCOS,CA,92078-0952
Complete Car Care Encinitas,TEK,4743,27018993,1054,,03,,Megan,Lewis,1315 CREST DR,,ENCINITAS,CA,92024-5206
Complete Car Care Encinitas,TEK,4743,27029576,1054,,03,,WILLIAM,SLAWSKI,941 RARITAN AVE,,MANVILLE,NJ,08835-2158
Complete Car Care Encinitas,TEK,4743,27044767,1054,,03,,RHETT,FARINHOLT,13226 CORTE VILLANUEVA,,SAN DIEGO,CA,92129-2272
Complete Car Care Encinitas,TEK,4743,27070133,1054,,03,,Anna,Galkin,2009 WOODMOSS CT,,ENCINITAS,CA,92024-1924
Complete Car Care Encinitas,TEK,4743,27058987,1054,,03,,LINDA,MIYAHIRA,7914 CALLE SAN FELIPE,,CARLSBAD,CA,92009-9307
Complete Car Care Encinitas,TEK,4743,27051538,1054,,03,,Kyra,Tyson,1630 GITANO ST,,ENCINITAS,CA,92024-4829
Complete Car Care Encinitas,TEK,4743,27048097,1054,,03,,Mayra,Whaley,7152 ALMADEN LN,,CARLSBAD,CA,92009-6246
Complete Car Care Encinitas,TEK,4743,27057555,1054,,03,,Ariana,Acosta,7185 ESTRELLA DE MAR RD,,CARLSBAD,CA,92009-6716
Complete Car Care Encinitas,TEK,4743,27024637,1054,,03,,SERGEY,YAGODIN,3162 MORNING WAY,,LA JOLLA,CA,92037-1912
Complete Car Care Encinitas,TEK,4743,27019394,1054,,03,,CHRISTINE,TRAURIG,2743 LLAMA CT,,CARLSBAD,CA,92009-6518
Complete Car Care Encinitas,TEK,4743,27022083,1054,,03,,Anne,North,7823 RUSH ROSE DR UNIT 107,,CARLSBAD,CA,92009-6844
Complete Car Care Encinitas,TEK,4743,27040020,1054,,03,,JUDY,Howard,7208 COLUMBINE DR,,CARLSBAD,CA,92011-5112
Complete Car Care Encinitas,TEK,4743,27065538,1054,,03,,DAVE,WOJCIECHOWSKI,7558 CIRCULO SEQUOIA,,CARLSBAD,CA,92009-8468
Complete Car Care Encinitas,TEK,4743,27062927,1054,,03,,RICARDO,GOLDMAN,1905 WANDERING RD,,ENCINITAS,CA,92024-5622
Complete Car Care Encinitas,TEK,4743,27045939,1054,,03,,VOLKER,HOEHNE,7711 PRIMAVERA WAY,,CARLSBAD,CA,92009-8239
Complete Car Care Encinitas,TEK,4743,27052434,1054,,03,,Constance,Kilmartin,39159 CROWN RANCH RD,,TEMECULA,CA,92591-4019
Complete Car Care Encinitas,TEK,4743,27078787,1054,,03,,Louis,Casillas,2834 LUCIERNAGA ST,,CARLSBAD,CA,92009-5947
Complete Car Care Encinitas,TEK,4743,27036762,1054,,03,,Kasey,Macnair,306 COUNTRYWOOD LN,,ENCINITAS,CA,92024-3135
Complete Car Care Encinitas,TEK,4743,27050310,1054,,03,,Paul,Von Petrzelka,3123 QUEBRADA CT,,CARLSBAD,CA,92009-8346
Complete Car Care Encinitas,TEK,4743,27025851,1054,,03,,PAUL,SWANEY,7168 PINTAIL DR,,CARLSBAD,CA,92011-5043
Complete Car Care Encinitas,TEK,4743,27033000,1054,,03,,Steve,Reider,521 RANCHO SANTA FE RD,,ENCINITAS,CA,92024-6570
Complete Car Care Encinitas,TEK,4743,27076327,1054,,03,,Tora,Bueno,6825 SAND ASTER DR,,CARLSBAD,CA,92011-5028
Complete Car Care Encinitas,TEK,4743,27084040,1054,,03,,Christopher,Rohe,1253 CANTON CT,,ENCINITAS,CA,92024-5225
Complete Car Care Encinitas,TEK,4743,27038486,1054,,03,,DAVID,HOLLOWAY,285 RODNEY AVE,,ENCINITAS,CA,92024-2901
Complete Car Care Encinitas,TEK,4743,27024019,1054,,03,,Constance,Kilmartin,39159 CROWN RANCH RD,,TEMECULA,CA,92591-4019
Complete Car Care Encinitas,TEK,4743,27076932,1054,,03,,LAURA,SWAN,629 COLE RANCH RD,,ENCINITAS,CA,92024-6523
Complete Car Care Encinitas,TEK,4743,27016267,1054,,03,,Tom,Gasaway,126 VILLAGE RUN W,,ENCINITAS,CA,92024-3053
Complete Car Care Encinitas,TEK,4743,27063620,1054,,03,,Tomer,Zekzer,800 ENCINITAS BLVD APT 201,,ENCINITAS,CA,92024-3311
Complete Car Care Encinitas,TEK,4743,27016539,1054,,03,,Carlos,Gitler,441 RAPHAEL CT,,ENCINITAS,CA,92024-2428
Complete Car Care Encinitas,TEK,4743,27072199,1054,,03,,Sam,Chereskin,426 ANDREW AVE,,ENCINITAS,CA,92024-1146
Complete Car Care Encinitas,TEK,4743,27081353,1054,,03,,GREGORY,NEVILLE,1732 CEREUS CT,,CARLSBAD,CA,92011-5119
Complete Car Care Encinitas,TEK,4743,27036418,1054,,03,,WENDY,READ,PO BOX 156,,RANCHO SANTA FE,CA,92067-0156
Complete Car Care Encinitas,TEK,4743,27082484,1054,,03,,Craig,Callender,205 MEADOW VISTA WAY,,ENCINITAS,CA,92024-4321
Complete Car Care Encinitas,TEK,4743,27079276,1054,,03,,Susan,Alapizto,7919 LAS NUECES PL,,CARLSBAD,CA,92009-9134
Complete Car Care Encinitas,TEK,4743,27040080,1054,,03,,Bruce,Ball,3449 CAMINO CORTE,,CARLSBAD,CA,92009-9520
Complete Car Care Encinitas,TEK,4743,27071850,1054,,03,,Susan,Anderson,2231 CAMINO ROBLEDO,,CARLSBAD,CA,92009-9346
Complete Car Care Encinitas,TEK,4743,27016099,1054,,03,,David,Rhyne,1222 WIND STAR WAY,,CARLSBAD,CA,92011-1254
Complete Car Care Encinitas,TEK,4743,27046353,1054,,03,,Erin,Olsen,1830 BLUE BONNET PL,,ENCINITAS,CA,92024-1963
Complete Car Care Encinitas,TEK,4743,27067565,1054,,03,,Thomas,Packard,261 HYGEIA CT,,ENCINITAS,CA,92024-1787
Complete Car Care Encinitas,TEK,4743,27024303,1054,,03,,Virendra,Patel,85 ENCINITAS BLVD,,ENCINITAS,CA,92024-3625
Complete Car Care Encinitas,TEK,4743,27041063,1054,,03,,SHARI,CLIBURN,6556 BLUEBONNET DR,,LA COSTA,CA,92011-2502
Complete Car Care Encinitas,TEK,4743,27037604,1054,,03,,Binney,Bond,PO BOX 845,,LA JOLLA,CA,92038-0845
Complete Car Care Encinitas,TEK,4743,27050848,1054,,03,,Karen,Hitzelberger,7766 CALLE MEJOR,,CARLSBAD,CA,92009-8947
Complete Car Care Encinitas,TEK,4743,27079269,1054,,03,,Mark,Juravic,303 VIA JULITA,,ENCINITAS,CA,92024-2643
Complete Car Care Encinitas,TEK,4743,27043070,1054,,03,,Rick,Collette,2353 CARINGA WAY UNIT 1,,CARLSBAD,CA,92009-6348
Complete Car Care Encinitas,TEK,4743,27022750,1054,,03,,Robert,Larue,PO BOX 2657,,RANCHO SANTA FE,CA,92067-2657
Complete Car Care Encinitas,TEK,4743,27026183,1054,,03,,Natascha,Wollank,33312 PALO ALTO ST,,DANA POINT,CA,92629-1434
Complete Car Care Encinitas,TEK,4743,27040606,1054,,03,,Edward,Bird,820 ENCINITAS BLVD APT 203,,ENCINITAS,CA,92024-3316
Complete Car Care Encinitas,TEK,4743,27048396,1054,,03,,Wade,Vanandusen,268 VIA TIERRA,,ENCINITAS,CA,92024-5312
Complete Car Care Encinitas,TEK,4743,27069506,1054,,03,,Travis,Evans,3372 CALLE SANTIAGO,,CARLSBAD,CA,92009-8629
Complete Car Care Encinitas,TEK,4743,27077883,1054,,03,,DAVID,LIGON,1273 ORCHARD GLEN CIR,,ENCINITAS,CA,92024-5661
Complete Car Care Encinitas,TEK,4743,27050900,1054,,03,,Barbara,Marpe,2056 BULRUSH LN,,CARDIFF BY THE SEA,CA,92007-1406
Complete Car Care Encinitas,TEK,4743,27040174,1054,,03,,Chelsea,Eli,4403 MANCHESTER AVE STE 101,,ENCINITAS,CA,92024-4939
Complete Car Care Encinitas,TEK,4743,27076971,1054,,03,,KUREYN,WATSON,2029 14TH ST,,ENCINITAS,CA,92024-6806
Complete Car Care Encinitas,TEK,4743,27015758,1054,,03,,Kevin,Bellock,1047 S WILLIAMS ST,,DENVER,CO,80209-4544
Complete Car Care Encinitas,TEK,4743,27060254,1054,,03,,Brittny,Sullivan,647 SAN DIEGUITO DR APT 4,,ENCINITAS,CA,92024-4500
Complete Car Care Encinitas,TEK,4743,27024528,1054,,03,,Moira,Haller,1306 CALLE SCOTT,,ENCINITAS,CA,92024-5531
Complete Car Care Encinitas,TEK,4743,27048688,1054,,03,,Christine,Riley,1856 AMALFI DR,,ENCINITAS,CA,92024-1286
Complete Car Care Encinitas,TEK,4743,27041873,1054,,03,,WILLAM,HEFLIN,2932 AVENIDA VALERA,,CARLSBAD,CA,92009-7114
Complete Car Care Encinitas,TEK,4743,27014099,1054,,03,,Pam,Scott,7741 ROAN RD,,SAN DIEGO,CA,92129-4510
Complete Car Care Encinitas,TEK,4743,27017563,1054,,03,,Peter,Campbell,1761 WILLOWHAVEN RD,,ENCINITAS,CA,92024-5642
Complete Car Care Encinitas,TEK,4743,27050196,1054,,03,,KURT,JORDAN,1252 RACHEL CIR,,ESCONDIDO,CA,92026-2157
Complete Car Care Encinitas,TEK,4743,27043610,1054,,03,,JOHN,HAMMOND,181 N VULCAN AVE,,ENCINITAS,CA,92024-2645
Complete Car Care Encinitas,TEK,4743,27066341,1054,,03,,James,Underwood,PO BOX 106,,CARDIFF BY THE SEA,CA,92007-0106
Complete Car Care Encinitas,TEK,4743,27022761,1054,,03,,Shawna,Lombardi,2577 ARLOTTA PL,,PLEASANTON,CA,94588-3123
Complete Car Care Encinitas,TEK,4743,27063760,1054,,03,,FRANK,MEELY,2379 CARINGA WAY APT I,,CARLSBAD,CA,92009-6398
Complete Car Care Encinitas,TEK,4743,27022136,1054,,03,,Shelly,Kramer,1420 CRESSA CT,,CARLSBAD,CA,92011-5600
Complete Car Care Encinitas,TEK,4743,27032566,1054,,03,,Robert,Handler,1998 VINEYARD AVE,,VISTA,CA,92081-5328
Complete Car Care Encinitas,TEK,4743,27072803,1054,,03,,Justin,List,2445 SACADA CIR APT B,,CARLSBAD,CA,92009-8061
Complete Car Care Encinitas,TEK,4743,27032539,1054,,03,,Chris,Fagan,1056 CALIFORNIA ST,,ENCINITAS,CA,92024-6815
Complete Car Care Encinitas,TEK,4743,27033078,1054,,03,,Chris,Gardiner,7659 SITIO MANANA,,CARLSBAD,CA,92009-8960
Complete Car Care Encinitas,TEK,4743,27051947,1054,,03,,AL,QUINTERO,6186 PASEO PALERO,,CARLSBAD,CA,92009-2225
Complete Car Care Encinitas,TEK,4743,27071561,1054,,03,,Roy,Hultenius,1552 TUCKER LN,,ENCINITAS,CA,92024-2922
Complete Car Care Encinitas,TEK,4743,27019197,1054,,03,,Rebecca,Hirschfeld,254 AVENIDA DE LOS CLAVELES,,ENCINITAS,CA,92024-4105
Complete Car Care Encinitas,TEK,4743,27056036,1054,,03,,Loren,Jarvis,914 WOODGROVE DR,,CARDIFF BY THE SEA,CA,92007-1147
Complete Car Care Encinitas,TEK,4743,27082475,1054,,03,,Ramon,Avilles,1654 FALCON HILL CT,,CARDIFF BY THE SEA,CA,92007-1132
Complete Car Care Encinitas,TEK,4743,27032521,1054,,03,,Bret,Midgley,1772 EDGEFIELD LN,,ENCINITAS,CA,92024-1982
Complete Car Care Encinitas,TEK,4743,27030183,1054,,03,,SHANA,LANTHROP,2404 CALLE SAN MIGUEL,,ENCINITAS,CA,92024-6607
Complete Car Care Encinitas,TEK,4743,27052065,1054,,03,,Marlene,Millings,1106 2ND ST,,ENCINITAS,CA,92024-5008
Complete Car Care Encinitas,TEK,4743,27052402,1054,,03,,Stu,Shanon,246 CERRO ST,,ENCINITAS,CA,92024-4822
Complete Car Care Encinitas,TEK,4743,27076564,1054,,03,,Igor,Korneitchouk,1434 AVENIDA LA POSTA,,ENCINITAS,CA,92024-5635
Complete Car Care Encinitas,TEK,4743,27032613,1054,,03,,Reed,Kaestner,PO BOX 874,,RANCHO SANTA FE,CA,92067-0874
Complete Car Care Encinitas,TEK,4743,27021674,1054,,03,,Oscar,Ereso,1701 AVENIDA LA POSTA,,ENCINITAS,CA,92024-5611
Complete Car Care Encinitas,TEK,4743,27021893,1054,,03,,Steven,Kane,5345 CARLSBAD AVE,,YUCCA VALLEY,CA,92284-2074
Complete Car Care Encinitas,TEK,4743,27059975,1054,,03,,Jordan,Jackson,1947 COUNTRY GROVE LN,,ENCINITAS,CA,92024-1930
Complete Car Care Encinitas,TEK,4743,27072378,1054,,03,,Jeff,Wilkerson,717 W BLUFF DR,,ENCINITAS,CA,92024-5837
Complete Car Care Encinitas,TEK,4743,27046317,1054,,03,,Janette,Shaffer,1669 HILL TOP LN,,ENCINITAS,CA,92024-1969
Complete Car Care Encinitas,TEK,4743,27038825,1054,,03,,Josh,Morgan,776 CORINIA CT,,ENCINITAS,CA,92024-6659
Complete Car Care Encinitas,TEK,4743,27015152,1054,,03,,Matt,Miller,435 DUNSMORE CT,,ENCINITAS,CA,92024-2421
Complete Car Care Encinitas,TEK,4743,27064062,1054,,03,,Michelle,Barnett,3126 VISTA GRANDE,,CARLSBAD,CA,92009-7622
Complete Car Care Encinitas,TEK,4743,27067868,1054,,03,,JOHN,CORCORAN,1235 HYGEIA AVE,,ENCINITAS,CA,92024-1620
Complete Car Care Encinitas,TEK,4743,27025663,1054,,03,,Marshall,Beard,820 AIMES CT,,NASHVILLE,TN,37221-6514
Complete Car Care Encinitas,TEK,4743,27082571,1054,,03,,John,Schmitz,1735 GASCONY RD,,ENCINITAS,CA,92024-1226
Complete Car Care Encinitas,TEK,4743,27067710,1054,,03,,Daphne,Hagan,647 S WILLOWSPRING DR,,ENCINITAS,CA,92024-4136
Complete Car Care Encinitas,TEK,4743,27022115,1054,,03,,Jose,Palomo,2402 SUMMERHILL DR,,ENCINITAS,CA,92024-5451
Complete Car Care Encinitas,TEK,4743,27047427,1054,,03,,Hayley,Johnson,965 WAPELLO ST,,ALTADENA,CA,91001-1449
Complete Car Care Encinitas,TEK,4743,27073319,1054,,03,,Chris,Breed,3019 SEGOVIA WAY,,CARLSBAD,CA,92009-8355
Complete Car Care Encinitas,TEK,4743,27044689,1054,,03,,Courtney,Merhab,6317 ALEXANDRI CIR,,CARLSBAD,CA,92011-3600
Complete Car Care Encinitas,TEK,4743,27041196,1054,,03,,Jon,Vanwinkle,2968 CAMINO SERBAL,,CARLSBAD,CA,92009-2900
Complete Car Care Encinitas,TEK,4743,27061068,1054,,03,,Emelia,Drees,3016 PUEBLO ST,,CARLSBAD,CA,92009-7525
Complete Car Care Encinitas,TEK,4743,27070677,1054,,03,,Dianne,Provenza,7900 CALLE OLIVA,,CARLSBAD,CA,92009-2909
Complete Car Care Encinitas,TEK,4743,27073752,1054,,03,,Jon,Gollias,3272 AVENIDA ANACAPA,,CARLSBAD,CA,92009-9301
Complete Car Care Encinitas,TEK,4743,27021094,1054,,03,,Christopher,Vanderlinden,2901 LEVANTE ST,,CARLSBAD,CA,92009-8226
Complete Car Care Encinitas,TEK,4743,27027714,1054,,03,,Jackie,Jerden,2348 LA COSTA AVE UNIT 214,,CARLSBAD,CA,92009-6930
Complete Car Care Encinitas,TEK,4743,27030061,1054,,03,,Salvatore,Provenza,3358 CALLE ODESSA,,CARLSBAD,CA,92009-8621
Complete Car Care Encinitas,TEK,4743,27034869,1054,,03,,ANDRIA,CAMPUZZANO,3694 FALLON CIR,,SAN DIEGO,CA,92130-1872
Complete Car Care Encinitas,TEK,4743,27044660,1054,,03,,Hiske,Stangeland,1808 COTTAGE GROVE DR,,ENCINITAS,CA,92024-3010
Complete Car Care Encinitas,TEK,4743,27061651,1054,,03,,Leonard,Bloom,4605 YERBA SANTA DR,,SAN DIEGO,CA,92115-1034
Complete Car Care Encinitas,TEK,4743,27066254,1054,,03,,Dan,Patton,8123 PASEO TAXCO,,CARLSBAD,CA,92009-9504
Complete Car Care Encinitas,TEK,4743,27019991,1054,,03,,Kerri,Knight,1239 HIGHBLUFF AVE,,SAN MARCOS,CA,92078-1051
Complete Car Care Encinitas,TEK,4743,27026945,1054,,03,,Sam,Stodder,7905 CALLE OLIVA,,CARLSBAD,CA,92009-2909
Complete Car Care Encinitas,TEK,4743,27074616,1054,,03,,William,Banks,3443 CORTE SONRISA,,CARLSBAD,CA,92009-9341
Complete Car Care Encinitas,TEK,4743,27023457,1054,,03,,LINDA,WINTER,1644 FORESTDALE DR,,ENCINITAS,CA,92024-4250
Complete Car Care Encinitas,TEK,4743,27076899,1054,,03,,WHITNEY,HAUCKWOOD,6830 MOORHEN PL,,CARLSBAD,CA,92011-4049
Complete Car Care Encinitas,TEK,4743,27063906,1054,,03,,Augustin,Rollinson,614 SANTA ALICIA,,SOLANA BEACH,CA,92075-1610
Complete Car Care Encinitas,TEK,4743,27067600,1054,,03,,JEFFREY,EIGENBRODE,1575 VILLAGE VIEW RD,,ENCINITAS,CA,92024-5607
Complete Car Care Encinitas,TEK,4743,27076249,1054,,03,,Keith,Tevelow,12928 AVENIDA LA VALENCIA,,POWAY,CA,92064-1902
Complete Car Care Encinitas,TEK,4743,27025700,1054,,03,,Ryan,Schlick,2242 ROSEMONT LN,,ENCINITAS,CA,92024-4916
Complete Car Care Encinitas,TEK,4743,27020272,1054,,03,,Aurora,Zo,744 3RD ST APT 4,,ENCINITAS,CA,92024-4449
Complete Car Care Encinitas,TEK,4743,27041927,1054,,03,,Michelle,Melton,1570 LAKE DR,,CARDIFF BY THE SEA,CA,92007-1137
Complete Car Care Encinitas,TEK,4743,27044853,1054,,03,,Lien,Tran,3560 JAMES CT,,ENCINITAS,CA,92024-7279
Complete Car Care Encinitas,TEK,4743,27047190,1054,,03,,Tomas,Godoy,3302 AZAHAR PL,,CARLSBAD,CA,92009-8305
Complete Car Care Encinitas,TEK,4743,27022593,1054,,03,,Francisco,Perez,1108 NARDO RD,,ENCINITAS,CA,92024-3834
Complete Car Care Encinitas,TEK,4743,27045161,1054,,03,,Derek,Sciacqua,492 ANDREW AVE,,ENCINITAS,CA,92024-1133
Complete Car Care Encinitas,TEK,4743,27064250,1054,,03,,Angella,Beackin,1908 LOUIS DR,,ESCONDIDO,CA,92026-1051
Complete Car Care Encinitas,TEK,4743,27015571,1054,,03,,Mark,Stogsdill,3395 ROOSEVELT ST,,CARLSBAD,CA,92008-3044
Complete Car Care Encinitas,TEK,4743,27037322,1054,,03,,KALEB,STRATTON,2281 VISTA LA NISA,,CARLSBAD,CA,92009-8712
Complete Car Care Encinitas,TEK,4743,27070416,1054,,03,,MICHAEL,KALICHMAN,1666 LANDQUIST DR,,ENCINITAS,CA,92024-4755
Complete Car Care Encinitas,TEK,4743,27070695,1054,,03,,STEPHANIE,NEILL,7372 SITIO LIMA,,CARLSBAD,CA,92009-8470
Complete Car Care Encinitas,TEK,4743,27048838,1054,,03,,Ronnie,Harrison,921 MARISA LN,,ENCINITAS,CA,92024-6650
Complete Car Care Encinitas,TEK,4743,27076254,1054,,03,,Josefina,Perez,161 W GUINIDA LN APT A,,ANAHEIM,CA,92805-6186
Complete Car Care Encinitas,TEK,4743,27018504,1054,,03,,JONATHAN,JENKINS,1860 AVENIDA MIMOSA,,ENCINITAS,CA,92024-7122
Complete Car Care Encinitas,TEK,4743,27015669,1054,,03,,Seth,Huber,2015 WILLOWOOD LN,,ENCINITAS,CA,92024-3132
Complete Car Care Encinitas,TEK,4743,27017711,1054,,03,,DAVID,RICHARDSON,2033 SAN ELIJO AVE UNIT 175,,CARDIFF BY THE SEA,CA,92007-1726
Complete Car Care Encinitas,TEK,4743,27048619,1054,,03,,Molly,Gorman,1136 SHADY LN,,GULF BREEZE,FL,32563-3342
Complete Car Care Encinitas,TEK,4743,27019107,1054,,03,,Stephanie,Mccartney,2828 AVENIDA VALERA,,CARLSBAD,CA,92009-7109
Complete Car Care Encinitas,TEK,4743,27042700,1054,,03,,JEREMY,BESON,7938 AVENIDA DIESTRO,,CARLSBAD,CA,92009-8913
Complete Car Care Encinitas,TEK,4743,27018249,1054,,03,,John,Costello,1223 N VULCAN AVE,,ENCINITAS,CA,92024-1641
Complete Car Care Encinitas,TEK,4743,27041552,1054,,03,,Karin,Vogtnilsen,1647 BUTTERCUP RD,,ENCINITAS,CA,92024-2450
Complete Car Care Encinitas,TEK,4743,27062146,1054,,03,,Yi,Sun,PO BOX 481,,RANCHO SANTA FE,CA,92067-0481
Complete Car Care Encinitas,TEK,4743,27076566,1054,,03,,CAMERON,GRANT,120 VIA CANTEBRIA APT 44,,ENCINITAS,CA,92024-5815
Complete Car Care Encinitas,TEK,4743,27057331,1054,,03,,Doug,Kershaw,562 UNION ST,,ENCINITAS,CA,92024-2730
Complete Car Care Encinitas,TEK,4743,27079099,1054,,03,,Kevin,Ely,2357 GRACEY LN,,FALLBROOK,CA,92028-8266
Complete Car Care Encinitas,TEK,4743,27059035,1054,,03,,MARK,CONDELLO,7565 ROMERIA ST UNIT 4,,CARLSBAD,CA,92009-7453
Complete Car Care Encinitas,TEK,4743,27033700,1054,,03,,SUZANNE,ROSEN,1950 SILVERLEAF CIR,,CARLSBAD,CA,92009-8410
Complete Car Care Encinitas,TEK,4743,27063500,1054,,03,,Jason,Sanders,31344 CLUB VISTA LN,,BONSALL,CA,92003-5303
Complete Car Care Encinitas,TEK,4743,27077678,1054,,03,,Jason,Pinkstaff,2978 LAS OLAS CT,,CARLSBAD,CA,92009-9534
Complete Car Care Encinitas,TEK,4743,27061133,1054,,03,,Chris,Holmberg,7434 ALTIVA PL,,CARLSBAD,CA,92009-6406
Complete Car Care Encinitas,TEK,4743,27043760,1054,,03,,Owen,Hardy,3236 CALLE VALLARTA,,CARLSBAD,CA,92009-9309
Complete Car Care Encinitas,TEK,4743,27050485,1054,,03,,GEORGE,WARDNER,2569 NAVARRA DR,,CARLSBAD,CA,92009-7076
Complete Car Care Encinitas,TEK,4743,27057117,1054,,03,,Paul,Vafa,2918 LUCIERNAGA ST APT 102,,CARLSBAD,CA,92009-5945
Complete Car Care Encinitas,TEK,4743,27033672,1054,,03,,Amy,Talmadge,2756 UNICORNIO ST,,CARLSBAD,CA,92009-5335
Complete Car Care Encinitas,TEK,4743,27033817,1054,,03,,Hilary,Mead,7712 CALINA WAY,,CARLSBAD,CA,92009-8103
Complete Car Care Encinitas,TEK,4743,27049095,1054,,03,,Shuping,Jia,7923 PASEO ALISO,,CARLSBAD,CA,92009-9013
Complete Car Care Encinitas,TEK,4743,27073569,1054,,03,,Rodney,Lilyquist,PO BOX 1945,,RANCHO SANTA FE,CA,92067-1945
Complete Car Care Encinitas,TEK,4743,27059374,1054,,03,,FILIPPO,COLANGELI,127 CERRO ST,,ENCINITAS,CA,92024-4821
Complete Car Care Encinitas,TEK,4743,27037419,1054,,03,,EUFEMIO,BALDERAS,1104 GOLDEN RD,,ENCINITAS,CA,92024-4609
Complete Car Care Encinitas,TEK,4743,27068129,1054,,03,,Bob,Bima,1970 SILVERLEAF CIR,,CARLSBAD,CA,92009-8417
Complete Car Care Encinitas,TEK,4743,27057094,1054,,03,,JUDITH,GRIFFITHS,2205 COOLNGREEN WAY,,ENCINITAS,CA,92024-1904
Complete Car Care Encinitas,TEK,4743,27069656,1054,,03,,Rozlyn,Sturtevant,7306 ALICANTE RD UNIT 9,,CARLSBAD,CA,92009-6207
Complete Car Care Encinitas,TEK,4743,27053363,1054,,03,,Peter,Ravazza,PO BOX 11275,,OAKLAND,CA,94611-0275
Complete Car Care Encinitas,TEK,4743,27059596,1054,,03,,DEE,ROSE,2251 ALTISMA WAY UNIT 103,,CARLSBAD,CA,92009-6365
Complete Car Care Encinitas,TEK,4743,27079208,1054,,03,,Debello,Brandon,6946 AMBER LN,,CARLSBAD,CA,92009-1725
Complete Car Care Encinitas,TEK,4743,27082792,1054,,03,,Jackie,Witous,18310 AVENIDA CALETA,,MURRIETA,CA,92562-7258
Complete Car Care Encinitas,TEK,4743,27074304,1054,,03,,TAYA,DELANEY,1461 BEECHTREE RD,,SAN MARCOS,CA,92078-7979
Complete Car Care Encinitas,TEK,4743,27081069,1054,,03,,CAROLINE,SCHNURER,PO BOX 7200,,RANCHO SANTA FE,CA,92067-7200
Complete Car Care Encinitas,TEK,4743,27024033,1054,,03,,Ruth,White,7305 SITIO SALVIA,,CARLSBAD,CA,92009-9528
Complete Car Care Encinitas,TEK,4743,27048331,1054,,03,,Heather,Mcdonald,PO BOX 8012,,RANCHO SANTA FE,CA,92067-8012
Complete Car Care Encinitas,TEK,4743,27014334,1054,,03,,Bridget,Walton,1756 GREENTREE RD,,ENCINITAS,CA,92024-3024
Complete Car Care Encinitas,TEK,4743,27055154,1054,,03,,ADAM,WEISSMAN,3237 AVENIDA DE SUENO,,CARLSBAD,CA,92009-9539
Complete Car Care Encinitas,TEK,4743,27068992,1054,,03,,Barbara,Schiffler,1106 2ND ST,,ENCINITAS,CA,92024-5008
Complete Car Care Encinitas,TEK,4743,27056850,1054,,03,,Glori,Mcstravick,2059 VILLAGE PARK WAY APT 222,,ENCINITAS,CA,92024-5437
Complete Car Care Encinitas,TEK,4743,27071991,1054,,03,,Kurt,Willms,4325 NORTH LN,,DEL MAR,CA,92014-4129
Complete Car Care Encinitas,TEK,4743,27067742,1054,,03,,JUDY,CALABRESE,2612 OBELISCO PL,,CARLSBAD,CA,92009-6527
Complete Car Care Encinitas,TEK,4743,27068458,1054,,03,,catherine,Sharp,127 SANFORD ST,,ENCINITAS,CA,92024-1503
Complete Car Care Encinitas,TEK,4743,26919663,1054,,03,,Taya,Delaney,1461 BEECHTREE RD,,SAN MARCOS,CA,92078-7979
Complete Car Care Encinitas,TEK,4743,27006606,1054,,03,,spencer,goodman,3303 DORADO PL,,CARLSBAD,CA,92009-7706
Complete Car Care Encinitas,TEK,4743,27104961,1054,,03,,Nick,Lucero,8019 PASEO ALISO,,CARLSBAD,CA,92009-9026
Complete Car Care Encinitas,TEK,4743,27111122,1054,,03,,Janet,Sutro,1155 CAMINO DEL MAR,,DEL MAR,CA,92014-2605
Complete Car Care Encinitas,TEK,4743,27277644,1054,,03,,Mark,Deatherage,4366 PACIFICA WAY,,OCEANSIDE,CA,92056-5775
Complete Car Care Encinitas,TEK,4743,27036075,1054,,03,,Jeff,Lerner,7804 ESTANCIA ST,,CARLSBAD,CA,92009-8320
Complete Car Care Encinitas,TEK,4743,27547604,1054,,03,,Lorraine,wagner,1537 EL PASEO DR,,SAN MARCOS,CA,92078-5169
Complete Car Care Encinitas,TEK,4743,27062967,1054,,03,,Mark,Neumann,1820 TENNIS PL,,ENCINITAS,CA,92024-5501
Complete Car Care Encinitas,TEK,4743,27869060,1054,,03,,Abby,Pennington,1758 EDGEFIELD LN,,ENCINITAS,CA,92024-1980
Complete Car Care Encinitas,TEK,4743,27063806,1054,,03,,Gretchen,Bechard,116 BOULDERWOOD DR,,QUEENSBURY,NY,12804-6758
Complete Car Care Encinitas,TEK,4743,28449892,1054,,03,,Sue,Moreno,1436 CAMINITO SEPTIMO,,CARDIFF BY THE SEA,CA,92007-1032
Complete Car Care Encinitas,TEK,4743,27067116,1054,,03,,Alyssa,Norwalk,401 REQUEZA ST,,ENCINITAS,CA,92024-3716
Complete Car Care Encinitas,TEK,4743,27060883,1054,,03,,GRANT,VAHALLA,12639 EL CAMINO REAL,,SAN DIEGO,CA,92130-5001
Complete Car Care Encinitas,TEK,4743,27032758,1054,,03,,TERRI,KIM,3209 AVENIDA DE SUENO,,CARLSBAD,CA,92009-9538
Complete Car Care Encinitas,TEK,4743,27058381,1054,,03,,Ann,Parks,1749 OLD MILL RD,,ENCINITAS,CA,92024-3029
Complete Car Care Encinitas,TEK,4743,27035961,1054,,03,,Adam,Snethen,2030 WILLOWOOD LN,,ENCINITAS,CA,92024-3147
Complete Car Care Encinitas,TEK,4743,27006900,1054,,03,,Kyra,Tyson,1630 GITANO ST,,ENCINITAS,CA,92024-4829
Complete Car Care Encinitas,TEK,4743,27023718,1054,,03,,Matt,Vogal,368 OAKBRANCH DR,,ENCINITAS,CA,92024-4740
Complete Car Care Encinitas,TEK,4743,29557104,1054,,03,,Lena,Paredes,7336 CADENCIA ST,,CARLSBAD,CA,92009-7624
Complete Car Care Encinitas,TEK,4743,27043334,1054,,03,,Greg,McKinstry,3331 E CARNEGIE LN UNIT C,,ORANGE,CA,92869-2885
Complete Car Care Encinitas,TEK,4743,27075926,1054,,03,,BOB,BELL,3660 DOVE HOLLOW RD,,ENCINITAS,CA,92024-7247
Complete Car Care Encinitas,TEK,4743,27013214,1054,,03,,MICOLE,NOBLE,7860 VIA ADELFA,,CARLSBAD,CA,92009-9347
Complete Car Care Encinitas,TEK,4743,27069762,1054,,03,,Kay,Cartney,7051 PARTRIDGE PL,,LA COSTA,CA,92011-5013
Complete Car Care Encinitas,TEK,4743,27079881,1054,,03,,Jill,Hutton,768 FIELDSTONE LN,,ENCINITAS,CA,92024-5628
Complete Car Care Encinitas,TEK,4743,27068164,1054,,03,,JULIE,RAMSPOTT,1744 GENTLE BREEZE LN,,ENCINITAS,CA,92024-1968
Complete Car Care Encinitas,TEK,4743,30307967,1054,,03,,Steven,Groccia,2928 VIA PEPITA,,CARLSBAD,CA,92009-9239
Complete Car Care Encinitas,TEK,4743,30290792,1054,,03,,melody,Pederson,741 SEQUOIA DR,,SUNNYVALE,CA,94086-8228
Complete Car Care Encinitas,TEK,4743,27036902,1054,,03,,Jason,Kwak,2569 NAVARRA DR UNIT A,,CARLSBAD,CA,92009-7077
Complete Car Care Encinitas,TEK,4743,27059529,1054,,03,,Rina,Vinetz,1768 GENTLE BREEZE LN,,ENCINITAS,CA,92024-1968
Complete Car Care Encinitas,TEK,4743,27055902,1054,,03,,Dee,West,2534 NAVARRA DR,,CARLSBAD,CA,92009-7092
Complete Car Care Encinitas,TEK,4743,27075649,1054,,03,,ROBERT,BUCHANAN,1810 STONEBROOK LN,,ENCINITAS,CA,92024-3034
Complete Car Care Encinitas,TEK,4743,31523185,1054,,03,,Sarah,Stocker,2007 COUNTRYWOOD CT,,ENCINITAS,CA,92024-3108
Complete Car Care Encinitas,TEK,4743,27020614,1054,,03,,Sung,Paick,2910 SOMBROSA ST,,CARLSBAD,CA,92009-9245
Complete Car Care Encinitas,TEK,4743,30320163,1054,,03,,Drew,Jarrett,313 CROCUS CT,,ENCINITAS,CA,92024-1765
Complete Car Care Encinitas,TEK,4743,27032096,1054,,03,,MICHAEL,BENTLEY,3356 AVENIDA OBERTURA,,CARLSBAD,CA,92009-9329
Complete Car Care Encinitas,TEK,4743,27052853,1054,,03,,GARY,SANTILLANA,1547 BLACK WALNUT DR,,SAN MARCOS,CA,92078-7985
Complete Car Care Encinitas,TEK,4743,27046650,1054,,03,,Kelli,Fuhrman,5324 FORECASTLE CT,,CARLSBAD,CA,92008-3800
Complete Car Care Encinitas,TEK,4743,30205474,1054,,03,,Annelyse,Bansbach,823 AMERICA WAY,,DEL MAR,CA,92014-3915
Complete Car Care Encinitas,TEK,4743,32009979,1054,,03,,Savannah,Leitner,818 NARDO RD,,ENCINITAS,CA,92024-3829
Complete Car Care Encinitas,TEK,4743,27035667,1054,,03,,MELISSA,MOWRY,1481 CRYSTAL CT,APPT 205,SAN MARCOS,CA,92078-1000
Complete Car Care Encinitas,TEK,4743,27082660,1054,,03,,BRENT,KOCH,2634 LEVANTE ST,,CARLSBAD,CA,92009-8118
Complete Car Care Encinitas,TEK,4743,32079854,1054,,03,,Vanessa,Crispen,1018 HAZEN DR,,SAN MARCOS,CA,92069-2009
Complete Car Care Encinitas,TEK,4743,32650935,1054,,03,,Dawn,chandler,23498 SHADOW DR,,AUBURN,CA,95602-8355
Complete Car Care Encinitas,TEK,4743,27027113,1054,,03,,Tom,Carson,7294 CALLE CONIFERA,,CARLSBAD,CA,92009-8699
Complete Car Care Encinitas,TEK,4743,27049383,1054,,03,,SHIRLEY,MCGRADY,7086 SITIO CORAZON,,CARLSBAD,CA,92009-2038
Complete Car Care Encinitas,TEK,4743,27063429,1054,,03,,Linda,Walior,2235 GRANBY WAY,,SAN MARCOS,CA,92078-2146
Complete Car Care Encinitas,TEK,4743,27062655,1054,,03,,LAURA,CODINGTON,6809 JADE LN,,CARLSBAD,CA,92009-1717
Complete Car Care Encinitas,TEK,4743,27017387,1054,,03,,NICOLLE,DENT,526 COLE RANCH RD,,ENCINITAS,CA,92024-6519
Complete Car Care Encinitas,TEK,4743,32016577,1054,,03,,Martin,Tracy,PO BOX 5000 PMB 5000,,RANCHO SANTA FE,CA,92067-5000
Complete Car Care Encinitas,TEK,4743,33256307,1054,,03,,Mattias,Garcia,1021 BIRMINGHAM DR,,CARDIFF BY THE SEA,CA,92007-1404
Complete Car Care Encinitas,TEK,4743,27530404,1054,,03,,Tyler,Stewart,3331 AVENIDA NIEVE,,CARLSBAD,CA,92009-9339
Complete Car Care Encinitas,TEK,4743,33523128,1054,,03,,Daniel,Chavez,1180 KILDEER CT,,ENCINITAS,CA,92024-1277
Complete Car Care Encinitas,TEK,4743,33531287,1054,,03,,Nathan,Shartel,5194 FINO DR,,SAN DIEGO,CA,92124-2050
Complete Car Care Encinitas,TEK,4743,27039283,1054,,03,,Kevin,Rennie,1020 SAN ABELLA DR,,ENCINITAS,CA,92024-3948
Complete Car Care Encinitas,TEK,4743,33498053,1054,,03,,Michael,Doucette,2564 NAVARRA DR UNIT 206,,CARLSBAD,CA,92009-7071
Complete Car Care Encinitas,TEK,4743,33533676,1054,,03,,Jack,Pool,2113 REDGAP CT,,ENCINITAS,CA,92024-4332
Complete Car Care Encinitas,TEK,4743,33963850,1054,,03,,Zia,Agha,7340 EL FUERTE ST,,CARLSBAD,CA,92009-6409
Complete Car Care Encinitas,TEK,4743,27042272,1054,,03,,Tiffany,Kelly,3513 CAMINITO SIERRA,Unit,CARLSBAD,CA,92009-8651
Complete Car Care Encinitas,TEK,4743,32854639,1054,,03,,Zoe,MacEoghain,300 CARLSBAD VILLAGE DR STE 108A-284,,CARLSBAD,CA,92008-2900
Complete Car Care Encinitas,TEK,4743,27054582,1054,,03,,ATUL,PATEL,2212 CORTE CICUTA,,CARLSBAD,CA,92009-8713
Complete Car Care Encinitas,TEK,4743,27021593,1054,,03,,John,Debonis,444 N EL CAMINO REAL,,ENCINITAS,CA,92024-1304
Complete Car Care Encinitas,TEK,4743,33556002,1054,,03,,Mark,Carter,232 N RIOS AVE,,SOLANA BEACH,CA,92075-1240
Complete Car Care Encinitas,TEK,4743,34375498,1054,,03,,Mark,Sharman,6608 SITIO SAGO,,CARLSBAD,CA,92011-3505
Complete Car Care Encinitas,TEK,4743,27019514,1054,,03,,Shirley,Van Sickle,6987 ZEBRINA PL,,CARLSBAD,CA,92011-5170
Complete Car Care Encinitas,TEK,4743,27052266,1054,,03,,PAMELA,BOYLE,319 TRAILVIEW RD,,ENCINITAS,CA,92024-3126
Complete Car Care Encinitas,TEK,4743,27057542,1054,,03,,Sean,Vanslyke,446 RANCHO SANTA FE RD,,ENCINITAS,CA,92024-6538
Complete Car Care Encinitas,TEK,4743,30613696,1054,,03,,Tom,Ballard,1743 HILL TOP LN,,ENCINITAS,CA,92024-1971
Complete Car Care Encinitas,TEK,4743,27108798,1054,,03,,Vanessa,Hoffman,1942 SKYKNOLL WAY,,ENCINITAS,CA,92024-1911
Complete Car Care Encinitas,TEK,4743,34326699,1054,,03,,Yash,Doshi,923 HERMES AVE,,ENCINITAS,CA,92024-1702
Complete Car Care Encinitas,TEK,4743,27020368,1054,,03,,Nazila,Shahri,2158 VISTA LA NISA,,CARLSBAD,CA,92009-9342
Complete Car Care Encinitas,TEK,4743,27083126,1054,,03,,Amanda,Alcorn,2578 LUCIERNAGA ST,,CARLSBAD,CA,92009-5819
Complete Car Care Encinitas,TEK,4743,27061427,1054,,03,,Lisa,Crouch,2702 MATEO PL,,CARLSBAD,CA,92009-8136
Complete Car Care Encinitas,TEK,4743,27022806,1054,,03,,Chris,Crocker,1464 SUMMIT AVE,,CARDIFF BY THE SEA,CA,92007-2432
Complete Car Care Encinitas,TEK,4743,30595307,1054,,03,,Barbara,Nappi,882 MARISA LN,,ENCINITAS,CA,92024-6647
Complete Car Care Encinitas,TEK,4743,34996389,1054,,03,,Ludwig,Tokatlian,3662 VIA CALABRIA,,ESCONDIDO,CA,92025-7674
Complete Car Care Encinitas,TEK,4743,35002928,1054,,03,,Matt,Easterly,1812 AVENIDA FLORES,,ENCINITAS,CA,92024-7107
Complete Car Care Encinitas,TEK,4743,33167165,1054,,03,,megan,Pruente,3491 CAMINO CORTE,,CARLSBAD,CA,92009-9520
Complete Car Care Encinitas,TEK,4743,27049598,1054,,03,,ASHLEY,HYNDMAN,2600 S SANTA FE AVE,,VISTA,CA,92084-8007
Complete Car Care Encinitas,TEK,4743,35274235,1054,,03,,Howard,Foxman,1994 AZURE WAY,,ENCINITAS,CA,92024-1901
Complete Car Care Encinitas,TEK,4743,27066355,1054,,03,,KENNETH,TOOMEY,7195 WILLET CIR,,CARLSBAD,CA,92011-5038
Complete Car Care Encinitas,TEK,4743,34327468,1054,,03,,Teri,Meehan,903 ROSEMARY AVE,,CARLSBAD,CA,92011-3941
Complete Car Care Encinitas,TEK,4743,27052546,1054,,03,,Collins,Harris,7525 JEREZ CT UNIT J,,CARLSBAD,CA,92009-7445
Complete Car Care Encinitas,TEK,4743,27080889,1054,,03,,Keith,Henderson,1549 REGATTA RD,,CARLSBAD,CA,92011-4038
Complete Car Care Encinitas,TEK,4743,35700567,1054,,03,,Susan,Ludwig,2111 COOLNGREEN WAY,,ENCINITAS,CA,92024-1902
Complete Car Care Encinitas,TEK,4743,27080477,1054,,03,,Celeste,Parke,1040 COTTAGE WAY,,ENCINITAS,CA,92024-5857
Complete Car Care Encinitas,TEK,4743,27064710,1054,,03,,Ben,Clemence,2929 VIA PEPITA,,CARLSBAD,CA,92009-9239
Complete Car Care Encinitas,TEK,4743,27040920,1054,,03,,Anita,Stevens,7939 CALLE SAN FELIPE,,CARLSBAD,CA,92009-9308
Complete Car Care Encinitas,TEK,4743,27054644,1054,,03,,David,Jones,3337 FOSCA ST,,CARLSBAD,CA,92009-7837
Complete Car Care Encinitas,TEK,4743,27040209,1054,,03,,KAREN,BAIRD,7766 CALLE MEJOR,,CARLSBAD,CA,92009-8947
Complete Car Care Encinitas,TEK,4743,27051722,1054,,03,,DON,ENGLE,3411 CAMINO ALEGRE,,CARLSBAD,CA,92009-9513
Complete Car Care Encinitas,TEK,4743,27015686,1054,,03,,Allan,Hoover,2945 GAVIOTA CIR,,CARLSBAD,CA,92009-8218
Complete Car Care Encinitas,TEK,4743,27082076,1054,,03,,SAMUEL,MUNITZ,7181 TERN PL,,CARLSBAD,CA,92011-5001
Complete Car Care Encinitas,TEK,4743,27027106,1054,,03,,Chris,Sproule,3481 CALLE MARGARITA,,ENCINITAS,CA,92024-6671
Complete Car Care Encinitas,TEK,4743,27067015,1054,,03,,Mike,Batista,3432 CORTE ACIANO,,CARLSBAD,CA,92009-8697
Complete Car Care Encinitas,TEK,4743,27075301,1054,,03,,Nils,Christianson,510 VILLAGE CENTER DR,,ENCINITAS,CA,92024-1945
Complete Car Care Encinitas,TEK,4743,27030125,1054,,03,,VANESSA,LONDON,625 LOMAS DE ORO CT,,ENCINITAS,CA,92024-6528
Complete Car Care Encinitas,TEK,4743,27039404,1054,,03,,CHRISTINA,DALE,2710 LA DUELA LN,,CARLSBAD,CA,92009-9221
Complete Car Care Encinitas,TEK,4743,27081685,1054,,03,,Michael,Mcgrady,7086 SITIO CORAZON,,CARLSBAD,CA,92009-2038
Complete Car Care Encinitas,TEK,4743,27014841,1054,,03,,Ken,Hale,6425 TOBRIA TER UNIT 304,,CARLSBAD,CA,92011-2738
Complete Car Care Encinitas,TEK,4743,27019749,1054,,03,,Ryan,Braun,1606 AVERY RD,,SAN MARCOS,CA,92078-1047
