Shop Name,Software,SID,CID,WSID,WCID,MBdayMo,TBdayMo,First,Last,Address,Address2,City,St,Zip
B&L Whitehouse Auto Service,PRO,2bb37cdd6a1f40e893f27ee1cc7edb0a,f4d57ac9-81b1-4d2c-9150-07b45dcc8b70,1013,103,,9,Damien,Minnich,26747 LAKEVUE DR APT 15,,PERRYSBURG,OH,43551-5319
B&L Whitehouse Auto Service,PRO,2bb37cdd6a1f40e893f27ee1cc7edb0a,a0682e6f-cba9-4903-b872-c07c2fb0cdca,1013,103,,3,Jacob,Barrett,10871 REED RD,,MONCLOVA,OH,43542-9670
B&L Whitehouse Auto Service,PRO,2bb37cdd6a1f40e893f27ee1cc7edb0a,64a1ff28-dbee-43d0-8998-363e0bb35709,1013,103,,9,Jay,Miracola,11426 REED RD,,WHITEHOUSE,OH,43571-9390
B&L Whitehouse Auto Service,PRO,2bb37cdd6a1f40e893f27ee1cc7edb0a,9e11e859-53d5-4844-adf2-a831c142c42b,1013,103,,9,Harley,Butler,11067 VILLACOURT LN,,WHITEHOUSE,OH,43571-9844
B&L Whitehouse Auto Service,PRO,2bb37cdd6a1f40e893f27ee1cc7edb0a,8726753b-c077-4237-b4f5-0e30213fecd5,1013,103,,3,Rob,Schenz,5725 EBER RD,,WHITEHOUSE,OH,43571-9765
B&L Whitehouse Auto Service,PRO,2bb37cdd6a1f40e893f27ee1cc7edb0a,18401008-9841-4f4f-a181-0649d0fcc557,1013,103,,3,Tony,Doran,10717 NEAPOLIS WATERVILLE RD,,WHITEHOUSE,OH,43571-9275
B&L Whitehouse Auto Service,PRO,2bb37cdd6a1f40e893f27ee1cc7edb0a,37641134-98d0-464a-ab9a-17394bc23a1f,1013,103,,3,Jake,Piechowiak,175 CONCORD ST,,WATERVILLE,OH,43566-1418
B&L Whitehouse Auto Service,PRO,2bb37cdd6a1f40e893f27ee1cc7edb0a,46b006f4-f9ce-4540-bae6-041af4469817,1013,103,,3,David,Druso,4621 WICKFORD DR W,,SYLVANIA,OH,43560-3355
B&L Whitehouse Auto Service,PRO,2bb37cdd6a1f40e893f27ee1cc7edb0a,40d17010-436b-4613-bc0a-ff5a8a1a648a,1013,103,,9,City,Waterville,25 N 2ND ST,,WATERVILLE,OH,43566-1402
B&L Whitehouse Auto Service,PRO,2bb37cdd6a1f40e893f27ee1cc7edb0a,4b603c8a-8bf2-4b49-b9c3-592654afbd62,1013,103,,9,Paul,Schadewald,6509 FIELD AVE APT H,,WHITEHOUSE,OH,43571-8100
B&L Whitehouse Auto Service,PRO,2bb37cdd6a1f40e893f27ee1cc7edb0a,ceb8b1ad-7cb3-472f-a235-bf2246fa0cd6,1013,103,,3,Katelyn,Otterson,5965 LITTLE TURTLE TRL,,WATERVILLE,OH,43566-9741
B&L Whitehouse Auto Service,PRO,2bb37cdd6a1f40e893f27ee1cc7edb0a,d1a055c9-8333-44b8-82c4-14d682d1e703,1013,103,,3,Jason,Napeirala,15640 COUNTY ROAD 4 3 # 4-3,,METAMORA,OH,43540-9746
B&L Whitehouse Auto Service,PRO,2bb37cdd6a1f40e893f27ee1cc7edb0a,39357615-1895-4b3b-b3bb-06512b9e47c4,1013,103,,3,Joy,Moore,10844 CABLE AVE APT 24,,WHITEHOUSE,OH,43571-9607
B&L Whitehouse Auto Service,PRO,2bb37cdd6a1f40e893f27ee1cc7edb0a,c4639036-cc64-48fc-b201-eaa06f6e43a2,1013,103,,9,Cindy,Myers,11568 REED RD,,WHITEHOUSE,OH,43571-9391
B&L Whitehouse Auto Service,PRO,2bb37cdd6a1f40e893f27ee1cc7edb0a,916f6e0b-7bf2-4631-bf03-54dc0f5e8c6a,1013,103,,9,Mike,Creque,115 MOUNT VERNON DR,,WATERVILLE,OH,43566-1443
B&L Whitehouse Auto Service,PRO,2bb37cdd6a1f40e893f27ee1cc7edb0a,d7b7d159-bc50-4a6a-b5d0-83618a100e12,1013,103,,3,Dan,Sachs,644 HOLBROOK CT,,PERRYSBURG,OH,43551-5211
B&L Whitehouse Auto Service,PRO,2bb37cdd6a1f40e893f27ee1cc7edb0a,28638179-85b3-408b-98f8-7b76b4dd5bd4,1013,103,,3,Robert,Christiansen,5956 LITTLE TURTLE TRL,,WATERVILLE,OH,43566-9741
B&L Whitehouse Auto Service,PRO,2bb37cdd6a1f40e893f27ee1cc7edb0a,9baa80b4-f4d5-41e3-80c5-b058032b7c33,1013,103,,3,Brendan,Luurtsema,1501 PRAY BLVD APT G104,,WATERVILLE,OH,43566-8766
B&L Whitehouse Auto Service,PRO,2bb37cdd6a1f40e893f27ee1cc7edb0a,0644bc3d-d697-415c-a025-1dc49356d10e,1013,103,,9,Nathan,Keller,5828 GREEN IVY LN,,MONCLOVA,OH,43542-9378
B&L Whitehouse Auto Service,PRO,2bb37cdd6a1f40e893f27ee1cc7edb0a,b5c41fc8-af35-4e73-b241-5b5acdf6e6c6,1013,103,,9,Phil,Ruyle,11040 VILLACOURT LN,,WHITEHOUSE,OH,43571-9846
