Shop Name,Software,SID,CID,WSID,WCID,MBdayMo,TBdayMo,First,Last,Address,Address2,City,St,Zip
B&L Whitehouse Auto Service,PRO,2bb37cdd6a1f40e893f27ee1cc7edb0a,9bdaddc8-10c0-47ac-9757-c054dce2f194,1013,103,9,,Katelyn,Fletcher,112 DODGE ST,,SWANTON,OH,43558-1269
B&L Whitehouse Auto Service,PRO,2bb37cdd6a1f40e893f27ee1cc7edb0a,fd1c8028-1ff4-4cf4-b5e4-23b0d284d94e,1013,103,9,,Dennis,Dierker,154 FRIARS LN,,TOLEDO,OH,43615-5521
B&L Whitehouse Auto Service,PRO,2bb37cdd6a1f40e893f27ee1cc7edb0a,067a13b5-9428-4c08-9aba-d794244b8545,1013,103,09,,Melvin,Lilly,100 S RAAB RD,,SWANTON,OH,43558-9332
B&L Whitehouse Auto Service,PRO,2bb37cdd6a1f40e893f27ee1cc7edb0a,f2a86f32-8264-451e-9b00-bbee7eb2d6f9,1013,103,9,,Linda,Oberdier,8533 GARDEN RD,,MAUMEE,OH,43537-9321
B&L Whitehouse Auto Service,PRO,2bb37cdd6a1f40e893f27ee1cc7edb0a,afdc7db4-41a6-4524-8326-155800a52f66,1013,103,09,,Julie,Connell,17694 W RIVER RD,,BOWLING GREEN,OH,43402-9297
B&L Whitehouse Auto Service,PRO,2bb37cdd6a1f40e893f27ee1cc7edb0a,cc8eea34-28c5-4e6c-917a-2138154cb4ff,1013,103,9,,Mary,Tansey,876 MAPLE LN,,WATERVILLE,OH,43566-1127
B&L Whitehouse Auto Service,PRO,2bb37cdd6a1f40e893f27ee1cc7edb0a,b643d33d-0077-4bf7-934f-3205f83f69a3,1013,103,9,,Mark,Spencer,23611 TRACY RD,,PERRYSBURG,OH,43551-9385
B&L Whitehouse Auto Service,PRO,2bb37cdd6a1f40e893f27ee1cc7edb0a,3ad34b47-9a38-4977-8ddf-bd2d432b9a8d,1013,103,9,,Tim,Clark,13453 WOODBRIER LN,,GRAND RAPIDS,OH,43522-9681
B&L Whitehouse Auto Service,PRO,2bb37cdd6a1f40e893f27ee1cc7edb0a,e4438072-febd-4093-b770-1052a304e6aa,1013,103,9,,Laura,Barnhart,14155 SHERMAN WHITE RD,,SWANTON,OH,43558-9428
B&L Whitehouse Auto Service,PRO,2bb37cdd6a1f40e893f27ee1cc7edb0a,a3bd6acb-9f38-4642-99e3-884266371c67,1013,103,9,,Smita,Patel,7330 WOOD CREEK LN,,MAUMEE,OH,43537-9129
B&L Whitehouse Auto Service,PRO,2bb37cdd6a1f40e893f27ee1cc7edb0a,d6a37170-a0ec-44c1-a890-5e9c6dcb3683,1013,103,9,,Joseph,Dollman,5702 EBER RD,,WHITEHOUSE,OH,43571-9765
B&L Whitehouse Auto Service,PRO,2bb37cdd6a1f40e893f27ee1cc7edb0a,a8aacca8-718d-49a4-9366-d1960db1fd35,1013,103,9,,Tom,Wolfram,410 N RIVER RD,,WATERVILLE,OH,43566-1455
B&L Whitehouse Auto Service,PRO,2bb37cdd6a1f40e893f27ee1cc7edb0a,30d5915c-f0a0-415b-be37-fb7853564e7c,1013,103,9,,Johnathan,Decker,11555 FRANKFORT RD,,SWANTON,OH,43558-9648
B&L Whitehouse Auto Service,PRO,2bb37cdd6a1f40e893f27ee1cc7edb0a,7e6e2810-b2f7-4888-8e23-739ed02a3309,1013,103,9,,Nathan,Morrison,14142 CROSS CREEK RD,,BOWLING GREEN,OH,43402-9434
B&L Whitehouse Auto Service,PRO,2bb37cdd6a1f40e893f27ee1cc7edb0a,509904c6-f2e6-46c5-a91a-48c950a4d1dd,1013,103,9,,Chris,Siegel,10140 SADDLE BRIDGE DR S,,WHITEHOUSE,OH,43571-9311
B&L Whitehouse Auto Service,PRO,2bb37cdd6a1f40e893f27ee1cc7edb0a,08082561-fbd7-4bd8-93ce-456f9c7296b7,1013,103,09,,+Tim,Kwiatkowski,6317 CEMETERY RD,,WHITEHOUSE,OH,43571-9651
B&L Whitehouse Auto Service,PRO,2bb37cdd6a1f40e893f27ee1cc7edb0a,58106d5a-59a2-45ed-ae24-a7d3572ecfbb,1013,103,09,,Brianna,Husted,36505 PETTIBONE RD,,SOLON,OH,44139-5106
B&L Whitehouse Auto Service,PRO,2bb37cdd6a1f40e893f27ee1cc7edb0a,c11c93a9-137b-4a79-8c22-28d77e5e4b17,1013,103,9,,Keith,Kazmarek,8625 JEFFERS RD,,GRAND RAPIDS,OH,43522-9645
B&L Whitehouse Auto Service,PRO,2bb37cdd6a1f40e893f27ee1cc7edb0a,517edf8e-5ad2-4559-8294-71c4dffa51ed,1013,103,9,,Erica,Exner,813 HERITAGE LN,,WATERVILLE,OH,43566-1213
B&L Whitehouse Auto Service,PRO,2bb37cdd6a1f40e893f27ee1cc7edb0a,4899c3ba-9e78-4744-9b19-001b95be6692,1013,103,9,,Sheryl,Moon,10836 CABLE AVE APT 6,,WHITEHOUSE,OH,43571-9603
B&L Whitehouse Auto Service,PRO,2bb37cdd6a1f40e893f27ee1cc7edb0a,4e8851b5-fb3f-4243-ac8a-73a0fdedaad2,1013,103,9,,Brett,Strickland,475 PATRIOT DR W,,WATERVILLE,OH,43566-1153
B&L Whitehouse Auto Service,PRO,2bb37cdd6a1f40e893f27ee1cc7edb0a,9c52e8e7-4cca-4f14-82e2-a877a9063e0c,1013,103,9,,Esmeralda,Robertson,221 ENRIGHT DR,,HASKINS,OH,43525-9506
B&L Whitehouse Auto Service,PRO,2bb37cdd6a1f40e893f27ee1cc7edb0a,3e9c7691-5cf0-4f4c-8e46-b0da5ff1f1dd,1013,103,9,,Tim,Neumann,7930 FINZEL RD,,WHITEHOUSE,OH,43571-9365
B&L Whitehouse Auto Service,PRO,2bb37cdd6a1f40e893f27ee1cc7edb0a,e61cc2aa-039d-413c-9730-a8e3a37439d4,1013,103,09,,Ida,Wills,2404 S BUMBY AVE,,ORLANDO,FL,32806-5011
B&L Whitehouse Auto Service,PRO,2bb37cdd6a1f40e893f27ee1cc7edb0a,8f94c4d8-81ab-4541-b972-b1ba9686ed58,1013,103,9,,Ryan,Reed,9720 BUCHER RD,,WHITEHOUSE,OH,43571-9369
B&L Whitehouse Auto Service,PRO,2bb37cdd6a1f40e893f27ee1cc7edb0a,024b480d-4622-445c-b232-4d50625605ef,1013,103,09,,Andrew,Ulrich,6663 OAK CROSSING LN,,WHITEHOUSE,OH,43571-8505
B&L Whitehouse Auto Service,PRO,2bb37cdd6a1f40e893f27ee1cc7edb0a,575c4686-7256-4263-8881-066fe436bf45,1013,103,9,,Chuck,Parsons,5909 JANE LYNN DR,,WHITEHOUSE,OH,43571-9645
B&L Whitehouse Auto Service,PRO,2bb37cdd6a1f40e893f27ee1cc7edb0a,a92124bf-e900-448d-9f50-0bccea758c4b,1013,103,9,,Debra,Robertson,206 ENRIGHT DR,,HASKINS,OH,43525-9505
B&L Whitehouse Auto Service,PRO,2bb37cdd6a1f40e893f27ee1cc7edb0a,29a8aedc-34e1-4981-b226-513bff77afcf,1013,103,9,,Brad,Keener,7654 WELLSBURY DR,,WATERVILLE,OH,43566-1705
B&L Whitehouse Auto Service,PRO,2bb37cdd6a1f40e893f27ee1cc7edb0a,1ca1758c-3dc3-48fd-a039-3bbc1ee59ec1,1013,103,09,,Mark,Sutton,10935 OTSEGO ST,,WHITEHOUSE,OH,43571-9417
B&L Whitehouse Auto Service,PRO,2bb37cdd6a1f40e893f27ee1cc7edb0a,042cfa7f-4d15-41cd-85b2-63ebef8fbaab,1013,103,9,,Kevin,Whitt,23 PENNSYLVANIA AVE,,WATERVILLE,OH,43566-1060
B&L Whitehouse Auto Service,PRO,2bb37cdd6a1f40e893f27ee1cc7edb0a,ef41a966-89a0-4ac5-ac6b-c9a7503ccf1a,1013,103,9,,Leroy,Ryerson,6612 N TEXAS ST,,WHITEHOUSE,OH,43571-9634
B&L Whitehouse Auto Service,PRO,2bb37cdd6a1f40e893f27ee1cc7edb0a,30c7b89e-519f-433a-a089-9dc1a5de882e,1013,103,9,,Barbara,Sowa,13555 NEAPOLIS WATERVILLE RD LOT 52,,GRAND RAPIDS,OH,43522-9698
B&L Whitehouse Auto Service,PRO,2bb37cdd6a1f40e893f27ee1cc7edb0a,3fee089e-c540-42a3-be9e-cc05a8dcdb4b,1013,103,9,,Robert,Peppers,12635 WATERVILLE SWANTON RD,,WHITEHOUSE,OH,43571-9550
B&L Whitehouse Auto Service,PRO,2bb37cdd6a1f40e893f27ee1cc7edb0a,566c5445-fd6a-482a-a43e-63b4d2bbf5cc,1013,103,9,,Tim,Hosley,6863 WESTWYCK DR,,WHITEHOUSE,OH,43571-9267
B&L Whitehouse Auto Service,PRO,2bb37cdd6a1f40e893f27ee1cc7edb0a,91af0e05-8734-43de-8132-babdfb3fc7f9,1013,103,9,,Matt,Maunz,127 W LINFOOT ST,,WAUSEON,OH,43567-2305
B&L Whitehouse Auto Service,PRO,2bb37cdd6a1f40e893f27ee1cc7edb0a,ce46ce6e-75fa-4819-86ad-7518f8811b62,1013,103,9,,Joseph,Osborne,106 PAIGELYNN ST,,SWANTON,OH,43558-1456
B&L Whitehouse Auto Service,PRO,2bb37cdd6a1f40e893f27ee1cc7edb0a,120d6928-a905-4c2d-a7dd-d557456d5db4,1013,103,9,,Ron,Whitehead,10233 BLUE RIDGE DR S,,WHITEHOUSE,OH,43571-9059
B&L Whitehouse Auto Service,PRO,2bb37cdd6a1f40e893f27ee1cc7edb0a,49770d5d-b16a-444f-847a-39c5bd894585,1013,103,9,,Brad,Hawk,6007 CHRISTOPHER DR,,WHITEHOUSE,OH,43571-9657
B&L Whitehouse Auto Service,PRO,2bb37cdd6a1f40e893f27ee1cc7edb0a,e32e1e07-f12e-402f-a3e9-8967f2a61f72,1013,103,9,,Jacob,Lenz,340 S REYNOLDS RD LOT 288,,TOLEDO,OH,43615-5958
B&L Whitehouse Auto Service,PRO,2bb37cdd6a1f40e893f27ee1cc7edb0a,2e21f521-e8b8-4f6e-9ac9-3ef76b680535,1013,103,9,,Matt,Rardin,6461 EASTVIEW DR,,WHITEHOUSE,OH,43571-9262
B&L Whitehouse Auto Service,PRO,2bb37cdd6a1f40e893f27ee1cc7edb0a,bdabb968-f4e7-4b99-b0f3-4315b3997c0d,1013,103,9,,Kimberly,Rogers,6750 BLUE STONE CT,,WHITEHOUSE,OH,43571-9320
B&L Whitehouse Auto Service,PRO,2bb37cdd6a1f40e893f27ee1cc7edb0a,b3b5ef51-84b8-439c-bf22-325599c1b81c,1013,103,9,,Jeff,Jenkins,10925 OTSEGO ST,,WHITEHOUSE,OH,43571-9417
B&L Whitehouse Auto Service,PRO,2bb37cdd6a1f40e893f27ee1cc7edb0a,79fa1665-2cae-445b-bbee-ce6be28cd18e,1013,103,9,,Karen,Guernsey,11178 WEST ST,,WHITEHOUSE,OH,43571-9627
B&L Whitehouse Auto Service,PRO,2bb37cdd6a1f40e893f27ee1cc7edb0a,8ea443c8-f9ca-4083-b9fa-2cf45a0d215d,1013,103,9,,Kris,Euler,11060 OAK POINTE DR,,WHITEHOUSE,OH,43571-9102
B&L Whitehouse Auto Service,PRO,2bb37cdd6a1f40e893f27ee1cc7edb0a,a013a4cb-0a9c-4556-a603-4ac50ea6ff8b,1013,103,9,,James,Graham,126 S 5TH ST,,WATERVILLE,OH,43566-1303
B&L Whitehouse Auto Service,PRO,2bb37cdd6a1f40e893f27ee1cc7edb0a,f8a98f7a-e26c-4999-aea9-0a903a1c10fe,1013,103,9,,Jodie,Labordus,9741 PREAKNESS LN,,WHITEHOUSE,OH,43571-9026
B&L Whitehouse Auto Service,PRO,2bb37cdd6a1f40e893f27ee1cc7edb0a,ab448647-32a4-436f-bef5-ad9564d99603,1013,103,9,,Sandy,Strayer,809 CONTINENTAL DR,,WATERVILLE,OH,43566-1205
B&L Whitehouse Auto Service,PRO,2bb37cdd6a1f40e893f27ee1cc7edb0a,4cc3f979-60f5-4855-8fcd-7942a9c14b39,1013,103,9,,Larry,Druschel,6714 OAKBROOK DR,,WHITEHOUSE,OH,43571-9443
B&L Whitehouse Auto Service,PRO,2bb37cdd6a1f40e893f27ee1cc7edb0a,be83d491-1cc8-40e3-8f91-803c3293fa08,1013,103,9,,Kenyon,Ward,6338 N TEXAS ST,,WHITEHOUSE,OH,43571-9519
B&L Whitehouse Auto Service,PRO,2bb37cdd6a1f40e893f27ee1cc7edb0a,50637a87-50cc-4573-8fac-0d61ba4ff438,1013,103,09,,Brian,Cleland,10550 REED RD,,MONCLOVA,OH,43542-9664
B&L Whitehouse Auto Service,PRO,2bb37cdd6a1f40e893f27ee1cc7edb0a,e75e8034-b3d7-4fac-8a15-9ac0fa51c011,1013,103,9,,Carol,Kaczmarek,8625 JEFFERS RD,,GRAND RAPIDS,OH,43522-9645
B&L Whitehouse Auto Service,PRO,2bb37cdd6a1f40e893f27ee1cc7edb0a,ecf47d08-8c0d-45b0-8bab-b70728bf583f,1013,103,9,,Rick,Conley,5834 CROSSROADS CT,,WATERVILLE,OH,43566-9826
B&L Whitehouse Auto Service,PRO,2bb37cdd6a1f40e893f27ee1cc7edb0a,35b994e8-5a34-47c7-86fa-12655164be48,1013,103,9,,Jim,Gibbons,1986 CHERRYLAWN DR,,TOLEDO,OH,43614-3507
B&L Whitehouse Auto Service,PRO,2bb37cdd6a1f40e893f27ee1cc7edb0a,e13d1c12-afff-4ec3-a8c8-fba0e0893123,1013,103,9,,Patti,Gardner,7015 PARK VIEW CT,,WHITEHOUSE,OH,43571-8201
B&L Whitehouse Auto Service,PRO,2bb37cdd6a1f40e893f27ee1cc7edb0a,018c86ba-2d5f-4553-b3c8-a1a83bcafc0c,1013,103,9,,Ethan,Allen,1626 GLENFIELD LN,,TOLEDO,OH,43614-1951
B&L Whitehouse Auto Service,PRO,2bb37cdd6a1f40e893f27ee1cc7edb0a,1108143f-8e56-454a-957e-3027b445643f,1013,103,9,,Tom,Walter,18973 WESTON RD,,GRAND RAPIDS,OH,43522-9706
B&L Whitehouse Auto Service,PRO,2bb37cdd6a1f40e893f27ee1cc7edb0a,50cc15e1-21d2-4d4b-b472-4e6d3d3b5251,1013,103,9,,James,Heck,2922 WILKINS RD,,SWANTON,OH,43558-9366
B&L Whitehouse Auto Service,PRO,2bb37cdd6a1f40e893f27ee1cc7edb0a,7705a445-4dd2-4b16-8f81-747a35ce7d22,1013,103,09,,Fred,Beening,6325 CEMETERY RD,,WHITEHOUSE,OH,43571-9651
B&L Whitehouse Auto Service,PRO,2bb37cdd6a1f40e893f27ee1cc7edb0a,8be195f9-5faa-477d-ba06-e3e27e016a11,1013,103,9,,Thomas,Shapler,19200 ANDERSON RD,,BOWLING GREEN,OH,43402-9667
B&L Whitehouse Auto Service,PRO,2bb37cdd6a1f40e893f27ee1cc7edb0a,829c7ddb-4b3f-425c-b617-9616cb007a91,1013,103,9,,Brian,Myers,1289 APPLEGATE ST,,WATERVILLE,OH,43566-1022
B&L Whitehouse Auto Service,PRO,2bb37cdd6a1f40e893f27ee1cc7edb0a,2a6223aa-0268-430d-a701-a2e516267417,1013,103,9,,John,Lusch,29 N MELODY LN,,WATERVILLE,OH,43566-1003
B&L Whitehouse Auto Service,PRO,2bb37cdd6a1f40e893f27ee1cc7edb0a,c237f853-4599-45ad-96a2-5188cb13e918,1013,103,9,,Zachary,Berry,1218 SIERRA DR,,OREGON,OH,43616-4014
B&L Whitehouse Auto Service,PRO,2bb37cdd6a1f40e893f27ee1cc7edb0a,144e5c9d-3991-4822-ab21-3a00a226ed64,1013,103,9,,Joshua,Zimmerman,6127 N TEXAS ST,,WHITEHOUSE,OH,43571-9519
B&L Whitehouse Auto Service,PRO,2bb37cdd6a1f40e893f27ee1cc7edb0a,5924b2d9-66c4-4859-aed0-ae68430461b4,1013,103,9,,Travis,Johnson,6900 YAWBERG RD,,WHITEHOUSE,OH,43571-9426
B&L Whitehouse Auto Service,PRO,2bb37cdd6a1f40e893f27ee1cc7edb0a,e524cc40-5626-4b58-ac15-48cc37bbdeb8,1013,103,09,,Tom,King,1362 EASTRIDGE DR,,WATERVILLE,OH,43566-1616
B&L Whitehouse Auto Service,PRO,2bb37cdd6a1f40e893f27ee1cc7edb0a,0ffc1d28-0996-4f36-9802-7e537604cb5f,1013,103,9,,Donald,Varner,6323 WECKERLY RD,,WHITEHOUSE,OH,43571-9641
B&L Whitehouse Auto Service,PRO,2bb37cdd6a1f40e893f27ee1cc7edb0a,a6e273a6-7e66-4b37-8a8d-1a8155594e74,1013,103,9,,Dave,Close,11730 WATERVILLE SWANTON RD,,WHITEHOUSE,OH,43571-9355
B&L Whitehouse Auto Service,PRO,2bb37cdd6a1f40e893f27ee1cc7edb0a,98006077-89f6-4487-9e4e-24263ebf5ff1,1013,103,9,,Keith,Rutowski,4431 WATERVILLE MONCLOVA RD,,MONCLOVA,OH,43542-9788
B&L Whitehouse Auto Service,PRO,2bb37cdd6a1f40e893f27ee1cc7edb0a,c7dc5b1e-6812-4e74-9d0c-76cb88abd8b6,1013,103,9,,Jaime,Minch,6449 LENDERSON AVE,,WHITEHOUSE,OH,43571-9225
B&L Whitehouse Auto Service,PRO,2bb37cdd6a1f40e893f27ee1cc7edb0a,016b5f42-fa6c-4436-9f2d-f87c2aa4c1ee,1013,103,09,,Matt,Leth,4730 S BERKEY SOUTHERN RD,,SWANTON,OH,43558-9632
B&L Whitehouse Auto Service,PRO,2bb37cdd6a1f40e893f27ee1cc7edb0a,309c69fc-ee70-4c0c-a7b2-08870179450b,1013,103,09,,Louis,Crippen,6927 WESTWYCK DR,,WHITEHOUSE,OH,43571-9616
B&L Whitehouse Auto Service,PRO,2bb37cdd6a1f40e893f27ee1cc7edb0a,de098240-577f-408f-bb0e-b98d0d94783a,1013,103,9,,Sarah,Liwo,1121 ELCO AVE,,MAUMEE,OH,43537-2938
B&L Whitehouse Auto Service,PRO,2bb37cdd6a1f40e893f27ee1cc7edb0a,84ef895f-92b2-47b9-aa0d-b7ccbc1e1edb,1013,103,09,,Angie,Reiner,10639 SHAYNI LN,,WHITEHOUSE,OH,43571-9011
B&L Whitehouse Auto Service,PRO,2bb37cdd6a1f40e893f27ee1cc7edb0a,455531df-7c9d-402f-91d8-abd6f7171369,1013,103,9,,Kevin,Strayer,6419 LENDERSON AVE,,WHITEHOUSE,OH,43571-9225
B&L Whitehouse Auto Service,PRO,2bb37cdd6a1f40e893f27ee1cc7edb0a,170d4845-291e-4590-80a2-05a55ea6affe,1013,103,9,,Dylon,Buchs,7805 PROV NEAP SWAN RD,,SWANTON,OH,43558-9431
B&L Whitehouse Auto Service,PRO,2bb37cdd6a1f40e893f27ee1cc7edb0a,2adacb10-d69d-414d-ab90-396fe37f28d8,1013,103,9,,Brianna,Rodriguez,6507 FIELD AVE APT M,,WHITEHOUSE,OH,43571-8903
B&L Whitehouse Auto Service,PRO,2bb37cdd6a1f40e893f27ee1cc7edb0a,be2ab107-16c9-43af-917e-5829e8eb9c49,1013,103,9,,Diana,Kobylak,1031 N CANNON CREEK DR,,PERRYSBURG,OH,43551-6301
B&L Whitehouse Auto Service,PRO,2bb37cdd6a1f40e893f27ee1cc7edb0a,e8cc1a6e-a143-4814-94e8-8e9a4e23fda2,1013,103,9,,Chuck,Boudreaux,10940 REED RD,,MONCLOVA,OH,43542-9671
B&L Whitehouse Auto Service,PRO,2bb37cdd6a1f40e893f27ee1cc7edb0a,5f41fd6a-9868-4ff8-983c-58bcedb087dc,1013,103,9,,Mitch,O'Malley,123 1/2 S MAIN ST APT B,,BOWLING GREEN,OH,43402-2977
B&L Whitehouse Auto Service,PRO,2bb37cdd6a1f40e893f27ee1cc7edb0a,c05e6599-f9a7-426c-badd-78d100346877,1013,103,9,,Colin,Freeman,9157 S RIVER RD,,WATERVILLE,OH,43566-9700
B&L Whitehouse Auto Service,PRO,2bb37cdd6a1f40e893f27ee1cc7edb0a,fa351139-28e0-407d-9125-f9ed6d688431,1013,103,9,,Dovas,Lesniauskas,3020 ROCK LEDGE CT,,MAUMEE,OH,43537-9207
B&L Whitehouse Auto Service,PRO,2bb37cdd6a1f40e893f27ee1cc7edb0a,388953ed-a0db-47ea-b7ae-c1351d0b8701,1013,103,9,,Stephanie,Waugh,305 HIDDEN RIDGE DR,,DELTA,OH,43515-9112
B&L Whitehouse Auto Service,PRO,2bb37cdd6a1f40e893f27ee1cc7edb0a,055cbd35-cc2c-4680-90f1-29e0640d5eab,1013,103,9,,James,McQuillin,7825 DANA RAE DR,,WATERVILLE,OH,43566-1726
B&L Whitehouse Auto Service,PRO,2bb37cdd6a1f40e893f27ee1cc7edb0a,46a7cb5c-e0e6-4e0a-a6ba-217a9ff2ff41,1013,103,09,,Rodger,Green,5702 ANGOLA RD LOT 107,,TOLEDO,OH,43615-6354
B&L Whitehouse Auto Service,PRO,2bb37cdd6a1f40e893f27ee1cc7edb0a,619d3677-fe90-4d40-9c98-d45489ceec5f,1013,103,9,,Lisa,Ehrenfried,7916 ROYAL HAMPTON LN,,WATERVILLE,OH,43566-1717
B&L Whitehouse Auto Service,PRO,2bb37cdd6a1f40e893f27ee1cc7edb0a,94a10a04-b573-40d7-99ca-8c4b6e0fdd1e,1013,103,9,,Krysta,Irmen,108 S 6TH ST,,WATERVILLE,OH,43566-1331
B&L Whitehouse Auto Service,PRO,2bb37cdd6a1f40e893f27ee1cc7edb0a,84f12160-dba6-4182-ada1-d4968e2ed3f7,1013,103,9,,Paul,Varner,7008 PARK VIEW CT,,WHITEHOUSE,OH,43571-8202
B&L Whitehouse Auto Service,PRO,2bb37cdd6a1f40e893f27ee1cc7edb0a,8e1dc617-bd4a-4a89-b54f-a70d1c1bc4d0,1013,103,9,,Robert,Shively,5916 LITTLE TURTLE TRL,,WATERVILLE,OH,43566-9741
B&L Whitehouse Auto Service,PRO,2bb37cdd6a1f40e893f27ee1cc7edb0a,65d67f0a-eff7-450c-8f4f-7a43051e14a4,1013,103,9,,Rick,Fandrey,6422 JULIANNA LN,,WHITEHOUSE,OH,43571-9077
B&L Whitehouse Auto Service,PRO,2bb37cdd6a1f40e893f27ee1cc7edb0a,d23113b0-8dbc-41eb-a568-b443a3011243,1013,103,9,,Daniel,Forster,3932 COUNTY ROAD P,,MC CLURE,OH,43534-9733
B&L Whitehouse Auto Service,PRO,2bb37cdd6a1f40e893f27ee1cc7edb0a,03a22785-e327-4e65-935a-2efbadcff813,1013,103,9,,Michael,Wray,2048 SHERBORN ST,,HOLLAND,OH,43528-9662
B&L Whitehouse Auto Service,PRO,2bb37cdd6a1f40e893f27ee1cc7edb0a,f5592eeb-181a-43f5-ad01-2539a1a57613,1013,103,9,,Ryan,Shively,5916 LITTLE TURTLE TRL,,WATERVILLE,OH,43566-9741
B&L Whitehouse Auto Service,PRO,2bb37cdd6a1f40e893f27ee1cc7edb0a,72722342-38c5-439a-8cea-69a8f41bc56a,1013,103,09,,Kim,Gillen,10132 SADDLE BRIDGE DR S,,WHITEHOUSE,OH,43571-9311
B&L Whitehouse Auto Service,PRO,2bb37cdd6a1f40e893f27ee1cc7edb0a,f4540312-2060-407f-98ca-66be438d9390,1013,103,9,,Eleanor,Hamic,6420 STOCKTON BLVD,,WHITEHOUSE,OH,43571-9070
B&L Whitehouse Auto Service,PRO,2bb37cdd6a1f40e893f27ee1cc7edb0a,46217f9b-a75c-41cc-824d-9b07cdd16eb3,1013,103,9,,Tim,Bucher,10920 RAMM RD,,WHITEHOUSE,OH,43571-9377
B&L Whitehouse Auto Service,PRO,2bb37cdd6a1f40e893f27ee1cc7edb0a,f672d5ee-1a8f-4a2c-92fa-ebb079d2a76a,1013,103,9,,Maggie,Yerkes,10830 WATERVILLE ST,,WHITEHOUSE,OH,43571-9804
B&L Whitehouse Auto Service,PRO,2bb37cdd6a1f40e893f27ee1cc7edb0a,75342192-0499-460e-9329-89f0ecfca375,1013,103,9,,Michael,Roetter,404 CEDAR LN,,WATERVILLE,OH,43566-1107
B&L Whitehouse Auto Service,PRO,2bb37cdd6a1f40e893f27ee1cc7edb0a,2769a88d-6cc3-4dac-81c2-e47de601713e,1013,103,09,,Jake,Essig,1530 SOUTHRIDGE DR,,WATERVILLE,OH,43566-1622
B&L Whitehouse Auto Service,PRO,2bb37cdd6a1f40e893f27ee1cc7edb0a,62b7fb00-fe18-478c-b524-18ade90075b7,1013,103,09,,Richard,McCraney,5938 WINSLOW RD,,WHITEHOUSE,OH,43571-9646
B&L Whitehouse Auto Service,PRO,2bb37cdd6a1f40e893f27ee1cc7edb0a,2f3092d8-e156-44f7-87a8-4330ed2af6ac,1013,103,9,,Erik,Getz,10660 THAIS LN,,WHITEHOUSE,OH,43571-9012
B&L Whitehouse Auto Service,PRO,2bb37cdd6a1f40e893f27ee1cc7edb0a,b4009335-de2d-4339-aabc-849fa0fd04e2,1013,103,9,,James,Farthing,9919 N BLUE PRAIRIE DR,,WHITEHOUSE,OH,43571-9490
B&L Whitehouse Auto Service,PRO,2bb37cdd6a1f40e893f27ee1cc7edb0a,3c96e72d-0233-440b-a883-e74229567b4a,1013,103,9,,Clyde,Talmage,9355 HELLER RD,,WATERVILLE,OH,43566-9753
B&L Whitehouse Auto Service,PRO,2bb37cdd6a1f40e893f27ee1cc7edb0a,fec396df-3f20-4eee-a15e-ba07bb201f8b,1013,103,9,,Herbert,Hoskins,3408 MAPLEWAY DR,,TOLEDO,OH,43614-4136
B&L Whitehouse Auto Service,PRO,2bb37cdd6a1f40e893f27ee1cc7edb0a,2d02b8b5-6930-4258-8d37-2e720b492ed8,1013,103,9,,Bill,Klorer,5716 WECKERLY RD,,WHITEHOUSE,OH,43571-9763
B&L Whitehouse Auto Service,PRO,2bb37cdd6a1f40e893f27ee1cc7edb0a,4281b8d5-d0f9-41b2-8b15-15bcbae1a4d4,1013,103,9,,Natalie,Kopena,8541 KACIE LN,,MONCLOVA,OH,43542-9322
B&L Whitehouse Auto Service,PRO,2bb37cdd6a1f40e893f27ee1cc7edb0a,c90d114a-bebf-495a-8360-de6968d218cf,1013,103,9,,Donna,Albert,875 MAPLE LN,,WATERVILLE,OH,43566-1126
B&L Whitehouse Auto Service,PRO,2bb37cdd6a1f40e893f27ee1cc7edb0a,07c9fdd5-6947-4c87-bb30-0a4e5dc339c7,1013,103,09,,Kristi,Fish,6404 WECKERLY DR,,WHITEHOUSE,OH,43571-9691
B&L Whitehouse Auto Service,PRO,2bb37cdd6a1f40e893f27ee1cc7edb0a,a8fa11fd-200a-488f-8684-2cc100db9577,1013,103,9,,Brian,Carroll,6021 WINSLOW RD,,WHITEHOUSE,OH,43571-9226
B&L Whitehouse Auto Service,PRO,2bb37cdd6a1f40e893f27ee1cc7edb0a,c8713399-03d6-445a-a0f1-a18e882326b0,1013,103,9,,Cassie,Rader,17468 WAPAKONETA RD LOT 43,,GRAND RAPIDS,OH,43522-9426
B&L Whitehouse Auto Service,PRO,2bb37cdd6a1f40e893f27ee1cc7edb0a,d4673404-0867-4847-82d0-420fe7972e8a,1013,103,9,,Gary,Casteel,407 HICKORY LN,,WATERVILLE,OH,43566-1116
B&L Whitehouse Auto Service,PRO,2bb37cdd6a1f40e893f27ee1cc7edb0a,1de1818b-7599-423b-a671-7cae5303bab3,1013,103,9,,Mike,Fields,426 PROSPECT ST,,WAUSEON,OH,43567-1258
B&L Whitehouse Auto Service,PRO,2bb37cdd6a1f40e893f27ee1cc7edb0a,2af62f99-b275-472f-898f-4cd07eb9ca4f,1013,103,09,,Cale,Sobecki,70 ALAN JOHN DR,,WESTVILLE,IN,46391-9208
B&L Whitehouse Auto Service,PRO,2bb37cdd6a1f40e893f27ee1cc7edb0a,88991e27-7013-4cb1-9ad4-84243746d088,1013,103,09,,Paul,Wielinski,9748 S RIVER RD,,WATERVILLE,OH,43566-9528
B&L Whitehouse Auto Service,PRO,2bb37cdd6a1f40e893f27ee1cc7edb0a,1bd4cc06-e4e1-4743-a180-832e2e908659,1013,103,9,,Jeff,Zimmerman,13535 WATERVILLE SWANTON RD,,SWANTON,OH,43558-9131
B&L Whitehouse Auto Service,PRO,2bb37cdd6a1f40e893f27ee1cc7edb0a,1f5b8754-70a8-46a3-8777-c2f8a274334a,1013,103,9,,Connie,Schiffer,7156 PROVIDENCE ST,,WHITEHOUSE,OH,43571-9270
B&L Whitehouse Auto Service,PRO,2bb37cdd6a1f40e893f27ee1cc7edb0a,c98f0d3d-2407-4f24-ba62-c46c5eb7f38d,1013,103,9,,Frank,Beck,29032 CORESSEL RD,,DEFIANCE,OH,43512-9111
B&L Whitehouse Auto Service,PRO,2bb37cdd6a1f40e893f27ee1cc7edb0a,2809e48e-d8b5-49a3-abd8-168a55f4bda6,1013,103,9,,Ron,Winslow,8500 HERTZFELD RD,,WATERVILLE,OH,43566-9677
B&L Whitehouse Auto Service,PRO,2bb37cdd6a1f40e893f27ee1cc7edb0a,2591672c-99ef-4c37-9531-8eafb7f0acf6,1013,103,09,,Sean,Brown,3416 S CRISSEY RD,,MONCLOVA,OH,43542-9585
B&L Whitehouse Auto Service,PRO,2bb37cdd6a1f40e893f27ee1cc7edb0a,1ed10a2a-5356-4879-8cf7-c997189ae863,1013,103,09,,Theodore,Boyer,10262 RUE DU LAC RD,,WHITEHOUSE,OH,43571-9520
B&L Whitehouse Auto Service,PRO,2bb37cdd6a1f40e893f27ee1cc7edb0a,c0868bf3-8a07-4289-9d86-bcfca15c32d0,1013,103,09,,Paul,Wasserman,505 WILLOW LN,,PERRYSBURG,OH,43551-2434
B&L Whitehouse Auto Service,PRO,2bb37cdd6a1f40e893f27ee1cc7edb0a,8d3d3085-12e7-4529-8d95-61e83b472f55,1013,103,09,,Tony,Keller,71 KARYL ST,,WATERVILLE,OH,43566-1042
B&L Whitehouse Auto Service,PRO,2bb37cdd6a1f40e893f27ee1cc7edb0a,091dafc3-f791-40c7-85bc-2844d2547a4f,1013,103,09,,Jeff,Underwood,5252 CEDAR POINT RD,,OREGON,OH,43616-1444
B&L Whitehouse Auto Service,PRO,2bb37cdd6a1f40e893f27ee1cc7edb0a,5b81306e-ef41-42e9-876a-f11ea00d01f0,1013,103,09,,Robert,Vollmar,11113 NEOWASH RD,,WHITEHOUSE,OH,43571-9713
B&L Whitehouse Auto Service,PRO,2bb37cdd6a1f40e893f27ee1cc7edb0a,84fb2b12-6864-4a6b-84c0-bcc2f9af1c88,1013,103,09,,Stephanie,Kosakowski,4647 CRESTVIEW DR,,SYLVANIA,OH,43560-1710
B&L Whitehouse Auto Service,PRO,2bb37cdd6a1f40e893f27ee1cc7edb0a,bc690274-71cf-4165-ab58-b6bfbab9cfcf,1013,103,09,,Vicki,Giebel,6251 CEMETERY RD,,WHITEHOUSE,OH,43571-9238
B&L Whitehouse Auto Service,PRO,2bb37cdd6a1f40e893f27ee1cc7edb0a,fa548685-3541-4f07-a90a-12582e6ca71c,1013,103,9,,Patrick,Norman,95 MOUNT VERNON DR,,WATERVILLE,OH,43566-1485
B&L Whitehouse Auto Service,PRO,2bb37cdd6a1f40e893f27ee1cc7edb0a,cbc56a8a-ae1c-4ccd-a40d-4a6859a9ce00,1013,103,09,,Kevin,Swagler,10240 REED RD,,MONCLOVA,OH,43542-9658
B&L Whitehouse Auto Service,PRO,2bb37cdd6a1f40e893f27ee1cc7edb0a,7890468d-8a64-4395-8da0-ef2240836446,1013,103,9,,Phyllis,Swietzer,5070 CHAUDHARY LN,,SWANTON,OH,43558-9586
B&L Whitehouse Auto Service,PRO,2bb37cdd6a1f40e893f27ee1cc7edb0a,6015d5d7-4c2b-4845-8b42-4a363b641f46,1013,103,09,,Andrew,Everson,6518 LENDERSON AVE,,WHITEHOUSE,OH,43571-9639
B&L Whitehouse Auto Service,PRO,2bb37cdd6a1f40e893f27ee1cc7edb0a,8e3ad3f3-0876-4c6f-a8be-71d925e5becd,1013,103,9,,Kathryn,Miller,1501 PRAY BLVD,,WATERVILLE,OH,43566-8729
B&L Whitehouse Auto Service,PRO,2bb37cdd6a1f40e893f27ee1cc7edb0a,e0a1963e-5703-4051-a63b-b4fa0f72a280,1013,103,9,,Drew,Pierce,5309 WECKERLY RD,,MONCLOVA,OH,43542-9000
B&L Whitehouse Auto Service,PRO,2bb37cdd6a1f40e893f27ee1cc7edb0a,4f4d9fff-1389-4178-9540-57e72689725e,1013,103,9,,Brian,Bortel,8063 BRIDGEHAMPTON DR,,WATERVILLE,OH,43566-9605
B&L Whitehouse Auto Service,PRO,2bb37cdd6a1f40e893f27ee1cc7edb0a,ebc37561-e92b-40b2-89e8-8b38dbcc1d4c,1013,103,09,,Jeremiah,Wagner,10810 MAUMEE ST,,WHITEHOUSE,OH,43571-9795
B&L Whitehouse Auto Service,PRO,2bb37cdd6a1f40e893f27ee1cc7edb0a,948d43c5-ee6c-4d52-8066-b23cd267ff9f,1013,103,09,,Gary,Stephens,9950 RAMM RD,,MONCLOVA,OH,43542-9505
B&L Whitehouse Auto Service,PRO,2bb37cdd6a1f40e893f27ee1cc7edb0a,2f968ab3-6784-4915-b1b7-5b3a975ca8ff,1013,103,09,,Lynn,Voss,6523 FIELD AVE APT 2,,WHITEHOUSE,OH,43571-9511
B&L Whitehouse Auto Service,PRO,2bb37cdd6a1f40e893f27ee1cc7edb0a,995a5a88-bc09-4e67-8741-d632a0a556e7,1013,103,09,,Scott,Crawford,6860 JEFFERS RD,,WHITEHOUSE,OH,43571-9818
B&L Whitehouse Auto Service,PRO,2bb37cdd6a1f40e893f27ee1cc7edb0a,222b3bc3-24a2-40e0-8ac4-db3f20c8b70a,1013,103,09,,Scott,Thompson,7518 JEFFERS RD,,WHITEHOUSE,OH,43571-9824
B&L Whitehouse Auto Service,PRO,2bb37cdd6a1f40e893f27ee1cc7edb0a,a28f6c38-958c-44e9-9b88-6e074475dca2,1013,103,9,,Darin,VonLehmden,8057 WINDING RIDGE BLVD,,MONCLOVA,OH,43542-8304
B&L Whitehouse Auto Service,PRO,2bb37cdd6a1f40e893f27ee1cc7edb0a,f36f82ba-24be-4761-8185-199359fa2a73,1013,103,09,,Anthony,Coronado,6515 FIELD AVE APT A,,WHITEHOUSE,OH,43571-9684
B&L Whitehouse Auto Service,PRO,2bb37cdd6a1f40e893f27ee1cc7edb0a,896142e2-7700-4ffe-92a2-f3779e787861,1013,103,9,,Bryan,Traynoff,9918 LAPLANTE RD,,MONCLOVA,OH,43542-9456
B&L Whitehouse Auto Service,PRO,2bb37cdd6a1f40e893f27ee1cc7edb0a,fdc8f69f-4a19-47bb-ba06-ee2eeedb4994,1013,103,09,,Tori,Stevenson,541 WILLOW LN,,PERRYSBURG,OH,43551-2434
B&L Whitehouse Auto Service,PRO,2bb37cdd6a1f40e893f27ee1cc7edb0a,2843a2e2-a416-4240-953b-b6b6d8d4996c,1013,103,09,,Cody,Good,11102 CENTERVILLE ST,,WHITEHOUSE,OH,43571-9613
B&L Whitehouse Auto Service,PRO,2bb37cdd6a1f40e893f27ee1cc7edb0a,92193897-de3a-43b3-a43d-b6b4ffa76c9d,1013,103,09,,Ed,Poncevy,1107 MAPLE CT,,WATERVILLE,OH,43566-1123
B&L Whitehouse Auto Service,PRO,2bb37cdd6a1f40e893f27ee1cc7edb0a,de589fbd-6256-4f82-b5d2-c3421e55375f,1013,103,9,,Ken,Bess,7934 SONOMA DR,,MONCLOVA,OH,43542-6718
B&L Whitehouse Auto Service,PRO,2bb37cdd6a1f40e893f27ee1cc7edb0a,a2d4596f-9f06-43f4-839c-7f47e4a4feb9,1013,103,09,,Brad,Spitler,7555 FINZEL RD,,WHITEHOUSE,OH,43571-9752
B&L Whitehouse Auto Service,PRO,2bb37cdd6a1f40e893f27ee1cc7edb0a,7e9856d3-a991-4613-9a5e-8deb0cc764be,1013,103,09,,Dwight,Clay,9146 STITT RD,,WHITEHOUSE,OH,43571-9761
B&L Whitehouse Auto Service,PRO,2bb37cdd6a1f40e893f27ee1cc7edb0a,5eb9605b-9a7f-4402-be35-eb14669cba4a,1013,103,09,,David,McDonald,863 MAPLE LN,,WATERVILLE,OH,43566-1126
B&L Whitehouse Auto Service,PRO,2bb37cdd6a1f40e893f27ee1cc7edb0a,ffabba90-9eaf-48a1-8b0f-6b1b873c2dce,1013,103,09,,Robert,Pollock,9211 NEOWASH RD,,WATERVILLE,OH,43566-9724
B&L Whitehouse Auto Service,PRO,2bb37cdd6a1f40e893f27ee1cc7edb0a,32ed7ed4-9455-41ee-b574-1591f5cfe74e,1013,103,9,,Les,Lehman,11301 STILES RD,,WHITEHOUSE,OH,43571-9145
B&L Whitehouse Auto Service,PRO,2bb37cdd6a1f40e893f27ee1cc7edb0a,52e0b5e0-b8d2-41c9-86c9-8c67908e00a3,1013,103,9,,Simona,Georgescu,7958 MEADOWVIEW LN,,WATERVILLE,OH,43566-1723
B&L Whitehouse Auto Service,PRO,2bb37cdd6a1f40e893f27ee1cc7edb0a,9742f473-d05e-479e-ab61-638ed29e82de,1013,103,9,,Kevin,Dankert,11155 PRESERVE BLVD,,WHITEHOUSE,OH,43571-9858
B&L Whitehouse Auto Service,PRO,2bb37cdd6a1f40e893f27ee1cc7edb0a,1560bd13-2521-4fa0-832d-047bb8a1bb7b,1013,103,9,,Jeff,Keim,6127 FOREST EDGE DR,,WHITEHOUSE,OH,43571-9744
B&L Whitehouse Auto Service,PRO,2bb37cdd6a1f40e893f27ee1cc7edb0a,dd172380-3cac-498f-bfc7-7a10f3f9b031,1013,103,9,,Ron,Zdunczyk,6507 WHITE OAK LN,,WHITEHOUSE,OH,43571-8708
B&L Whitehouse Auto Service,PRO,2bb37cdd6a1f40e893f27ee1cc7edb0a,ad8efaa9-eb48-4602-912e-acfc17a18301,1013,103,09,,Nancy,Nicholson,10122 RAMM RD,,MONCLOVA,OH,43542-9718
B&L Whitehouse Auto Service,PRO,2bb37cdd6a1f40e893f27ee1cc7edb0a,778ad10c-8f74-4a65-9c41-d10e92056188,1013,103,9,,Matt,Thourot,6370 SYDNEY DR,,WHITEHOUSE,OH,43571-8502
B&L Whitehouse Auto Service,PRO,2bb37cdd6a1f40e893f27ee1cc7edb0a,2ed7546e-544f-4b9b-a37c-dd0a48893184,1013,103,9,,Amy,Dotson,6537 EASTVIEW DR,,WHITEHOUSE,OH,43571-9798
B&L Whitehouse Auto Service,PRO,2bb37cdd6a1f40e893f27ee1cc7edb0a,764434d1-4569-445c-aae5-8e583245b026,1013,103,9,,Carol,Holloway,5250 LOSE RD,,MONCLOVA,OH,43542-9410
B&L Whitehouse Auto Service,PRO,2bb37cdd6a1f40e893f27ee1cc7edb0a,78b17cc8-6332-4d33-8749-794b8408b08b,1013,103,09,,Robert,Hohler,11070 ALSCOTT LN,,WHITEHOUSE,OH,43571-9774
B&L Whitehouse Auto Service,PRO,2bb37cdd6a1f40e893f27ee1cc7edb0a,ad443ab5-b04c-406f-ab5b-c737d9908d81,1013,103,09,,Bruce,Crosby,12120 DORAN RD,,WHITEHOUSE,OH,43571-9709
B&L Whitehouse Auto Service,PRO,2bb37cdd6a1f40e893f27ee1cc7edb0a,14e91708-d445-47a1-abc5-4f2ce29bbbb0,1013,103,9,,Shelly,Nielsen,11367 BIRCH POINTE DR,,WHITEHOUSE,OH,43571-9108
B&L Whitehouse Auto Service,PRO,2bb37cdd6a1f40e893f27ee1cc7edb0a,2c765bd9-dabd-4cdc-9cb9-fb16b8e927f0,1013,103,9,,Allen,Straffen,6019 OLD RANGE DR,,WATERVILLE,OH,43566-8779
B&L Whitehouse Auto Service,PRO,2bb37cdd6a1f40e893f27ee1cc7edb0a,b994cf83-9bf7-4d76-a7de-51df18f2ca2c,1013,103,9,,Kristin,Spangler,1112 WESTRIDGE DR,,WATERVILLE,OH,43566-1628
B&L Whitehouse Auto Service,PRO,2bb37cdd6a1f40e893f27ee1cc7edb0a,a97b8633-0fc3-4913-b8be-14a6425efddc,1013,103,9,,Max,Wiederhold,6644 MERRITT ST,,WHITEHOUSE,OH,43571-9626
B&L Whitehouse Auto Service,PRO,2bb37cdd6a1f40e893f27ee1cc7edb0a,369edade-670c-4d57-8e04-29143a902843,1013,103,9,,Todd,Russell,7070 WHIDDENMILL DR,,WHITEHOUSE,OH,43571-8900
B&L Whitehouse Auto Service,PRO,2bb37cdd6a1f40e893f27ee1cc7edb0a,52055b19-61a6-4e52-870f-b674899991e9,1013,103,09,,David,Jagodzinski,8043 BRIDGEHAMPTON DR,,WATERVILLE,OH,43566-9605
B&L Whitehouse Auto Service,PRO,2bb37cdd6a1f40e893f27ee1cc7edb0a,b62b13b3-4c89-456f-9097-eba36adf2e2f,1013,103,09,,Shae,Blackburn,7855 YAWBERG RD,,WHITEHOUSE,OH,43571-9133
B&L Whitehouse Auto Service,PRO,2bb37cdd6a1f40e893f27ee1cc7edb0a,e3e0afd3-c403-42d2-8c99-491d012604e8,1013,103,9,,Andrie,Grooms,326 RIDGEPOINT CIR,,WATERVILLE,OH,43566-1604
B&L Whitehouse Auto Service,PRO,2bb37cdd6a1f40e893f27ee1cc7edb0a,10ea4350-34f8-4393-a4b6-2ed3602ac838,1013,103,9,,Stacey,Ehrmin,15552 FIVE POINT RD,,PERRYSBURG,OH,43551-9295
B&L Whitehouse Auto Service,PRO,2bb37cdd6a1f40e893f27ee1cc7edb0a,44bfd2dc-9bcd-4d90-8260-89a2f49c6c63,1013,103,09,,John,Herman,11160 GILLETT ST,,WHITEHOUSE,OH,43571-9622
B&L Whitehouse Auto Service,PRO,2bb37cdd6a1f40e893f27ee1cc7edb0a,a2a518ac-6fed-4b6f-8ff0-2d6b807ff9c5,1013,103,9,,Kim,Nielsen,11367 BIRCH POINTE DR,,WHITEHOUSE,OH,43571-9108
B&L Whitehouse Auto Service,PRO,2bb37cdd6a1f40e893f27ee1cc7edb0a,4809088c-f889-42d0-8a49-cbbb718bb3ac,1013,103,9,,Cheryl,Spangler,6821 WESTWYCK DR,,WHITEHOUSE,OH,43571-9267
B&L Whitehouse Auto Service,PRO,2bb37cdd6a1f40e893f27ee1cc7edb0a,544ffae4-9934-45d3-b962-525b8f580488,1013,103,09,,Sandy,Hutchinson,11177 GILLETT ST,,WHITEHOUSE,OH,43571-9622
B&L Whitehouse Auto Service,PRO,2bb37cdd6a1f40e893f27ee1cc7edb0a,a055a6d3-21c3-4e71-9561-91de926f907c,1013,103,09,,Patrick,Mosiniak,519 INDEPENDENCE DR,,WATERVILLE,OH,43566-1234
B&L Whitehouse Auto Service,PRO,2bb37cdd6a1f40e893f27ee1cc7edb0a,5ddd9ff0-a32f-4058-a2da-01502e3c62c1,1013,103,09,,Steve,Mull,9836 N BLUE PRAIRIE DR,,WHITEHOUSE,OH,43571-9489
B&L Whitehouse Auto Service,PRO,2bb37cdd6a1f40e893f27ee1cc7edb0a,15614751-9260-4971-8727-c8c72c95071b,1013,103,9,,Stephen,Rentz,10926 CABLE AVE,,WHITEHOUSE,OH,43571-9609
B&L Whitehouse Auto Service,PRO,2bb37cdd6a1f40e893f27ee1cc7edb0a,b297ea12-5ff1-4c36-8227-aa71e9213d30,1013,103,09,,Stephen,Long,7424 YAWBERG RD,,WHITEHOUSE,OH,43571-9169
B&L Whitehouse Auto Service,PRO,2bb37cdd6a1f40e893f27ee1cc7edb0a,34ff9fb1-18ed-4563-b291-230b26158aff,1013,103,9,,Walter,Hallett,1206 COUNTY ROAD D,,SWANTON,OH,43558-9549
