Shop Name,Software,SID,CID,WSID,WCID,MBdayMo,TBdayMo,First,Last,Address,Address2,City,St,Zip
Toledo Auto Care,PRO,aad3590f79ac44aca4f16dc7cb1afedb,caaf20b4-1e81-4fd0-9506-24b9953eef5e,1014,103,,3,Patrick,Parish,3032 SOUTH AVE STE 18A,,TOLEDO,OH,43609-1396
Toledo Auto Care,PRO,aad3590f79ac44aca4f16dc7cb1afedb,f4549ffb-4e37-44ea-a3bf-92c80514be28,1014,103,,3,Kenny,Jones,2212 WINTERSET DR,,TOLEDO,OH,43614-1253
Toledo Auto Care,PRO,aad3590f79ac44aca4f16dc7cb1afedb,65a8abe8-35bc-429b-b6e4-cc10e689a5c7,1014,103,,9,Jared,Hauseman,2150 COUNTY RD E,,SWANTON,OH,43558-9057
Toledo Auto Care,PRO,aad3590f79ac44aca4f16dc7cb1afedb,5846ffb8-415a-4242-9398-cbf45022f17a,1014,103,,9,Richard,Sweeney,6344 BRIXTON RD APT 2,,MAUMEE,OH,43537-4118
Toledo Auto Care,PRO,aad3590f79ac44aca4f16dc7cb1afedb,1958f00d-5fc3-41f3-ad20-ee98e37bceab,1014,103,,9,Auree,Scott,2364 CHEYENNE BLVD APT 4,,TOLEDO,OH,43614-1716
Toledo Auto Care,PRO,aad3590f79ac44aca4f16dc7cb1afedb,fddb527e-3886-4472-9812-d2dc4f652c2a,1014,103,,9,Zeke,Johnson,2350 OLD STONE CT APT 7,,TOLEDO,OH,43614-2130
Toledo Auto Care,PRO,aad3590f79ac44aca4f16dc7cb1afedb,0abc0652-1c6a-413b-a33e-7dec43c0c610,1014,103,,9,Oriana,Horton,515 W MAIN ST,,DELTA,OH,43515-9491
Toledo Auto Care,PRO,aad3590f79ac44aca4f16dc7cb1afedb,5c1fe719-7c2d-451a-8eab-3a4fb357006a,1014,103,,3,Madison,McDonald,2023 KEY ST,,MAUMEE,OH,43537-2571
Toledo Auto Care,PRO,aad3590f79ac44aca4f16dc7cb1afedb,e41d7552-0f54-45c5-b3f8-b521132689a7,1014,103,,9,CJ,Murawski,8425 AIRPORT HWY,,HOLLAND,OH,43528-8649
Toledo Auto Care,PRO,aad3590f79ac44aca4f16dc7cb1afedb,1ff6da01-98d5-471c-b711-9854a5361e71,1014,103,,9,Molly,McComas,6201 GARDEN RD APT H145,,MAUMEE,OH,43537-1526
Toledo Auto Care,PRO,aad3590f79ac44aca4f16dc7cb1afedb,c3d74483-cfe2-46b3-982b-0e62d65a5773,1014,103,,3,Laurie,Barnett,1850 GARDEN RIDGE DR APT E,,TOLEDO,OH,43614-3035
Toledo Auto Care,PRO,aad3590f79ac44aca4f16dc7cb1afedb,97ac7d05-15d5-409c-901e-02bc7ffcce51,1014,103,,9,Chad,Snyder,5933 WALNUT CIR APT E,,TOLEDO,OH,43615-6600
Toledo Auto Care,PRO,aad3590f79ac44aca4f16dc7cb1afedb,2fcc2081-f026-48c4-b55a-785cee2aabbd,1014,103,,3,Joel,Logsdon,10857 SHARONDALE RD APT 77,,CINCINNATI,OH,45241-2855
Toledo Auto Care,PRO,aad3590f79ac44aca4f16dc7cb1afedb,890f1333-e4a7-41f0-b04d-84784e37f936,1014,103,,9,Hudson,Cheedie,5910 THUNDER HOLLOW DR,,TOLEDO,OH,43615-7916
Toledo Auto Care,PRO,aad3590f79ac44aca4f16dc7cb1afedb,66f186b3-f9aa-4f03-84e6-609883d0b7ed,1014,103,,9,Blaze,McVey,215 FRANKLIN AVE,,SWANTON,OH,43558-1317
Toledo Auto Care,PRO,aad3590f79ac44aca4f16dc7cb1afedb,0f7449e4-0a22-43e4-be74-3aff8cca26db,1014,103,,9,Nick,Pinchek,1932 FERNHILL RD,,TOLEDO,OH,43607-1374
Toledo Auto Care,PRO,aad3590f79ac44aca4f16dc7cb1afedb,4bc55a54-ecd6-4205-8e8f-13b74f4f656b,1014,103,,3,Tracy,Tabb,5560 HEATHERDOWNS BLVD APT 2,,TOLEDO,OH,43614-4639
Toledo Auto Care,PRO,aad3590f79ac44aca4f16dc7cb1afedb,fdfb7c0e-634b-47f1-9692-6752030c50f6,1014,103,,3,Quinn,Recker,12339 WATERSTONE LN,,PERRYSBURG,OH,43551-2092
Toledo Auto Care,PRO,aad3590f79ac44aca4f16dc7cb1afedb,015e920e-505d-45cb-84bd-34834e4d3ba8,1014,103,,9,Kyle,Lewis,2224 TORREY HILL DR APT 5,,TOLEDO,OH,43606-4341
Toledo Auto Care,PRO,aad3590f79ac44aca4f16dc7cb1afedb,d814b016-c5fc-4c49-94ea-75da38aa6f9b,1014,103,,9,Brian,Meeker,3105 DEEP WATER LN,,MAUMEE,OH,43537-9590
Toledo Auto Care,PRO,aad3590f79ac44aca4f16dc7cb1afedb,fd47794f-41ed-4d10-812f-04e9dbe6eda5,1014,103,,9,Cora,Boyles,1736 CASS RD,,MAUMEE,OH,43537-2331
Toledo Auto Care,PRO,aad3590f79ac44aca4f16dc7cb1afedb,71aa1edf-c7d4-47b9-a632-90be4e748f2c,1014,103,,3,Johara,Flowers,2635 BROADWAY ST APT 13,,TOLEDO,OH,43609-3163
Toledo Auto Care,PRO,aad3590f79ac44aca4f16dc7cb1afedb,b3158670-f5e9-4c4c-8da5-5224f5eff5bd,1014,103,,9,Satara,White,5509 GLENRIDGE DR,,TOLEDO,OH,43614-1681
Toledo Auto Care,PRO,aad3590f79ac44aca4f16dc7cb1afedb,6b010df5-e4e8-419e-8fe8-8801b2a98ca9,1014,103,,9,Vagelli,Kokolakis,6015 ATWELL RD,,TOLEDO,OH,43613-1073
Toledo Auto Care,PRO,aad3590f79ac44aca4f16dc7cb1afedb,2f8215ed-3893-4082-a3c4-d197874665a9,1014,103,,3,Coreya,Wilson,7063 QUAIL LAKES DR,,HOLLAND,OH,43528-9390
Toledo Auto Care,PRO,aad3590f79ac44aca4f16dc7cb1afedb,b7eda02f-68ec-4a5c-8a45-b0d3e0f48069,1014,103,,9,Bob,Gerken,7640 PILGRIMS LNDG,,MAUMEE,OH,43537-9569
Toledo Auto Care,PRO,aad3590f79ac44aca4f16dc7cb1afedb,8e5619d0-7260-4f08-b181-35edd6758865,1014,103,,3,Derek,Eslick,5005 CRANSTON DR,,TOLEDO,OH,43615-2913
Toledo Auto Care,PRO,aad3590f79ac44aca4f16dc7cb1afedb,e5e6f14a-6073-4864-bb4a-1e1a4a2e8160,1014,103,,9,Chris,Clarke,1683 LANCE POINTE RD,,MAUMEE,OH,43537-1681
Toledo Auto Care,PRO,aad3590f79ac44aca4f16dc7cb1afedb,5b697332-4a24-424a-ad7e-8e0b7eb9262b,1014,103,,9,Matthew,Meyer,81 ROSSWAY AVE,,ROSSFORD,OH,43460-1364
Toledo Auto Care,PRO,aad3590f79ac44aca4f16dc7cb1afedb,b3681bea-45a2-423a-a342-925b935ef626,1014,103,,9,Paul,McGavin,2904 PLUMBROOK DR,,MAUMEE,OH,43537-9718
Toledo Auto Care,PRO,aad3590f79ac44aca4f16dc7cb1afedb,e54cda30-f95a-4b58-81e7-23791462996a,1014,103,,3,Michael,Turner,1219 HAMILTON ST,,TOLEDO,OH,43607-4365
Toledo Auto Care,PRO,aad3590f79ac44aca4f16dc7cb1afedb,6fb4f2b0-d60d-4834-a02c-544e8fa7df35,1014,103,,9,Chad,Lavigne,2524 PERRYSBURG HOLLAND RD,,MAUMEE,OH,43537-1344
Toledo Auto Care,PRO,aad3590f79ac44aca4f16dc7cb1afedb,48e56d9d-5cff-4b0b-ae26-61053cee3f61,1014,103,,3,James,Williams,838 BROOKLEY BLVD,,TOLEDO,OH,43607-3156
Toledo Auto Care,PRO,aad3590f79ac44aca4f16dc7cb1afedb,fdb53601-9bac-4fc7-9f8e-c33bf722d8d6,1014,103,,9,Chris,Pfleghaar,4267 CRYSTAL RIDGE DR E,,MAUMEE,OH,43537-9267
Toledo Auto Care,PRO,aad3590f79ac44aca4f16dc7cb1afedb,1ee66ab5-4618-4cea-bf18-e928f22612f1,1014,103,,3,Jeremiah,Ramage,109 CHURCH ST,,SWANTON,OH,43558-1013
Toledo Auto Care,PRO,aad3590f79ac44aca4f16dc7cb1afedb,c99434e2-f8e4-43ff-b18e-879903bc2cc1,1014,103,,9,Tom,Long,43 BEACHFRONT CT,,HOLLAND,OH,43528-7850
Toledo Auto Care,PRO,aad3590f79ac44aca4f16dc7cb1afedb,5dee3c7f-38c4-446c-9efb-528b908220d6,1014,103,,3,Mike,Kirchner,1115 S REYNOLDS RD # 9,,TOLEDO,OH,43615-6907
Toledo Auto Care,PRO,aad3590f79ac44aca4f16dc7cb1afedb,8d01684d-830b-4995-a7f4-f59bd961cf61,1014,103,,3,Keandra,McCarver,16 BIRCKHEAD PL,,TOLEDO,OH,43608-2321
Toledo Auto Care,PRO,aad3590f79ac44aca4f16dc7cb1afedb,7b86615e-d4a4-4823-b7f2-6ca6e2d774cf,1014,103,,3,Ron,Stachowiak,1528 WILDERNESS DR,,MAUMEE,OH,43537-2623
Toledo Auto Care,PRO,aad3590f79ac44aca4f16dc7cb1afedb,98d1934c-7277-4e09-9835-9785e1e212b5,1014,103,,9,Mark,Tucholski,965 FRIES AVE,,TOLEDO,OH,43609-1013
Toledo Auto Care,PRO,aad3590f79ac44aca4f16dc7cb1afedb,42aced9d-b9a9-4f67-8460-dec78ea2dbb3,1014,103,,3,Kelsey,Stanfa,2220 CASS RD,,MAUMEE,OH,43537-2300
Toledo Auto Care,PRO,aad3590f79ac44aca4f16dc7cb1afedb,5e103edf-a9bd-4a41-8456-098542b0d90d,1014,103,,9,Jeff,Maund,4004 SECLUDED RAVINE CT,,MAUMEE,OH,43537-9282
