Shop Name,Software,SID,CID,WSID,WCID,MBdayMo,TBdayMo,First,Last,Address,Address2,City,St,Zip
Toledo Auto Care - Monroe,PRO,3d5591b2efc94b73b7daac6525004764,99318213-9ec0-44a9-bfcc-33ca98cd83c5,1015,103,,9,James,Bailey,2667 DENSMORE DR,,TOLEDO,OH,43606-2902
Toledo Auto Care - Monroe,PRO,3d5591b2efc94b73b7daac6525004764,0e0e7a3f-cff9-4b2a-bd7e-e88acc5b67f4,1015,103,,9,Linley,Pickett,1443 BROOKE PARK DR,,TOLEDO,OH,43612-4182
Toledo Auto Care - Monroe,PRO,3d5591b2efc94b73b7daac6525004764,59c20a91-e62e-4404-b265-bb37f7e2d02a,1015,103,,3,Peg,Kasprzak,5930 COMET AVE,,TOLEDO,OH,43623-1206
Toledo Auto Care - Monroe,PRO,3d5591b2efc94b73b7daac6525004764,69236825-0be1-49f1-ad5b-42540baa1bd8,1015,103,,3,Paul,Fretti,3174 GODDARD RD,,TOLEDO,OH,43606-1826
Toledo Auto Care - Monroe,PRO,3d5591b2efc94b73b7daac6525004764,4701c83d-a922-4f21-be2e-68d2b175988a,1015,103,,3,Brett,Dickey,1724 SECOR RD APT B,,TOLEDO,OH,43607-1152
Toledo Auto Care - Monroe,PRO,3d5591b2efc94b73b7daac6525004764,4a515055-af6f-494d-9cef-af666853a2d4,1015,103,,9,Gary,Beadle,6941 STREAMVIEW DR,,LAMBERTVILLE,MI,48144-9758
Toledo Auto Care - Monroe,PRO,3d5591b2efc94b73b7daac6525004764,eff58e11-b4ab-402a-b90b-490c8691a3a5,1015,103,,9,Wendy,Chambers,1512 SUPERIOR ST,,GENOA,OH,43430-1322
Toledo Auto Care - Monroe,PRO,3d5591b2efc94b73b7daac6525004764,672378ca-8103-4f1e-9f8d-0afa7e019afb,1015,103,,9,Ben,Maloney,3135 HOPEWELL PL,,TOLEDO,OH,43606-3107
Toledo Auto Care - Monroe,PRO,3d5591b2efc94b73b7daac6525004764,74ee9e55-3321-4b7a-af52-e6d03168697d,1015,103,,9,Meadows,Florist,10844 HAROLD DR,,LUNA PIER,MI,48157-9744
Toledo Auto Care - Monroe,PRO,3d5591b2efc94b73b7daac6525004764,4b7a8c5f-de44-42b6-8365-c108e330f9d3,1015,103,,9,Bobby,Kimbrough,3131 MEADOWBROOK CT LOWR LEVEL,,TOLEDO,OH,43606-2119
Toledo Auto Care - Monroe,PRO,3d5591b2efc94b73b7daac6525004764,abb71e1a-0684-4688-9381-734f0d07028c,1015,103,,9,Sonsoles,Llodra,2271 PARKWOOD AVE,,TOLEDO,OH,43620-1136
Toledo Auto Care - Monroe,PRO,3d5591b2efc94b73b7daac6525004764,8555ebef-bfe0-4391-b2d9-6a28fc01b7cb,1015,103,,3,Advantage,Industrial,2768 FRONT ST,,TOLEDO,OH,43605-1002
Toledo Auto Care - Monroe,PRO,3d5591b2efc94b73b7daac6525004764,d084ca91-a5b9-454a-8466-d01a2241be90,1015,103,,9,Extreme,Class Limo,3561 TRUMAN RD LOT 18,,PERRYSBURG,OH,43551-9554
Toledo Auto Care - Monroe,PRO,3d5591b2efc94b73b7daac6525004764,50c25c38-a5d6-4b0f-97e5-e35808f38350,1015,103,,9,Shanno,Wilson,1956 W ALEXIS RD APT 502,,TOLEDO,OH,43613-5407
Toledo Auto Care - Monroe,PRO,3d5591b2efc94b73b7daac6525004764,601a4f8c-f17c-4c3b-a9b2-f92835bfb93f,1015,103,,3,Jack,Hopkins,1015 MACKOW DR,,TOLEDO,OH,43607-3061
Toledo Auto Care - Monroe,PRO,3d5591b2efc94b73b7daac6525004764,cf4a3b92-39ed-4172-ad54-4bc89515fedf,1015,103,,9,Buckeye,Broadband,4818 ANGOLA RD,,TOLEDO,OH,43615-6411
Toledo Auto Care - Monroe,PRO,3d5591b2efc94b73b7daac6525004764,cbfbb708-2230-4c97-8baf-9f556611861e,1015,103,,9,Chrstian,Stanchik,1421 CLAIRMONT ST,,ERIE,MI,48133-9644
Toledo Auto Care - Monroe,PRO,3d5591b2efc94b73b7daac6525004764,e0b56c88-f15f-44f4-9b6b-bd76f7a499d6,1015,103,,3,Karie,Peralta,3811 ELMHURST RD,,TOLEDO,OH,43613-4209
Toledo Auto Care - Monroe,PRO,3d5591b2efc94b73b7daac6525004764,e9a972d7-ab9c-453d-a35b-5a0534791716,1015,103,,3,Tracy,Trombley,518 WAMBA AVE,,TOLEDO,OH,43607-3336
Toledo Auto Care - Monroe,PRO,3d5591b2efc94b73b7daac6525004764,e929d752-f269-43da-b4a9-a33cfcaa6565,1015,103,,3,Sierra,Trombley,636 PINE VALLEY LN,,TOLEDO,OH,43615-8204
Toledo Auto Care - Monroe,PRO,3d5591b2efc94b73b7daac6525004764,9a30c052-a8d4-47e3-b4d8-74a74338ee6c,1015,103,,3,David,Clay,3510 MAXWELL RD,,TOLEDO,OH,43606-1921
Toledo Auto Care - Monroe,PRO,3d5591b2efc94b73b7daac6525004764,edf7e4fb-eb92-4437-b0fd-b5f047467ab0,1015,103,,9,Jake,Lawniczak,5863 MERLE ST,,TOLEDO,OH,43623-1142
Toledo Auto Care - Monroe,PRO,3d5591b2efc94b73b7daac6525004764,6143d4fb-89ef-47ec-a631-87f2bf24d576,1015,103,,3,Samantha,Hall,1950 STARR AVE,,TOLEDO,OH,43605-2542
Toledo Auto Care - Monroe,PRO,3d5591b2efc94b73b7daac6525004764,e613f952-03c0-4fcf-a892-81108839fbe2,1015,103,,3,Doug,Ziemke,128 MANAKIKI DR,,HOLLAND,OH,43528-7838
Toledo Auto Care - Monroe,PRO,3d5591b2efc94b73b7daac6525004764,12a43cd4-737e-413e-94a1-35adb1b1fb9b,1015,103,,9,Tara,Coker,2218 PORTSMOUTH AVE,,TOLEDO,OH,43613-4417
Toledo Auto Care - Monroe,PRO,3d5591b2efc94b73b7daac6525004764,b18b2e84-7af9-4b1b-af7b-9893beebcd01,1015,103,,9,Erica,Demey,3932 ROHR DR,,TOLEDO,OH,43613-4114
Toledo Auto Care - Monroe,PRO,3d5591b2efc94b73b7daac6525004764,0dbbad84-65c8-4147-91f9-36cdebcfb413,1015,103,,3,Ralph,Peters,4425 TALMADGE RD APT 11,,TOLEDO,OH,43623-3521
Toledo Auto Care - Monroe,PRO,3d5591b2efc94b73b7daac6525004764,c7524d2c-7324-4426-86d9-fe3d2b61c455,1015,103,,3,Sandy,Saylor,4702 VIOLET RD APT 50,,TOLEDO,OH,43623-4328
Toledo Auto Care - Monroe,PRO,3d5591b2efc94b73b7daac6525004764,b80df4d0-5584-457b-beb1-d88a157df36a,1015,103,,3,Kate,Williams,9993 SUMMERFIELD RD,,TEMPERANCE,MI,48182-9703
Toledo Auto Care - Monroe,PRO,3d5591b2efc94b73b7daac6525004764,4f5a0dae-5c83-4d9b-bb92-edf75f8059b4,1015,103,,9,Chris,Rodkey,1233 W STATE LINE RD,,TOLEDO,OH,43612-4238
Toledo Auto Care - Monroe,PRO,3d5591b2efc94b73b7daac6525004764,a9b1dc4b-c1f0-4408-8658-fcb704ae13f0,1015,103,,9,Moe,Giard,2658 CHELTENHAM RD,,TOLEDO,OH,43606-3035
Toledo Auto Care - Monroe,PRO,3d5591b2efc94b73b7daac6525004764,2be90d18-eee1-435c-b01a-e0d6f8fcd89d,1015,103,,9,Steve,Flores,3248 MEADOWBROOK CT,,TOLEDO,OH,43606-2121
Toledo Auto Care - Monroe,PRO,3d5591b2efc94b73b7daac6525004764,67e8b438-0e40-4e0c-b39e-781f9a0683b8,1015,103,,3,Michael,Smith,2342 HINDE RD,,TOLEDO,OH,43607-3518
Toledo Auto Care - Monroe,PRO,3d5591b2efc94b73b7daac6525004764,25727492-2293-4190-aede-1b714bb00368,1015,103,,9,Tim,Wilson,105 WASHINGTON ST,,DELTA,OH,43515-1433
Toledo Auto Care - Monroe,PRO,3d5591b2efc94b73b7daac6525004764,2f2b7995-8c0e-491c-b21f-7a80d326806c,1015,103,,3,Annamae,Szyskoweki,3611 LAKEPOINTE DR APT 201,,NORTHWOOD,OH,43619-2172
Toledo Auto Care - Monroe,PRO,3d5591b2efc94b73b7daac6525004764,ca64406a-1aaa-40d1-a496-34ad168b53aa,1015,103,,9,Jay,Adams,2044 ALVIN ST,,TOLEDO,OH,43607-1302
Toledo Auto Care - Monroe,PRO,3d5591b2efc94b73b7daac6525004764,757f8d1b-c9f7-4a4e-a624-e679e49e37fb,1015,103,,3,Justin,Dominique,3650 WOODMONT RD,,TOLEDO,OH,43613-4829
Toledo Auto Care - Monroe,PRO,3d5591b2efc94b73b7daac6525004764,a07e0858-3dd5-475f-a772-b45b12cb3ebc,1015,103,,9,Jack,Byers,4223 MONROE ST APT 1,,TOLEDO,OH,43606-1998
Toledo Auto Care - Monroe,PRO,3d5591b2efc94b73b7daac6525004764,4d257af4-bf11-478f-a48d-25444ac16118,1015,103,,9,Lawrence,Dessner,2718 BARRINGTON DR,,TOLEDO,OH,43606-3001
Toledo Auto Care - Monroe,PRO,3d5591b2efc94b73b7daac6525004764,f5856eb1-1e30-4f51-9764-ad26912fbba7,1015,103,,3,Allen,Yates,2021 LOCUST ST,,TOLEDO,OH,43608-2815
Toledo Auto Care - Monroe,PRO,3d5591b2efc94b73b7daac6525004764,84e6c739-7f92-4e39-a496-d6de5f8afc3e,1015,103,,3,Joe,Easterly II,73 BLOOMFIELD AVE,,TOLEDO,OH,43607-2403
Toledo Auto Care - Monroe,PRO,3d5591b2efc94b73b7daac6525004764,1cd967a6-93e2-475b-9eea-8418bf6093a3,1015,103,,3,Jacob,Estrada,316 N MICHIGAN ST,,TOLEDO,OH,43604-5667
Toledo Auto Care - Monroe,PRO,3d5591b2efc94b73b7daac6525004764,58e9c80f-594e-4e9c-802a-82906bb7905d,1015,103,,3,Arnisha,Lampkin,14 SOUTHARD AVE APT 102,,TOLEDO,OH,43604-5284
Toledo Auto Care - Monroe,PRO,3d5591b2efc94b73b7daac6525004764,75a468ff-fe50-498f-a50a-b7cce6bf4831,1015,103,,9,Aiesha,Parker,6927 OAKFIELD DR,,TOLEDO,OH,43615-4856
Toledo Auto Care - Monroe,PRO,3d5591b2efc94b73b7daac6525004764,7e2985df-c499-44a0-af67-44ae62f3ddda,1015,103,,9,Jerry,Tillman,5918 GULLIVER LN,,TOLEDO,OH,43615-5005
Toledo Auto Care - Monroe,PRO,3d5591b2efc94b73b7daac6525004764,21b8cd6c-c64e-420e-8c4a-178e30159e0a,1015,103,,9,Christina,Estrada,406 MILLER DR,,ALBION,MI,49224-1143
Toledo Auto Care - Monroe,PRO,3d5591b2efc94b73b7daac6525004764,48a1d452-4dcd-436e-b8c8-121aad1fabaf,1015,103,,9,Kyle,Eddy,2255 UNIVERSITY HILLS BLVD APT F106,,TOLEDO,OH,43606-3255
Toledo Auto Care - Monroe,PRO,3d5591b2efc94b73b7daac6525004764,e7ac7410-aae3-4084-b09f-7b8039e9214a,1015,103,,9,Jon,Foster,2059 MANSFIELD RD,,TOLEDO,OH,43613-5126
Toledo Auto Care - Monroe,PRO,3d5591b2efc94b73b7daac6525004764,057ded81-03d5-46ec-944d-8a7e9481a2c2,1015,103,,9,Nancy,Prater,3335 ARLINGTON AVE APT 223,,TOLEDO,OH,43614-2479
Toledo Auto Care - Monroe,PRO,3d5591b2efc94b73b7daac6525004764,22fa5ed2-ed87-4f63-9d96-1fd6e67a2544,1015,103,,3,Korey,Robison,1435 JERSEY RD,,OREGON,OH,43616-3611
Toledo Auto Care - Monroe,PRO,3d5591b2efc94b73b7daac6525004764,f633792b-390d-4361-9e19-991c52698ffb,1015,103,,9,Jennifer,Daley,7812 GINGER GOLD DR,,HOLLAND,OH,43528-8273
Toledo Auto Care - Monroe,PRO,3d5591b2efc94b73b7daac6525004764,d6b6c119-f397-4021-ae04-c5c3ff22cc73,1015,103,,9,Joanna,Scott,3443 GODDARD RD,,TOLEDO,OH,43606-1833
Toledo Auto Care - Monroe,PRO,3d5591b2efc94b73b7daac6525004764,af46fc27-cc99-4917-9897-e5c3a94b92ce,1015,103,,3,Somasundaram,Saravana,3525 SECOR RD APT 424,,TOLEDO,OH,43606-1520
Toledo Auto Care - Monroe,PRO,3d5591b2efc94b73b7daac6525004764,21bdb8df-c81f-407e-ae35-bcd0fe08c566,1015,103,,9,Brandon,Johnston,2662 CHELTENHAM RD,,TOLEDO,OH,43606-3035
Toledo Auto Care - Monroe,PRO,3d5591b2efc94b73b7daac6525004764,969637db-7967-4edb-a4d5-7806cb90cdfc,1015,103,,3,Andy,Enuyen,4201 GARDEN ESTATES DR,,TOLEDO,OH,43623-3412
Toledo Auto Care - Monroe,PRO,3d5591b2efc94b73b7daac6525004764,3e669d0d-69e4-4adb-809a-0d65b69deb1d,1015,103,,9,Todd,Korczynski,2205 CASTLEWOOD DR,,TOLEDO,OH,43613-3903
Toledo Auto Care - Monroe,PRO,3d5591b2efc94b73b7daac6525004764,a34b7889-5501-4567-8b01-5b2824b512db,1015,103,,3,Darryl,Moneyham,4201 N TERRACE VIEW ST APT 230,,TOLEDO,OH,43607-1077
Toledo Auto Care - Monroe,PRO,3d5591b2efc94b73b7daac6525004764,d23f205b-b89a-46ce-9ecf-d4d7b82019be,1015,103,,9,Nicole,Gorski,4435 JACKMAN RD APT 34,,TOLEDO,OH,43612-1565
Toledo Auto Care - Monroe,PRO,3d5591b2efc94b73b7daac6525004764,4fba7280-f8d5-4f52-80d3-e7edd1d37867,1015,103,,3,Jeff,Laraby,2831 ELSIE AVE,,TOLEDO,OH,43613-3337
Toledo Auto Care - Monroe,PRO,3d5591b2efc94b73b7daac6525004764,48b6e236-9dfb-44ea-b354-8f4a1be44e8b,1015,103,,9,Parry,Patel,821 HUNTING CREEK RD,,TEMPERANCE,MI,48182-1589
Toledo Auto Care - Monroe,PRO,3d5591b2efc94b73b7daac6525004764,0bbe27f2-1b0e-491c-a425-d787e69dff6f,1015,103,,3,Amir,Siddique,200 N SAINT CLAIR ST,,TOLEDO,OH,43604-1524
Toledo Auto Care - Monroe,PRO,3d5591b2efc94b73b7daac6525004764,b01b612c-6a3f-488e-aa64-20d5792368fd,1015,103,,9,Thomas,Saxton,3920 ROHR DR,,TOLEDO,OH,43613-4114
Toledo Auto Care - Monroe,PRO,3d5591b2efc94b73b7daac6525004764,542f6ecc-6c73-40a1-b340-8345e92df8ce,1015,103,,3,Chris,McKenzie,4341 BROMLEY DR,,TOLEDO,OH,43623-1515
Toledo Auto Care - Monroe,PRO,3d5591b2efc94b73b7daac6525004764,3e094705-c214-4ccb-88dc-cf1dcd22c33b,1015,103,,3,Dana,Guy,615 CHERRY ST,,TOLEDO,OH,43604-1784
Toledo Auto Care - Monroe,PRO,3d5591b2efc94b73b7daac6525004764,83186b43-b764-4147-bade-8b0b59211fe3,1015,103,,3,Dan,Thompson,605 CUSTER DR,,TOLEDO,OH,43612-3226
Toledo Auto Care - Monroe,PRO,3d5591b2efc94b73b7daac6525004764,e31a31b4-638f-4c9f-81c8-d32b6c020594,1015,103,,3,Pam,Auger,8010 ROSABERRY RUN,,WESTERVILLE,OH,43081-5601
Toledo Auto Care - Monroe,PRO,3d5591b2efc94b73b7daac6525004764,af183e20-af37-4425-bea0-e78ea0569197,1015,103,,3,Mike,Buzene,261 MIDDLEBURY LN,,TOLEDO,OH,43612-4512
Toledo Auto Care - Monroe,PRO,3d5591b2efc94b73b7daac6525004764,23378cf6-b2a0-4cbd-b85a-3f17ecb5463e,1015,103,,3,Michael,Sanchez,230 S COUSINO RD,,OREGON,OH,43616-5827
Toledo Auto Care - Monroe,PRO,3d5591b2efc94b73b7daac6525004764,c1ada60d-fe3e-410a-856c-6327e2d3f658,1015,103,,3,Alex,Reigle,2801 W BANCROFT ST,,TOLEDO,OH,43606-3328
Toledo Auto Care - Monroe,PRO,3d5591b2efc94b73b7daac6525004764,c83c247c-be3e-4fba-9a1d-4bc74438a4bc,1015,103,,3,Juanita,Rosemond,1535 S COVE BLVD UPPR,,TOLEDO,OH,43606-4130
Toledo Auto Care - Monroe,PRO,3d5591b2efc94b73b7daac6525004764,c601ff86-8bdc-40c6-842d-668b9b74820d,1015,103,,3,Franklin,Lincoln,5272 MONROE ST,,TOLEDO,OH,43623-3140
Toledo Auto Care - Monroe,PRO,3d5591b2efc94b73b7daac6525004764,030e2b5e-4ce0-4142-b6a7-c6dc3e7cdb53,1015,103,,3,Kayleigh,Wallenhorst,1120 N WESTWOOD AVE APT 6101,,TOLEDO,OH,43607-3380
Toledo Auto Care - Monroe,PRO,3d5591b2efc94b73b7daac6525004764,4be20574-8e44-462e-8487-ee373762fc04,1015,103,,9,Youns,Alghouleh,6316 W BANCROFT ST APT 7,,TOLEDO,OH,43615-3239
Toledo Auto Care - Monroe,PRO,3d5591b2efc94b73b7daac6525004764,b365d08d-e1ad-437f-a5c8-a0b10583ae15,1015,103,,3,Jared,Stepp,17651 14 MILE RD,,BATTLE CREEK,MI,49014-8931
Toledo Auto Care - Monroe,PRO,3d5591b2efc94b73b7daac6525004764,271da771-d17d-4f17-8f3d-55e77b26cec6,1015,103,,3,Dwight,Henderson,1748 N WESTWOOD AVE APT A,,TOLEDO,OH,43607-1269
Toledo Auto Care - Monroe,PRO,3d5591b2efc94b73b7daac6525004764,66d1db0b-7442-4adb-802c-267dfcedacaa,1015,103,,9,Kole,Buckley,4222 BALTIMORE AVE APT 2R,,PHILADELPHIA,PA,19104-7329
Toledo Auto Care - Monroe,PRO,3d5591b2efc94b73b7daac6525004764,6f0282f9-6559-4ad2-8c17-7721eff7c85d,1015,103,,9,Frame's,Frame's,4947 ALEXIS RD,,SYLVANIA,OH,43560-1647
Toledo Auto Care - Monroe,PRO,3d5591b2efc94b73b7daac6525004764,11a1bac4-7e63-4a12-aebd-acdd80982b24,1015,103,,9,Tramaine,Buchanan,4238 FOXCHAPEL RD,,TOLEDO,OH,43607-2108
Toledo Auto Care - Monroe,PRO,3d5591b2efc94b73b7daac6525004764,d30ae11e-7136-4bfb-9657-4b82a3123181,1015,103,,9,Dayclen,Lee,5123 SECOR RD APT 3,,TOLEDO,OH,43623-2326
Toledo Auto Care - Monroe,PRO,3d5591b2efc94b73b7daac6525004764,215ff40b-6837-491f-b70e-8e293e1d469f,1015,103,,3,Rene,Moreno,1237 YATES ST,,TOLEDO,OH,43608-2712
Toledo Auto Care - Monroe,PRO,3d5591b2efc94b73b7daac6525004764,a9836fa1-df5e-459b-a5af-6f50b938a781,1015,103,,9,Rick,Morrin,5413 S GLASTONBERRY RD,,TOLEDO,OH,43613-2318
Toledo Auto Care - Monroe,PRO,3d5591b2efc94b73b7daac6525004764,551951a4-36a5-406a-abf6-4ef485420fc9,1015,103,,9,Cheryl,Allen,4156 GRANTLEY RD,,TOLEDO,OH,43613-3734
Toledo Auto Care - Monroe,PRO,3d5591b2efc94b73b7daac6525004764,f99fc375-1191-4fae-9ff4-434e956fcc9f,1015,103,,9,Eugenia,Russell,2065 W BANCROFT ST,,TOLEDO,OH,43607-1525
Toledo Auto Care - Monroe,PRO,3d5591b2efc94b73b7daac6525004764,3933a8eb-e3d9-43cf-add2-b30eb2ce52bc,1015,103,,3,Rakeya,Dubose,521 CINCINNATI ST,,TOLEDO,OH,43611-3611
Toledo Auto Care - Monroe,PRO,3d5591b2efc94b73b7daac6525004764,81b0a074-7fc3-4baf-86b2-2f155cd1d55c,1015,103,,3,Taylor,Johnson,4311 RIVER RD,,TOLEDO,OH,43614-5531
Toledo Auto Care - Monroe,PRO,3d5591b2efc94b73b7daac6525004764,a2c1b43d-5314-4bac-b07e-d017bfd629fb,1015,103,,9,Jerry,Howard,3101 W SYLVANIA AVE,,TOLEDO,OH,43613-4130
Toledo Auto Care - Monroe,PRO,3d5591b2efc94b73b7daac6525004764,2e9bde83-1aef-4698-af33-cc8fe5a40e9d,1015,103,,3,Terri,Turner,1959 CHALICE WAY,,TOLEDO,OH,43613-2230
Toledo Auto Care - Monroe,PRO,3d5591b2efc94b73b7daac6525004764,5f6a2b19-5703-4901-9534-3e50331a6171,1015,103,,3,Josh,Cox,351 SENTRY HILL RD,,TOLEDO,OH,43615-5422
Toledo Auto Care - Monroe,PRO,3d5591b2efc94b73b7daac6525004764,2c420b48-3f12-42b5-9a8b-efa80ad451ea,1015,103,,9,Mike,Lain,6012 VILLAMAR RD,,TOLEDO,OH,43611-1032
Toledo Auto Care - Monroe,PRO,3d5591b2efc94b73b7daac6525004764,0537525d-653c-4888-b31a-fb87b09e2907,1015,103,,3,Wayne,Huyghe,3847 GREENVIEW DR,,TOLEDO,OH,43606-1020
Toledo Auto Care - Monroe,PRO,3d5591b2efc94b73b7daac6525004764,d44ca0d9-2206-42e4-a58d-7e716bd84606,1015,103,,9,Kayleigh,Edmonds,1150 FOUR SEASONS DR APT 4,,TOLEDO,OH,43615-9202
Toledo Auto Care - Monroe,PRO,3d5591b2efc94b73b7daac6525004764,7c0d136a-bfe6-4cae-a797-167a42326b24,1015,103,,3,Jennifer,Fields,5557 MARRIAT RD,,TOLEDO,OH,43615-3507
Toledo Auto Care - Monroe,PRO,3d5591b2efc94b73b7daac6525004764,4f14fb9b-a4ff-464d-b140-c88731a4f86d,1015,103,,3,Heil,Gary,1180 HIDDEN RIDGE RD,,TOLEDO,OH,43615-6752
Toledo Auto Care - Monroe,PRO,3d5591b2efc94b73b7daac6525004764,d20d030f-02c8-4bac-ad60-bfd9bc8e3527,1015,103,,9,Skyler,Dieselberg,538 SILVERTON CT,,COLORADO SPRINGS,CO,80919-2020
Toledo Auto Care - Monroe,PRO,3d5591b2efc94b73b7daac6525004764,a8b451d3-16c1-439e-9e14-c071d826871d,1015,103,,9,Jaelyn,Cunningham,67 OTTAWA LANDINGS DR,,TOLEDO,OH,43607-2449
Toledo Auto Care - Monroe,PRO,3d5591b2efc94b73b7daac6525004764,40e53c90-cbbe-44c5-a0e1-abf586fdd4c5,1015,103,,9,Jonah,Beale,4558 WILLYS PKWY,,TOLEDO,OH,43612-2273
Toledo Auto Care - Monroe,PRO,3d5591b2efc94b73b7daac6525004764,565c86e7-4188-4cae-a9b1-9b8b2c24162d,1015,103,,9,Cheyenne,Nutter,3035 MARVIN AVE APT D,,TOLEDO,OH,43606-1708
Toledo Auto Care - Monroe,PRO,3d5591b2efc94b73b7daac6525004764,4edb32ca-d30a-4194-8027-0eef35e5818f,1015,103,,9,Juan,Raismendy,1010 ELYSIAN AVE,,TOLEDO,OH,43607-3219
Toledo Auto Care - Monroe,PRO,3d5591b2efc94b73b7daac6525004764,b800b681-8446-436b-831d-0c920a9ad1da,1015,103,,3,Sherryanne,Ark,5742 BENNETT RD,,TOLEDO,OH,43612-5101
Toledo Auto Care - Monroe,PRO,3d5591b2efc94b73b7daac6525004764,8b0800ba-f62a-42fb-b41c-e654980ad941,1015,103,,3,Al,Slaughter,952 FRANCIS AVE,,TOLEDO,OH,43609-1914
Toledo Auto Care - Monroe,PRO,3d5591b2efc94b73b7daac6525004764,2ac6c4b1-c6ad-4d69-80a3-cfa18b7ef8c9,1015,103,,9,Michael,Taormina,4700 VIOLET RD APT 69,,TOLEDO,OH,43623-4332
Toledo Auto Care - Monroe,PRO,3d5591b2efc94b73b7daac6525004764,2ec2944a-fcb3-40e5-8a8f-0a516143da9a,1015,103,,3,Rose,Picott,7100 S WILKINSON WAY APT 330,,PERRYSBURG,OH,43551-2589
Toledo Auto Care - Monroe,PRO,3d5591b2efc94b73b7daac6525004764,30931be3-3c34-4b1b-8602-c77231c59b6f,1015,103,,3,Shawn,Traster,421 LINCOLN ST,,ELMORE,OH,43416-9597
Toledo Auto Care - Monroe,PRO,3d5591b2efc94b73b7daac6525004764,b9a1b781-4300-4061-95a0-2ec720944949,1015,103,,3,Chelsea,Baidel,2617 GRACEWOOD RD,,TOLEDO,OH,43613-3340
Toledo Auto Care - Monroe,PRO,3d5591b2efc94b73b7daac6525004764,2d04a087-7e2f-45e7-92ee-d0086d7f2f15,1015,103,,9,Tom,Osswald,6150 HIDDENBROOK DR,,TOLEDO,OH,43613-1523
Toledo Auto Care - Monroe,PRO,3d5591b2efc94b73b7daac6525004764,a8de1546-82fd-436a-ae01-caff415f3fd7,1015,103,,9,Ron,Smith,2673 KENDALE DR APT 202,,TOLEDO,OH,43606-3513
Toledo Auto Care - Monroe,PRO,3d5591b2efc94b73b7daac6525004764,95023abd-3986-4cc5-acfa-b366d060e24b,1015,103,,9,Juan,Aguilar,2170 S BERKEY SOUTHERN RD,,SWANTON,OH,43558-9690
Toledo Auto Care - Monroe,PRO,3d5591b2efc94b73b7daac6525004764,d057f5d7-b5e5-4c1d-aaca-660bcb6d0b34,1015,103,,9,Tony,Rivers,1765 HAMILTON ST,,TOLEDO,OH,43607-4383
Toledo Auto Care - Monroe,PRO,3d5591b2efc94b73b7daac6525004764,ae1e7001-94a4-4fe1-b8bb-d338dee2f870,1015,103,,9,Marilyn,Pfleger,2756 128TH ST,,TOLEDO,OH,43611-2203
Toledo Auto Care - Monroe,PRO,3d5591b2efc94b73b7daac6525004764,7ded5f6e-b61b-4af6-91dd-61c314aba923,1015,103,,9,Brian,Weaver,111 EARL ST,,WALBRIDGE,OH,43465-1111
Toledo Auto Care - Monroe,PRO,3d5591b2efc94b73b7daac6525004764,4e4dbe95-4979-478c-b5e9-d21c9b15fb59,1015,103,,9,Joe,Tibbals,4814 HANNAFORD DR,,TOLEDO,OH,43623-3903
Toledo Auto Care - Monroe,PRO,3d5591b2efc94b73b7daac6525004764,697d5be9-172c-4e48-9ca9-f796db4ad28c,1015,103,,9,Alex,Kaminski,5600 ALEXIS RD APT 141,,SYLVANIA,OH,43560-2308
Toledo Auto Care - Monroe,PRO,3d5591b2efc94b73b7daac6525004764,984073ca-664a-4628-855b-29b3dca10dbd,1015,103,,9,Clark,Woods,6045 STEWART RD,,SYLVANIA,OH,43560-1543
Toledo Auto Care - Monroe,PRO,3d5591b2efc94b73b7daac6525004764,7cd41de3-3555-47a9-b418-ef83ff1918a1,1015,103,,9,Stacey,Fletcher,6052 SADDLEWOOD DR,,TOLEDO,OH,43613-1608
Toledo Auto Care - Monroe,PRO,3d5591b2efc94b73b7daac6525004764,3195a1fe-910d-449f-8bc1-e1d78179d684,1015,103,,3,Nakyah,Upshaw,2340 TORREY HILL DR,,TOLEDO,OH,43606-4381
Toledo Auto Care - Monroe,PRO,3d5591b2efc94b73b7daac6525004764,725142df-18d3-4c01-9c9d-513b5f2a45a4,1015,103,,9,Todd,Shinn,1135 BUCK RD,,ROSSFORD,OH,43460-1603
Toledo Auto Care - Monroe,PRO,3d5591b2efc94b73b7daac6525004764,b7bc1d5d-d9a0-4381-94bc-1c293117070a,1015,103,,3,Jesse,Reese,4159 N LOCKWOOD AVE,,TOLEDO,OH,43612-1744
Toledo Auto Care - Monroe,PRO,3d5591b2efc94b73b7daac6525004764,15d75d30-6bbd-4d8a-99fe-de383ccc8023,1015,103,,9,Justin,Rose,1804 N WESTWOOD AVE,,TOLEDO,OH,43607-1279
Toledo Auto Care - Monroe,PRO,3d5591b2efc94b73b7daac6525004764,12fb32c1-9e9e-41fe-9c92-179cf86b5874,1015,103,,3,Monjed,Assad,4307 ELMHURST RD,,TOLEDO,OH,43613-3729
Toledo Auto Care - Monroe,PRO,3d5591b2efc94b73b7daac6525004764,3eeaa064-fc25-4e6c-a60d-c35309c0845f,1015,103,,3,Alisha,Liedel,3009 COFFEETREE LN,,SYLVANIA,OH,43560-1288
Toledo Auto Care - Monroe,PRO,3d5591b2efc94b73b7daac6525004764,8b8e3aeb-cbf5-4fe8-84ec-f15a929a03fc,1015,103,,9,Brittney,Houttekier,4037 BOWEN RD,,TOLEDO,OH,43613-3801
Toledo Auto Care - Monroe,PRO,3d5591b2efc94b73b7daac6525004764,6c0b1167-1cd2-4aba-8d16-3195aa1fa123,1015,103,,3,Gerald,Harris,2204 KENWOOD BLVD,,TOLEDO,OH,43606-3702
Toledo Auto Care - Monroe,PRO,3d5591b2efc94b73b7daac6525004764,73e3f5e5-c0f2-4cb6-afee-3ede5ce7cc47,1015,103,,3,Chance,Chrisman,3217 SAINT BERNARD DR,,TOLEDO,OH,43606-2160
Toledo Auto Care - Monroe,PRO,3d5591b2efc94b73b7daac6525004764,fac42318-7646-4b65-8904-4e6e5f5360f1,1015,103,,9,Tracy,Lutman,1129 SHADOW LN,,TOLEDO,OH,43615-8219
Toledo Auto Care - Monroe,PRO,3d5591b2efc94b73b7daac6525004764,a6d03044-5d86-4809-8c50-8205d5e51e28,1015,103,,3,Charley,Vollmer,6146 MERLE ST,,TOLEDO,OH,43623-1149
Toledo Auto Care - Monroe,PRO,3d5591b2efc94b73b7daac6525004764,6518a806-be3f-49be-9def-6f661986e9b8,1015,103,,9,Krista,Lampkin,3143 ALDRINGHAM RD,,TOLEDO,OH,43606-1811
Toledo Auto Care - Monroe,PRO,3d5591b2efc94b73b7daac6525004764,2152ad22-b772-4f50-9a3f-6bdfcb4c45e9,1015,103,,9,Barbara,Costen,4151 EMMAJEAN RD,,TOLEDO,OH,43607-1073
Toledo Auto Care - Monroe,PRO,3d5591b2efc94b73b7daac6525004764,d0711cad-036d-43e6-aedc-eb37fda39649,1015,103,,3,Grant,Holdridge,4250 GARRISON RD,,TOLEDO,OH,43613-3706
Toledo Auto Care - Monroe,PRO,3d5591b2efc94b73b7daac6525004764,b7866727-c277-4220-8191-05216da690b9,1015,103,,3,Chanelle,Hardy,1019 PINEWOOD AVE,,TOLEDO,OH,43607-4057
Toledo Auto Care - Monroe,PRO,3d5591b2efc94b73b7daac6525004764,59294ae4-01a4-46ee-ae8c-4c14c0bb6887,1015,103,,9,Ruby,Lehman,7367 EAGLESTONE BLVD APT 53,,LAMBERTVILLE,MI,48144-8649
Toledo Auto Care - Monroe,PRO,3d5591b2efc94b73b7daac6525004764,6ec139bb-cbf8-42d1-8db0-8832c0409faa,1015,103,,9,Mike,Rosendaul,2623 THOMAN PL,,TOLEDO,OH,43613-3842
Toledo Auto Care - Monroe,PRO,3d5591b2efc94b73b7daac6525004764,5a841206-0cdf-4f35-8153-25b9ce8605af,1015,103,,9,Floyd,Akins,3426 DARLINGTON RD,,TOLEDO,OH,43606-2438
Toledo Auto Care - Monroe,PRO,3d5591b2efc94b73b7daac6525004764,157da6f7-db63-4f03-9f8a-1d19c8a3659d,1015,103,,3,Kenneth,Taylor,2124 KENSINGTON RD,,TOLEDO,OH,43607-1359
Toledo Auto Care - Monroe,PRO,3d5591b2efc94b73b7daac6525004764,42461e68-c684-4a4e-9482-1315cc5a0c45,1015,103,,3,Ky,Knoch,331 S MERCER RD,,BOWLING GREEN,OH,43402-3379
Toledo Auto Care - Monroe,PRO,3d5591b2efc94b73b7daac6525004764,f5acd3b1-204f-4698-b5e3-f3d9e9503060,1015,103,,3,Angela,Matthews,537 W CENTRAL AVE,,TOLEDO,OH,43610-1606
Toledo Auto Care - Monroe,PRO,3d5591b2efc94b73b7daac6525004764,c6cfc51c-e61e-4a45-8145-a62778e77523,1015,103,,3,Denise,Butler,1121 CITY PARK AVE,,TOLEDO,OH,43604-8017
Toledo Auto Care - Monroe,PRO,3d5591b2efc94b73b7daac6525004764,690355e1-d416-4e39-ae92-e0854870a109,1015,103,,9,Mike,Urbine,4159 GARRISON RD,,TOLEDO,OH,43613-3703
Toledo Auto Care - Monroe,PRO,3d5591b2efc94b73b7daac6525004764,c69d15a1-6dbf-44c7-a56f-34199e059dda,1015,103,,3,Lisa,Stout,2160 MARLOW RD,,TOLEDO,OH,43613-5135
Toledo Auto Care - Monroe,PRO,3d5591b2efc94b73b7daac6525004764,09f01d13-9153-4737-81af-00eed59b7e46,1015,103,,3,Greg,Haueter,3943 BOWEN RD,,TOLEDO,OH,43613-4319
Toledo Auto Care - Monroe,PRO,3d5591b2efc94b73b7daac6525004764,2ca1d12a-5c29-497d-b7e8-bdf330ebb3e9,1015,103,,3,Lois,Nelson,616 MCINTYRE LN,,MAUMEE,OH,43537-2425
Toledo Auto Care - Monroe,PRO,3d5591b2efc94b73b7daac6525004764,d7e41d7f-80e4-4cbf-9e2b-4881d4c074cb,1015,103,,3,Ann,Link,3355 W LASKEY RD APT 17,,TOLEDO,OH,43623-4040
Toledo Auto Care - Monroe,PRO,3d5591b2efc94b73b7daac6525004764,1df714bd-9189-45b5-a561-e293973c9dce,1015,103,,3,Fiaiswa,Harris,2061 W ALEXIS RD APT F10,,TOLEDO,OH,43613-5420
Toledo Auto Care - Monroe,PRO,3d5591b2efc94b73b7daac6525004764,7b80f4f7-fb27-45b0-9d7a-03de6f88a1b7,1015,103,,9,Roger,Bressler,3332 QUEENSWOOD BLVD,,TOLEDO,OH,43606-1127
Toledo Auto Care - Monroe,PRO,3d5591b2efc94b73b7daac6525004764,5b1e16d7-e4d1-45f6-a3d1-5198c1a2e006,1015,103,,3,John,Batzke,1001 N BYRNE RD,,TOLEDO,OH,43607-2771
Toledo Auto Care - Monroe,PRO,3d5591b2efc94b73b7daac6525004764,5ca15737-9311-4daf-aeb4-c872d76a4567,1015,103,,3,Krystal,Jones,2038 PARKSIDE BLVD,,TOLEDO,OH,43607-1554
Toledo Auto Care - Monroe,PRO,3d5591b2efc94b73b7daac6525004764,cee47a72-620f-4234-a706-e88cb98e10d3,1015,103,,9,Mitchell,Pollock,2212 W SYLVANIA AVE,,TOLEDO,OH,43613-4439
Toledo Auto Care - Monroe,PRO,3d5591b2efc94b73b7daac6525004764,4708e0b1-1746-48d0-9ade-eed69200d5f0,1015,103,,3,Stanley,Henson,6059 GREENACRE RD,,TOLEDO,OH,43615-1013
Toledo Auto Care - Monroe,PRO,3d5591b2efc94b73b7daac6525004764,599d7a5a-4c12-4952-b041-261e310e0256,1015,103,,9,Kathleen,Tomasewski,3902 DRUMMOND RD,,TOLEDO,OH,43613-4208
Toledo Auto Care - Monroe,PRO,3d5591b2efc94b73b7daac6525004764,348ae38b-858b-462d-b5c8-9225f3171891,1015,103,,3,Sharmara,Jones,2316 COUNTRY SQUIRE LN,,TOLEDO,OH,43615-2733
Toledo Auto Care - Monroe,PRO,3d5591b2efc94b73b7daac6525004764,238db339-ae6c-488d-a3b5-97cb07bc3404,1015,103,,3,Balil,Rasheed,4702 VIOLET RD APT 56,,TOLEDO,OH,43623-4329
Toledo Auto Care - Monroe,PRO,3d5591b2efc94b73b7daac6525004764,b8af240d-a1ea-41df-a9f8-76b806af3abb,1015,103,,3,Lewis,Keith,3335 PARKWOOD AVE,,TOLEDO,OH,43610-1153
Toledo Auto Care - Monroe,PRO,3d5591b2efc94b73b7daac6525004764,34c18cf0-220b-46bc-8bc1-aa102179bdc3,1015,103,,9,Matt,Sartor,3418 MIDDLESEX DR APT B,,TOLEDO,OH,43606-1770
Toledo Auto Care - Monroe,PRO,3d5591b2efc94b73b7daac6525004764,986c4fff-0cd3-431f-8568-ba00d4cccfbc,1015,103,,3,Illianas,Ornstein,6822 CARRIETOWNE LN,,TOLEDO,OH,43617-1268
Toledo Auto Care - Monroe,PRO,3d5591b2efc94b73b7daac6525004764,0ced7061-dca9-48a0-9f30-e8147cedf52f,1015,103,,9,Jim,Fuhrman,3650 WOODLEY RD,,TOLEDO,OH,43606-1157
Toledo Auto Care - Monroe,PRO,3d5591b2efc94b73b7daac6525004764,b14e7856-5a88-43da-9e9f-2df8b0a3ac0b,1015,103,,9,Lynn,France,5730 CHIPPEWA RD,,TOLEDO,OH,43613-1802
Toledo Auto Care - Monroe,PRO,3d5591b2efc94b73b7daac6525004764,c3c8323a-d092-47b2-bf4d-b2d736a110b0,1015,103,,3,Brenda,Wood,5616 BANNOCKBURN DR,,TOLEDO,OH,43623-1715
Toledo Auto Care - Monroe,PRO,3d5591b2efc94b73b7daac6525004764,7ebe7db6-ecf1-46ee-9c6f-a1b0ee11e91d,1015,103,,9,Damond,Pettaway,575 VIKING ST,,TOLEDO,OH,43605-2605
Toledo Auto Care - Monroe,PRO,3d5591b2efc94b73b7daac6525004764,e9b9a974-629f-4944-921e-d01873836c8d,1015,103,,3,Chuck,Schlageter,7334 WICKLOW WOODS DR,,SYLVANIA,OH,43560-3848
Toledo Auto Care - Monroe,PRO,3d5591b2efc94b73b7daac6525004764,e933d6ac-3b70-4221-84aa-34f0f9b75293,1015,103,,9,Steven,Darmofal,3909 WOODMONT RD,,TOLEDO,OH,43613-4325
Toledo Auto Care - Monroe,PRO,3d5591b2efc94b73b7daac6525004764,028454c5-e5fb-4ee9-a072-809a44899087,1015,103,,3,Stanley,Bruno,8073 TRENT LOCK DR,,WATERVILLE,OH,43566-9417
Toledo Auto Care - Monroe,PRO,3d5591b2efc94b73b7daac6525004764,7174b152-26b4-4ef6-8001-c9cfbd355b89,1015,103,,9,Ethan,Parish,2355 GODDARD RD,,TOLEDO,OH,43606-3237
Toledo Auto Care - Monroe,PRO,3d5591b2efc94b73b7daac6525004764,85c93b4c-d099-44b2-88f3-307495aca0de,1015,103,,3,Rachel,Gilbert,2847 GROVELAND RD APT 5,,TOLEDO,OH,43606-1918
Toledo Auto Care - Monroe,PRO,3d5591b2efc94b73b7daac6525004764,eecff23c-3c0a-4e00-a73c-9211a6229914,1015,103,,9,Deasia,King,3814 WATSON AVE,,TOLEDO,OH,43612-1112
Toledo Auto Care - Monroe,PRO,3d5591b2efc94b73b7daac6525004764,ba0c26a8-0a0b-4269-be9c-c795e6f4e07e,1015,103,,9,Larry,Pitzer,2847 GROVELAND RD,,TOLEDO,OH,43606-1940
Toledo Auto Care - Monroe,PRO,3d5591b2efc94b73b7daac6525004764,cb29a18a-c6a8-4dcb-b9f2-c39a0574c131,1015,103,,9,Leon,Coleman,2049 MANSFIELD RD,,TOLEDO,OH,43613-5126
Toledo Auto Care - Monroe,PRO,3d5591b2efc94b73b7daac6525004764,ff8bd6e5-0f9b-44df-a5c7-ab41dfc08b21,1015,103,,9,Andrew,Odesky,7332 GRENLOCK DR,,SYLVANIA,OH,43560-1170
Toledo Auto Care - Monroe,PRO,3d5591b2efc94b73b7daac6525004764,d66adaff-8ec5-4775-bbde-df9541523fb3,1015,103,,9,Ren,Kovich,2801 CHESTNUT ST,,TOLEDO,OH,43608-2460
Toledo Auto Care - Monroe,PRO,3d5591b2efc94b73b7daac6525004764,082f2ad7-2706-472e-b35a-bf31cb3b3b78,1015,103,,3,Karla,Moreno,3331 1ST AVE APT 3,,SACRAMENTO,CA,95817-2073
Toledo Auto Care - Monroe,PRO,3d5591b2efc94b73b7daac6525004764,4cc7f297-4466-47d5-b96c-970bf84474ad,1015,103,,9,Sean,OHearn,2321 CASTLEWOOD DR,,TOLEDO,OH,43613-3922
Toledo Auto Care - Monroe,PRO,3d5591b2efc94b73b7daac6525004764,ee6557cc-ed21-45cd-b9b8-116fb257add2,1015,103,,9,Garrett,Bell,842 OGDEN AVE,,TOLEDO,OH,43609-3034
Toledo Auto Care - Monroe,PRO,3d5591b2efc94b73b7daac6525004764,58b320da-f99f-4358-964d-58a9857fb04e,1015,103,,9,Justine,Hart,4923 HARVEST LN,,TOLEDO,OH,43623-3867
Toledo Auto Care - Monroe,PRO,3d5591b2efc94b73b7daac6525004764,2d32ad25-9748-4fe2-be4e-2173b4cafb04,1015,103,,3,Alan,Grant,2672 ALGONQUIN PKWY,,TOLEDO,OH,43606-3708
Toledo Auto Care - Monroe,PRO,3d5591b2efc94b73b7daac6525004764,4195c881-fe84-40f2-9356-db2d07d46063,1015,103,,9,Matt,Alvaro,4122 WILLIS BLVD,,TOLEDO,OH,43623-4306
Toledo Auto Care - Monroe,PRO,3d5591b2efc94b73b7daac6525004764,77191c01-135e-421f-8bc3-cb74c969e6fd,1015,103,,3,Melissa,Sullivan,3744 WOODMONT RD,,TOLEDO,OH,43613-4831
Toledo Auto Care - Monroe,PRO,3d5591b2efc94b73b7daac6525004764,aa6fb457-a130-4178-ae20-3bdc1c762821,1015,103,,3,Nick,Daunhauer,4140 GARRISON RD,,TOLEDO,OH,43613-3704
Toledo Auto Care - Monroe,PRO,3d5591b2efc94b73b7daac6525004764,e8c9dee1-43df-4f64-9d55-c3a1ee40f2b6,1015,103,,3,Chris,Baker,4217 FAIRVIEW DR,,TOLEDO,OH,43612-1832
Toledo Auto Care - Monroe,PRO,3d5591b2efc94b73b7daac6525004764,b7e8647a-a9bc-43c9-88ae-0a5e9b9bd7f2,1015,103,,9,Douglas,Zajac,2205 HEATHERWOOD DR,,TOLEDO,OH,43614-3241
Toledo Auto Care - Monroe,PRO,3d5591b2efc94b73b7daac6525004764,99b2294a-b5e6-429f-8c15-d40523f081ae,1015,103,,9,Austin,Barth,4241 BELMAR AVE,,TOLEDO,OH,43612-2064
Toledo Auto Care - Monroe,PRO,3d5591b2efc94b73b7daac6525004764,82d7fa6e-f73d-441d-ae89-87e553ba011a,1015,103,,3,Bryan,Andrews,3945 HAZELHURST AVE,,TOLEDO,OH,43612-1105
Toledo Auto Care - Monroe,PRO,3d5591b2efc94b73b7daac6525004764,74b1c504-1b5e-4421-a316-8484dfd59919,1015,103,,9,Dennis,Moses,1726 ACORN DR,,TOLEDO,OH,43615-3220
Toledo Auto Care - Monroe,PRO,3d5591b2efc94b73b7daac6525004764,633aea8d-9a9c-43d5-a8bd-6bfa9c56496c,1015,103,,9,Hector,Gutierrez,2704 THOMAN PL,,TOLEDO,OH,43613-3845
Toledo Auto Care - Monroe,PRO,3d5591b2efc94b73b7daac6525004764,1120bce7-eb2f-40cc-bd9a-46ca076f3b0f,1015,103,,9,Jennifer,Rochkind,1604 PARKSIDE BLVD,,TOLEDO,OH,43607-1549
Toledo Auto Care - Monroe,PRO,3d5591b2efc94b73b7daac6525004764,3c0d18f4-be5d-49d2-b325-3b965841a956,1015,103,,3,Timothy,Reid,5001 SOUTH AVE LOT 149,,TOLEDO,OH,43615-6451
Toledo Auto Care - Monroe,PRO,3d5591b2efc94b73b7daac6525004764,f8d3c0e9-11d0-44bc-8a13-f457dab4ce06,1015,103,,9,David,Peters,3115 BERDAN AVE,,TOLEDO,OH,43613-4703
Toledo Auto Care - Monroe,PRO,3d5591b2efc94b73b7daac6525004764,9f8a0ffb-4f14-4317-ad1f-7dbdf52ac9d8,1015,103,,3,Michelle,Babcock,2401 NEBRASKA AVE,,TOLEDO,OH,43607-3529
Toledo Auto Care - Monroe,PRO,3d5591b2efc94b73b7daac6525004764,87e5cf5c-27ab-4bcd-b688-c2509d615301,1015,103,,3,Felton,Bonner,825 CLEMENTE TRCE,,TOLEDO,OH,43604-8583
Toledo Auto Care - Monroe,PRO,3d5591b2efc94b73b7daac6525004764,a05d4a9e-f5c5-4556-ad84-45527777e1ab,1015,103,,3,John,Morris,4726 PENRIDGE RD,,TOLEDO,OH,43615-1178
Toledo Auto Care - Monroe,PRO,3d5591b2efc94b73b7daac6525004764,cf6c35b3-8516-4039-939c-01ae5219fcda,1015,103,,3,Devin,Ellis,4914 BOWSER DR,,TOLEDO,OH,43613-3006
Toledo Auto Care - Monroe,PRO,3d5591b2efc94b73b7daac6525004764,580e3831-11e6-4040-a32a-1baff2cdd4aa,1015,103,,9,Mary,Harden,2728 ALGONQUIN PKWY,,TOLEDO,OH,43606-3710
Toledo Auto Care - Monroe,PRO,3d5591b2efc94b73b7daac6525004764,66f1459d-c595-4d62-8d0c-61aa93891a0c,1015,103,,9,Pete,Mowry,2501 CHELTENHAM RD,,TOLEDO,OH,43606-3204
Toledo Auto Care - Monroe,PRO,3d5591b2efc94b73b7daac6525004764,32621609-993f-4f43-b5ea-cf12bd304102,1015,103,,9,Co.,Dotson,6848 PROVIDENCE ST # 2429,,WHITEHOUSE,OH,43571-9572
Toledo Auto Care - Monroe,PRO,3d5591b2efc94b73b7daac6525004764,9ae93c40-7577-4d55-9ee6-ffac4051a13e,1015,103,,3,Raelynn,Tackett,5132 YERMO DR,,TOLEDO,OH,43613-2728
Toledo Auto Care - Monroe,PRO,3d5591b2efc94b73b7daac6525004764,37a66d13-57ac-4a51-8d1a-72c1c03dc922,1015,103,,3,Shannon,Wyatt,4128 KINGSMOOR DR,,TOLEDO,OH,43613-3710
Toledo Auto Care - Monroe,PRO,3d5591b2efc94b73b7daac6525004764,6537e45e-281e-45fd-8488-f256b08aeb28,1015,103,,9,Diana,Mussery,920 HILLTOP LN,,TOLEDO,OH,43615-8223
Toledo Auto Care - Monroe,PRO,3d5591b2efc94b73b7daac6525004764,35a7198d-1c64-4451-b2bb-866bdafb2009,1015,103,,3,Jason,Evans,5754 MALLARD POINTE LN,,SYLVANIA,OH,43560-9279
Toledo Auto Care - Monroe,PRO,3d5591b2efc94b73b7daac6525004764,22c4aa57-bf8f-43d5-8e00-9c9f8c907ee1,1015,103,,3,Joan,Smith,1725 BIRDIE DR,,TOLEDO,OH,43615-3207
Toledo Auto Care - Monroe,PRO,3d5591b2efc94b73b7daac6525004764,c16e1e39-8273-4697-95af-b02e25201442,1015,103,,9,Railroad,Industrial,PO BOX 925,,ANGOLA,IN,46703-0925
Toledo Auto Care - Monroe,PRO,3d5591b2efc94b73b7daac6525004764,b9a0b22f-9154-428f-8546-bc3ab116d68e,1015,103,,3,Courtney,Tracy,28325 MAIN ST,,MILLBURY,OH,43447-9487
Toledo Auto Care - Monroe,PRO,3d5591b2efc94b73b7daac6525004764,27ce0941-3d14-4180-af67-931634e0ccdc,1015,103,,3,Michelle,Hanna,3739 GRANTLEY RD,,TOLEDO,OH,43613-4729
Toledo Auto Care - Monroe,PRO,3d5591b2efc94b73b7daac6525004764,fd65c78e-ce10-4b29-8e38-c98436f3d5f8,1015,103,,9,David,Garner,5265 SNOWDEN DR,,TOLEDO,OH,43623-1529
Toledo Auto Care - Monroe,PRO,3d5591b2efc94b73b7daac6525004764,93e3fe46-f747-4d7a-964e-d68172a4cf60,1015,103,,3,Josh,Shefferly,2924 DRUMMOND RD,,TOLEDO,OH,43606-3051
Toledo Auto Care - Monroe,PRO,3d5591b2efc94b73b7daac6525004764,98ec4ce5-3228-4014-8b90-833975607f56,1015,103,,3,Jared,Dupes,2328 DENSMORE DR,,TOLEDO,OH,43606-3169
Toledo Auto Care - Monroe,PRO,3d5591b2efc94b73b7daac6525004764,6b6173d9-b42e-4d3c-a20b-cce5bbed00f6,1015,103,,9,Kenny,Ragland,1625 AVONDALE AVE,,TOLEDO,OH,43607-3909
Toledo Auto Care - Monroe,PRO,3d5591b2efc94b73b7daac6525004764,fb94d9b1-576f-4a17-940c-74024f63445e,1015,103,,3,Jayme,Hoffer,3314 GALLATIN RD,,TOLEDO,OH,43606-2440
