Shop Name,Software,SID,CID,WSID,WCID,MBdayMo,TBdayMo,First,Last,Address,Address2,City,St,Zip
Toledo Auto Care - Monroe,PRO,3d5591b2efc94b73b7daac6525004764,0c1b33f9-c21a-4687-938f-bc8a126750f7,1015,103,9,,Danny,Pierce,4832 OAK GLEN DR,,TOLEDO,OH,43613-3048
Toledo Auto Care - Monroe,PRO,3d5591b2efc94b73b7daac6525004764,b955ad1c-0525-468b-8161-4667e423bec8,1015,103,9,,William,Snyder,610 W CAPISTRANO AVE,,TOLEDO,OH,43612-2443
Toledo Auto Care - Monroe,PRO,3d5591b2efc94b73b7daac6525004764,7a1abd83-58ec-4193-90f3-40d7f72eec63,1015,103,9,,Matt,Jaegle,647 W TEMPERANCE RD,,TEMPERANCE,MI,48182-1657
Toledo Auto Care - Monroe,PRO,3d5591b2efc94b73b7daac6525004764,fe9590ad-8a05-4b43-a315-7f4cccae6845,1015,103,9,,Ed,Scott,5206 ELAINE DR,,TOLEDO,OH,43613-2425
Toledo Auto Care - Monroe,PRO,3d5591b2efc94b73b7daac6525004764,5ba05d95-1b1e-4a2a-9419-7bf5be0afef6,1015,103,9,,Mary,Besteder,1708 FREEMAN ST,,TOLEDO,OH,43606-4445
Toledo Auto Care - Monroe,PRO,3d5591b2efc94b73b7daac6525004764,d70f0a64-cf56-44aa-9241-6694e40348c0,1015,103,9,,Dave,Schoeff,4310 STANNARD DR,,TOLEDO,OH,43613-3624
Toledo Auto Care - Monroe,PRO,3d5591b2efc94b73b7daac6525004764,eca314f1-3083-4025-9e54-cab650182988,1015,103,9,,Ellen,Wisniewski,2704 SECOR RD,,TOLEDO,OH,43606-2939
Toledo Auto Care - Monroe,PRO,3d5591b2efc94b73b7daac6525004764,abfa97be-c9cb-42e9-8dc6-4c34538eb70b,1015,103,9,,Mike,Pokrzywa,3219 BEACHWOOD DR,,OREGON,OH,43616-2307
Toledo Auto Care - Monroe,PRO,3d5591b2efc94b73b7daac6525004764,c4ae3d56-d493-4c3d-9eff-67472a080e99,1015,103,9,,Douglas,Edds,5345 DOUGLAS RD,,TOLEDO,OH,43613-2648
Toledo Auto Care - Monroe,PRO,3d5591b2efc94b73b7daac6525004764,4c10a3e8-c142-4124-99ed-93129de473fb,1015,103,9,,Donald,Kloss,5144 ELAINE DR,,TOLEDO,OH,43613-2423
Toledo Auto Care - Monroe,PRO,3d5591b2efc94b73b7daac6525004764,a075a1ea-d9ff-4fa2-befd-57b97ce058fb,1015,103,9,,Bradley,Allan,2219 CHARLESTOWN AVE UNIT B,,TOLEDO,OH,43613-4406
Toledo Auto Care - Monroe,PRO,3d5591b2efc94b73b7daac6525004764,b240d0ac-3a6d-450d-9a37-35196676c49f,1015,103,9,,Reggie,Scott,837 SOUTHBRIAR RD,,TOLEDO,OH,43607-2561
Toledo Auto Care - Monroe,PRO,3d5591b2efc94b73b7daac6525004764,427b396a-4bad-4ec9-9f9b-fe888307e0ca,1015,103,9,,Renee,Vining,5223 FAIRGREEN DR,,TOLEDO,OH,43613-2405
Toledo Auto Care - Monroe,PRO,3d5591b2efc94b73b7daac6525004764,aaa0f45c-19a9-4c11-9b64-f6623afed9d8,1015,103,9,,Vernon,Cannon,2246 UPTON AVE,,TOLEDO,OH,43606-4359
Toledo Auto Care - Monroe,PRO,3d5591b2efc94b73b7daac6525004764,fa31cc39-db43-4278-8967-14c01019d003,1015,103,9,,Eric,Sherman,1039 HIALEA CT,,HOLLAND,OH,43528-7009
Toledo Auto Care - Monroe,PRO,3d5591b2efc94b73b7daac6525004764,5aa8a694-ff7e-4eea-a877-a7b81edc6b49,1015,103,9,,George,Johnson,2677 MERRIMAC BLVD,,TOLEDO,OH,43606-3641
Toledo Auto Care - Monroe,PRO,3d5591b2efc94b73b7daac6525004764,a7abe755-6b35-48f7-81f2-9add00b43250,1015,103,9,,Dave,Wilde,198 FRANKLIN ST,,BLISSFIELD,MI,49228-1103
Toledo Auto Care - Monroe,PRO,3d5591b2efc94b73b7daac6525004764,76d560a7-865c-4629-992c-d49bfa6640b3,1015,103,9,,Vernon,Kelley,106 E HUDSON ST,,TOLEDO,OH,43608-1108
Toledo Auto Care - Monroe,PRO,3d5591b2efc94b73b7daac6525004764,241a6c90-6a81-4cc3-9562-1167f682b89c,1015,103,9,,Austin,Fankhauser,27695 TRACY RD LOT 464,,WALBRIDGE,OH,43465-9748
Toledo Auto Care - Monroe,PRO,3d5591b2efc94b73b7daac6525004764,5f9b8bcb-d958-4951-ad7a-462dc5f48081,1015,103,9,,Brandon,Walker,7786 HIGHBROOK DR,,MAINEVILLE,OH,45039-7325
Toledo Auto Care - Monroe,PRO,3d5591b2efc94b73b7daac6525004764,96bcf576-0a1e-421b-bb31-152aeba11270,1015,103,9,,Jacqueline,Moreno,1316 UTAH ST,,TOLEDO,OH,43605-3442
Toledo Auto Care - Monroe,PRO,3d5591b2efc94b73b7daac6525004764,5287c71e-f949-456a-911e-f6ae6b8f5133,1015,103,9,,Suzanne,Schmidt,6107 CLOVER LN,,TOLEDO,OH,43623-1134
Toledo Auto Care - Monroe,PRO,3d5591b2efc94b73b7daac6525004764,4e96cf27-5f20-46e6-9027-fc669d09ecf1,1015,103,9,,Craig,Schotter,3224 SCARSBOROUGH RD,,TOLEDO,OH,43615-1610
Toledo Auto Care - Monroe,PRO,3d5591b2efc94b73b7daac6525004764,68267ff2-3e00-47ca-ac3e-dcbfc4beb69d,1015,103,9,,Jim,Bettencourt,2058 W ERIE RD,,TEMPERANCE,MI,48182-9604
Toledo Auto Care - Monroe,PRO,3d5591b2efc94b73b7daac6525004764,a0851619-6ff3-4d4a-aa40-77f45b49c7ef,1015,103,9,,Tremelle,Griswold,1530 BROOKE PARK DR APT 1,,TOLEDO,OH,43612-4124
Toledo Auto Care - Monroe,PRO,3d5591b2efc94b73b7daac6525004764,95aaccfb-cc90-4472-a12a-0cbb27c85779,1015,103,9,,Heather,Todd,2036 BALKAN PL,,TOLEDO,OH,43613-5004
Toledo Auto Care - Monroe,PRO,3d5591b2efc94b73b7daac6525004764,25495e86-1489-4bbe-be00-3678ae381bcc,1015,103,9,,Nate,Greene,1401 S COVE BLVD,,TOLEDO,OH,43606-4256
Toledo Auto Care - Monroe,PRO,3d5591b2efc94b73b7daac6525004764,e76513f7-6228-40d2-aa5c-ac380c850d16,1015,103,9,,Brandon,Breeding,3914 MILL RUN CT,,TOLEDO,OH,43623-3339
Toledo Auto Care - Monroe,PRO,3d5591b2efc94b73b7daac6525004764,8aa9b4a7-287d-4710-805f-2a1b9f439d5e,1015,103,9,,Robin,Dermer,4405 LUANN AVE,,TOLEDO,OH,43623-4114
Toledo Auto Care - Monroe,PRO,3d5591b2efc94b73b7daac6525004764,ded68032-d587-4727-9f1f-dff0f7499f1c,1015,103,9,,Colitha,Henderson,1540 BROOKE PARK DR APT G,,TOLEDO,OH,43612-4125
Toledo Auto Care - Monroe,PRO,3d5591b2efc94b73b7daac6525004764,88d02d26-b2a0-487e-bce7-0ebaa2801cf3,1015,103,9,,Chuck,Waller,4021 PINECREST DR,,TOLEDO,OH,43623-2111
Toledo Auto Care - Monroe,PRO,3d5591b2efc94b73b7daac6525004764,a804c31f-963d-48b1-834e-8213331caa80,1015,103,9,,Heath,Laux,1120 N WESTWOOD AVE APT 4102,,TOLEDO,OH,43607-3376
Toledo Auto Care - Monroe,PRO,3d5591b2efc94b73b7daac6525004764,52d8cb4f-42e4-416a-8f56-3d623e42dae0,1015,103,9,,Josh,Nagel,4527 WELDWOOD LN,,SYLVANIA,OH,43560-2935
Toledo Auto Care - Monroe,PRO,3d5591b2efc94b73b7daac6525004764,9c1a5226-4b25-44c0-af32-f6be4067a438,1015,103,9,,Kendel,Thorn,1844 N ONTARIO ST,,TOLEDO,OH,43611-3818
Toledo Auto Care - Monroe,PRO,3d5591b2efc94b73b7daac6525004764,df4d85ec-b2ac-47fd-89f7-bf1e15812d10,1015,103,9,,John,Jacob,6809 KRISTI LYNNE LN,,TOLEDO,OH,43617-1280
Toledo Auto Care - Monroe,PRO,3d5591b2efc94b73b7daac6525004764,9c2b453c-e6fa-41e5-80b2-3936e6035088,1015,103,9,,Tasha,Hines,1480 MILBURN AVE,,TOLEDO,OH,43606-4520
Toledo Auto Care - Monroe,PRO,3d5591b2efc94b73b7daac6525004764,27726209-f66a-4fff-8891-c203d25a9cc8,1015,103,9,,Eddie,Bechard,7788 N DIXIE HWY,,NEWPORT,MI,48166-9133
Toledo Auto Care - Monroe,PRO,3d5591b2efc94b73b7daac6525004764,7c7c2e76-27d2-4863-9df8-de7d4b31f495,1015,103,9,,Amanda,Magnuson,8352 GALLOWAY DR,,LAMBERTVILLE,MI,48144-9698
Toledo Auto Care - Monroe,PRO,3d5591b2efc94b73b7daac6525004764,06e44560-dc66-4319-bdbd-f0da22812179,1015,103,9,,Sean,Martin,1048 WOODLAND AVE,,TOLEDO,OH,43607-4069
Toledo Auto Care - Monroe,PRO,3d5591b2efc94b73b7daac6525004764,07f79b22-d4f0-460d-a914-e9ebaad39341,1015,103,9,,Kathy,Pinkstaff,3943 ELMHURST RD,,TOLEDO,OH,43613-4211
Toledo Auto Care - Monroe,PRO,3d5591b2efc94b73b7daac6525004764,4af83e27-b963-4f00-94ab-677804af6165,1015,103,9,,Brittany,Ford,3888 INDIAN RD APT 1,,TOLEDO,OH,43606-2341
Toledo Auto Care - Monroe,PRO,3d5591b2efc94b73b7daac6525004764,8201d6be-20f5-4fa2-a613-8275d95cf8ba,1015,103,9,,Roger,Smith,1422 PALMETTO AVE,,TOLEDO,OH,43606-4242
Toledo Auto Care - Monroe,PRO,3d5591b2efc94b73b7daac6525004764,d48e7a1f-9450-474c-aca6-56bd8b590a95,1015,103,9,,Angel,Ticey,642 W CENTRAL AVE,,TOLEDO,OH,43610-1610
Toledo Auto Care - Monroe,PRO,3d5591b2efc94b73b7daac6525004764,e85f7024-c2a2-4d43-8d24-86eb5c3bdf42,1015,103,9,,Pauline,Sims,3944 ESTATEWAY RD,,TOLEDO,OH,43607-1016
Toledo Auto Care - Monroe,PRO,3d5591b2efc94b73b7daac6525004764,3e4c65c5-7f75-4b48-b3ab-5431d89f16a3,1015,103,9,,Carol,Buckenmeyer,4222 ELMHURST RD,,TOLEDO,OH,43613-3728
Toledo Auto Care - Monroe,PRO,3d5591b2efc94b73b7daac6525004764,5ebfa949-07c0-4d02-8534-40fb176e0966,1015,103,9,,Terry,Griswold,812 S ERIE ST,,TOLEDO,OH,43609-2416
Toledo Auto Care - Monroe,PRO,3d5591b2efc94b73b7daac6525004764,e8132c18-543c-4687-93bf-e47d90f40a36,1015,103,9,,Mary,Ray,2836 CLAREDALE RD,,TOLEDO,OH,43613-3229
Toledo Auto Care - Monroe,PRO,3d5591b2efc94b73b7daac6525004764,4d96e3e5-68c8-4ad8-81ce-2b87fd4c814f,1015,103,9,,Harold,McWilliams,4612 EASTWAY ST,,TOLEDO,OH,43612-2325
Toledo Auto Care - Monroe,PRO,3d5591b2efc94b73b7daac6525004764,c2605d37-386a-4c7e-8eef-e21b6ba58b34,1015,103,9,,John,Zimmel,3410 ANDERSON PKWY,,TOLEDO,OH,43606-2003
Toledo Auto Care - Monroe,PRO,3d5591b2efc94b73b7daac6525004764,adf98bd9-a6ab-4070-8a65-50b8764032b8,1015,103,9,,Amy,Hall,3842 HAZELHURST AVE,,TOLEDO,OH,43612-1104
Toledo Auto Care - Monroe,PRO,3d5591b2efc94b73b7daac6525004764,cb8f0729-ef33-431a-9a71-fb46bd6f85f9,1015,103,9,,Denver,Price,827 HOAG ST,,TOLEDO,OH,43607-4114
Toledo Auto Care - Monroe,PRO,3d5591b2efc94b73b7daac6525004764,c069da53-e24e-4bb7-9aa3-4dd98574791b,1015,103,9,,Milton,Roberts,1153 LINCOLN AVE,,TOLEDO,OH,43607-1924
Toledo Auto Care - Monroe,PRO,3d5591b2efc94b73b7daac6525004764,0afa6e8c-05e1-435e-9997-1a51bb4db9f5,1015,103,9,,Erica,Mills,339 BUTTONWOOD AVE,,BOWLING GREEN,OH,43402-3714
Toledo Auto Care - Monroe,PRO,3d5591b2efc94b73b7daac6525004764,a29a77bd-1a58-42e7-b067-2d2c7c739301,1015,103,9,,Tony,Darcangelo,3825 SECKINGER DR,,TOLEDO,OH,43613-4115
Toledo Auto Care - Monroe,PRO,3d5591b2efc94b73b7daac6525004764,1bdd92c8-df2b-42ce-9ec3-d90383031410,1015,103,9,,David,McGhee,4418 STANNARD DR,,TOLEDO,OH,43613-3159
Toledo Auto Care - Monroe,PRO,3d5591b2efc94b73b7daac6525004764,22be5f5d-80f5-42a7-b947-a59b15d4c221,1015,103,9,,Daeng,Champada,2424 TREMAINSVILLE RD APT B,,TOLEDO,OH,43613-3423
Toledo Auto Care - Monroe,PRO,3d5591b2efc94b73b7daac6525004764,785eb9fd-292f-4c1c-9c21-6daa175dc5bc,1015,103,9,,Randy,Workman,1766 WYNDHURST RD,,TOLEDO,OH,43607-1419
Toledo Auto Care - Monroe,PRO,3d5591b2efc94b73b7daac6525004764,68ef47cd-27ca-448f-b0af-79ff08e23944,1015,103,9,,Beverly,Stewart,3353 BLAIRMONT AVE,,TOLEDO,OH,43614-3702
Toledo Auto Care - Monroe,PRO,3d5591b2efc94b73b7daac6525004764,68225538-5a72-4dc2-9792-ee54fb458298,1015,103,9,,Miguel,Sanchez,1844 WILLOWHILL LN,,TOLEDO,OH,43615-3770
Toledo Auto Care - Monroe,PRO,3d5591b2efc94b73b7daac6525004764,1be0b303-9b95-4756-b706-5b128ed1f0bd,1015,103,9,,Ken,Durham,2231 PEMBERTON DR,,TOLEDO,OH,43606-3146
Toledo Auto Care - Monroe,PRO,3d5591b2efc94b73b7daac6525004764,f98084b0-04bf-4bf8-a1c2-0d064097a812,1015,103,9,,Dawn,Carmony,3320 ELM ST,,TOLEDO,OH,43608-1261
Toledo Auto Care - Monroe,PRO,3d5591b2efc94b73b7daac6525004764,b1b40888-cb47-4426-8cf4-259fd1f31b97,1015,103,9,,Nicholas,Schneider,7035 FINZEL RD,,WHITEHOUSE,OH,43571-8711
Toledo Auto Care - Monroe,PRO,3d5591b2efc94b73b7daac6525004764,c283b009-57e1-4897-8574-802264f2009b,1015,103,9,,Richard,Mcrae,3603 HOMEWOOD AVE,,TOLEDO,OH,43612-1007
Toledo Auto Care - Monroe,PRO,3d5591b2efc94b73b7daac6525004764,8d98ba1a-27e8-47c0-b28b-36a7fcbdcca2,1015,103,9,,Ben,Bryant,2501 BEXFORD PL,,OTTAWA HILLS,OH,43606-2415
Toledo Auto Care - Monroe,PRO,3d5591b2efc94b73b7daac6525004764,3b04a29e-ef35-4bff-8536-a328bc151111,1015,103,9,,Jonathon,Hill,2236 DENSMORE DR,,TOLEDO,OH,43606-3167
Toledo Auto Care - Monroe,PRO,3d5591b2efc94b73b7daac6525004764,3773c2d5-ff24-431b-b8d2-5965c7284a0b,1015,103,9,,Jim,Morrin,3831 SURREY RD,,TOLEDO,OH,43615-1232
Toledo Auto Care - Monroe,PRO,3d5591b2efc94b73b7daac6525004764,4dd607a8-a1f3-4952-b075-cdb650c92e34,1015,103,9,,Tyler,Shutt,121 DICKENS DR,,TOLEDO,OH,43607-2356
Toledo Auto Care - Monroe,PRO,3d5591b2efc94b73b7daac6525004764,2d30cabf-571e-485e-adbf-e909adc1346e,1015,103,9,,Shawn,Henley,1318 GRAND AVE,,TOLEDO,OH,43606-4730
Toledo Auto Care - Monroe,PRO,3d5591b2efc94b73b7daac6525004764,af22a186-099a-476e-b751-8a793a2ca2fc,1015,103,9,,Daniel,Kent,29338 OWENS CT,,WALBRIDGE,OH,43465-5202
Toledo Auto Care - Monroe,PRO,3d5591b2efc94b73b7daac6525004764,5e9b6400-9cc2-4e51-be35-de14c096ce7e,1015,103,9,,Kristen,Johnson,3315 MIDDLESEX DR APT B,,TOLEDO,OH,43606-1644
Toledo Auto Care - Monroe,PRO,3d5591b2efc94b73b7daac6525004764,a377e262-53e1-4e22-b9bf-620f22c86da1,1015,103,9,,James,Fitzpatrick,3351 BISHOP ST,,TOLEDO,OH,43606-4221
Toledo Auto Care - Monroe,PRO,3d5591b2efc94b73b7daac6525004764,a0dfc600-54c7-4446-abd5-e996ffdba158,1015,103,9,,Gary,Granger,4005 CLOVER RIDGE CT,,TOLEDO,OH,43623-1240
Toledo Auto Care - Monroe,PRO,3d5591b2efc94b73b7daac6525004764,2cbdd170-7273-48ce-8ffa-1e5af44cb678,1015,103,9,,Alison,Tansey,2071 BROOKDALE RD,,TOLEDO,OH,43606-3320
Toledo Auto Care - Monroe,PRO,3d5591b2efc94b73b7daac6525004764,440b28e4-c54d-44ba-95bd-711814b314b0,1015,103,9,,Louan,Smith,629 HAMILTON ST,,TOLEDO,OH,43604-8522
Toledo Auto Care - Monroe,PRO,3d5591b2efc94b73b7daac6525004764,bb06b145-55b6-4ca9-b91a-5634d827beff,1015,103,9,,Elijah,Elliott,2035 KEY ST APT I,,MAUMEE,OH,43537-2517
Toledo Auto Care - Monroe,PRO,3d5591b2efc94b73b7daac6525004764,e96f0a87-55ac-45d2-ad82-ff9c06d9b0cb,1015,103,9,,Diane,Mitchum,5241 PINE GROVE CT,,TOLEDO,OH,43615-2975
Toledo Auto Care - Monroe,PRO,3d5591b2efc94b73b7daac6525004764,6d13f7f3-b5ce-45f4-adb6-f937946b26a0,1015,103,9,,John,Jones,4137 SECOR RD APT 126,,TOLEDO,OH,43623-4213
Toledo Auto Care - Monroe,PRO,3d5591b2efc94b73b7daac6525004764,2564afdd-5fb3-4f5f-9b09-d398e4e3cfd5,1015,103,9,,Stephanie,Oxner,PO BOX 2982,,TOLEDO,OH,43606-0982
Toledo Auto Care - Monroe,PRO,3d5591b2efc94b73b7daac6525004764,23613324-2a5c-4d3c-b022-b024f91603d8,1015,103,9,,Anika,Brown,2126 LOXLEY RD,,TOLEDO,OH,43613-5015
Toledo Auto Care - Monroe,PRO,3d5591b2efc94b73b7daac6525004764,ef18e0d6-28cd-4fcb-8e97-09fb819d9ab5,1015,103,9,,Kristrina,Mitchell,4408 AIRPORT HWY APT 20,,TOLEDO,OH,43615-7084
Toledo Auto Care - Monroe,PRO,3d5591b2efc94b73b7daac6525004764,f2dfaf34-dc89-47c9-806d-1c15b8c73429,1015,103,9,,Robyn,Stewart,170 CHAMPION ST,,TOLEDO,OH,43609-2009
Toledo Auto Care - Monroe,PRO,3d5591b2efc94b73b7daac6525004764,d47c0ce7-b898-4281-b9d3-d831e5e28f6e,1015,103,9,,Linda,Hordak,5222 ELAINE DR,,TOLEDO,OH,43613-2425
Toledo Auto Care - Monroe,PRO,3d5591b2efc94b73b7daac6525004764,2f7484f3-c1d1-4222-8c53-880cfc18423d,1015,103,9,,Lee,Talamantez,5347 JACKMAN RD,,TOLEDO,OH,43613-2944
Toledo Auto Care - Monroe,PRO,3d5591b2efc94b73b7daac6525004764,0e728eae-de4e-4685-968d-11c06abf96bd,1015,103,9,,Ann,Petlow,3713 WYCKLIFFE PKWY,,TOLEDO,OH,43613-4822
Toledo Auto Care - Monroe,PRO,3d5591b2efc94b73b7daac6525004764,695991de-4e34-44e6-b516-3cad4f9c1152,1015,103,9,,Turner,Wilson,5137 FERN DR,,TOLEDO,OH,43613-2429
Toledo Auto Care - Monroe,PRO,3d5591b2efc94b73b7daac6525004764,5c1d2227-36b4-4cbf-bd89-8bc96c445a08,1015,103,9,,Lawrence,Hernandez,3018 GODDARD RD,,TOLEDO,OH,43606-3061
Toledo Auto Care - Monroe,PRO,3d5591b2efc94b73b7daac6525004764,085328cc-e994-4024-91bd-5e3e45123a95,1015,103,9,,Wanda,Dickson,5655 GLASGOW RD,,SYLVANIA,OH,43560-1405
Toledo Auto Care - Monroe,PRO,3d5591b2efc94b73b7daac6525004764,b92af0e4-5d7d-4499-844c-8f35f17c1e93,1015,103,9,,Art,Watson,1203 W WEBSTER RD,,ROYAL OAK,MI,48073-3332
Toledo Auto Care - Monroe,PRO,3d5591b2efc94b73b7daac6525004764,93dd08f0-a487-49df-bf90-a11a2aa462e3,1015,103,9,,Saquinda,Smith,5849 YERMO DR APT X7,,TOLEDO,OH,43613-1696
Toledo Auto Care - Monroe,PRO,3d5591b2efc94b73b7daac6525004764,ceaaedb8-f80b-422d-b6d8-f1b6641fa0fd,1015,103,9,,John,Gillespie,2025 PARKWOOD AVE APT H,,TOLEDO,OH,43620-1612
Toledo Auto Care - Monroe,PRO,3d5591b2efc94b73b7daac6525004764,3cb9aedf-87d6-4708-a23f-3023d7bdf0cc,1015,103,9,,Miguel,Martinez,1537 NELSON AVE,,TOLEDO,OH,43609-3019
Toledo Auto Care - Monroe,PRO,3d5591b2efc94b73b7daac6525004764,d86f8eac-31d8-4798-b512-fa0fab9c1b7c,1015,103,9,,Louise,Fender,3303 KENWOOD BLVD,,TOLEDO,OH,43606-2806
Toledo Auto Care - Monroe,PRO,3d5591b2efc94b73b7daac6525004764,b7f8dd5b-abc9-4652-b331-a2b47efa808e,1015,103,9,,Daniel,Meehan,10349 SILBERHORN HWY,,BLISSFIELD,MI,49228-9709
Toledo Auto Care - Monroe,PRO,3d5591b2efc94b73b7daac6525004764,25326389-6ec5-48d8-b11f-7170772c1e95,1015,103,9,,Jason,Wold,7440 S BLACKHAWK ST UNIT 6204,,ENGLEWOOD,CO,80112-4337
Toledo Auto Care - Monroe,PRO,3d5591b2efc94b73b7daac6525004764,42076328-503b-4eda-98dd-8a23aa1e9375,1015,103,9,,John,Szychowski,3474 KINGSGATE RD,,TOLEDO,OH,43606-2871
Toledo Auto Care - Monroe,PRO,3d5591b2efc94b73b7daac6525004764,f36db640-ce75-4086-b3b3-bec694f25635,1015,103,9,,Adreyn,Parris,505 JEFFERSON AVE APT 1212,,TOLEDO,OH,43604-1095
Toledo Auto Care - Monroe,PRO,3d5591b2efc94b73b7daac6525004764,189ad117-7153-45a8-9834-98cca64656fd,1015,103,9,,Reginald,Chapman,915 HAMPTON AVE,,TOLEDO,OH,43609-3072
Toledo Auto Care - Monroe,PRO,3d5591b2efc94b73b7daac6525004764,ade18461-c180-467a-a500-5747b0b66c99,1015,103,9,,John,Reichard,10086 S SHANNON HILLS DR,,PERRYSBURG,OH,43551-2694
Toledo Auto Care - Monroe,PRO,3d5591b2efc94b73b7daac6525004764,35e2b2af-7b07-4f7f-bcfe-d30518fac510,1015,103,9,,Larry,Nichols,3672 INDIAN RD,,TOLEDO,OH,43606-2427
Toledo Auto Care - Monroe,PRO,3d5591b2efc94b73b7daac6525004764,71e379f8-210b-4fce-a434-e9dd12ff0614,1015,103,9,,Rob,Nesper,1212 N HOLLAND SYLVANIA RD APT 206,,TOLEDO,OH,43615-4546
Toledo Auto Care - Monroe,PRO,3d5591b2efc94b73b7daac6525004764,89715206-eaab-41da-92e3-85a7241db33d,1015,103,9,,Michelle,McLaghlin,2303 CHARLESTOWN AVE,,TOLEDO,OH,43613-4408
Toledo Auto Care - Monroe,PRO,3d5591b2efc94b73b7daac6525004764,b35ab4ff-4dd1-4ad2-97c8-4d8e7c5f79e1,1015,103,9,,Jason,Brish,5054 SECRETARIAT RD,,TOLEDO,OH,43615-2126
Toledo Auto Care - Monroe,PRO,3d5591b2efc94b73b7daac6525004764,7e5ae551-c26c-451a-aa0b-e7b30f0d4b59,1015,103,9,,Sam,Abbott,3127 DRUMMOND RD,,TOLEDO,OH,43606-1765
Toledo Auto Care - Monroe,PRO,3d5591b2efc94b73b7daac6525004764,afc0d31f-6663-4cb9-bc19-50ed87f95736,1015,103,9,,Michael,Shaheen,8839 N STONE MILL RD,,SYLVANIA,OH,43560-9835
Toledo Auto Care - Monroe,PRO,3d5591b2efc94b73b7daac6525004764,a577b9db-c4b1-4c0f-814a-77ec0ece0e2c,1015,103,9,,Doug,Senters,4436 VOGEL DR,,TOLEDO,OH,43613-3183
Toledo Auto Care - Monroe,PRO,3d5591b2efc94b73b7daac6525004764,69a45306-ae0a-47fc-92cc-56270c5cfd27,1015,103,9,,Sharonda,Bannister,321 CRITTENDEN AVE UPPR,,TOLEDO,OH,43609-2815
Toledo Auto Care - Monroe,PRO,3d5591b2efc94b73b7daac6525004764,dbcf39a5-cf31-4b8a-88dc-0c4e8a2eee7d,1015,103,9,,Richard,Oliver,7185 OVERLOOK CIR,,LAMBERTVILLE,MI,48144-9455
Toledo Auto Care - Monroe,PRO,3d5591b2efc94b73b7daac6525004764,db2998ab-dcef-4740-b8e4-d68b8aa35f7d,1015,103,9,,Dan,Rathke,5211 WESTCROFT DR,,SYLVANIA,OH,43560-1859
Toledo Auto Care - Monroe,PRO,3d5591b2efc94b73b7daac6525004764,127bd888-c310-45a0-a68d-9230df5cf985,1015,103,9,,Karen,Lechlak,2864 WYNDALE RD,,TOLEDO,OH,43613-3241
Toledo Auto Care - Monroe,PRO,3d5591b2efc94b73b7daac6525004764,e4edda13-4c36-4ff3-8867-463d650119cf,1015,103,9,,Melanie,Woolwine,1646 ATWOOD RD,,TOLEDO,OH,43615-3835
Toledo Auto Care - Monroe,PRO,3d5591b2efc94b73b7daac6525004764,65bf7e82-0e32-49f6-8637-2fdabf6a1ff1,1015,103,9,,Sheila,Johnson,110 INDEPENDENCE RD,,TOLEDO,OH,43607-2317
Toledo Auto Care - Monroe,PRO,3d5591b2efc94b73b7daac6525004764,15f2ef50-73da-4420-b3d7-dcbfb6297d78,1015,103,9,,Deb,Stull,3444 GALLATIN RD,,TOLEDO,OH,43606-2442
Toledo Auto Care - Monroe,PRO,3d5591b2efc94b73b7daac6525004764,8e974f7a-dcd9-4f6c-8c9b-c291e1d695e2,1015,103,9,,Chuck,Byrd,3847 RUSHLAND AVE,,TOLEDO,OH,43613-4313
Toledo Auto Care - Monroe,PRO,3d5591b2efc94b73b7daac6525004764,e93c7274-f02e-4497-9db7-fc02e70901aa,1015,103,9,,Sean,Latham,1661 CONE ST,,TOLEDO,OH,43606-4404
Toledo Auto Care - Monroe,PRO,3d5591b2efc94b73b7daac6525004764,ce5f5070-0b37-4caa-aff2-5ff3f3e1f726,1015,103,9,,Angela,Conley,3820 STANNARD DR,,TOLEDO,OH,43613-4120
Toledo Auto Care - Monroe,PRO,3d5591b2efc94b73b7daac6525004764,ff8c8e45-15e4-452b-ac81-e6d015aa86ea,1015,103,9,,Terrence,Harvey,96 IVANHILL RD,,TOLEDO,OH,43615-5236
Toledo Auto Care - Monroe,PRO,3d5591b2efc94b73b7daac6525004764,0c36ed1d-3801-47a8-8cb0-a79173d825ad,1015,103,9,,Stephanie,Laplante,3817 WALLWERTH DR,,TOLEDO,OH,43612-1126
Toledo Auto Care - Monroe,PRO,3d5591b2efc94b73b7daac6525004764,27755ea5-8500-4bc6-ab05-3c3ac3ee22d9,1015,103,9,,Beth,Weiant,3922 STANNARD DR,,TOLEDO,OH,43613-4122
Toledo Auto Care - Monroe,PRO,3d5591b2efc94b73b7daac6525004764,a26d2686-bffb-4a4f-87c7-42415f92e5d1,1015,103,9,,Jim,Brunt,4301 IMPERIAL DR,,TOLEDO,OH,43615-1215
Toledo Auto Care - Monroe,PRO,3d5591b2efc94b73b7daac6525004764,5629e2f1-5665-47e2-b0bf-99dc18fc148e,1015,103,9,,John,Gunn,5941 SARAH LAKE DR,,SYLVANIA,OH,43560-9201
Toledo Auto Care - Monroe,PRO,3d5591b2efc94b73b7daac6525004764,9ca12b52-2bc0-46ab-b871-d90a92f6e3d7,1015,103,9,,Kyle,Gable,7364 HIGHLAND RIDGE CT,,SYLVANIA,OH,43560-3654
Toledo Auto Care - Monroe,PRO,3d5591b2efc94b73b7daac6525004764,e70ea570-1750-496b-b885-3cd1007d4f7d,1015,103,9,,Casey,Cole,1246 CRAIGWOOD RD,,TOLEDO,OH,43612-2218
Toledo Auto Care - Monroe,PRO,3d5591b2efc94b73b7daac6525004764,074c13b8-773c-4e11-afe6-fe393bf88982,1015,103,9,,Aaron,Hill,1440 COLLEGE DR APT 7,,TOLEDO,OH,43607-4537
Toledo Auto Care - Monroe,PRO,3d5591b2efc94b73b7daac6525004764,4f34a256-ccf5-45c2-ae92-040a6d954870,1015,103,9,,Xavier,Shaw,5151 BOARDWALK DR UNIT T1,,FORT COLLINS,CO,80525-6248
Toledo Auto Care - Monroe,PRO,3d5591b2efc94b73b7daac6525004764,49b23c47-2fb9-4b53-80fc-a98ca4c2be4a,1015,103,9,,Jada,Lane,2840 KENDALE DR,,TOLEDO,OH,43606-5403
Toledo Auto Care - Monroe,PRO,3d5591b2efc94b73b7daac6525004764,5031e8ee-3bdc-4f1b-bc2c-d8d69bd232ec,1015,103,9,,Jin,Kim,3655 DEVON HILL RD,,TOLEDO,OH,43606-1108
Toledo Auto Care - Monroe,PRO,3d5591b2efc94b73b7daac6525004764,f3e18430-5509-4511-8a4b-e0f92808a8ab,1015,103,9,,Greg,Prince,3614 EDGEVALE RD,,TOLEDO,OH,43606-2639
Toledo Auto Care - Monroe,PRO,3d5591b2efc94b73b7daac6525004764,c6e07569-70e3-4680-aa44-d76bb4aba38f,1015,103,9,,Stephen,Goodall,3409 CHRISTIE BLVD,,TOLEDO,OH,43606-2864
Toledo Auto Care - Monroe,PRO,3d5591b2efc94b73b7daac6525004764,b5ab8fe9-22c9-40df-9fb4-b417a60de254,1015,103,9,,Marvin,Lacey,5460 BENTWOOD DR,,TOLEDO,OH,43615-6702
Toledo Auto Care - Monroe,PRO,3d5591b2efc94b73b7daac6525004764,8c82016b-4e83-4801-9c7d-46bd9716af87,1015,103,9,,Eddie,Pittman,2159 EASTBROOK DR,,TOLEDO,OH,43613-3961
Toledo Auto Care - Monroe,PRO,3d5591b2efc94b73b7daac6525004764,aee5b3f1-63b7-471d-88b9-509918a41d7a,1015,103,9,,Jose,Martinez,1123 E BANCROFT ST,,TOLEDO,OH,43608-3007
Toledo Auto Care - Monroe,PRO,3d5591b2efc94b73b7daac6525004764,eb0f0f9c-c1ff-45d8-92ed-736c00229549,1015,103,9,,Aaron,Nolan,4603 WICKFORD DR W,,SYLVANIA,OH,43560-3355
Toledo Auto Care - Monroe,PRO,3d5591b2efc94b73b7daac6525004764,11512f76-4ac4-44d3-8c79-a4ade9d5d6f7,1015,103,9,,Lolita,Fortson,311 LENOX ST,,TOLEDO,OH,43620-1243
Toledo Auto Care - Monroe,PRO,3d5591b2efc94b73b7daac6525004764,57d8096b-6ae5-4024-a041-657399c0f3df,1015,103,9,,Montrice,Boykin,702 N ERIE ST APT 607,,TOLEDO,OH,43604-3648
Toledo Auto Care - Monroe,PRO,3d5591b2efc94b73b7daac6525004764,4c376668-a8db-4c6b-a4cc-d21faf6dc11e,1015,103,9,,Megan,Radlinski,3005 SCARSBOROUGH RD,,TOLEDO,OH,43615-2265
Toledo Auto Care - Monroe,PRO,3d5591b2efc94b73b7daac6525004764,390b92e3-e46b-4f3a-ba6c-6122ed2d93b2,1015,103,9,,Norma,Belanga,285 HEATHER,,TEMPERANCE,MI,48182-1180
Toledo Auto Care - Monroe,PRO,3d5591b2efc94b73b7daac6525004764,3401354e-20b7-4164-a1aa-73cb2fcf8d34,1015,103,9,,Beth,A Dazell,4736 HARVEST LN,,TOLEDO,OH,43623-3853
Toledo Auto Care - Monroe,PRO,3d5591b2efc94b73b7daac6525004764,72f13f11-23c7-444b-a175-5b9495cd4d76,1015,103,9,,Olivia,Reed,3710 WOODMONT RD,,TOLEDO,OH,43613-4831
Toledo Auto Care - Monroe,PRO,3d5591b2efc94b73b7daac6525004764,cf825d12-05e7-4231-9316-9c67064e1647,1015,103,9,,Greg,Barrow,3149 SHERBROOKE RD,,TOLEDO,OH,43606-2126
Toledo Auto Care - Monroe,PRO,3d5591b2efc94b73b7daac6525004764,11648f38-391d-46b6-a26b-744173c175e5,1015,103,9,,Donald,Weickert,2675 COUNTY ROAD 170,,FREMONT,OH,43420-8909
Toledo Auto Care - Monroe,PRO,3d5591b2efc94b73b7daac6525004764,ad1289ce-59c6-4e05-9097-dccdae4dcedb,1015,103,9,,Dominick,Phillips,3865 CRARY DR,,TOLEDO,OH,43613-4101
Toledo Auto Care - Monroe,PRO,3d5591b2efc94b73b7daac6525004764,517925eb-a566-4409-b02d-0dc56b443af7,1015,103,9,,Jessica,Mahaney,5824 SETTLERS RIDGE CIR,,SYLVANIA,OH,43560-9463
Toledo Auto Care - Monroe,PRO,3d5591b2efc94b73b7daac6525004764,d604172d-aa5b-4a1a-ada4-3c0354475786,1015,103,9,,Michelle,Frazier,5360 SECOR RD APT 311,,TOLEDO,OH,43623-2417
Toledo Auto Care - Monroe,PRO,3d5591b2efc94b73b7daac6525004764,4cee6fc0-1fed-44f9-a88a-cb714b40a8ff,1015,103,9,,Mark,Sims,2237 DRUMMOND RD,,TOLEDO,OH,43606-3154
Toledo Auto Care - Monroe,PRO,3d5591b2efc94b73b7daac6525004764,f832a8bc-3d38-429a-b6ef-5d7a59bc368f,1015,103,9,,Andy,Mato,3931 KERR ST,,TOLEDO,OH,43623-1140
Toledo Auto Care - Monroe,PRO,3d5591b2efc94b73b7daac6525004764,1d2fb727-b125-4540-ab5c-12dd4c44e59f,1015,103,9,,Mandy,Johnson,1340 HILLCREST AVE,,TOLEDO,OH,43612-1004
Toledo Auto Care - Monroe,PRO,3d5591b2efc94b73b7daac6525004764,8fdb14c7-a849-4b1b-8e7b-30287ea20a2e,1015,103,9,,Nate,Perz,2622 CHELTENHAM RD,,TOLEDO,OH,43606-3035
Toledo Auto Care - Monroe,PRO,3d5591b2efc94b73b7daac6525004764,e87fc8df-0fa5-4f42-8a03-41b5893f5697,1015,103,9,,Aditi,Tripathy,1120 N WESTWOOD AVE APT 1318,,TOLEDO,OH,43607-3345
Toledo Auto Care - Monroe,PRO,3d5591b2efc94b73b7daac6525004764,a6e11e4d-3beb-439d-8f0a-40079b9ea8c9,1015,103,9,,Ashley,Hobbs,1950 W BANCROFT ST APT 502,,TOLEDO,OH,43607-1690
Toledo Auto Care - Monroe,PRO,3d5591b2efc94b73b7daac6525004764,cc45781e-d3b6-4a94-bb00-b6b164a4c51b,1015,103,9,,James,Daney,2340 LAMBERT DR,,TOLEDO,OH,43613-3404
Toledo Auto Care - Monroe,PRO,3d5591b2efc94b73b7daac6525004764,d65f9708-6b20-44d9-adf1-184f9b3015db,1015,103,9,,Molly,Pfohl,2525 DRUMMOND RD,,TOLEDO,OH,43606-3130
Toledo Auto Care - Monroe,PRO,3d5591b2efc94b73b7daac6525004764,db9860e7-30dd-4709-b377-9dc5a6d518c4,1015,103,9,,Carole,Jones,4036 TALMADGE CT,,TOLEDO,OH,43623-3754
Toledo Auto Care - Monroe,PRO,3d5591b2efc94b73b7daac6525004764,3812ffd1-e001-4710-92aa-3c54184b09b8,1015,103,9,,Jacqueline,Riebe,2733 W LASKEY RD,,TOLEDO,OH,43613-3258
Toledo Auto Care - Monroe,PRO,3d5591b2efc94b73b7daac6525004764,c2fa021d-aa2a-4bd1-8b0b-93bdfd9e9d24,1015,103,9,,John,Kingsley,4420 BOWEN RD,,TOLEDO,OH,43613-3302
Toledo Auto Care - Monroe,PRO,3d5591b2efc94b73b7daac6525004764,e9d71768-d63a-40d1-b70b-5198942dd5e2,1015,103,9,,John,Flowers,2116 HEATHERWOOD DR,,TOLEDO,OH,43614-3238
Toledo Auto Care - Monroe,PRO,3d5591b2efc94b73b7daac6525004764,3a33751a-40dd-4ade-8e59-e27ec4cf91e6,1015,103,9,,Valerie,Harris,2752 WAYMAN PALMER DR APT 23,,TOLEDO,OH,43606-3251
Toledo Auto Care - Monroe,PRO,3d5591b2efc94b73b7daac6525004764,45af9751-d6aa-4dce-9467-0e10109ecca2,1015,103,09,,Ryan,Doss,4629 WILLYS PKWY,,TOLEDO,OH,43612-2207
Toledo Auto Care - Monroe,PRO,3d5591b2efc94b73b7daac6525004764,a9142950-aac0-4cc8-9f07-38503e95e28b,1015,103,9,,Thawanna,Gaston,1930 WELLESLEY DR,,TOLEDO,OH,43606-3969
Toledo Auto Care - Monroe,PRO,3d5591b2efc94b73b7daac6525004764,79474e31-02d0-4963-a1e5-3234551b6dd9,1015,103,9,,Aaron,Delong,3608 NAPLES DR,,TOLEDO,OH,43615-1156
Toledo Auto Care - Monroe,PRO,3d5591b2efc94b73b7daac6525004764,ae191135-c521-4d3a-a43b-9407488cc458,1015,103,9,,Steve,Elliott,4331 HOLLENBECK DR,,PERRYSBURG,OH,43551-7156
Toledo Auto Care - Monroe,PRO,3d5591b2efc94b73b7daac6525004764,d71fa220-fa00-4b6b-9aa4-25a26d0cbce4,1015,103,9,,Angela,Rice,2108 ORCHARD LAKES PL APT 11,,TOLEDO,OH,43615-9128
Toledo Auto Care - Monroe,PRO,3d5591b2efc94b73b7daac6525004764,e4694778-3683-480c-863b-d2a1d466bfbe,1015,103,9,,Doug,Darrah,2829 TRIMBLE RD,,TOLEDO,OH,43613-2513
Toledo Auto Care - Monroe,PRO,3d5591b2efc94b73b7daac6525004764,31828638-c46f-4b41-b656-805a399abf67,1015,103,9,,Donna,Nicholas,2958 JODORE AVE,,TOLEDO,OH,43606-2773
Toledo Auto Care - Monroe,PRO,3d5591b2efc94b73b7daac6525004764,bc33a553-224f-4a30-95fa-e1295ca5398f,1015,103,9,,Regina,McClung,1030 FLYNN CT,,TOLEDO,OH,43615-7098
Toledo Auto Care - Monroe,PRO,3d5591b2efc94b73b7daac6525004764,c69ee406-52fb-4ae5-9fe3-0a335be7e69a,1015,103,9,,Antonio,Pope,2469 WARREN ST,,TOLEDO,OH,43620-1325
Toledo Auto Care - Monroe,PRO,3d5591b2efc94b73b7daac6525004764,5ba5d82c-2ea2-459a-a7ad-23090ac6bc57,1015,103,9,,Alice,Flowers,4702 VIOLET RD APT 42,,TOLEDO,OH,43623-4326
Toledo Auto Care - Monroe,PRO,3d5591b2efc94b73b7daac6525004764,b442e452-a73a-477d-a61d-9bfbf3b65deb,1015,103,9,,Edward,Shepler,7801 LAUREL GLEN WAY APT F,,SYLVANIA,OH,43560-9343
Toledo Auto Care - Monroe,PRO,3d5591b2efc94b73b7daac6525004764,c3168e72-a2dd-472d-9517-fb0e044f7eb8,1015,103,9,,Bob,Cox,3866 CRARY DR,,TOLEDO,OH,43613-4102
Toledo Auto Care - Monroe,PRO,3d5591b2efc94b73b7daac6525004764,7eacd3ad-f255-4cc2-9b97-ad21972a5ebd,1015,103,9,,Shelley,Luettke,11328 COUNTY ROAD 2,,SWANTON,OH,43558-9502
Toledo Auto Care - Monroe,PRO,3d5591b2efc94b73b7daac6525004764,1699895d-07df-458b-a234-d5d6249a3d24,1015,103,9,,Kelly,Nachtrab,1127 N ONTARIO ST,,TOLEDO,OH,43604-1920
Toledo Auto Care - Monroe,PRO,3d5591b2efc94b73b7daac6525004764,3e5c9486-342c-4d47-85a9-0a0fba655303,1015,103,9,,John,Michalski,2549 W SYLVANIA AVE,,TOLEDO,OH,43613-4329
Toledo Auto Care - Monroe,PRO,3d5591b2efc94b73b7daac6525004764,88c14ef6-bd45-4e47-80dd-59cb0aa7ac1b,1015,103,9,,Tynesha,Terrell,2654 MERRIMAC BLVD,,TOLEDO,OH,43606-3640
Toledo Auto Care - Monroe,PRO,3d5591b2efc94b73b7daac6525004764,cda45fdf-2bfd-48b7-993a-7eb0f3833098,1015,103,9,,Mike,Niedzielski,2319 GODDARD RD,,TOLEDO,OH,43606-3237
Toledo Auto Care - Monroe,PRO,3d5591b2efc94b73b7daac6525004764,8ac81713-b03d-4e22-97ad-0ebfc8fe2972,1015,103,9,,Ken,McKenzie,5114 FAIRGREEN DR,,TOLEDO,OH,43613-2404
Toledo Auto Care - Monroe,PRO,3d5591b2efc94b73b7daac6525004764,f7c74522-9dc4-47c1-8c77-604dc38c24d8,1015,103,9,,Bob,Horner Jr,5904 DONNELLY RD,,TOLEDO,OH,43623-1408
Toledo Auto Care - Monroe,PRO,3d5591b2efc94b73b7daac6525004764,7380388b-bb0f-4de7-be32-747ca616be70,1015,103,9,,David,Grimm,4710 PENRIDGE RD,,TOLEDO,OH,43615-1126
Toledo Auto Care - Monroe,PRO,3d5591b2efc94b73b7daac6525004764,f61f9eb1-0cd8-402f-acb5-95e52a3d0db5,1015,103,9,,Theresa,Dusablon,2842 AIRPORT HWY APT K,,TOLEDO,OH,43609-1533
Toledo Auto Care - Monroe,PRO,3d5591b2efc94b73b7daac6525004764,ee31f9bd-2863-410d-9fb2-086a37d8a65a,1015,103,9,,Monica,Pontious,1421 HOLLOWAY RD STE A-1,,HOLLAND,OH,43528-8647
Toledo Auto Care - Monroe,PRO,3d5591b2efc94b73b7daac6525004764,268dd9c2-c57b-4fe9-b386-4301e5faf00b,1015,103,9,,Doug,Hoffman,8780 CEDAR POINT RD,,OREGON,OH,43616-5887
Toledo Auto Care - Monroe,PRO,3d5591b2efc94b73b7daac6525004764,6aab6816-053b-41b6-944f-e158681bc92f,1015,103,9,,Janelle,Lewis,2819 OAK GROVE PL,,TOLEDO,OH,43613-3352
Toledo Auto Care - Monroe,PRO,3d5591b2efc94b73b7daac6525004764,05431d5a-452f-4440-9442-ac054fd21975,1015,103,9,,Tom,Demuth,2653 GRACEWOOD RD,,TOLEDO,OH,43613-3340
Toledo Auto Care - Monroe,PRO,3d5591b2efc94b73b7daac6525004764,bc0ab550-290b-4881-8350-d245c2687309,1015,103,9,,Pat,Walindzinski,2931 GRACEWOOD RD,,TOLEDO,OH,43613-3103
Toledo Auto Care - Monroe,PRO,3d5591b2efc94b73b7daac6525004764,c967b5fd-73c1-4f0c-9116-ca3df69ae1d2,1015,103,9,,Jacquelyn,Taylor,2960 W CENTRAL AVE APT 330,,TOLEDO,OH,43606-3034
Toledo Auto Care - Monroe,PRO,3d5591b2efc94b73b7daac6525004764,753b71f0-88d1-431e-be7c-ecdb6476482c,1015,103,9,,Pam,Lang,2722 EVERGREEN RD,,TOLEDO,OH,43606-2717
Toledo Auto Care - Monroe,PRO,3d5591b2efc94b73b7daac6525004764,b7918d24-71b0-4716-a01d-a2f70cb92e0e,1015,103,9,,Austin,Szilagyi,3310 CHELTENHAM RD,,TOLEDO,OH,43606-1820
Toledo Auto Care - Monroe,PRO,3d5591b2efc94b73b7daac6525004764,ba639887-0f79-4e14-83ce-9994c25d026c,1015,103,09,,Clayton,Roach,3675 INDIAN RD,,TOLEDO,OH,43606-2426
