Shop Name,Software,SID,CID,WSID,WCID,MBdayMo,TBdayMo,First,Last,Address,Address2,City,St,Zip
AG Automotive,PRO,1614ec5b5c234361976ae718729a9119,9d0261e5-74a2-4f91-b282-55e53a47bd09,1016,,,3,Jeff,Burdick,1020 HIAWATHA BLVD W,,SYRACUSE,NY,13204-4163
AG Automotive,PRO,1614ec5b5c234361976ae718729a9119,23f24df1-82f8-4f43-a570-1b2a763b7fe2,1016,,,9,Michael,Brady,4567 NE 190TH LN,,PORTLAND,OR,97230-7574
AG Automotive,PRO,1614ec5b5c234361976ae718729a9119,64ee5c5f-ff2d-4592-bd7e-64d0f5fab389,1016,,,9,Derek,Montana,PO BOX 1,,BORING,OR,97009-0001
AG Automotive,PRO,1614ec5b5c234361976ae718729a9119,6a2f70be-39b3-42e2-8123-a7a468a78611,1016,,,3,Steven,Marcotte,12840 NE AIRPORT WAY,,PORTLAND,OR,97230-1029
AG Automotive,PRO,1614ec5b5c234361976ae718729a9119,4d3a0c1d-0c1a-4046-b4c1-8cd64dba6a62,1016,,,3,Joe,Pegoraro,3110 NE MINNEHAHA ST,,VANCOUVER,WA,98663-1489
AG Automotive,PRO,1614ec5b5c234361976ae718729a9119,cdb4609f-c0d7-494a-b0bf-e7bf2bfa5c9d,1016,,,9,Clint,Kaster,534 SE OAK ST,,PORTLAND,OR,97214-1140
AG Automotive,PRO,1614ec5b5c234361976ae718729a9119,1e918d98-0e1d-4468-9464-e171253735fd,1016,,,3,Austin,Allen,9625 N FISKE AVE,,PORTLAND,OR,97203-2012
AG Automotive,PRO,1614ec5b5c234361976ae718729a9119,722b4429-44f0-4823-a4e4-435f4d3e6afb,1016,,,9,The,Astorian,949 EXCHANGE ST,,ASTORIA,OR,97103-4605
AG Automotive,PRO,1614ec5b5c234361976ae718729a9119,f425b0f9-f10c-4fdb-8955-ebf4f2ba952a,1016,,,9,Kevin,Ross,1544 NE 48TH AVE,,PORTLAND,OR,97213-2138
AG Automotive,PRO,1614ec5b5c234361976ae718729a9119,0714f00f-f97f-48b7-a465-352a8f57031f,1016,,,9,Ian,Graff,16307 NE CAMERON BLVD,,PORTLAND,OR,97230-5030
AG Automotive,PRO,1614ec5b5c234361976ae718729a9119,0ff59855-b176-451b-8587-c95f38aef528,1016,,,3,Mitchell,Skerbe,1201 W COLUMBIA DR,,KENNEWICK,WA,99336-3459
AG Automotive,PRO,1614ec5b5c234361976ae718729a9119,37f6d954-df99-486b-81bb-15444dd99de8,1016,,,3,Arturo,Terrones,12608 SE ALDER ST,,PORTLAND,OR,97233-1688
AG Automotive,PRO,1614ec5b5c234361976ae718729a9119,910eabc1-d458-49df-aa32-014d8a7b1be9,1016,,,9,David,Lee,10010 NE SANDY BLVD,,PORTLAND,OR,97220-3324
AG Automotive,PRO,1614ec5b5c234361976ae718729a9119,a8999e92-f85b-4851-9f2f-8bee9e4bfd08,1016,,,9,Ryan,Johnson,16730 NE HASSALO ST,,PORTLAND,OR,97230-6112
AG Automotive,PRO,1614ec5b5c234361976ae718729a9119,18d9306c-7f7f-4fed-9729-a4737cfc2a02,1016,,,9,Spud,Mershon,2908 SE OLSEN ST,,MILWAUKIE,OR,97222-6440
AG Automotive,PRO,1614ec5b5c234361976ae718729a9119,51427fa1-d673-4d0a-9c6a-15692a55dfeb,1016,,,9,Yuriy,Kulik,4609 ANTRIM DR,,SARASOTA,FL,34240-4301
AG Automotive,PRO,1614ec5b5c234361976ae718729a9119,97503eb3-ed15-40da-89c6-1183541ebfd3,1016,,,9,Charles,Huntwork,720 K ST,,WASHOUGAL,WA,98671-1137
AG Automotive,PRO,1614ec5b5c234361976ae718729a9119,f41dbd97-a936-4d0c-a111-d2c153f2ea54,1016,,,9,Lucas,Johnston,1336 SE 19TH CIR,,TROUTDALE,OR,97060-2380
AG Automotive,PRO,1614ec5b5c234361976ae718729a9119,f47133e4-108b-4371-b2d8-f31ef08e50a3,1016,,,9,Noddin,Robert,4428 NE SKIDMORE ST,,PORTLAND,OR,97218-1757
AG Automotive,PRO,1614ec5b5c234361976ae718729a9119,80562004-21e2-49ab-9927-cfeb71c5f6f4,1016,,,3,Charles,Rabkin,920 NW PERIMETER WAY,,TROUTDALE,OR,97060-9557
AG Automotive,PRO,1614ec5b5c234361976ae718729a9119,58b9d343-973c-40b8-862d-d2a7ae7ad9c9,1016,,,9,David,Heath,2786 SW MONTGOMERY DR,,PORTLAND,OR,97201-1694
AG Automotive,PRO,1614ec5b5c234361976ae718729a9119,6d679fca-e492-4e9a-bfdf-fc7522485e38,1016,,,3,Eric,Dutchuk,7615 SE 66TH AVE,,PORTLAND,OR,97206-8040
AG Automotive,PRO,1614ec5b5c234361976ae718729a9119,3323500d-51ad-4059-8125-dd0a3cd4da89,1016,,,3,Jeremiah,Ullman,2519 NE 205TH AVE,,FAIRVIEW,OR,97024-8610
AG Automotive,PRO,1614ec5b5c234361976ae718729a9119,6694e748-0dc3-4529-8854-3c990042c060,1016,,,3,Williams,Tina,6806 NE WYGANT ST,,PORTLAND,OR,97218-3456
AG Automotive,PRO,1614ec5b5c234361976ae718729a9119,e71f4e9d-0b25-40c0-a9db-c346e5ee5835,1016,,,3,Brendon,Morgan,21401 NE SANDY BLVD,,FAIRVIEW,OR,97024-9601
AG Automotive,PRO,1614ec5b5c234361976ae718729a9119,bba3736e-b4d9-4b81-a797-0c797687ee66,1016,,,9,Mazen,Hansen,2774 N HAYDEN ISLAND DR,,PORTLAND,OR,97217-8252
AG Automotive,PRO,1614ec5b5c234361976ae718729a9119,2f290aa0-e6de-4025-8273-567df22d29d4,1016,,,9,Louis,Wurth,12848 NE AIRPORT WAY,,PORTLAND,OR,97230-1029
AG Automotive,PRO,1614ec5b5c234361976ae718729a9119,03068e92-42b6-4439-81bb-166ca235ba19,1016,,,3,Allen,Shibley,4222 NE 158TH AVE,,PORTLAND,OR,97230-5084
AG Automotive,PRO,1614ec5b5c234361976ae718729a9119,367d17e8-1d73-4435-a2e4-86168272006e,1016,,,3,Adrian,Wisernig,710 NW 14TH AVE,,PORTLAND,OR,97209-2789
AG Automotive,PRO,1614ec5b5c234361976ae718729a9119,a0796c20-c969-458e-a1cb-615190399907,1016,,,9,Harry,Miller,537 SE 160TH AVE,,PORTLAND,OR,97233-3211
AG Automotive,PRO,1614ec5b5c234361976ae718729a9119,2dcb8b8c-2f60-442c-98b4-d6602ce21aa8,1016,,,9,Vladimir,Sedlettskiy,2213 SE 18TH ALY,,GRESHAM,OR,97080-7929
AG Automotive,PRO,1614ec5b5c234361976ae718729a9119,5d5ac9d7-fe5c-4b78-bfdb-cd7c694e5ee1,1016,,,3,Roger,Hernandez,2806 E 16TH ST,,VANCOUVER,WA,98661-4748
AG Automotive,PRO,1614ec5b5c234361976ae718729a9119,0f9f3d14-64e2-4549-a527-c422adfe8e83,1016,,,9,Morgan,Walsh,4737 NE MASON ST,,PORTLAND,OR,97218-1744
AG Automotive,PRO,1614ec5b5c234361976ae718729a9119,984ddcac-7db2-43bc-a204-ec6f90edbb20,1016,,,3,Max,Maestas,3004 S MARKET ST APT 3070,,GILBERT,AZ,85295-1378
AG Automotive,PRO,1614ec5b5c234361976ae718729a9119,e950e9d0-2cb7-4916-b4f6-9dcdc0e17756,1016,,,9,Daymien,Estrada,2370 FLORENCE BLVD,,BLYTHE,CA,92225-5604
AG Automotive,PRO,1614ec5b5c234361976ae718729a9119,2f464ee7-c145-4067-bcd9-b3adcc44eea7,1016,,,9,Zach,Tucker,14535 VALLEY VIEW AVE STE K,,SANTA FE SPRINGS,CA,90670-5234
AG Automotive,PRO,1614ec5b5c234361976ae718729a9119,5673d9ed-d6c4-4c33-bc8a-c536d2046e01,1016,,,9,Bryant,Scatena,3004 S MARKET ST,,GILBERT,AZ,85295-1349
AG Automotive,PRO,1614ec5b5c234361976ae718729a9119,c9a01ff4-9f75-4b23-b9c8-64d2fd10b819,1016,,,9,Griffin,McDonald,8912 NE ALDERWOOD RD,,PORTLAND,OR,97220-6802
AG Automotive,PRO,1614ec5b5c234361976ae718729a9119,ef7d8644-0296-4127-a60b-6959ffae10c8,1016,,,3,Elijah,Salinas,925 S LONGMORE,,MESA,AZ,85202-4357
AG Automotive,PRO,1614ec5b5c234361976ae718729a9119,824b82cd-fa74-4eda-b5b4-b842378a6ccc,1016,,,9,Mark,Chadbourne,1433 LOCUST AVE,,CLOVIS,CA,93611-7319
AG Automotive,PRO,1614ec5b5c234361976ae718729a9119,faef8ae1-b4c1-4a0f-b2dc-f1953238d98b,1016,,,9,Avram,Davidian,1740 NE 155TH AVE,,PORTLAND,OR,97230-5316
AG Automotive,PRO,1614ec5b5c234361976ae718729a9119,0deffc04-eb19-4561-b69a-252c760790ae,1016,,,3,Mariah,Davidson,9434 E SUPERNOVA DR,,MESA,AZ,85212-5493
AG Automotive,PRO,1614ec5b5c234361976ae718729a9119,6db8f5de-0ee5-4194-8a3c-deaf4626d94b,1016,,,3,Eduardo,Smit,13810 SW 142ND AVE STE 36,,MIAMI,FL,33186-7315
AG Automotive,PRO,1614ec5b5c234361976ae718729a9119,4015bb8a-5dee-4292-a9c9-c697507e7202,1016,,,3,Jacob,Ringstad,1 N HEARTHSTONE WAY,,CHANDLER,AZ,85226-0002
AG Automotive,PRO,1614ec5b5c234361976ae718729a9119,818feb00-9339-4fab-ac87-c2f6117cc713,1016,,,3,Tara,Mooney,5134 SE FOSTER RD,,PORTLAND,OR,97206-3068
AG Automotive,PRO,1614ec5b5c234361976ae718729a9119,560f76cb-8748-4314-9fe3-75eae1ac8151,1016,,,9,Brooke,Vumbaco,695 N SPARROW CT,,GILBERT,AZ,85234-7489
AG Automotive,PRO,1614ec5b5c234361976ae718729a9119,332dae9b-65ed-4114-96df-a91ad0acfc1e,1016,,,3,Allison,Schmidt,7508 E MILAGRO AVE,,MESA,AZ,85209-4882
AG Automotive,PRO,1614ec5b5c234361976ae718729a9119,950cc0b2-e31d-4bb3-8fee-2b41af758473,1016,,,9,Michael,Zeurcher,1400 DOUGLAS ST STOP 780,,OMAHA,NE,68179-0780
AG Automotive,PRO,1614ec5b5c234361976ae718729a9119,a87d6e0e-6b0d-4a05-ad38-97a1e8edf79d,1016,,,9,Carlos,Maldonando,PO BOX 87833,,VANCOUVER,WA,98687-7833
AG Automotive,PRO,1614ec5b5c234361976ae718729a9119,daed2b25-e8af-4f2e-b78c-88cbaa09269a,1016,,,3,Lee,Heintz,13233 NE JARRETT ST,,PORTLAND,OR,97230-1071
AG Automotive,PRO,1614ec5b5c234361976ae718729a9119,8e39f8cf-4cd2-44e6-aed3-1c64fc43a9ee,1016,,,9,Allen,Black,8264 SILETZ HWY,,LINCOLN CITY,OR,97367-9799
AG Automotive,PRO,1614ec5b5c234361976ae718729a9119,41407d71-665d-4530-b668-c9d2734768ab,1016,,,9,Zachary,Tormanen,2409 PAULI DR,,KELSO,WA,98626-5246
AG Automotive,PRO,1614ec5b5c234361976ae718729a9119,85eb3c99-9a9c-424d-8f86-b7028bb48644,1016,,,9,Kathleen,Simcox,806 SE 34TH AVE,,PORTLAND,OR,97214-4478
AG Automotive,PRO,1614ec5b5c234361976ae718729a9119,84582884-f52a-4706-8e92-22c34bf346e1,1016,,,3,Brandon,Fetter,8160 304TH AVE SE,,ISSAQUAH,WA,98027-8889
AG Automotive,PRO,1614ec5b5c234361976ae718729a9119,fd4b615a-17d7-44e5-ac0f-bff03bd35e4c,1016,,,3,Andy,Mendenhall,3926 NE 69TH AVE,,PORTLAND,OR,97213-5133
AG Automotive,PRO,1614ec5b5c234361976ae718729a9119,e0dbe756-25a4-4eba-9893-70dbd3eef01c,1016,,,9,Chris,Doorworks,2630 NW SAINT HELENS RD,,PORTLAND,OR,97210-2242
AG Automotive,PRO,1614ec5b5c234361976ae718729a9119,883a6b79-6ec8-4e8c-bbdf-a7f423393da3,1016,,,3,Terry,Allen,1117 ROOSEVELT AVE,,CENTRALIA,WA,98531-3743
AG Automotive,PRO,1614ec5b5c234361976ae718729a9119,cd7b901d-2959-4c12-9fba-3c536ef788d1,1016,,,3,Levi,Lais,1502 SE 84TH AVE,,PORTLAND,OR,97216-1315
AG Automotive,PRO,1614ec5b5c234361976ae718729a9119,bba44a8b-96b0-475f-8b21-27a25ad6b5d6,1016,,,9,Bart,Arthur,1767 12TH ST,,HOOD RIVER,OR,97031-9531
AG Automotive,PRO,1614ec5b5c234361976ae718729a9119,ac006ec5-46e5-467e-91d5-14a565c4e02d,1016,,,9,Jeremy,Alcatraz,16380 BOONES FERRY RD,,LAKE OSWEGO,OR,97035-4262
