Shop Name,Software,SID,CID,WSID,WCID,MBdayMo,TBdayMo,First,Last,Address,Address2,City,St,Zip
AG Automotive,PRO,1614ec5b5c234361976ae718729a9119,9281e4e9-1945-4e37-a418-117ee549e68e,1016,,09,,Nick,Tapani,PO BOX 699,,BATTLE GROUND,WA,98604-0699
AG Automotive,PRO,1614ec5b5c234361976ae718729a9119,1a6d115b-81c9-4c76-bc90-3fd3900745f9,1016,,9,,Jeff,Martizia,3216 SE 175TH CT,,VANCOUVER,WA,98683-2310
AG Automotive,PRO,1614ec5b5c234361976ae718729a9119,dd87f0c2-93a8-457e-9eb4-38d135da4508,1016,,9,,John,Hagle,1059 BIRCHWOOD DR,,OREGON CITY,OR,97045-3505
AG Automotive,PRO,1614ec5b5c234361976ae718729a9119,1fe2823f-6715-41e5-8746-ab09a1232b76,1016,,09,,Maria,Harvey,17325 BANYAN LN,,LAKE OSWEGO,OR,97034-6901
AG Automotive,PRO,1614ec5b5c234361976ae718729a9119,6da366e5-2233-4242-bc7e-7bb197a84b79,1016,,9,,Dave,Chiara,6235 N DETROIT AVE,,PORTLAND,OR,97217-4342
AG Automotive,PRO,1614ec5b5c234361976ae718729a9119,ab1ca20e-b5ab-45ae-b93c-0535e165fe02,1016,,9,,Rob,Strahan,677 FAITH AVE,,ASHLAND,OR,97520-2510
AG Automotive,PRO,1614ec5b5c234361976ae718729a9119,161fe5ab-0c0a-4c5f-8d6f-abad71b60509,1016,,9,,Harry,Lew,1221 SE 9TH ST,,GRESHAM,OR,97080-8107
AG Automotive,PRO,1614ec5b5c234361976ae718729a9119,d3752471-879b-4eb7-8026-786780f5158a,1016,,9,,Carlin,Ables,5485 MCLEOD LN NE,,KEIZER,OR,97303-2336
AG Automotive,PRO,1614ec5b5c234361976ae718729a9119,65b98c9b-c353-4238-9b14-03e94367fdda,1016,,9,,Ian,Mallett,6404 SE ASH ST,,PORTLAND,OR,97215-1681
AG Automotive,PRO,1614ec5b5c234361976ae718729a9119,8fb5eae5-a01d-4bb9-8793-5c46228e0dcb,1016,,9,,Andrew,Puch,PO BOX 2133,,REDMOND,WA,98073-2133
AG Automotive,PRO,1614ec5b5c234361976ae718729a9119,8525f569-45fa-484e-838b-664e24f78bdf,1016,,9,,Corinna,Wilborn,PO BOX 14129,,PORTLAND,OR,97293-0129
AG Automotive,PRO,1614ec5b5c234361976ae718729a9119,9e197387-a7f7-430f-ae94-bc71284f23e8,1016,,9,,Jon,Myers,3117 SE 65TH AVE,,PORTLAND,OR,97206-1909
AG Automotive,PRO,1614ec5b5c234361976ae718729a9119,63703c9d-5a67-4fb6-a4ba-99a303e869c0,1016,,9,,Kraig,Fletcher,16824 NE EUGENE CT,,PORTLAND,OR,97230-6054
AG Automotive,PRO,1614ec5b5c234361976ae718729a9119,d73ed0d6-3a33-4537-b6c1-1676eb1cf664,1016,,9,,Estrada,Mario,20140 NE SANDY BLVD UNIT 92,,FAIRVIEW,OR,97024-9750
AG Automotive,PRO,1614ec5b5c234361976ae718729a9119,1446ff1e-e37e-4106-9055-00e861a1d98d,1016,,9,,Scott,Western,32838 STONEBROOK DR,,WARREN,OR,97053-9787
AG Automotive,PRO,1614ec5b5c234361976ae718729a9119,759d7773-f95e-4a93-86a6-9f1d0e6a9f2c,1016,,9,,Scott,Hanson,4935 NE 91ST AVE,,PORTLAND,OR,97220-4778
AG Automotive,PRO,1614ec5b5c234361976ae718729a9119,c7408ce0-e484-4f5c-85db-39556dba93b0,1016,,9,,Daniel,Bartels,20022 N 24TH WAY,,PHOENIX,AZ,85050-1302
AG Automotive,PRO,1614ec5b5c234361976ae718729a9119,5f4a9dbb-78a3-46fe-a1af-140ec0bcf4d3,1016,,9,,Susan,Ferguson,620 SE 106TH AVE,,PORTLAND,OR,97216-3101
AG Automotive,PRO,1614ec5b5c234361976ae718729a9119,25a90ec8-7513-4eca-b2bd-9beb0fe04624,1016,,9,,Mike,Mcbride,5950 SW 205TH AVE,,ALOHA,OR,97078-3751
AG Automotive,PRO,1614ec5b5c234361976ae718729a9119,d16cfcf3-e2c6-4153-9866-e39be2060f7d,1016,,9,,Tim,Forney,13514 NE 6TH AVE,,VANCOUVER,WA,98685-2806
AG Automotive,PRO,1614ec5b5c234361976ae718729a9119,d436a1cc-fccd-4fad-b83b-c36a2a579086,1016,,9,,Dave,McGee,9504 N CLARENDON AVE,,PORTLAND,OR,97203-1914
AG Automotive,PRO,1614ec5b5c234361976ae718729a9119,deafa273-02a4-4bc8-afc4-f0484c6074bf,1016,,09,,Joe,Harrity,PO BOX 12395,,PORTLAND,OR,97212-0395
AG Automotive,PRO,1614ec5b5c234361976ae718729a9119,c5f5a0d6-3047-4220-8946-1a0664f26c7d,1016,,9,,Joel,Blackmon,8413 N DRUID AVE,,PORTLAND,OR,97203-3503
AG Automotive,PRO,1614ec5b5c234361976ae718729a9119,5a4b5d42-d3b9-4034-af81-1ce049a92273,1016,,09,,Anthony,Larhs,9370 SW GREENBURG RD STE J,,PORTLAND,OR,97223-5408
AG Automotive,PRO,1614ec5b5c234361976ae718729a9119,4521d375-f7af-48b4-916b-48550d0b857a,1016,,9,,James,Francis,3827 NE 139TH AVE,,PORTLAND,OR,97230-2729
AG Automotive,PRO,1614ec5b5c234361976ae718729a9119,b63fb69b-7c01-40a2-badb-ac9cdb14eeb3,1016,,9,,Molly,Mcguire,14914 NE THOMPSON ST,,PORTLAND,OR,97230-4663
AG Automotive,PRO,1614ec5b5c234361976ae718729a9119,819171f6-e659-4a19-ac9c-289c991d1352,1016,,9,,Jessika,Smith,3542 NE 105TH AVE,,PORTLAND,OR,97220-3413
AG Automotive,PRO,1614ec5b5c234361976ae718729a9119,18acf9fe-56e8-49d6-b029-7cfe6613a86f,1016,,9,,Matt,Vellella,565 WELTER CIR,,GLADSTONE,OR,97027-2634
AG Automotive,PRO,1614ec5b5c234361976ae718729a9119,4a06b147-7029-49d7-9850-3f392edf9827,1016,,9,,George,Mowery,14913 NE SISKIYOU CT,,PORTLAND,OR,97230-4541
AG Automotive,PRO,1614ec5b5c234361976ae718729a9119,4b8e33bf-e158-4be2-9762-ef6ce41f1322,1016,,9,,Katharine,Sprecher,1824 NE 150TH AVE,,PORTLAND,OR,97230-4628
AG Automotive,PRO,1614ec5b5c234361976ae718729a9119,933b404d-a82b-4abb-a97f-fa91520e8f4e,1016,,9,,Don,Wallace,2410 NE 136TH AVE,,PORTLAND,OR,97230-3046
AG Automotive,PRO,1614ec5b5c234361976ae718729a9119,7f0845f8-830c-4ede-894e-14eaf5c296e0,1016,,9,,Jeanne,Woodyard,2628 NW SARGENT WAY,,BEND,OR,97703-5916
AG Automotive,PRO,1614ec5b5c234361976ae718729a9119,ccf30fbd-eb85-4802-829b-4930c25958ab,1016,,9,,Cynthia,Clark,20050 S GREEN MOUNTAIN RD,,COLTON,OR,97017-9467
AG Automotive,PRO,1614ec5b5c234361976ae718729a9119,ec94e8d5-f71b-46fb-aa52-750445db96d7,1016,,9,,Jacob,Jirsa,7670 N MISSISSIPPI AVE,,PORTLAND,OR,97217-1374
AG Automotive,PRO,1614ec5b5c234361976ae718729a9119,119ad1b5-0e90-49fe-81ab-4763d4d73569,1016,,09,,Holly,Jablonsky,408 SW EATON BLVD APT 224,,BATTLE GROUND,WA,98604-3342
AG Automotive,PRO,1614ec5b5c234361976ae718729a9119,b2e71354-abd8-4c0f-be6d-ec4eea38ba38,1016,,9,,Matthew,Knudson,19506 NE 58TH ST,,VANCOUVER,WA,98682-9101
AG Automotive,PRO,1614ec5b5c234361976ae718729a9119,76fd96d2-ab0a-4db8-a6f1-12adeb3f0eb4,1016,,09,,Tyrone,Newton,5775 SE KNAPP ST,,PORTLAND,OR,97206-7539
AG Automotive,PRO,1614ec5b5c234361976ae718729a9119,57f5f78f-889b-4e81-9a6f-291283bf573e,1016,,09,,Jeremy,Mccoy,5631 SE KNIGHT ST,,PORTLAND,OR,97206-6023
AG Automotive,PRO,1614ec5b5c234361976ae718729a9119,47a17e16-aab0-47ae-a95f-77b1900447e2,1016,,9,,Jamie,Trudeau,536 E 11TH CT,,LA CENTER,WA,98629-5525
AG Automotive,PRO,1614ec5b5c234361976ae718729a9119,132ef6d4-8efd-49ef-971d-0bd4ef3abe56,1016,,9,,Chester,Dufour,PO BOX 540,,WELCHES,OR,97067-0540
AG Automotive,PRO,1614ec5b5c234361976ae718729a9119,6ce42d98-5899-440d-8c60-a495f153eb0c,1016,,9,,John,Mcclelland,3847 NE 149TH AVE,,PORTLAND,OR,97230-4465
AG Automotive,PRO,1614ec5b5c234361976ae718729a9119,53be9934-c710-42c8-8061-fecd91ff42d0,1016,,9,,Jena,White,3812 NE 145TH AVE,,PORTLAND,OR,97230-3521
AG Automotive,PRO,1614ec5b5c234361976ae718729a9119,b2f1e530-1d20-4aee-95da-83af4f9757c9,1016,,9,,Sean,Smith,22606 NE HANCOCK ST,,FAIRVIEW,OR,97024-2614
AG Automotive,PRO,1614ec5b5c234361976ae718729a9119,ad3b3ef6-b717-4f9a-ae97-952ae37f14d3,1016,,9,,Autumn,Torres,85 SARVIS RIDGE RD,,NORMANDY,TN,37360-9745
AG Automotive,PRO,1614ec5b5c234361976ae718729a9119,bfa2349a-f1d2-4a27-813f-0ac28d335bf7,1016,,9,,Richard,Hrubosky,1579 N PERSIMMON ST,,CANBY,OR,97013-2991
AG Automotive,PRO,1614ec5b5c234361976ae718729a9119,e497f6c7-2937-4351-ba9c-c522e09b9c40,1016,,9,,Jerald,Miles,5845 SE ALTMAN RD,,GRESHAM,OR,97080-8922
AG Automotive,PRO,1614ec5b5c234361976ae718729a9119,6923959e-fe7e-4b77-9c73-e4115a413a06,1016,,9,,Lonnie,Gilbertson,10179 SE 43RD AVE,,PORTLAND,OR,97222-8202
AG Automotive,PRO,1614ec5b5c234361976ae718729a9119,32ce6aaa-9a2e-4a19-bff3-74f68c154431,1016,,09,,Rodger,Rast,601 LANE RD,,WOODLAND,WA,98674-9669
AG Automotive,PRO,1614ec5b5c234361976ae718729a9119,3e66a33e-9f4d-4315-9e49-c17328b366c7,1016,,09,,Naoki,Kondo,301 GRAND BLVD,,VANCOUVER,WA,98661-4901
AG Automotive,PRO,1614ec5b5c234361976ae718729a9119,7c7c4c7c-5cb7-4fc3-8892-1e165bd30eb2,1016,,9,,Jeremy,Kirby,13707 NE FREMONT ST,,PORTLAND,OR,97230-2910
AG Automotive,PRO,1614ec5b5c234361976ae718729a9119,eaa811bd-f4c4-4ddd-9282-7d2589ab5738,1016,,9,,Jennifer,Gagle,10085 SW JOHNSON ST,,TIGARD,OR,97223-5224
AG Automotive,PRO,1614ec5b5c234361976ae718729a9119,84f79dae-79e9-4276-9dd9-ca30c58e539b,1016,,09,,Bonner,James,9237 N HAVEN AVE,,PORTLAND,OR,97203-2850
AG Automotive,PRO,1614ec5b5c234361976ae718729a9119,840f7479-7141-489e-88e7-35be82e6ed44,1016,,09,,Koji,Goto,2532 231ST AVE NE,,SAMMAMISH,WA,98074-8920
AG Automotive,PRO,1614ec5b5c234361976ae718729a9119,36f87c09-c2d6-4368-9bdb-ffa4a73d227d,1016,,9,,Josh,Lieberman,3304 NE 45TH AVE,,PORTLAND,OR,97213-1146
AG Automotive,PRO,1614ec5b5c234361976ae718729a9119,ca039dfe-f3ac-4695-9c10-dacb83929d9a,1016,,9,,John,Gonzalez,11918 NE 102ND ST,,VANCOUVER,WA,98682-2031
AG Automotive,PRO,1614ec5b5c234361976ae718729a9119,513e0f05-0a9c-4a09-820e-152ab40278f1,1016,,09,,Ryan,Voss,4526 NE 42ND AVE APT 203,,PORTLAND,OR,97218-1664
AG Automotive,PRO,1614ec5b5c234361976ae718729a9119,0fd7efad-74ce-4a29-baac-fdcd044eae7c,1016,,9,,Jeremy,Ashlock,23508 S 212TH WAY,,QUEEN CREEK,AZ,85142-5181
AG Automotive,PRO,1614ec5b5c234361976ae718729a9119,57d7534b-8f21-493e-a89f-006f14b37bed,1016,,09,,Elise,Otjen,13545 NE KLICKITAT CT,,PORTLAND,OR,97230-2926
AG Automotive,PRO,1614ec5b5c234361976ae718729a9119,79c4ae6b-f73d-4cc7-af27-d08e79f1ca4f,1016,,9,,Jeremy,Mai,8115 SW RIDGEWAY DR,,PORTLAND,OR,97225-3043
AG Automotive,PRO,1614ec5b5c234361976ae718729a9119,378d3a1e-0e7e-4a9f-863d-e8e0e7ef734b,1016,,09,,Charley,Orlando,118 MEADOW RD,,SYRACUSE,NY,13219-1420
AG Automotive,PRO,1614ec5b5c234361976ae718729a9119,56968f42-2298-4e55-a7c7-8b5c15f21814,1016,,9,,Nate,Akse,5556 N DELAWARE AVE,,PORTLAND,OR,97217-4204
AG Automotive,PRO,1614ec5b5c234361976ae718729a9119,7002ec22-05e0-44b1-b82f-7048af236def,1016,,9,,Aki,Perry,4345 NE 74TH AVE,,PORTLAND,OR,97218-3636
AG Automotive,PRO,1614ec5b5c234361976ae718729a9119,8e284cb8-3697-4965-aeeb-29942143f946,1016,,9,,Adrian,Neuhaus,14101 SE LUCILLE ST,,HAPPY VALLEY,OR,97086-5609
AG Automotive,PRO,1614ec5b5c234361976ae718729a9119,97365307-8e25-4063-80a4-d1fd34154d7b,1016,,9,,Don,Hudson,2138 NE HANCOCK ST,,PORTLAND,OR,97212-4739
AG Automotive,PRO,1614ec5b5c234361976ae718729a9119,9bf4f48c-45d5-4e79-ab55-4eaeadd25948,1016,,9,,Robert,Roeser,8244 NE HUMBOLDT ST,,PORTLAND,OR,97220-4757
AG Automotive,PRO,1614ec5b5c234361976ae718729a9119,8f88b14d-4483-45f3-9561-27038ae7b260,1016,,09,,Heather,Bracken,9110 NE HASSALO ST APT 215,,PORTLAND,OR,97220-5777
AG Automotive,PRO,1614ec5b5c234361976ae718729a9119,826cc3a2-d5dd-48f7-b078-d38cd4065083,1016,,9,,Will,Holloway,1122 NE GOING ST,,PORTLAND,OR,97211-4642
AG Automotive,PRO,1614ec5b5c234361976ae718729a9119,58dafae8-cba9-45ce-ab8f-3184a1279495,1016,,09,,Ryan,Flaherty,422 W LOOKOUT RIDGE DR APT 200,,WASHOUGAL,WA,98671-8005
AG Automotive,PRO,1614ec5b5c234361976ae718729a9119,68a6a738-9103-4d07-9f2e-48da33c72333,1016,,9,,Erick,Stewart,207 NE 130TH PL,,PORTLAND,OR,97230-2503
AG Automotive,PRO,1614ec5b5c234361976ae718729a9119,8105662d-33dc-487f-b24a-0c2780c90572,1016,,9,,Erika,Singer,5905 SE 21ST AVE,,PORTLAND,OR,97202-5233
AG Automotive,PRO,1614ec5b5c234361976ae718729a9119,0c7b0298-50ca-4c1b-994d-7e31af8093f6,1016,,9,,Jon,Bridenbaugh,1810 NE 62ND AVE,,PORTLAND,OR,97213-4152
AG Automotive,PRO,1614ec5b5c234361976ae718729a9119,d859fb9c-dffe-4968-943c-f42efa6e064a,1016,,9,,Nicholas,Clark,19755 RIVER RD APT C,,GLADSTONE,OR,97027-2214
AG Automotive,PRO,1614ec5b5c234361976ae718729a9119,525594dc-231b-41f0-9adc-688bb916c63a,1016,,09,,Denny,Wade,11304 NE MARX ST,,PORTLAND,OR,97220-1039
AG Automotive,PRO,1614ec5b5c234361976ae718729a9119,08e3a55e-8ac3-45d0-aa3f-9c466246575f,1016,,9,,Mick,Tarsel,PO BOX 31,,GOVERNMENT CAMP,OR,97028-0031
AG Automotive,PRO,1614ec5b5c234361976ae718729a9119,ccb09477-f378-49a1-8cae-6ef50774ac34,1016,,9,,Justin,Howell,1922 SE CLATSOP ST,,PORTLAND,OR,97202-7343
AG Automotive,PRO,1614ec5b5c234361976ae718729a9119,420a80f4-0ac3-4483-8299-2dea871808f0,1016,,09,,Joel,Estrada,1219 W LINCOLN ST APT 13,,WOODBURN,OR,97071-4235
AG Automotive,PRO,1614ec5b5c234361976ae718729a9119,3d4fddb3-dcf9-4c3e-8074-5860cd78f80a,1016,,9,,Felix,Struys,10115 NE 149TH AVE,,VANCOUVER,WA,98682-1738
AG Automotive,PRO,1614ec5b5c234361976ae718729a9119,67f6d717-b2e5-47da-afd6-3119e9200e71,1016,,9,,Bryan,Burleson,102 N 36TH AVE,,YAKIMA,WA,98902-2732
AG Automotive,PRO,1614ec5b5c234361976ae718729a9119,9f4cab74-277c-4d59-a98b-fab1798419f3,1016,,9,,Kim,Reddington,1145 W PAGE AVE,,GILBERT,AZ,85233-4735
AG Automotive,PRO,1614ec5b5c234361976ae718729a9119,50f2878f-f019-46b0-a950-c61e75555d05,1016,,09,,Brandt,Hendrickson,21100 NE 202ND AVE,,BATTLE GROUND,WA,98604-9217
AG Automotive,PRO,1614ec5b5c234361976ae718729a9119,4f52e62e-d9f4-40f8-8277-1d3b9c68ca5e,1016,,9,,Eric,Saueracker,6127 N WILLIAMS AVE,,PORTLAND,OR,97217-2173
AG Automotive,PRO,1614ec5b5c234361976ae718729a9119,42c18b5d-1fb2-40b0-904a-960b23314b28,1016,,09,,Joe,Steele,1421 SE 208TH AVE,,GRESHAM,OR,97030-3507
AG Automotive,PRO,1614ec5b5c234361976ae718729a9119,67656bc7-3a1e-4db9-a391-28e340800e1b,1016,,9,,Ray,Best,13419 NE 246TH CIR,,BATTLE GROUND,WA,98604-5620
AG Automotive,PRO,1614ec5b5c234361976ae718729a9119,04fcfd02-cd1e-4490-8114-2f076ffe6e4c,1016,,9,,Ed,Talcott,13609 NW 45TH CT,,VANCOUVER,WA,98685-1528
AG Automotive,PRO,1614ec5b5c234361976ae718729a9119,618f1059-c686-4093-a957-89ce69fbbc02,1016,,9,,Chris,Dolph,15618 PARKWAY DR,,LA PINE,OR,97739-9603
AG Automotive,PRO,1614ec5b5c234361976ae718729a9119,87860169-6448-442c-97e9-9582de80ded7,1016,,9,,Ly,Kieu,11818 SE GRAND VISTA DR,,CLACKAMAS,OR,97015-9296
AG Automotive,PRO,1614ec5b5c234361976ae718729a9119,93e782ff-a82b-4e3d-beda-c6a5d622ef5c,1016,,9,,Mark,Otto,15918 SE HAROLD AVE,,PORTLAND,OR,97267-3948
AG Automotive,PRO,1614ec5b5c234361976ae718729a9119,75983182-b815-4416-9b6a-a96d626195f5,1016,,9,,Doug,Godfrey,2783 NE 22ND CT,,GRESHAM,OR,97030-3161
AG Automotive,PRO,1614ec5b5c234361976ae718729a9119,0cff7a26-4ce7-476f-b3e6-b8c260817bb6,1016,,9,,Larry,Mitchell,1859 SE IRONWOOD WAY,,GRESHAM,OR,97080-3002
AG Automotive,PRO,1614ec5b5c234361976ae718729a9119,a002e301-ffc9-4ea7-8fe7-9230092c73c4,1016,,9,,Butch,Shimer,281 HILLTOP RD,,WASHOUGAL,WA,98671-7223
AG Automotive,PRO,1614ec5b5c234361976ae718729a9119,bd813bcc-bfc1-4b4c-a384-62a1b741e519,1016,,09,,Valerie,Miller,3125 NE 62ND AVE,,PORTLAND,OR,97213-3946
AG Automotive,PRO,1614ec5b5c234361976ae718729a9119,81028247-4ce7-4e62-bed1-215e7d4f3b18,1016,,09,,Bryan,Tooley,2110 NE KNOTT ST,,PORTLAND,OR,97212-3427
AG Automotive,PRO,1614ec5b5c234361976ae718729a9119,98baef6d-5dd4-4fda-9746-06f5de6e8d14,1016,,9,,Yata,Doe,5105 NE 20TH AVE,,PORTLAND,OR,97211-5650
AG Automotive,PRO,1614ec5b5c234361976ae718729a9119,f9db4aa8-988d-4cc6-8803-4fc1b9e163a3,1016,,09,,David,Delgado,2160 E HULET DR,,CHANDLER,AZ,85225-4189
AG Automotive,PRO,1614ec5b5c234361976ae718729a9119,dbf10530-0b06-4711-88fb-2fdcf5f3319b,1016,,09,,Nick,Haley,1327 SE TACOMA ST # 224,,PORTLAND,OR,97202-6639
AG Automotive,PRO,1614ec5b5c234361976ae718729a9119,5d27639c-9994-4ece-b2cd-95020b1b1e64,1016,,09,,Michael,Fitzgerald,2505 SE 71ST AVE,,PORTLAND,OR,97206-1120
AG Automotive,PRO,1614ec5b5c234361976ae718729a9119,f0eb1357-3dfe-4195-b456-d17b5788d253,1016,,9,,Terry,Ribordy,245 W SAN PEDRO AVE,,GILBERT,AZ,85233-2737
AG Automotive,PRO,1614ec5b5c234361976ae718729a9119,39dae4a5-cc6e-4b8b-b944-e0cdde54bbd1,1016,,9,,Jennifer,Douthart,3676 E TURLEY ST,,GILBERT,AZ,85295-0207
AG Automotive,PRO,1614ec5b5c234361976ae718729a9119,8776274c-22f5-4b31-bc4f-4ebad7623e33,1016,,09,,Matthew,Norloff,126 HAGWOOD RD,,ZEBULON,NC,27597-5995
AG Automotive,PRO,1614ec5b5c234361976ae718729a9119,a4b35d43-b55b-49ff-9d98-1055d9915c96,1016,,09,,Luke,O'Brien,3315 W PEARL AVE,,TAMPA,FL,33611-3929
AG Automotive,PRO,1614ec5b5c234361976ae718729a9119,7c200ccd-d86f-41e5-8140-b85323a967fd,1016,,09,,Jeff,Jackman,804 NW SLUMAN RD,,VANCOUVER,WA,98665-7406
AG Automotive,PRO,1614ec5b5c234361976ae718729a9119,809cbbaf-c90d-459b-acd0-b984ad08e13c,1016,,9,,Karen,Swanson,720 N HAZELTON DR,,CHANDLER,AZ,85226-2249
AG Automotive,PRO,1614ec5b5c234361976ae718729a9119,18858b1f-4d5f-4993-892d-ba7cafc3fa9d,1016,,9,,Jennifer,Vogt,1483 W BLUEJAY DR,,CHANDLER,AZ,85286-8101
AG Automotive,PRO,1614ec5b5c234361976ae718729a9119,3f4506c6-703f-42d9-8701-9bca76d975e0,1016,,09,,Patrick,Mark,16619 24TH RD,,WHITESTONE,NY,11357-4013
AG Automotive,PRO,1614ec5b5c234361976ae718729a9119,ec047e41-0faf-422f-9ee8-1cbc7f2477ef,1016,,09,,Jason,Walton,1801 E MAIN ST,,BATTLE GROUND,WA,98604-4591
AG Automotive,PRO,1614ec5b5c234361976ae718729a9119,337d0f1c-db3d-426e-964d-436524d0a83c,1016,,09,,Neil,Haley,17926 E REPOSA CT,,GOLD CANYON,AZ,85118-7513
AG Automotive,PRO,1614ec5b5c234361976ae718729a9119,1eda6abd-06d8-4608-aa5e-193d5f6f397b,1016,,9,,Sheena,Petersen,3825 E EDNA DR,,GILBERT,AZ,85296-2858
AG Automotive,PRO,1614ec5b5c234361976ae718729a9119,7aacbc8b-5c6a-4207-9c82-b7a0c4421c52,1016,,09,,Bradley,White,5330 GUTHRIE RD,,COLUMBUS,OH,43207-4949
AG Automotive,PRO,1614ec5b5c234361976ae718729a9119,1c2b4dac-f275-4fe9-9e07-8e7987a0817d,1016,,9,,Dawn,Wilson,779 E HARPER ST UNIT 101,,GILBERT,AZ,85297-1160
AG Automotive,PRO,1614ec5b5c234361976ae718729a9119,716a8314-f60f-4d93-96db-eeaa5d7a7693,1016,,9,,Ross,Langer,17594 W COUNTRY CLUB TER,,SURPRISE,AZ,85387-4021
AG Automotive,PRO,1614ec5b5c234361976ae718729a9119,9eedd3b9-2c3f-4974-8c8d-81867e6d6483,1016,,09,,Les,Krammer,31972 N 127TH LN,,PEORIA,AZ,85383-5053
AG Automotive,PRO,1614ec5b5c234361976ae718729a9119,421c5976-f909-4bf2-98c8-4212a4547838,1016,,09,,Justin,Summers,1235 N COLLEGE AVE,,FORT COLLINS,CO,80524-1231
AG Automotive,PRO,1614ec5b5c234361976ae718729a9119,17387518-bf6f-4bf4-9823-50b7d8417751,1016,,9,,Tom,Andre,PO BOX 492,,CORBETT,OR,97019-0492
AG Automotive,PRO,1614ec5b5c234361976ae718729a9119,bf202a38-4d45-4397-b0e8-9af7971f84ed,1016,,9,,Charlie,Mills,3463 NW SAVIER ST,,PORTLAND,OR,97210-1938
AG Automotive,PRO,1614ec5b5c234361976ae718729a9119,3f089893-aba8-44fb-850d-6f0b9dce2c18,1016,,09,,Mark,Cole,5701 NE 105TH AVE STE D,,PORTLAND,OR,97220-1154
AG Automotive,PRO,1614ec5b5c234361976ae718729a9119,7c7919ad-713b-45eb-85b0-11bb3ee25125,1016,,9,,David,Rabie,2010 NE 160TH PL,,PORTLAND,OR,97230-8236
AG Automotive,PRO,1614ec5b5c234361976ae718729a9119,1cad1d4b-1ac1-4318-8514-6ace650c6e20,1016,,9,,Jill,Wooldridge,2744 NE SYCAMORE CT,,BEND,OR,97701-6431
AG Automotive,PRO,1614ec5b5c234361976ae718729a9119,452e1cd3-30bf-4f19-8717-8b351bfdc1fc,1016,,9,,Josh,Grant,1250 NW KEARNEY ST APT 1417,,PORTLAND,OR,97209-4083
AG Automotive,PRO,1614ec5b5c234361976ae718729a9119,3cf634ca-fb7c-43ff-9da2-059ae83d4a75,1016,,9,,Adam,Stadtlander,2312 NE EVERETT ST,,CAMAS,WA,98607-1130
AG Automotive,PRO,1614ec5b5c234361976ae718729a9119,285bfa0e-da93-49ad-91cb-f42ed8ca0082,1016,,09,,Daniel,Knudsen,17055 S REDLAND RD,,OREGON CITY,OR,97045-8892
AG Automotive,PRO,1614ec5b5c234361976ae718729a9119,9c698092-f512-4a11-a4de-02f484896d04,1016,,09,,Brent,Butcher,9809 NE 15TH ST,,VANCOUVER,WA,98664-3011
AG Automotive,PRO,1614ec5b5c234361976ae718729a9119,7e7d14db-32cc-4efd-9377-bc858e50d789,1016,,09,,Kwah,Waadabi,3752 SE STARK ST,,PORTLAND,OR,97214-3211
AG Automotive,PRO,1614ec5b5c234361976ae718729a9119,f9c5c174-bce2-4952-a92e-b1ff5a07ee8c,1016,,9,,Brad,Harrison,5617 NE SALMON CREEK ST,,VANCOUVER,WA,98686-2033
AG Automotive,PRO,1614ec5b5c234361976ae718729a9119,636964e4-e783-4ff3-8fd0-c6232ef28d4e,1016,,9,,Mark,Boyce,2217 SE KIBLING AVE,,TROUTDALE,OR,97060-2315
AG Automotive,PRO,1614ec5b5c234361976ae718729a9119,366b2e8f-fcba-412e-b1dc-06fd2e7908e8,1016,,9,,Alicia,Bartling,2980 NE DIVISION ST UNIT 6,,GRESHAM,OR,97030-6052
AG Automotive,PRO,1614ec5b5c234361976ae718729a9119,8a5a312c-9023-4385-9156-ed2996c2185d,1016,,9,,Bud,Marriott,11115 SE MAIN ST,,PORTLAND,OR,97216-3549
AG Automotive,PRO,1614ec5b5c234361976ae718729a9119,c4ff4430-cd87-492c-a428-ff4abc35672c,1016,,09,,Rick,Wagner,PO BOX 20823,,PORTLAND,OR,97294-0823
AG Automotive,PRO,1614ec5b5c234361976ae718729a9119,60f6e55e-fea4-4b13-8781-92e690e1beb6,1016,,09,,Madison,Rickhoff,520 NE RUSSELL ST,,PORTLAND,OR,97212-3826
AG Automotive,PRO,1614ec5b5c234361976ae718729a9119,dbbeca32-8a46-4f5a-92f4-78d04a405769,1016,,09,,Court,Bateman,2914 NE SISKIYOU ST,,PORTLAND,OR,97212-2561
AG Automotive,PRO,1614ec5b5c234361976ae718729a9119,45b12b50-0abe-4175-bc32-773c6fc4f3d9,1016,,09,,Jeri,Geblin,9801 NE 13TH AVE STE C,,PORTLAND,OR,97211-1569
AG Automotive,PRO,1614ec5b5c234361976ae718729a9119,cc50e734-ba64-4b6e-b24d-4cc42edaea06,1016,,9,,Thomas,Templeton,18102 SE 11TH ST,,VANCOUVER,WA,98683-7209
AG Automotive,PRO,1614ec5b5c234361976ae718729a9119,e7bb88d5-4a49-4714-955b-07abbe797786,1016,,09,,Wayne,Clifford,900 N 10TH WAY,,RIDGEFIELD,WA,98642-5389
AG Automotive,PRO,1614ec5b5c234361976ae718729a9119,5e7a93a9-bc04-4820-a5d4-3a8242130559,1016,,09,,Stephen,Gilbert,25110 S DUBOIS CREEK LN,,ESTACADA,OR,97023-9616
AG Automotive,PRO,1614ec5b5c234361976ae718729a9119,76ab8471-e265-4bab-83c7-01c0739caa24,1016,,9,,Douglas,Reynolds,19540 SE SUMMERTIME DR,,SANDY,OR,97055-7710
