Shop Name,Software,SID,CID,WSID,WCID,MBdayMo,TBdayMo,First,Last,Address,Address2,City,St,Zip
Sours Automotive,PRO,,79bf59ff-88f3-4e12-9255-995770ae32f2,1017,,9,,KEVIN,DODSON,PO BOX 343,,CRIMORA,VA,24431-0343
Sours Automotive,PRO,,9e4c3af6-f978-4022-ad65-6d02f74aece9,1017,,9,,LAURA,SCHESSL,10 ABBEY CT,,FISHERSVILLE,VA,22939-2156
Sours Automotive,PRO,,4ebaf1c2-51e6-404b-a8a2-815cb40100f8,1017,,9,,EVA,RAMSEY,36 KINGSWOOD CT,,LYNDHURST,VA,22952-2514
Sours Automotive,PRO,,14c89749-83fb-4a64-980b-dd5efe4bf39f,1017,,9,,JESSICA,ORREN,700 RIFE RD APT 5E,,WAYNESBORO,VA,22980-4954
Sours Automotive,PRO,,0a255fde-b967-4d28-bfa5-39c7f91fa365,1017,,9,,JAIME,GIBSON,120 SHERWOOD DR,,WAYNESBORO,VA,22980-9286
Sours Automotive,PRO,,eb454e72-3d81-4ca4-b8b0-61639fb725e9,1017,,9,,CALAEB,SOUTH,41 KINGSWOOD CT,,LYNDHURST,VA,22952-2514
Sours Automotive,PRO,,8dfa6409-791c-43ad-aa99-7995bdf33b1f,1017,,9,,CHANDLER,GILLESPIE,192 COURTNEY WOODS LN,,STUARTS DRAFT,VA,24477-2515
Sours Automotive,PRO,,01ce73aa-b2f7-4499-b7bc-c93750b83610,1017,,9,,JILLIAN,TETREAULT,52 PINEBARK DR,,WAYNESBORO,VA,22980-8360
Sours Automotive,PRO,,ce50ed22-bb55-42a0-99c1-7cc6d40b090d,1017,,9,,PENNY,REXRODE,PO BOX 403,,GREENVILLE,VA,24440-0403
Sours Automotive,PRO,,5eb28b65-824c-4e71-becc-735a0b243226,1017,,9,,WILLIAM,CAMPBELL,12 SANDSTONE LN,,STUARTS DRAFT,VA,24477-2536
Sours Automotive,PRO,,b6c4b429-0300-480f-875a-d78208e3d8a1,1017,,9,,LORA,DUNHAM,176 EMILYS LN,,STAUNTON,VA,24401-6824
Sours Automotive,PRO,,f95193c7-3d06-4ba3-bab6-ee7c1cea7d64,1017,,09,,Sally,Mayer,144 COOPER DR,,STUARTS DRAFT,VA,24477-2921
Sours Automotive,PRO,,eb799605-e9db-4e36-b46b-16fe37ad5c34,1017,,9,,KYLE,GORDON,228 CISCO LN,,STUARTS DRAFT,VA,24477-2624
Sours Automotive,PRO,,2d57911e-0ab2-4cb9-96c1-2133e155be1e,1017,,09,,SIMON,CAI,561 VINE ST APT B,,HARRISONBURG,VA,22802-6061
Sours Automotive,PRO,,4e02b143-93ef-4141-9e4b-c67cf768f6bc,1017,,9,,ABBY,SOURS,765 HIGHLAND AVE,,WAYNESBORO,VA,22980-6050
Sours Automotive,PRO,,97e1cf51-fc6e-4cfd-bac9-8bf17fc6c051,1017,,9,,MARK,GRIFFIN,238 FAIRVIEW SCHOOL CIR,,MARYVILLE,TN,37803-8867
Sours Automotive,PRO,,45aa42f1-f51d-453a-a1c5-f007a64f5575,1017,,9,,CHELSIE,HANIES,406 ANN ST,,STAUNTON,VA,24401-1676
Sours Automotive,PRO,,e4074883-6df6-43e3-8312-7be61471a35f,1017,,9,,Sharon,Payne,19 PATRICK PL,,WAYNESBORO,VA,22980-6343
Sours Automotive,PRO,,c169d2e3-ca9d-4ec5-b4bf-0be10fc52e19,1017,,9,,THEODORE R.,CAMPBELL JR.,5741 MYRTLE ST,,CROZET,VA,22932-3123
Sours Automotive,PRO,,9ec9a58a-0d59-47ae-a0a6-6055e8f507f3,1017,,9,,WENDY,CURL,7 JULIAN LN APT 104,,STUARTS DRAFT,VA,24477-3075
Sours Automotive,PRO,,eb51e774-e15b-4f38-86cf-3f15e3430c71,1017,,9,,ALICE,EARHART,84 GREENBRIAR LN,,STUARTS DRAFT,VA,24477-2803
Sours Automotive,PRO,,92869814-976f-4895-aef0-1e61ef67ca0f,1017,,9,,SCOTT,MAY,53 S RIVER RD,,GROTTOES,VA,24441-4800
Sours Automotive,PRO,,b828d6e1-cfbd-4c34-8e8d-8c23234e2339,1017,,9,,SEAN,HITE,1312 WHITE HILL RD,,STUARTS DRAFT,VA,24477-3162
Sours Automotive,PRO,,568c9001-ad84-4e27-9dd5-675fd8d2879e,1017,,9,,FARRAH,FOUNTAINE,295 CRANBERRY DR,,STUARTS DRAFT,VA,24477-3047
Sours Automotive,PRO,,16e48dd4-667d-4851-8a46-08cda6dedecc,1017,,9,,SETH,GARDENER,2228 STUARTS DRAFT HWY,,STUARTS DRAFT,VA,24477-3184
Sours Automotive,PRO,,8b89d6c4-2547-4e8e-b73a-28872c1c6e23,1017,,9,,JOSH,LANDIS,357 WINDIGROVE DR APT 511,,WAYNESBORO,VA,22980-7550
Sours Automotive,PRO,,4c5d4764-6132-4038-acf1-c7e4300e6cb7,1017,,9,,CHRISTINE,DELAHUNTY,335 S POPLAR AVE APT 3,,WAYNESBORO,VA,22980-3647
Sours Automotive,PRO,,1292152e-acfa-4905-8346-839730019f83,1017,,9,,JOSHUA,HART,7135 FOX MEADOW DR,,HUMMELSTOWN,PA,17036-9296
Sours Automotive,PRO,,6bc01534-40da-4835-96a4-d86a6dae0baf,1017,,9,,SARAH,WOOD,88 RIVERSIDE DR,,WAYNESBORO,VA,22980-9448
Sours Automotive,PRO,,8df39330-e987-4d70-b685-e0f52fdd78e0,1017,,9,,JON,SIEGAL,701 IVY ST APT 2,,WAYNESBORO,VA,22980-3700
Sours Automotive,PRO,,70d0e958-3dcc-454e-93af-6865e79c97df,1017,,9,,VIRGINIA,FITZGERALD,140 GERTIES LN,,STUARTS DRAFT,VA,24477-9400
Sours Automotive,PRO,,4162b0c5-5c3d-4916-8c7d-b54f56af9dc2,1017,,9,,TONYA,HODGE,590 EDWARDIAN LN,,WAYNESBORO,VA,22980-2377
Sours Automotive,PRO,,6b1b67be-11a5-47e8-9c79-db697b8b4855,1017,,9,,DUANE,BURTNER,400 WHITE OAK GAP RD,,STAUNTON,VA,24401-9693
Sours Automotive,PRO,,46d8905d-674e-4ee9-905c-828dc32867dc,1017,,9,,DANIEL,BURKE,734 SELMA BLVD,,STAUNTON,VA,24401-2861
Sours Automotive,PRO,,b3e4631a-aacc-4f89-81df-547b375367ab,1017,,9,,TIM,FITZGERALD,41 HODGE ST,,STUARTS DRAFT,VA,24477-2831
Sours Automotive,PRO,,11fd9e19-71b1-44bd-9bf6-3be015d01c78,1017,,9,,TYLER,LOGUE,600 REUSENS RD APT F59,,LYNCHBURG,VA,24503-1258
Sours Automotive,PRO,,14419f16-083a-4249-bbfd-643730445f26,1017,,09,,Phillip,Sheets,PO BOX 542,,FISHERSVILLE,VA,22939-0542
Sours Automotive,PRO,,ca5fcac4-3dc0-451b-bcc6-817489492ee0,1017,,9,,ADAM,WEAVER,147 HOWARDSVILLE TPKE,,STUARTS DRAFT,VA,24477-2816
Sours Automotive,PRO,,2d12808d-6129-4620-b16b-771ee0d2e08d,1017,,9,,RONNIE,GROVE,2436 HOWARDSVILLE TPKE,,LYNDHURST,VA,22952-2209
Sours Automotive,PRO,,a79f4be5-c519-4291-8813-709141f65043,1017,,9,,CHRIS,LAMB,621 KIDDSVILLE RD,,WAYNESBORO,VA,22980-6439
Sours Automotive,PRO,,8209abc0-7f50-4f1f-951a-1c3a87c2e2e5,1017,,9,,CHANELLE,LEE,323 FLORENCE AVE,,WAYNESBORO,VA,22980-3835
Sours Automotive,PRO,,20ab9ce6-4f12-4c40-85bd-64ac57eb7da8,1017,,9,,KAREN,WELK,8670 HOWARDSVILLE TPKE,,SCHUYLER,VA,22969-1807
Sours Automotive,PRO,,13386a93-caab-4f67-88f9-07816a7bd300,1017,,9,,JOHN,CHARBENEAU,PO BOX 525,,STUARTS DRAFT,VA,24477-0525
Sours Automotive,PRO,,665d504a-0891-43a6-992d-2e14b66b1152,1017,,9,,BETH,CRICKENBERGER,2400 CORTLAND ST,,WAYNESBORO,VA,22980-1602
Sours Automotive,PRO,,660a5eff-1003-42bc-8657-cf0565e51d4a,1017,,9,,CARLA,THOMAS,321 UNIVERSITY FARM RD,,STUARTS DRAFT,VA,24477-3133
Sours Automotive,PRO,,d2344772-d32d-4a33-8247-12e3f79f7d8c,1017,,9,,WILLIAM,BURNETT,79 FOREST DR,,STUARTS DRAFT,VA,24477-2919
Sours Automotive,PRO,,b1a17f88-cabf-4087-9f5a-00a0590d27c1,1017,,9,,LISA,DETWILER,321 WOODYS LN,,GREENVILLE,VA,24440-1742
Sours Automotive,PRO,,d852c28f-543a-4ac6-bf27-9462c3e71982,1017,,9,,SCOTT,BRETTHAUR,718 COLD SPRINGS RD,,STUARTS DRAFT,VA,24477-9003
Sours Automotive,PRO,,248e404f-eb9f-4854-9444-bcb80499af50,1017,,9,,BILL,BURNETTE,79 FOREST DR,,STUARTS DRAFT,VA,24477-2919
Sours Automotive,PRO,,f7110043-1a18-48e0-85d6-6efea41bd0d6,1017,,9,,MATT,COFFEE,5490 SPRING HILL RD,,MOUNT SOLON,VA,22843-2811
Sours Automotive,PRO,,ae341330-88e8-4c47-8902-2bd97932deac,1017,,9,,BILL,JACKSON,18 BRITTANY LN APT A08,,STUARTS DRAFT,VA,24477-9770
Sours Automotive,PRO,,683b9608-b5cf-4c44-92ca-96dc67f33891,1017,,9,,CHRIS,BEAM,170 CRAWFORD DR,,CHURCHVILLE,VA,24421-2638
Sours Automotive,PRO,,986cea83-561b-4352-838e-08f4e0dae9bc,1017,,9,,LAWRENCE,YARBROUGH,54 MONTAGUE CT APT 103,,STUARTS DRAFT,VA,24477-9610
Sours Automotive,PRO,,e5465707-0daf-4fec-9e4d-8b5716f21487,1017,,9,,CHUCK,HARRIS,318 SEYBERT AVE,,WAYNESBORO,VA,22980-1729
Sours Automotive,PRO,,9cfd8749-ff76-4662-9a7f-d8368ba5ef56,1017,,9,,KATHLENE,HOLDSWORTH,1029 LYNDHURST RD,,WAYNESBORO,VA,22980-5532
Sours Automotive,PRO,,1f5cfc1c-3816-456a-8a7a-019af5c10281,1017,,9,,ROBERT,KNOTT,240 TAYLOR ST,,STAUNTON,VA,24401-3514
Sours Automotive,PRO,,098d0d62-7b7b-4c96-8634-38546a31ddb7,1017,,9,,ALICE,HEATWOLE,1029 OHIO ST,,WAYNESBORO,VA,22980-4338
Sours Automotive,PRO,,361f6341-9ce1-4180-8e54-fc94226325d4,1017,,9,,JOANNE,NEEDHAM,72 QUAIL LN,,WAYNESBORO,VA,22980-9392
Sours Automotive,PRO,,b74c93c8-126a-4279-b773-1fe1101684e5,1017,,9,,STEVEN,LIBLICK,5949 ARLINGTON BLVD,,ARLINGTON,VA,22203-1105
Sours Automotive,PRO,,d14ff239-7453-45c0-8455-18bb21463ae8,1017,,9,,STEPHEN,LANE,1513 W BEVERLEY ST,,STAUNTON,VA,24401-3002
Sours Automotive,PRO,,9677e73b-2f87-4501-b0e8-bb6b0e292afa,1017,,9,,Ronnie,Coleman,16 OAK TREE LN APT 104,,STUARTS DRAFT,VA,24477-2726
Sours Automotive,PRO,,03076135-5e1a-4f55-9340-8b77901417ae,1017,,9,,CHELSIE,HAYNES,211 CAMBRIDGE DR,,STUARTS DRAFT,VA,24477-3306
Sours Automotive,PRO,,df7010d2-a8e4-4cad-9709-e1f7894af203,1017,,9,,KEVIN,EARLY,672 LADD RD,,FISHERSVILLE,VA,22939-2608
Sours Automotive,PRO,,7aa74d15-5234-49f4-9180-a41674212c57,1017,,9,,TRACY,CRAIG,1436 LYNDHURST RD,,WAYNESBORO,VA,22980-5334
Sours Automotive,PRO,,5abab6f5-d416-44ce-9b49-cfc40ab840b1,1017,,9,,MICHAEL,TURNER,PO BOX 3223,,STAUNTON,VA,24402-3223
Sours Automotive,PRO,,89d98960-3939-4d0e-ad68-b478ef75c35b,1017,,9,,DAKOTA,PRICE,402 HOWARDSVILLE TPKE,,STUARTS DRAFT,VA,24477-2822
Sours Automotive,PRO,,afccd9d5-ef06-46c2-b488-e93db62d58d0,1017,,9,,MONICA,GOSSERAND,174 FOREST SPRINGS DR,,STUARTS DRAFT,VA,24477-2911
Sours Automotive,PRO,,73a5ab37-db18-4003-b42e-546d23aa3019,1017,,9,,JACOB,ANDERSON,231 SUNNYSIDE ST,,STAUNTON,VA,24401-3450
Sours Automotive,PRO,,6b92bd9d-2fc7-4ca1-911b-b44c9f6a6b9a,1017,,9,,JOHN,HUFFMAN,75 MEADOW VIEW LN,,STUARTS DRAFT,VA,24477-9026
Sours Automotive,PRO,,c36606e2-ebbe-4d4c-880c-56036bf1203a,1017,,9,,JILL,WILLIAMS,21 HILLSIDE LN,,WAYNESBORO,VA,22980-9037
Sours Automotive,PRO,,03dff816-5005-4643-8d5f-b9a117123059,1017,,9,,BRANDON,DYER,3004 COLD SPRINGS RD,,GREENVILLE,VA,24440-1817
Sours Automotive,PRO,,8187d5c1-14cb-4655-8250-ae472c720c4d,1017,,9,,WENDY,HARNER,341 RIDGE CIR,,WAYNESBORO,VA,22980-5427
Sours Automotive,PRO,,aa7c599e-c790-45d2-988d-47c382467f6b,1017,,9,,ROBERT,WAGNER,125 HIRST RD STE 7A,,PURCELLVILLE,VA,20132-6000
Sours Automotive,PRO,,f6b1da92-31dc-4a44-831f-ccec02e52283,1017,,9,,MICHAEL,WALSH,300 FALLING ROCK DR,,STUARTS DRAFT,VA,24477-2930
Sours Automotive,PRO,,e9c8d7af-ab0d-4fdf-a92d-29577fa2c546,1017,,09,,DUSTIN,POTTER,3 N WINDSONG CT,,FISHERSVILLE,VA,22939-2185
Sours Automotive,PRO,,d083d5df-c726-42cc-8a12-7e52ad395d97,1017,,9,,MARY,CREED,10306 JAMES RIVER RD,,SHIPMAN,VA,22971-2557
Sours Automotive,PRO,,715c3935-05a7-447e-aa5b-00666854ffbb,1017,,9,,MARK,CRUMMETT,204 5TH ST,,GROTTOES,VA,24441-2621
Sours Automotive,PRO,,6b68255d-d037-4191-94d7-4a8eafb216b8,1017,,9,,RICHARD,EVES,PO BOX 968,,STUARTS DRAFT,VA,24477-0968
Sours Automotive,PRO,,f37e56d4-03d2-4fd8-b9ef-902b75123fe9,1017,,9,,CRYSTAL,TOMAN,44 SWARTZEL SHOP RD,,STAUNTON,VA,24401-6912
Sours Automotive,PRO,,e3a8566e-79ce-4dbd-b653-38c9861ad4f0,1017,,9,,KAREN,CLARK,305 GRAY DR,,WAYNESBORO,VA,22980-7489
Sours Automotive,PRO,,ece84ab5-337f-4c53-b7b5-191ca31573c6,1017,,9,,TERRY,SMITH,96 COLD SPRINGS RD,,STUARTS DRAFT,VA,24477-9033
Sours Automotive,PRO,,0274a113-9f5b-4525-9a36-f6757424d9bd,1017,,9,,ROBERT,COOK,201 TURKEY RIDGE RD,,CHARLOTTESVILLE,VA,22903-9732
Sours Automotive,PRO,,51fc40a4-4887-48bd-a6f7-5ffb1532a05d,1017,,9,,HENRY,SNEAD,49 LOCUST GROVE LN,,STUARTS DRAFT,VA,24477-3300
Sours Automotive,PRO,,ddb94e35-1f07-410d-b430-456fdbcd3467,1017,,09,,Michelle,Amtmann,5058 OLD FOX TRAIL CT,,CROZET,VA,22932-3142
Sours Automotive,PRO,,fda42db1-fda9-4cc5-9033-d490d211213d,1017,,09,,Bill,Wilmoth,43 LEDYARD CT,,STUARTS DRAFT,VA,24477-2955
Sours Automotive,PRO,,b1173c7c-5b02-42fd-ab10-bf92e8a67e21,1017,,9,,SANDRA,FAUBER,1331 KEESLING AVE,,WAYNESBORO,VA,22980-5237
Sours Automotive,PRO,,5cf28eda-78ee-46e4-88c9-21b410885eab,1017,,9,,TANDY,STATON,1679 STUARTS DRAFT HWY,,STUARTS DRAFT,VA,24477-3131
Sours Automotive,PRO,,c517380c-a09c-424d-a583-bbe058511a38,1017,,09,,Eric,Kline,24135 E 2800 NORTH RD,,DWIGHT,IL,60420-8106
Sours Automotive,PRO,,d2dd415f-d941-44e0-85a0-c4da8391c161,1017,,9,,SCOTT,BRETTHAUER,718 COLD SPRINGS RD,,STUARTS DRAFT,VA,24477-9003
Sours Automotive,PRO,,8dab574a-2d9b-4752-ba2f-cd70f602a590,1017,,9,,JOHN,SHIELDS,12 CLOVER GREEN CT,,FISHERSVILLE,VA,22939-2337
Sours Automotive,PRO,,fc853a9e-eff1-422f-b813-a3e632750c4c,1017,,9,,KENNY,HAMILTON,238 KIDDSVILLE RD,,FISHERSVILLE,VA,22939-2407
Sours Automotive,PRO,,e7e40034-6d15-45eb-9ccd-1d82d56eeb2f,1017,,9,,JACKIE,DAVIES,381 SHELTON MILL RD,,CHARLOTTESVILLE,VA,22903-7367
Sours Automotive,PRO,,a4050b58-0a82-484d-920d-9320dca5a5fb,1017,,9,,LISA,MILLER,13 PALMER ST,,GREENVILLE,VA,24440-1757
Sours Automotive,PRO,,f780b58b-39ed-4af0-80c8-3291237e2b18,1017,,09,,Jeff,May,74 HAILEY COX LN,,STUARTS DRAFT,VA,24477-2827
Sours Automotive,PRO,,84399740-b07a-4f27-ab67-da2d03713486,1017,,9,,BRUCE,COVELL,36 ROXBURY DR,,FISHERSVILLE,VA,22939-2638
Sours Automotive,PRO,,dd84dd15-e85e-4869-b4c3-71165de646db,1017,,9,,WALTER,LUPACHINO,23 GRAVELLY HILL LN,,MIDDLEBROOK,VA,24459-2300
Sours Automotive,PRO,,89317776-afeb-4c3a-9451-c2b8bcd3947d,1017,,09,,Jason,Fisher,1315 RED TOP ORCHARD RD,,WAYNESBORO,VA,22980-7456
Sours Automotive,PRO,,013a9d63-ad55-465d-87b0-1c1d07941372,1017,,9,,MICHAEL,WILSON,67 DARE LN,,VESUVIUS,VA,24483-2907
Sours Automotive,PRO,,abcd0648-88bc-4551-9c03-21a1dbf50740,1017,,9,,DAVID,MILLER,310 BAYNES RD,,WAYNESBORO,VA,22980-7007
Sours Automotive,PRO,,89241942-146f-4522-a03a-14bb97fc7692,1017,,9,,DENNIS,WHITMORE,5 RIDGEVIEW DR,,STUARTS DRAFT,VA,24477-2924
Sours Automotive,PRO,,b0f3cd8e-1693-4b9a-a563-b5e249d344bb,1017,,09,,Frank,Micucci,2133 SUNDOWN PL,,CHARLOTTESVILLE,VA,22911-3571
Sours Automotive,PRO,,10ba78ce-d9a1-488c-8c08-86b83a5de48a,1017,,9,,Keith,Hostetler,359 PATTERSON MILL RD,,GROTTOES,VA,24441-4313
Sours Automotive,PRO,,59ddf7df-2e03-4450-8c96-04974c92a3d6,1017,,9,,Donna,Harper,2887 OLD GREENVILLE RD,,STAUNTON,VA,24401-5666
Sours Automotive,PRO,,0ac9764c-7b59-4742-9352-f655bcd5b743,1017,,9,,James,Coleman,211 INDIAN MOUND RD,,VERONA,VA,24482-2603
Sours Automotive,PRO,,3d0fddc9-6603-47a6-b558-907ef04f7fef,1017,,09,,Maria,Kwarta,8325 REGALIA PL,,CHESTERFIELD,VA,23838-5103
Sours Automotive,PRO,,d78cc5b1-6248-40af-b3e5-21204cfefa29,1017,,9,,Michael,Vincent,PO BOX 46,,GREENVILLE,VA,24440-0046
Sours Automotive,PRO,,e55481ac-5d27-482c-a637-e85fcbae1aa6,1017,,9,,Eddie,Huffman,2215 COLD SPRINGS RD,,GREENVILLE,VA,24440-1738
Sours Automotive,PRO,,d8e25456-954f-4f3a-bc63-52911211cecc,1017,,09,,David,Sours,2267 MT TORREY RD,,LYNDHURST,VA,22952-2413
Sours Automotive,PRO,,d200aa22-7833-47c4-b27e-77524447bf16,1017,,9,,Chelesi,Haines,406 ANN ST,,STAUNTON,VA,24401-1676
Sours Automotive,PRO,,adcd3c16-ef2b-4192-9f17-158a4f7f356a,1017,,09,,Ian,Kirby,24 PHEASANT RUN,,WAYNESBORO,VA,22980-7445
Sours Automotive,PRO,,0e01cc8b-9ae7-43c0-a859-9d527124adf5,1017,,9,,Rosa,Fuller,920 ANDERSON ST,,STAUNTON,VA,24401-4005
Sours Automotive,PRO,,7950d941-be1a-4b32-80d3-41d42a15609b,1017,,9,,Mary Ann,Hunt,167 CATTLE SCALES RD,,WAYNESBORO,VA,22980-6374
Sours Automotive,PRO,,cced255f-e480-41fc-942c-0f0d49bd68c8,1017,,09,,Gordon,Sours,2263 MT TORREY RD,,LYNDHURST,VA,22952-2413
Sours Automotive,PRO,,8b70125b-24c3-472c-98a2-5769a2ae9e71,1017,,09,,Harry,Crummett,17 BURNING BUSH LN,,STUARTS DRAFT,VA,24477-3143
Sours Automotive,PRO,,428d47f5-c7c0-4884-9032-120636a55541,1017,,9,,John,Isak,819 14TH ST,,WAYNESBORO,VA,22980-4805
Sours Automotive,PRO,,b0221156-ca78-4f82-8c24-c41bd41b8efc,1017,,9,,James,Delpriore,101 RATTLESNAKE TRL,,AFTON,VA,22920-5029
Sours Automotive,PRO,,c9df8fc5-9938-4649-a13d-cf650f6af7b2,1017,,9,,Maynard,Weaver,517 AUGUSTA FARMS RD,,WAYNESBORO,VA,22980-9260
Sours Automotive,PRO,,3aad5414-cce1-4ab9-9983-9d6d3ba220ce,1017,,9,,George,Wood,2214 SKYLINE VIEW LN,,CHARLOTTESVILLE,VA,22903-7736
Sours Automotive,PRO,,4de276b1-7a65-43e1-91a0-45199301b8b8,1017,,9,,Pj,Campbell,12 SANDSTONE LN,,STUARTS DRAFT,VA,24477-2536
Sours Automotive,PRO,,3faaefed-013f-4643-afef-33601a2fc357,1017,,9,,Garland,Clark,185 SHERWOOD DR,,WAYNESBORO,VA,22980-9286
Sours Automotive,PRO,,a505fd3e-d729-4ef1-99e5-58d87a73e75e,1017,,9,,Sam,Brookman,29 TIMMYS LN,,GREENVILLE,VA,24440-1881
Sours Automotive,PRO,,883c2e71-9304-41d1-824f-3143a1f0a664,1017,,9,,Daniel,Dukes,1144 MT TORREY RD,,LYNDHURST,VA,22952-2103
Sours Automotive,PRO,,1d351a92-dbc8-4fb2-89f9-bf8014ab56d6,1017,,9,,Hancil,Thompson,57 OAKLAND CIR,,CRIMORA,VA,24431-2429
Sours Automotive,PRO,,bf87f3e4-033c-4f32-9d08-70f92b75eba3,1017,,9,,Jane,Winne,86 JOY LN,,FISHERSVILLE,VA,22939-2103
Sours Automotive,PRO,,242e623e-718a-48da-8172-4bdb5c65a66e,1017,,9,,Joy,Rayman,55 WHITEOAK CIR,,LYNDHURST,VA,22952-2512
Sours Automotive,PRO,,96c02465-3efe-4fd9-96d4-87a4c49e1536,1017,,9,,Stephanie,Phillips,253 SHERWOOD DR,,WAYNESBORO,VA,22980-9295
Sours Automotive,PRO,,8a1c867d-8c32-4573-adb2-a44643a20f06,1017,,9,,Alice,Boppe,30 SHALOM RD,,WAYNESBORO,VA,22980-7339
Sours Automotive,PRO,,6bdebc99-6fec-455b-bb59-b621078369c0,1017,,09,,Leora,Payne,66 S VIEW DR,,WAYNESBORO,VA,22980-7452
Sours Automotive,PRO,,ed3a0a97-2fe1-4a2e-b13e-89af63d82c75,1017,,09,,Scott,Jones,273 OAK DALE LN,,STUARTS DRAFT,VA,24477-3033
