Shop Name,Software,SID,CID,WSID,WCID,MBdayMo,TBdayMo,First,Last,Address,Address2,City,St,Zip
Highline Car Care,PRO,6962e4ee2c0a4d189f4c521270c80a7b,5f446202-f2bf-4a9f-9eb9-2b975fcf3a2a,1018,,,9,Juan,Solis,1318 N 14TH AVE,,TUCSON,AZ,85705-7212
Highline Car Care,PRO,6962e4ee2c0a4d189f4c521270c80a7b,50012c00-6c8a-4ff3-a090-896ab700e7bf,1018,,,9,Hilton,Stein,1623 MILITARY RD # 647,,NIAGARA FALLS,NY,14304-1745
Highline Car Care,PRO,6962e4ee2c0a4d189f4c521270c80a7b,0bd27566-dcb8-44bb-9a18-8fdbf880db78,1018,,,3,Arvind,Khera,1685 H ST # 25392,,BLAINE,WA,98230-5110
Highline Car Care,PRO,6962e4ee2c0a4d189f4c521270c80a7b,5f4febcd-9522-48e0-aa21-4d644ff207dd,1018,,,3,Michael,Forrest,3700 LONG LAKE DR,,DOUGLASVILLE,GA,30135-7653
Highline Car Care,PRO,6962e4ee2c0a4d189f4c521270c80a7b,eb01657c-fbf1-4ffc-871b-08affc412dd6,1018,,,9,Chris,Blatz,2600 WALNUT LN,,HOBART,IN,46342-3838
Highline Car Care,PRO,6962e4ee2c0a4d189f4c521270c80a7b,58df6c30-06f7-40c0-8825-858be5a3e0db,1018,,,9,Cameron,Kracke,8678 COLLIN WAY,,INVER GROVE HEIGHTS,MN,55076-5327
Highline Car Care,PRO,6962e4ee2c0a4d189f4c521270c80a7b,18c464e9-5d68-4722-9a60-4f3ceca13922,1018,,,9,Jeremy,Miller,3454 KAISER AVE,,SAINT CLOUD,FL,34772-7311
Highline Car Care,PRO,6962e4ee2c0a4d189f4c521270c80a7b,ec3d8ec6-46d0-4144-aee5-77ae8c07c9ac,1018,,,9,Brad,Merchant,50 FREMONT ST,,SAN FRANCISCO,CA,94105-2276
Highline Car Care,PRO,6962e4ee2c0a4d189f4c521270c80a7b,570112d5-41be-4504-a282-979314d298f6,1018,,,3,Caddy,Doctor,6627 TOWNSHIP ROAD 199,,CENTERBURG,OH,43011-9218
Highline Car Care,PRO,6962e4ee2c0a4d189f4c521270c80a7b,d8d23578-307b-494b-b219-cba00e19fe63,1018,,,3,Zara,Keglovitz,4638 S COTTAGE GROVE AVE,,CHICAGO,IL,60653-4310
Highline Car Care,PRO,6962e4ee2c0a4d189f4c521270c80a7b,3ac12173-35b5-41db-b600-1bed56a389a4,1018,,,9,Eric,Bauer,2517 VIRGINIA ST NE,,ALBUQUERQUE,NM,87110-4641
Highline Car Care,PRO,6962e4ee2c0a4d189f4c521270c80a7b,8fac70cb-d43d-4458-b596-c9869fbf3344,1018,,,3,Carolina,Menegolo,16720 NORTH RD APT B104,,BOTHELL,WA,98012-5985
Highline Car Care,PRO,6962e4ee2c0a4d189f4c521270c80a7b,bf3a2c18-875f-45a9-92be-68106058a799,1018,,,3,David,Holder,130 SAINT NAZAIRE RD,,BROUSSARD,LA,70518-4203
Highline Car Care,PRO,6962e4ee2c0a4d189f4c521270c80a7b,a35d17a2-1c02-461e-a928-ddc5023fc888,1018,,,3,Caleb,Foose,326 18TH ST,,GREELEY,CO,80631-5915
Highline Car Care,PRO,6962e4ee2c0a4d189f4c521270c80a7b,2e955028-14c1-47fe-b637-713271429e4f,1018,,,9,Travis,Leek,203 SANDPIPER LN,,WARSAW,KY,41095-9339
Highline Car Care,PRO,6962e4ee2c0a4d189f4c521270c80a7b,8b6ef832-c775-431c-8920-a121288ddb62,1018,,,9,Jim,Taylor,2347 E SANOQUE CT,,GILBERT,AZ,85298-6124
Highline Car Care,PRO,6962e4ee2c0a4d189f4c521270c80a7b,5389a652-b577-4634-a9ab-532d9f546ac6,1018,,,9,Robert,Imrisek,9055 LOCUST ST BLDG A,,ELK GROVE,CA,95624-2066
Highline Car Care,PRO,6962e4ee2c0a4d189f4c521270c80a7b,0f8334bb-2538-4376-8c8e-bf552fece112,1018,,,9,Mike,Ghaemi,7740 SEPULVEDA BLVD,,VAN NUYS,CA,91405-1029
Highline Car Care,PRO,6962e4ee2c0a4d189f4c521270c80a7b,9baab9dc-8c6c-4d21-babb-798a020272f4,1018,,,3,Hervy,Marquez Garcia,51 S NEELY ST,,GILBERT,AZ,85233-5829
Highline Car Care,PRO,6962e4ee2c0a4d189f4c521270c80a7b,389b1eca-c5da-4b3f-baf6-e93820b37558,1018,,,9,Ken,Sandoval,13127 E MEAD DR,,CHANDLER,AZ,85249-3195
Highline Car Care,PRO,6962e4ee2c0a4d189f4c521270c80a7b,e2f09e76-7bf8-4a5b-93a3-3b047b49cd67,1018,,,9,Jamar,Campbell,4510-B ROZZELLES FERRY RD,,CHARLOTTE,NC,28216-3856
Highline Car Care,PRO,6962e4ee2c0a4d189f4c521270c80a7b,2e5dba6f-0405-4104-926d-7b3411b39ce4,1018,,,9,Chad,Day,2071 N ARIZONA AVE,,CHANDLER,AZ,85225-3413
Highline Car Care,PRO,6962e4ee2c0a4d189f4c521270c80a7b,75d8a627-6281-420f-8832-c1ffb66f0a66,1018,,,3,Natasha,Altnether,3722 E ROBIN LN,,GILBERT,AZ,85296-1850
Highline Car Care,PRO,6962e4ee2c0a4d189f4c521270c80a7b,0658d9c2-9304-4adc-84b0-b1ca05e7dc66,1018,,,9,Dustin,Sims,1522 S GILBERT RD STE 105,,GILBERT,AZ,85296-4018
Highline Car Care,PRO,6962e4ee2c0a4d189f4c521270c80a7b,517dceef-091a-42ae-a19f-0927ceed2c5f,1018,,,9,Audra,Gray,2601 SATURN ST STE 110MCKIN,,BREA,CA,92821-6702
Highline Car Care,PRO,6962e4ee2c0a4d189f4c521270c80a7b,13025171-aff7-4019-88a8-9d1f7cb9231d,1018,,,3,Yupei,Su,577 E BASELINE RD APT 3040,,TEMPE,AZ,85283-1677
Highline Car Care,PRO,6962e4ee2c0a4d189f4c521270c80a7b,9d50c1dd-56ab-4076-a685-3dae7d4a6835,1018,,,9,Hayven,Kipila,3312 E FRANKLIN AVE,,GILBERT,AZ,85295-3401
Highline Car Care,PRO,6962e4ee2c0a4d189f4c521270c80a7b,22ac5e9a-985d-4b71-aba2-af2d0637c2e2,1018,,,9,Giovanni,Buendia,1381 W BIRCH RD,,QUEEN CREEK,AZ,85140-7819
Highline Car Care,PRO,6962e4ee2c0a4d189f4c521270c80a7b,c7710045-c991-42b1-9d0f-616de13e949e,1018,,,3,Jerri,Palomino,506 N GRANITE ST,,GILBERT,AZ,85234-4836
Highline Car Care,PRO,6962e4ee2c0a4d189f4c521270c80a7b,b804a66a-0a6b-4ef0-98e7-7281b72d546e,1018,,,9,Steve,Kanapinski,6522 E CAMINO DE LOS RANCHOS,,SCOTTSDALE,AZ,85254-3904
Highline Car Care,PRO,6962e4ee2c0a4d189f4c521270c80a7b,458d6a1d-fac1-454e-be1f-bc82674b1fcf,1018,,,3,Brock,Sherwood,834 E JUANITA AVE,,GILBERT,AZ,85234-3522
Highline Car Care,PRO,6962e4ee2c0a4d189f4c521270c80a7b,92ee6e5a-d76d-4c4e-a8e8-dfb7061a4313,1018,,,9,Steven,Nikolov,5939 E AIRE LIBRE LN,,SCOTTSDALE,AZ,85254-1239
Highline Car Care,PRO,6962e4ee2c0a4d189f4c521270c80a7b,2c219fbe-ee7e-4782-828f-91210768c92a,1018,,,3,Sergio,Flores,4213 S 43RD PL,,PHOENIX,AZ,85040-2069
Highline Car Care,PRO,6962e4ee2c0a4d189f4c521270c80a7b,29e7a58c-6ac7-4582-bb54-54d6761a628d,1018,,,9,Greg,Messinger,402 S HELIOTROPE AVE,,MONROVIA,CA,91016-2917
Highline Car Care,PRO,6962e4ee2c0a4d189f4c521270c80a7b,296165cd-a097-4acd-b934-f64abb4e4e06,1018,,,9,Ahmed,Amaoui,21384 LOOKOUT DR,,LEXINGTON PARK,MD,20653-2861
Highline Car Care,PRO,6962e4ee2c0a4d189f4c521270c80a7b,fa0811ea-8ba9-4ae7-86b3-917b9339581e,1018,,,3,Shawntre,Oneal,345 MARTINGALE AVE,,BALTIMORE,MD,21229-4106
Highline Car Care,PRO,6962e4ee2c0a4d189f4c521270c80a7b,a4959e0e-ddfb-475e-9f24-f9badaef6333,1018,,,9,Justin,Peebles,1100 TALON CIR APT 3C,,JACKSONVILLE,NC,28546-6986
Highline Car Care,PRO,6962e4ee2c0a4d189f4c521270c80a7b,b3315305-d8ed-445d-acea-e016c8726084,1018,,,9,Robin,Erb,130 BRIARSWEET WAY,,FAYETTEVILLE,GA,30215-6208
Highline Car Care,PRO,6962e4ee2c0a4d189f4c521270c80a7b,e94a4abe-ba90-4a5c-82c0-6473fab87669,1018,,,9,David,Melero,27266-C CAMP PLENTY RD,,CANYON COUNTRY,CA,91351-2617
Highline Car Care,PRO,6962e4ee2c0a4d189f4c521270c80a7b,b32fa929-96b7-43aa-a31e-bf4bcb947396,1018,,,3,Zach,Plymale,800 W QUEEN CREEK RD APT 2014,,CHANDLER,AZ,85248-3311
Highline Car Care,PRO,6962e4ee2c0a4d189f4c521270c80a7b,e0f2316f-23af-4a9d-a3ee-f264916f860f,1018,,,3,Sabino,Rivera,7910 BIG BEAR ST,,BAKERSFIELD,CA,93307-7259
Highline Car Care,PRO,6962e4ee2c0a4d189f4c521270c80a7b,66696102-5fb4-4af1-b11d-7d603237f187,1018,,,3,Tristan,Rogers,1205 GIBSON AVE,,OGDEN,UT,84404-5527
Highline Car Care,PRO,6962e4ee2c0a4d189f4c521270c80a7b,a871975a-2c96-4023-bc80-1f72ce9af165,1018,,,9,Crady's,Automotive,1981 E MIRALOMA AVE STE A,,PLACENTIA,CA,92870-6783
Highline Car Care,PRO,6962e4ee2c0a4d189f4c521270c80a7b,a7bc65a1-2011-455d-94aa-7f19ec2a2ea0,1018,,,3,Vijay,Koradiya,309 W DESERT AVE,,GILBERT,AZ,85233-2130
Highline Car Care,PRO,6962e4ee2c0a4d189f4c521270c80a7b,c625cddd-19e5-4f14-8d9c-3768fb888ea5,1018,,,3,Ryan,Pepper,95 DEEP COVE SPRINGS DR,,MARION,NC,28752-6439
Highline Car Care,PRO,6962e4ee2c0a4d189f4c521270c80a7b,ca0e2f5f-d2fe-4c4e-a7f4-fa2654e5fe98,1018,,,9,Mildre,Santiago,250 W JUNIPER AVE UNIT 4,,GILBERT,AZ,85233-3916
Highline Car Care,PRO,6962e4ee2c0a4d189f4c521270c80a7b,366d6588-a7d9-44e7-832c-097ee9546c06,1018,,,3,William,Braukmann,1071 STATE ROUTE 12,,FRENCHTOWN,NJ,08825-4156
Highline Car Care,PRO,6962e4ee2c0a4d189f4c521270c80a7b,3d69a737-a2b2-4435-b4d8-d5cb1f64d7ef,1018,,,9,David,Stivers,201 KITCHELL ST,,PANA,IL,62557-1637
Highline Car Care,PRO,6962e4ee2c0a4d189f4c521270c80a7b,ea466d4f-7962-467a-9f85-44cb9ebf8f16,1018,,,9,Livan,Cobos,1621 ELIZABETH DR,,GARLAND,TX,75042-8422
Highline Car Care,PRO,6962e4ee2c0a4d189f4c521270c80a7b,84b8f2ee-b5a2-40cb-9f90-0d7ec47f0ce4,1018,,,9,Craig,Smith,1012 JOLIET ST,,WEST CHICAGO,IL,60185-3727
Highline Car Care,PRO,6962e4ee2c0a4d189f4c521270c80a7b,12039150-6622-46c0-a2b0-9c95c51f2a61,1018,,,3,Brandon,Trevino,3440 E BROADWAY RD,,PHOENIX,AZ,85040-2863
Highline Car Care,PRO,6962e4ee2c0a4d189f4c521270c80a7b,8aab88ad-1a9c-4a76-88cb-f2db16664217,1018,,,3,Jane,Kantor,5230 N KENMORE AVE APT 3A,,CHICAGO,IL,60640-4486
Highline Car Care,PRO,6962e4ee2c0a4d189f4c521270c80a7b,62d9a7ea-042d-4597-be6a-5286563eedc3,1018,,,9,Cecelia,Keen,4528 E PRINCETON AVE,,GILBERT,AZ,85234-7634
Highline Car Care,PRO,6962e4ee2c0a4d189f4c521270c80a7b,3d263a70-a371-418c-b90e-db9eca480c5c,1018,,,3,Cottonwood,Sales,755 E STATE ROUTE 89A,,COTTONWOOD,AZ,86326-4404
Highline Car Care,PRO,6962e4ee2c0a4d189f4c521270c80a7b,7b2cb66b-b09f-4ca3-b3a4-eef40da58eb9,1018,,,3,John,Merryman,7979 E CAMELBACK RD,,SCOTTSDALE,AZ,85251-2601
Highline Car Care,PRO,6962e4ee2c0a4d189f4c521270c80a7b,d0f5a07b-be48-415a-b0c6-c4b2bab8072b,1018,,,9,Dawson,Johnson,2161 E COCONINO DR,,GILBERT,AZ,85298-6132
Highline Car Care,PRO,6962e4ee2c0a4d189f4c521270c80a7b,471d3e96-3ab9-4bf7-aeac-3d2563495589,1018,,,3,Subash,Yadav,1533 W ELLIOT RD STE 101,,GILBERT,AZ,85233-5165
Highline Car Care,PRO,6962e4ee2c0a4d189f4c521270c80a7b,3b3a018e-1557-4ac2-89ff-588f83b860fa,1018,,,9,Vitalii,Iemelianov,1392 E SIERRA MADRE AVE,,GILBERT,AZ,85296-1347
Highline Car Care,PRO,6962e4ee2c0a4d189f4c521270c80a7b,0265e598-937d-4347-b450-bdb2371c76ac,1018,,,9,Joseph,Park,6078 SW MOORE ST,,PALM CITY,FL,34990-5223
Highline Car Care,PRO,6962e4ee2c0a4d189f4c521270c80a7b,19d8f39f-4f83-4110-bf27-f524cb0549f7,1018,,,3,Southern,Company,4252 RIVERS AVE,,NORTH CHARLESTON,SC,29405-6636
Highline Car Care,PRO,6962e4ee2c0a4d189f4c521270c80a7b,53f9a07d-da2f-4943-93f0-27df87942d61,1018,,,9,Andrew,Thompson,607 E 49TH ST,,AUSTIN,TX,78751-2605
Highline Car Care,PRO,6962e4ee2c0a4d189f4c521270c80a7b,11a73aee-71eb-42fb-b074-86ffe2dec03d,1018,,,9,Don,Keller,911 EASTERN BLVD,,MONTGOMERY,AL,36117-1916
Highline Car Care,PRO,6962e4ee2c0a4d189f4c521270c80a7b,4de50a12-65f8-40b3-988a-ee47e9545c38,1018,,,3,Robert,Muggli,949 S LONGMORE APT 227,,MESA,AZ,85202-4317
Highline Car Care,PRO,6962e4ee2c0a4d189f4c521270c80a7b,2a94ddc8-4b42-465e-b332-d6e125120ffe,1018,,,9,Loic,Berger,5210 E HAMPTON AVE,,MESA,AZ,85206-6788
Highline Car Care,PRO,6962e4ee2c0a4d189f4c521270c80a7b,8d49e657-94bc-438e-9cf3-608966b481b2,1018,,,3,Olivier,Kolly,54-396 UNION MILL RD # 600,,KAPAAU,HI,96755-3026
Highline Car Care,PRO,6962e4ee2c0a4d189f4c521270c80a7b,eed74e92-cf22-4cd3-a692-a48ac5615da6,1018,,,9,Lei,Zhang,4690 S LAKESHORE DR,,TEMPE,AZ,85282-1096
Highline Car Care,PRO,6962e4ee2c0a4d189f4c521270c80a7b,30dc5089-d3c5-4dad-a329-1b00513833a5,1018,,,3,Kameron,Kaples,1208 W SEAGOE AVE,,COOLIDGE,AZ,85128-9174
Highline Car Care,PRO,6962e4ee2c0a4d189f4c521270c80a7b,b262670a-c76e-46a8-bb6b-bbd776d3d353,1018,,,3,Michael,Hatfield,4060 S FERDON BLVD,,CRESTVIEW,FL,32536-5219
Highline Car Care,PRO,6962e4ee2c0a4d189f4c521270c80a7b,010a86c9-50eb-44c0-9f79-5194ad231a25,1018,,,3,David,Zheng,77 COURT ST,,MEDFORD,MA,02155-2669
Highline Car Care,PRO,6962e4ee2c0a4d189f4c521270c80a7b,04b1759d-b639-4c40-aa6c-e3f30b439ac2,1018,,,9,Erik,Anderson,2211 W OLIVE WAY,,CHANDLER,AZ,85248-4188
Highline Car Care,PRO,6962e4ee2c0a4d189f4c521270c80a7b,41daf476-49bf-41f7-af21-eb7f5da37849,1018,,,9,Wes,Ceausceac,13027 STANTON DR,,HOPKINS,MN,55305-3720
Highline Car Care,PRO,6962e4ee2c0a4d189f4c521270c80a7b,9e236fe9-3b1f-431c-944f-1895e061bd9c,1018,,,3,Benjamin,Siff,2314 ALAMEDA AVE,,SARASOTA,FL,34234-7309
Highline Car Care,PRO,6962e4ee2c0a4d189f4c521270c80a7b,472e275d-9050-47bc-8c15-0c58414ea259,1018,,,9,DJ,Singh,3210 FAIRFIELD WAY,,MADERA,CA,93637-8661
Highline Car Care,PRO,6962e4ee2c0a4d189f4c521270c80a7b,49b7f1ed-da5d-4dec-b1db-05e31db9c4a1,1018,,,3,Matthew,Meadows,120 WOODWINDS INDUSTRIAL CT STE F,,CARY,NC,27511-6218
Highline Car Care,PRO,6962e4ee2c0a4d189f4c521270c80a7b,b4c2728d-2ffc-4a6b-89cc-0bb4cd385bec,1018,,,9,Brandon,Lawson,9328 LIMA RD,,FORT WAYNE,IN,46818-1898
Highline Car Care,PRO,6962e4ee2c0a4d189f4c521270c80a7b,ede1337a-332b-47d8-bbd8-a5440f69ba93,1018,,,9,Michael,Berkowitz,1934 45TH AVENUE PL NE,,HICKORY,NC,28601-8439
Highline Car Care,PRO,6962e4ee2c0a4d189f4c521270c80a7b,3ea1be81-e20d-48f7-a4d2-fbedbdb54603,1018,,,3,David,Hammack,3890 SE 100TH ST,,BELLEVIEW,FL,34420-2824
Highline Car Care,PRO,6962e4ee2c0a4d189f4c521270c80a7b,0ed83228-0c83-44d9-a1b9-b49c3d7bfe0a,1018,,,3,Mike,Parsons,20478 BEAVER DAM RD,,HARBESON,DE,19951-3016
Highline Car Care,PRO,6962e4ee2c0a4d189f4c521270c80a7b,a1fc8a4a-badc-48cd-b314-a5c800ab4c7b,1018,,,9,Travis,Bishop,200 W 5TH ST STE 104,,LANSDALE,PA,19446-2285
Highline Car Care,PRO,6962e4ee2c0a4d189f4c521270c80a7b,1c1d48eb-39f0-42e8-99ef-33ea98a7e268,1018,,,3,Curtis,Stephen,1960 S AUSTIN AVE STE 105,,GEORGETOWN,TX,78626-7837
Highline Car Care,PRO,6962e4ee2c0a4d189f4c521270c80a7b,e00ecc83-063b-4fca-9e2d-64c3a9c22f82,1018,,,3,Vaughn,Emery,2124 E CANYON PL,,CHANDLER,AZ,85249-3228
Highline Car Care,PRO,6962e4ee2c0a4d189f4c521270c80a7b,4381f097-edee-4936-858f-8750c8957ab5,1018,,,9,Gage,Cechovic,86 TAIL FEATHER LN APT C,,BOZEMAN,MT,59718-8464
Highline Car Care,PRO,6962e4ee2c0a4d189f4c521270c80a7b,24647730-2c97-45ac-a037-6b90eefcd527,1018,,,3,James,Thomas,3949 S RIM RD,,GILBERT,AZ,85297-3529
Highline Car Care,PRO,6962e4ee2c0a4d189f4c521270c80a7b,913dd745-7370-47b7-b8ee-5e80e491fd4e,1018,,,3,Albert,Dedmon,2539 FALCON RIDGE ST,,PEARLAND,TX,77584-4817
Highline Car Care,PRO,6962e4ee2c0a4d189f4c521270c80a7b,e1bf7af8-afb8-4086-82a8-d38cd8272f18,1018,,,3,Paul,Auman,2410 BAYSHORE BLVD,,DUNEDIN,FL,34698-2001
Highline Car Care,PRO,6962e4ee2c0a4d189f4c521270c80a7b,3038adb5-f4da-4ba3-8f94-8ba1d86451a5,1018,,,3,Adam,Villa,1855 E GRAND CANYON DR,,CHANDLER,AZ,85249-2876
Highline Car Care,PRO,6962e4ee2c0a4d189f4c521270c80a7b,835844e1-2659-448e-8b21-0f29af3883d8,1018,,,3,Enrico,Bertaggia,7000 LAS VEGAS BLVD N,,LAS VEGAS,NV,89115-1708
Highline Car Care,PRO,6962e4ee2c0a4d189f4c521270c80a7b,ed6172cd-8886-4d04-bb84-8de801e1ecf8,1018,,,9,Howard,Wigdor,3205 DENTON DR,,MERRICK,NY,11566-5141
Highline Car Care,PRO,6962e4ee2c0a4d189f4c521270c80a7b,a4a7db62-7d13-4f83-8cb3-3e2aee1a9027,1018,,,3,James,Davis,300 S AUSTRALIAN AVE UNIT 911,,WEST PALM BEACH,FL,33401-5098
Highline Car Care,PRO,6962e4ee2c0a4d189f4c521270c80a7b,f41de79c-b6aa-4eda-bc16-14f966982bef,1018,,,3,Tommy,Rowen,3009 ESHCOL AVE APT 2,,ZION,IL,60099-3281
Highline Car Care,PRO,6962e4ee2c0a4d189f4c521270c80a7b,4d533b89-eaf5-4cb2-b243-c367906aeea8,1018,,,9,Kodi,Daniel,3908 S 76TH DR,,PHOENIX,AZ,85043-1241
Highline Car Care,PRO,6962e4ee2c0a4d189f4c521270c80a7b,0fa6a5c4-9e2d-46cd-9fae-08b2dc408a0f,1018,,,9,David,Unzicker,17625 E COLT CT,,QUEEN CREEK,AZ,85142-7922
Highline Car Care,PRO,6962e4ee2c0a4d189f4c521270c80a7b,37b174ec-cedc-424a-80a4-e031cf3a5873,1018,,,9,Adam,Brightwell,4034 E REINS RD,,GILBERT,AZ,85297-9502
Highline Car Care,PRO,6962e4ee2c0a4d189f4c521270c80a7b,002d4b17-44c0-44b3-8b76-02161c58239d,1018,,,3,Mikka,Yamane,4450 E SOUTHERN AVE,,MESA,AZ,85206-2621
Highline Car Care,PRO,6962e4ee2c0a4d189f4c521270c80a7b,b78ffe6c-3dd5-4931-b0f1-20d0dd3dde76,1018,,,3,CJ,Brewer,352 N KEITH ST,,APACHE JUNCTION,AZ,85120-3439
Highline Car Care,PRO,6962e4ee2c0a4d189f4c521270c80a7b,0a16fc9b-e5a2-42b5-b503-2be40f4dee62,1018,,,9,Eli,Martinez,2000 E PAISANO DR,,EL PASO,TX,79905-4021
Highline Car Care,PRO,6962e4ee2c0a4d189f4c521270c80a7b,53c452f5-c942-4653-bed5-883bc6518d71,1018,,,9,Diego,Munoz,2121 N GRACE BLVD UNIT 121,,CHANDLER,AZ,85225-0606
Highline Car Care,PRO,6962e4ee2c0a4d189f4c521270c80a7b,1cd58bf1-335b-4783-b894-91ce94d81c1a,1018,,,3,Chris,Hedges,1881 E SESAME ST,,TEMPE,AZ,85283-2262
Highline Car Care,PRO,6962e4ee2c0a4d189f4c521270c80a7b,9cc2f860-0839-4d98-8979-e8e5b0230e63,1018,,,3,Salvador,Jimenez,305 W WATERBURY DR,,MERIDIAN,ID,83646-5498
Highline Car Care,PRO,6962e4ee2c0a4d189f4c521270c80a7b,68e7377a-d58a-466e-973e-545c882e78c5,1018,,,9,Greg,Boujikian,523 W WILLETTA ST,,PHOENIX,AZ,85003-1220
Highline Car Care,PRO,6962e4ee2c0a4d189f4c521270c80a7b,612aab24-c53a-4d49-af59-5870ac51801b,1018,,,3,Cheri,Pomeroy,11404 E NAVARRO AVE,,MESA,AZ,85209-2921
Highline Car Care,PRO,6962e4ee2c0a4d189f4c521270c80a7b,5f7a685e-6678-4655-b337-67213facaab8,1018,,,3,Lawrence,Alecu,13310 N PLAZA DEL RIO BLVD,,PEORIA,AZ,85381-0005
Highline Car Care,PRO,6962e4ee2c0a4d189f4c521270c80a7b,6dc95f02-1117-4990-b266-9eeb88707be8,1018,,,9,Jerry,Mercado,186 DART ST,,HARTFORD,CT,06106-4041
Highline Car Care,PRO,6962e4ee2c0a4d189f4c521270c80a7b,84b28fca-7049-4c2e-bb1a-8602f89546d0,1018,,,3,Leonel,Rosales,11404 61ST AVE S,,SEATTLE,WA,98178-2905
Highline Car Care,PRO,6962e4ee2c0a4d189f4c521270c80a7b,f570ac24-35d9-4008-95af-cc9046ee2897,1018,,,3,Jonathan,White,842 N AHOY DR,,GILBERT,AZ,85234-4909
Highline Car Care,PRO,6962e4ee2c0a4d189f4c521270c80a7b,2e4ea35d-1454-42f1-ae83-a12b53f9c379,1018,,,3,AJ,Mehta,6321 CAMBRIDGE ST,,SAINT LOUIS PARK,MN,55416-2418
Highline Car Care,PRO,6962e4ee2c0a4d189f4c521270c80a7b,5b34f423-c888-4959-a2bb-f324eba84414,1018,,,9,Joey,Severin,5250 S HARDY DR APT 3058,,TEMPE,AZ,85283-5216
Highline Car Care,PRO,6962e4ee2c0a4d189f4c521270c80a7b,a9ca8bc7-ba67-43a6-94e1-e4afed16343c,1018,,,3,Olivia,Richards,1415 N COUNTRY CLUB DR APT 1014,,MESA,AZ,85201-2547
Highline Car Care,PRO,6962e4ee2c0a4d189f4c521270c80a7b,e2058e67-3765-4f31-94c5-35a1b7cb6631,1018,,,9,Anthony,Wright,3721 S PLEASANT PL,,CHANDLER,AZ,85248-4487
Highline Car Care,PRO,6962e4ee2c0a4d189f4c521270c80a7b,ac6cec6e-b8cc-4ef1-a820-ad0708bdca22,1018,,,3,Carrie,Swanlund,116 10TH ST SE,,PUYALLUP,WA,98372-3401
Highline Car Care,PRO,6962e4ee2c0a4d189f4c521270c80a7b,d2e6e08d-209c-4b8c-b2a8-d5999af47087,1018,,,3,Keith,Ta,9654 BABAUTA RD,,SAN DIEGO,CA,92129-4933
Highline Car Care,PRO,6962e4ee2c0a4d189f4c521270c80a7b,00dca2dd-c010-46fa-8e29-91f7ec4aba4e,1018,,,3,Lonny,Shade,1464 S STAPLEY DR APT 1092,,MESA,AZ,85204-5862
Highline Car Care,PRO,6962e4ee2c0a4d189f4c521270c80a7b,b7470f77-699c-4a05-8428-122d0fb5e704,1018,,,9,Mike,Pulsipher,2825 E WASHINGTON CT,,GILBERT,AZ,85234-6377
Highline Car Care,PRO,6962e4ee2c0a4d189f4c521270c80a7b,88cde067-e4a8-4f42-8fab-8a0eb68951dc,1018,,,3,Christina,Jones,3621 S SALT CEDAR ST,,CHANDLER,AZ,85286-1625
Highline Car Care,PRO,6962e4ee2c0a4d189f4c521270c80a7b,5b98f589-9326-4c70-8194-58bccd7deb0b,1018,,,9,Brian,Murry,1617 W ARGON ST,,MESA,AZ,85201-6108
Highline Car Care,PRO,6962e4ee2c0a4d189f4c521270c80a7b,61fb35a7-21b6-4fb8-a384-3eeedfb6c23b,1018,,,9,Lee,Mikles,1307 E LIBERTY SHORES DR,,GILBERT,AZ,85234-6039
Highline Car Care,PRO,6962e4ee2c0a4d189f4c521270c80a7b,f25109d9-b6d7-4119-90f3-d6e81d1137d8,1018,,,3,Daniel,Goats,859 W COOLEY DR,,GILBERT,AZ,85233-2526
Highline Car Care,PRO,6962e4ee2c0a4d189f4c521270c80a7b,2bcb05da-6240-4555-b7f9-232bbb1346b0,1018,,,9,Kristopher,Krotky,210 SILVERCREEK DR,,SANTEE,CA,92071-6909
Highline Car Care,PRO,6962e4ee2c0a4d189f4c521270c80a7b,9f72fdb3-2353-42e2-a0cd-f8f6e5d5da7e,1018,,,9,Micah,Delk,3700 E WILLIAMS FIELD RD APT 2115,,GILBERT,AZ,85295-4001
Highline Car Care,PRO,6962e4ee2c0a4d189f4c521270c80a7b,f395ac73-1fb3-49a6-adca-9ea2387946e6,1018,,,9,Scott,Cariello,506 W MESETO AVE,,MESA,AZ,85210-7559
Highline Car Care,PRO,6962e4ee2c0a4d189f4c521270c80a7b,54d497b2-c928-4a4d-9dd8-170e4c9d1c73,1018,,,3,John,Birkner,800 W WILLIS RD APT 1125,,CHANDLER,AZ,85286-6527
Highline Car Care,PRO,6962e4ee2c0a4d189f4c521270c80a7b,5ba8acc6-ca0f-48c9-8c8a-14878fdfc7b1,1018,,,9,Alix,Maciel,44569 W COPPER TRL,,MARICOPA,AZ,85139-9011
Highline Car Care,PRO,6962e4ee2c0a4d189f4c521270c80a7b,b0a8ec78-45ac-4c46-b45e-9f0adc241ff3,1018,,,9,Mark,Johnson,10605 E DURANT DR,,MESA,AZ,85212-9481
Highline Car Care,PRO,6962e4ee2c0a4d189f4c521270c80a7b,9775a871-83d7-41f3-9016-7364d19bf2d8,1018,,,3,Jennifer,Hunt,413 W FLOWER ST,,PHOENIX,AZ,85013-4317
Highline Car Care,PRO,6962e4ee2c0a4d189f4c521270c80a7b,e0a38b3e-28c0-4df0-8749-4ab5eaa82db2,1018,,,9,John,Dorsey,235 S YALE CT,,GILBERT,AZ,85296-1626
Highline Car Care,PRO,6962e4ee2c0a4d189f4c521270c80a7b,c2448cd2-1045-4c91-b753-1b098764d713,1018,,,9,Dave,Jackson,1174 S PENROSE DR,,GILBERT,AZ,85296-8808
Highline Car Care,PRO,6962e4ee2c0a4d189f4c521270c80a7b,2df47a7b-6b0b-411b-a854-7ce411975706,1018,,,9,Mark,Self,1892 W 15TH AVE,,APACHE JUNCTION,AZ,85120-6954
Highline Car Care,PRO,6962e4ee2c0a4d189f4c521270c80a7b,711dd091-b311-4376-9222-32014370a481,1018,,,3,Jon,Day,2020 E INVERNESS AVE,,MESA,AZ,85204-6971
Highline Car Care,PRO,6962e4ee2c0a4d189f4c521270c80a7b,8933daa8-34c5-4336-b05d-16579fd5c7ce,1018,,,9,Matt,Hornbuckle,3609 JACK KENDALL WAY NW,,HUNTSVILLE,AL,35806-3115
Highline Car Care,PRO,6962e4ee2c0a4d189f4c521270c80a7b,4d7f088e-8659-40d3-8c99-dd332e8560a3,1018,,,3,Barry,Jennejahn,250 W JUNIPER AVE UNIT 22,,GILBERT,AZ,85233-3917
