Shop Name,Software,SID,CID,WSID,WCID,MBdayMo,TBdayMo,First,Last,Address,Address2,City,St,Zip
Highline Car Care,PRO,6962e4ee2c0a4d189f4c521270c80a7b,af73982b-f63f-4a68-8247-5340e16ae7d7,1018,,9,,Eddie,Yazzie,850 S LONGMORE,,MESA,AZ,85202-3174
Highline Car Care,PRO,6962e4ee2c0a4d189f4c521270c80a7b,3c92294b-aff8-4416-81f9-20ccfe849c8f,1018,,09,,Yevgeniy,Lashiker,1255 LEE ST,,DES PLAINES,IL,60018-1512
Highline Car Care,PRO,6962e4ee2c0a4d189f4c521270c80a7b,45321259-42de-4a61-bf18-9a4a45893108,1018,,9,,Miguel,Gonzales,8919 2ND AVE,,SILVER SPRING,MD,20910-2256
Highline Car Care,PRO,6962e4ee2c0a4d189f4c521270c80a7b,399e1e7d-aa33-4d95-a2d8-4b4e5c126627,1018,,9,,Ruben,Galaviz,6716 W GARY WAY,,LAVEEN,AZ,85339-2741
Highline Car Care,PRO,6962e4ee2c0a4d189f4c521270c80a7b,fa7614cb-057f-4564-a0cd-a005e38e8873,1018,,9,,Nacy,Dellarocco,84 KING ST,,WATERTOWN,MA,02472-3007
Highline Car Care,PRO,6962e4ee2c0a4d189f4c521270c80a7b,bf6fc28a-dc57-4fc0-bab3-117203d4a3df,1018,,9,,Kelly,Hoy,5505 E MCLELLAN RD UNIT 11,,MESA,AZ,85205-3402
Highline Car Care,PRO,6962e4ee2c0a4d189f4c521270c80a7b,634fdf85-f53b-4a26-bb99-cece66939a9c,1018,,9,,Ronald,Mcgill,5247 E GREENMEADOW RD,,LONG BEACH,CA,90808-1619
Highline Car Care,PRO,6962e4ee2c0a4d189f4c521270c80a7b,41a0ffe0-880b-415e-b9b8-aa99b40f35ab,1018,,9,,Grady,Rolin,3185 TOTEM DR,,FAIRBANKS,AK,99709-4018
Highline Car Care,PRO,6962e4ee2c0a4d189f4c521270c80a7b,493a9ec6-5cf1-435c-ac87-c3ce1a2f4640,1018,,09,,Manuel,Ibarra,402 E STATE HIGHWAY 121 TRLR 574,,LEWISVILLE,TX,75057-4765
Highline Car Care,PRO,6962e4ee2c0a4d189f4c521270c80a7b,f75a681f-3403-4a2e-9438-447c0e71731b,1018,,9,,Prashant,Jolepalem,2788 E HUMMINGBIRD WAY,,GILBERT,AZ,85297-8198
Highline Car Care,PRO,6962e4ee2c0a4d189f4c521270c80a7b,e5aab31a-80e2-460c-9082-af53820870f1,1018,,9,,Valerie,Turck,736 PINE ST,,DEERFIELD,IL,60015-4058
Highline Car Care,PRO,6962e4ee2c0a4d189f4c521270c80a7b,a7695d67-8a0e-4585-9832-134f780d7d37,1018,,9,,Lynn,Jefferson,154 SPRINGWOOD CIR APT A,,LONGWOOD,FL,32750-5045
Highline Car Care,PRO,6962e4ee2c0a4d189f4c521270c80a7b,fc300199-24db-4a57-8c56-2aeea751594d,1018,,09,,Michael,Clayton,9576 HICKORY HILL DR,,TWINSBURG,OH,44087-1546
Highline Car Care,PRO,6962e4ee2c0a4d189f4c521270c80a7b,846353fe-bb20-4457-bdbd-cd1de73a14da,1018,,9,,Aaron,Raouf,PO BOX 7951,,SURPRISE,AZ,85374-0115
Highline Car Care,PRO,6962e4ee2c0a4d189f4c521270c80a7b,99724fb0-2bda-40bc-b9d1-9549a9404179,1018,,09,,James,Funcheon,6229 CHRISTINA GROVES CIR E,,LAKELAND,FL,33813-3960
Highline Car Care,PRO,6962e4ee2c0a4d189f4c521270c80a7b,914958d5-fb52-42db-9afd-521a7948a785,1018,,9,,James,Laurent,2113 N 132ND DR,,GOODYEAR,AZ,85395-8640
Highline Car Care,PRO,6962e4ee2c0a4d189f4c521270c80a7b,42645e88-1c6c-4d13-8973-fe5018999f38,1018,,9,,Taylor,Buie,2311 CABERNET CIR,,BRANDON,MS,39047-8558
Highline Car Care,PRO,6962e4ee2c0a4d189f4c521270c80a7b,e8b3a722-60b6-4f75-9896-a7dbc61fd869,1018,,9,,Kristi,Broderick,2930 E SHASTA LN,,VAIL,AZ,85641-9749
Highline Car Care,PRO,6962e4ee2c0a4d189f4c521270c80a7b,4630b9d8-7ea1-4b4d-b4d3-5cef01beaa3c,1018,,9,,Dale,Abrahamson,1303 COLUMBIA DR STE 201,,RICHARDSON,TX,75081-2957
Highline Car Care,PRO,6962e4ee2c0a4d189f4c521270c80a7b,06608f96-114b-485f-a892-835695ad3e65,1018,,09,,Jason,Soumang,3246 RIPPLING FALLS LN,,DICKINSON,TX,77539-6175
Highline Car Care,PRO,6962e4ee2c0a4d189f4c521270c80a7b,2f80d117-e71d-49e5-ad9d-edb04f1e92c4,1018,,9,,Chris,Schlenker,2477 STATE HIGHWAY 1704,,OLIVE HILL,KY,41164-8342
Highline Car Care,PRO,6962e4ee2c0a4d189f4c521270c80a7b,c4a81d83-b99a-426a-b5da-4dcb4ac4d5b9,1018,,9,,Melody,Goswick,511 E 7TH PL,,MESA,AZ,85203-6311
Highline Car Care,PRO,6962e4ee2c0a4d189f4c521270c80a7b,7a0250a0-704a-42de-ac08-3ab419ae30d4,1018,,9,,Ty,Lemieux,19417 E VIA DEL ORO,,QUEEN CREEK,AZ,85142-8260
Highline Car Care,PRO,6962e4ee2c0a4d189f4c521270c80a7b,02889635-cc73-46bb-ba63-688f9b04fdad,1018,,9,,Eric,Escovito,20107 E ROBIN RD,,QUEEN CREEK,AZ,85142-3447
Highline Car Care,PRO,6962e4ee2c0a4d189f4c521270c80a7b,f4571f8b-3af6-4c75-b9fd-27dd53c8fc47,1018,,9,,Therapong,Chirasuphakorn,14713 HARVEST AVE,,NORWALK,CA,90650-5663
Highline Car Care,PRO,6962e4ee2c0a4d189f4c521270c80a7b,3e16d174-90ad-4512-8ff1-33f590072638,1018,,9,,Kristin,Egbert,3814 W WHITTEN ST,,CHANDLER,AZ,85226-4968
Highline Car Care,PRO,6962e4ee2c0a4d189f4c521270c80a7b,008aa929-e4fe-4d19-b873-711f43e57ba1,1018,,9,,Scott,Holloway,3493 HERITAGE AVE,,STILLWATER,MN,55082-4593
Highline Car Care,PRO,6962e4ee2c0a4d189f4c521270c80a7b,cd0cd2bd-8506-4674-8be4-37710105aaa5,1018,,9,,Ramesh,Bokka,247 E DOGWOOD DR,,CHANDLER,AZ,85286-0271
Highline Car Care,PRO,6962e4ee2c0a4d189f4c521270c80a7b,344321eb-011c-4c61-9025-36b4a68a738f,1018,,9,,Andrew,Latimer,1727 S HALL,,MESA,AZ,85204-6863
Highline Car Care,PRO,6962e4ee2c0a4d189f4c521270c80a7b,9333ab1a-55b1-4cbe-82c6-3ec25387f7de,1018,,9,,Steve,Ash,15209 N 8TH DR,,PHOENIX,AZ,85023-5219
Highline Car Care,PRO,6962e4ee2c0a4d189f4c521270c80a7b,54bdbeff-5af6-4344-8942-41e5839ce4e0,1018,,9,,Luis,Cortez,2862 CALLE SAUSALITO,,RIVERSIDE,CA,92503-6305
Highline Car Care,PRO,6962e4ee2c0a4d189f4c521270c80a7b,cbbdd235-7009-4372-807d-a95adf4f0549,1018,,9,,Amanda,Webber,949 S LONGMORE APT 266,,MESA,AZ,85202-4325
Highline Car Care,PRO,6962e4ee2c0a4d189f4c521270c80a7b,7d430f2d-4958-4541-8eb7-e3d501a515d0,1018,,9,,Roman,Muzyka,4856 S IRELAND CT,,AURORA,CO,80015-6605
Highline Car Care,PRO,6962e4ee2c0a4d189f4c521270c80a7b,82496688-b78a-4601-afc6-34119b399217,1018,,9,,Travis,Lewis,27 TURPENTINE DR,,NEVADA CITY,CA,95959-2845
Highline Car Care,PRO,6962e4ee2c0a4d189f4c521270c80a7b,8c3b944d-b94b-43e4-a2e3-b733a8bde1fc,1018,,9,,Peter,Szaflarski,7282 SKYLINE DR,,JUSTICE,IL,60458-1173
Highline Car Care,PRO,6962e4ee2c0a4d189f4c521270c80a7b,fe45c71d-c621-4f0e-a764-95fef0a3f26a,1018,,9,,David,Monfett,49 ELMWOOD AVE,,HOLYOKE,MA,01040-2907
Highline Car Care,PRO,6962e4ee2c0a4d189f4c521270c80a7b,d90dc7ad-c826-48a5-8ac1-089731a3d94f,1018,,9,,Thomas,Kearns,3112 W IRONWOOD CIR,,CHANDLER,AZ,85226-1402
Highline Car Care,PRO,6962e4ee2c0a4d189f4c521270c80a7b,0fd07b67-1b7a-46b6-bca9-6da5462b3575,1018,,9,,Dawn,Bey,12834 W MODESTO DR,,LITCHFIELD PARK,AZ,85340-6516
Highline Car Care,PRO,6962e4ee2c0a4d189f4c521270c80a7b,8ba41335-dd12-475c-ba1d-6e8206839403,1018,,9,,Susan,Emerson,1727 E LINDA LN,,GILBERT,AZ,85234-6144
Highline Car Care,PRO,6962e4ee2c0a4d189f4c521270c80a7b,3b73ac0c-dab3-4b27-8de3-60f299a9ec35,1018,,9,,Harold,Rayborn,10951 E LINDNER AVE,,MESA,AZ,85209-1333
Highline Car Care,PRO,6962e4ee2c0a4d189f4c521270c80a7b,2300ef19-c80b-4079-8913-63361adea9e0,1018,,9,,Raija,Casey,7950 E KEATS AVE UNIT 147,,MESA,AZ,85209-5014
Highline Car Care,PRO,6962e4ee2c0a4d189f4c521270c80a7b,b4c217a9-62d8-451f-89a3-647ae0f9aedd,1018,,9,,Sammie,Garza,3917 W KALER DR,,PHOENIX,AZ,85051-7365
Highline Car Care,PRO,6962e4ee2c0a4d189f4c521270c80a7b,63a5bca4-1a61-4665-bcd1-5fee5e6d4794,1018,,9,,Matt,Kulka,4630 W PARK AVE,,CHANDLER,AZ,85226-8211
Highline Car Care,PRO,6962e4ee2c0a4d189f4c521270c80a7b,d75b1852-c0b0-4104-9263-adf3d8e4533a,1018,,9,,Alexandria,Wall,111 N GILBERT RD APT 2139,,MESA,AZ,85203-0956
Highline Car Care,PRO,6962e4ee2c0a4d189f4c521270c80a7b,bbd31435-4deb-4cb4-8bd7-5a1529b57d15,1018,,9,,Chase,Meseroll,1533 N ROBIN LN,,MESA,AZ,85213-5596
Highline Car Care,PRO,6962e4ee2c0a4d189f4c521270c80a7b,ca641c20-cdce-4527-83c8-2d6e485d14b1,1018,,9,,Gary,Michel,121 SHELBY TRCE,,MURPHY,TX,75094-3783
Highline Car Care,PRO,6962e4ee2c0a4d189f4c521270c80a7b,3a6d9311-0001-4911-8029-b99a55a8c38f,1018,,9,,Logan,Ta,15076 W COOLIDGE ST,,GOODYEAR,AZ,85395-7712
Highline Car Care,PRO,6962e4ee2c0a4d189f4c521270c80a7b,8a9e94e2-c6dc-49d5-8aa3-ffe30b702b05,1018,,9,,Bryan,Lockhart,206 CAROLINE WAY,,GUYTON,GA,31312-5368
Highline Car Care,PRO,6962e4ee2c0a4d189f4c521270c80a7b,e78f06c0-d4b7-4c4a-b258-af8a9836f935,1018,,9,,David,Garrett,7552 E LAGUNA AZUL AVE,,MESA,AZ,85209-4931
Highline Car Care,PRO,6962e4ee2c0a4d189f4c521270c80a7b,4eaa1b67-61cc-49dd-b085-b0cecee31e43,1018,,9,,Danica,Fidel,854 S SAN MARCOS DR,,APACHE JUNCTION,AZ,85120-6338
Highline Car Care,PRO,6962e4ee2c0a4d189f4c521270c80a7b,be75ad47-a14c-471c-99bc-f204d8452ab4,1018,,9,,Michelle,Israel,175 W ORIOLE WAY,,CHANDLER,AZ,85286-4575
Highline Car Care,PRO,6962e4ee2c0a4d189f4c521270c80a7b,8390fb6e-0e96-4050-af09-7a04686a7f38,1018,,9,,Gabriele,Frias,4290 E AUGUSTA AVE,,CHANDLER,AZ,85249-7002
Highline Car Care,PRO,6962e4ee2c0a4d189f4c521270c80a7b,c0ddd216-baa9-45fc-a4ac-5f96b9b24ac7,1018,,9,,Gary,Nucera,560 GORDON DR,,YARDLEY,PA,19067-3804
Highline Car Care,PRO,6962e4ee2c0a4d189f4c521270c80a7b,af091b36-e4b6-4873-a37f-a5a895436e0d,1018,,9,,Stefanie,Molina,744 N LAGUNA DR,,GILBERT,AZ,85233-3620
Highline Car Care,PRO,6962e4ee2c0a4d189f4c521270c80a7b,d78b90a0-4f8b-4e7e-9ba6-cc8e9de0a6e8,1018,,9,,Matthew,Balance,19724 DARTMOUTH AVE,,BEND,OR,97702-3007
Highline Car Care,PRO,6962e4ee2c0a4d189f4c521270c80a7b,0fc65994-6847-4137-a7df-a0c4a0d941de,1018,,9,,Jacob,Wilcox,1450 S COOPER RD,,CHANDLER,AZ,85286-0222
Highline Car Care,PRO,6962e4ee2c0a4d189f4c521270c80a7b,2071cab7-dad9-4373-98ac-be2df357267f,1018,,9,,Giovanni,Hitt,6714 W CATALINA DR,,PHOENIX,AZ,85033-5630
Highline Car Care,PRO,6962e4ee2c0a4d189f4c521270c80a7b,5826cf76-e005-40e0-bd89-4d6868a6fc6a,1018,,9,,Beris,Martinez,1138 S ROSE,,MESA,AZ,85204-5306
Highline Car Care,PRO,6962e4ee2c0a4d189f4c521270c80a7b,f008e53a-da8a-4bb7-afa7-652599c58603,1018,,9,,Roma,Nazarians,628 E OLD WILLOW RD,,PROSPECT HEIGHTS,IL,60070-1913
Highline Car Care,PRO,6962e4ee2c0a4d189f4c521270c80a7b,ea16264c-91bf-4e9a-b8a4-5efccc549cb8,1018,,9,,Pam,Webber,717 W 2ND PL,,MESA,AZ,85201-6414
Highline Car Care,PRO,6962e4ee2c0a4d189f4c521270c80a7b,48a476d8-fc36-4c7c-a486-a65e903e60f0,1018,,09,,Kay,Hennessy,112 CINDY DR,,LAFAYETTE,LA,70508-5315
Highline Car Care,PRO,6962e4ee2c0a4d189f4c521270c80a7b,3608f5a3-cdcf-4e86-8ab3-8149f5a167fa,1018,,9,,Krista,Mead,3526 E ELEANA LN,,GILBERT,AZ,85298-4211
Highline Car Care,PRO,6962e4ee2c0a4d189f4c521270c80a7b,6e83d63c-7204-4962-a2af-808e9c8e950d,1018,,9,,Shawn,Threlkeld,806 W LEAH LN,,GILBERT,AZ,85233-1941
Highline Car Care,PRO,6962e4ee2c0a4d189f4c521270c80a7b,4541ecc3-9582-4e08-b9fb-dbc366277be3,1018,,9,,Greg,Bach,106 XANADU PL,,JUPITER,FL,33477-6456
Highline Car Care,PRO,6962e4ee2c0a4d189f4c521270c80a7b,84b62852-a219-426d-9c7d-6de828dfbfbb,1018,,9,,Andrea,Schoonover,1725 S CORONADO RD APT 3150,,GILBERT,AZ,85295-0092
Highline Car Care,PRO,6962e4ee2c0a4d189f4c521270c80a7b,695a9b2c-c85a-4c2e-b6f4-e1caf90d3049,1018,,9,,Meredith,Whatcott,2026 E MARQUETTE DR,,GILBERT,AZ,85234-3848
Highline Car Care,PRO,6962e4ee2c0a4d189f4c521270c80a7b,af550136-9423-4d44-b408-444c249b2db0,1018,,9,,Duncan,Mcquarrie,221 E BALBOA DR,,TEMPE,AZ,85282-3510
Highline Car Care,PRO,6962e4ee2c0a4d189f4c521270c80a7b,d51404a4-2a65-4721-8a29-de072e9f5b3e,1018,,9,,Jose,Balderas,3225 ADAMS LANDING AVE,,HARLINGEN,TX,78550-2483
Highline Car Care,PRO,6962e4ee2c0a4d189f4c521270c80a7b,c7fe9a3f-069c-439f-bcbf-be94cfbe9422,1018,,9,,Juan,Vargas,PO BOX 210,,MERCED,CA,95341-0210
Highline Car Care,PRO,6962e4ee2c0a4d189f4c521270c80a7b,841b706d-c27e-4ed9-b875-d7103c9aa4bc,1018,,9,,Jeb,Harris,2607 WOLFLIN AVE # 150,,AMARILLO,TX,79109-1825
Highline Car Care,PRO,6962e4ee2c0a4d189f4c521270c80a7b,3e105a3a-6473-4bce-8f57-ffcf6167a7c9,1018,,9,,Michael,Hartfield,861 SHADY LAKE DR,,BEDFORD,TX,76021-4362
Highline Car Care,PRO,6962e4ee2c0a4d189f4c521270c80a7b,4f61cdee-c080-4b88-93f6-5f3815cd3be0,1018,,9,,Shane,Umbrell,2530 E IRIS DR,,CHANDLER,AZ,85286-5000
Highline Car Care,PRO,6962e4ee2c0a4d189f4c521270c80a7b,9ecc9c13-c36e-4e4f-83c3-c250e506b044,1018,,9,,InYong,Choi,5474 SERVICEBERRY ST,,CENTREVILLE,VA,20120-5013
Highline Car Care,PRO,6962e4ee2c0a4d189f4c521270c80a7b,0374ab65-9d3d-4629-adf3-4c3f1c6d2ca4,1018,,9,,Ion,Ene,7314 SAINT JOHNS CT,,MANASSAS,VA,20109-7113
Highline Car Care,PRO,6962e4ee2c0a4d189f4c521270c80a7b,027ddb25-cf14-4eca-8fa6-4211d2bc6214,1018,,9,,Russell,Bradshaw,419 E BRUCE AVE UNIT B,,GILBERT,AZ,85234-5844
Highline Car Care,PRO,6962e4ee2c0a4d189f4c521270c80a7b,6f5f8e5c-ffa0-4dd6-83ab-820c22139ffb,1018,,9,,Faisal,Awan,13510 33RD AVE SE,,MILL CREEK,WA,98012-4613
Highline Car Care,PRO,6962e4ee2c0a4d189f4c521270c80a7b,6133ee89-3aba-414d-a400-81a2dc6c6717,1018,,9,,Paul,Jacobson,3670 E CANYON WAY,,CHANDLER,AZ,85249-2012
Highline Car Care,PRO,6962e4ee2c0a4d189f4c521270c80a7b,ed079278-ab00-467c-abc0-d256dbeda4c0,1018,,9,,Angela,Pick,19172 N MEGHAN DR,,MARICOPA,AZ,85138-5665
Highline Car Care,PRO,6962e4ee2c0a4d189f4c521270c80a7b,90c98270-1586-49cf-8a80-76964fe2c02c,1018,,9,,Samantha,Arroyo,366 COLONIAL AVE,,UNION,NJ,07083-9002
Highline Car Care,PRO,6962e4ee2c0a4d189f4c521270c80a7b,a0dc33f1-1de1-4f16-8662-60eb27e2ddd8,1018,,9,,Jeff,Glover,953 CHEEKWOOD TRL,,CLARKSVILLE,TN,37042-6965
Highline Car Care,PRO,6962e4ee2c0a4d189f4c521270c80a7b,0c3453d5-1f34-4e08-bd0f-cca879558c2f,1018,,9,,Jackie,Watanabe,16537 AMBER TREE LN,,HACIENDA HEIGHTS,CA,91745-5507
Highline Car Care,PRO,6962e4ee2c0a4d189f4c521270c80a7b,f175cdff-3f49-4eb0-9a6f-3b86ad033a64,1018,,9,,Detrious,Curri,155 FOX GLEN CT,,PORT WENTWORTH,GA,31407-3643
Highline Car Care,PRO,6962e4ee2c0a4d189f4c521270c80a7b,6abd0910-0d88-472d-ada4-d425783d726a,1018,,9,,Rick,Jacob,490 N LINCOLN ST,,COAL CITY,IL,60416-1134
Highline Car Care,PRO,6962e4ee2c0a4d189f4c521270c80a7b,31261d15-43e6-4855-9044-0b6d328e3b9e,1018,,9,,John,Kasper,861325 WORTHINGTON DR,,YULEE,FL,32097-6458
Highline Car Care,PRO,6962e4ee2c0a4d189f4c521270c80a7b,b35f71bd-0a86-4963-9fb9-7169bfdf9282,1018,,9,,Kendrick,Palmer,9230 HANNAY RD,,PATTISON,TX,77423-2100
Highline Car Care,PRO,6962e4ee2c0a4d189f4c521270c80a7b,eec97a72-7e01-434e-bbfe-910e0e29bb70,1018,,9,,Joseph,Roberts,478 CHESTNUT CIR W,,ALBURTIS,PA,18011-9549
Highline Car Care,PRO,6962e4ee2c0a4d189f4c521270c80a7b,a86f2078-c4b7-47a7-ba0c-c098ee51cbad,1018,,9,,Adam,Stone,155 RIVER CREST LN,,BENTON,TN,37307-4866
Highline Car Care,PRO,6962e4ee2c0a4d189f4c521270c80a7b,77c120a7-b82e-4f44-a05b-284a2c991883,1018,,9,,Bryson,Viola,821 E SHERRI DR,,GILBERT,AZ,85296-3643
Highline Car Care,PRO,6962e4ee2c0a4d189f4c521270c80a7b,814b9cbf-cddc-460e-b906-73b9217d9355,1018,,9,,Kathryn,Wong,4441 W POINSETTIA DR,,GLENDALE,AZ,85304-3505
Highline Car Care,PRO,6962e4ee2c0a4d189f4c521270c80a7b,41c469d5-1cd9-4d9b-868b-ac378167d48d,1018,,9,,Gibson,Prue,1500 W RIO SALADO PKWY UNIT 81,,MESA,AZ,85201-3825
Highline Car Care,PRO,6962e4ee2c0a4d189f4c521270c80a7b,806dc2bd-c2ee-4afe-9783-c4e3cefc2e6c,1018,,9,,Timothy,Skiver,4412 WILLARD DR,,FORT WAYNE,IN,46815-6755
Highline Car Care,PRO,6962e4ee2c0a4d189f4c521270c80a7b,82025235-7956-42d4-8b60-97d96c21c428,1018,,9,,Alex,Rosata,17 KEEFE AVE,,NEWTON,MA,02464-1316
Highline Car Care,PRO,6962e4ee2c0a4d189f4c521270c80a7b,a16fe057-3e5e-4a99-8c16-50d823dd629f,1018,,9,,Dillon,Chaka,4330 N 83RD ST,,MILWAUKEE,WI,53222-1810
Highline Car Care,PRO,6962e4ee2c0a4d189f4c521270c80a7b,158f3556-1313-4584-9fec-a05b0f3f7b01,1018,,9,,Erika,Schonfeld,21 S PUEBLO ST,,GILBERT,AZ,85233-5921
Highline Car Care,PRO,6962e4ee2c0a4d189f4c521270c80a7b,14929686-8bcb-49ce-bfc3-63f335a02709,1018,,9,,Sally,Kellett,1335 E JUNE ST UNIT 108,,MESA,AZ,85203-2741
Highline Car Care,PRO,6962e4ee2c0a4d189f4c521270c80a7b,30ae246e-585b-4c0f-9f64-e4c660e33429,1018,,9,,William,Dillman,105 GLADYS ST,,BELLE CHASSE,LA,70037-1213
Highline Car Care,PRO,6962e4ee2c0a4d189f4c521270c80a7b,df079436-ce88-49d7-810a-a5cf2fc85182,1018,,9,,Jasen,Wisgoski,9464 E PLATA AVE,,MESA,AZ,85212-1464
Highline Car Care,PRO,6962e4ee2c0a4d189f4c521270c80a7b,2bf044a0-56c8-4e72-ad0f-d070d8bc4a0e,1018,,9,,Michael,Meehan,6010 KNOLLWOOD TRL,,SPRING,TX,77373-4919
Highline Car Care,PRO,6962e4ee2c0a4d189f4c521270c80a7b,f21f52d9-4967-4f39-8afe-125c981d407a,1018,,9,,Patrick,Swindle,2101 W PECAN RD,,PHOENIX,AZ,85041-3731
Highline Car Care,PRO,6962e4ee2c0a4d189f4c521270c80a7b,5123ef9a-ea2c-4093-85a1-92b1e4ed5b07,1018,,09,,Alysia,Martinez,49 CALLE CASCABELA,,SANTA FE,NM,87508-5903
Highline Car Care,PRO,6962e4ee2c0a4d189f4c521270c80a7b,53c55f2d-e843-459d-8ec8-ab70d1518bbf,1018,,9,,Robert,White,3800 RIVER VIEW DR,,MOUNTAIN BRK,AL,35243-4721
Highline Car Care,PRO,6962e4ee2c0a4d189f4c521270c80a7b,1efedf05-7e22-4a27-8682-150b6e8349c1,1018,,9,,Kevin,Choy,14 STADIUM RD,,MALDEN,MA,02148-5412
Highline Car Care,PRO,6962e4ee2c0a4d189f4c521270c80a7b,6673d7a7-ad40-4ffc-af39-5a10da5f6cfe,1018,,09,,Tien,Tran,320 N EL CAMINO REAL STE C,,ENCINITAS,CA,92024-5801
Highline Car Care,PRO,6962e4ee2c0a4d189f4c521270c80a7b,28b35dae-83df-4586-858e-cde2866252cc,1018,,09,,Phil,Russell,2260 E STEPHENS PL,,CHANDLER,AZ,85225-4136
Highline Car Care,PRO,6962e4ee2c0a4d189f4c521270c80a7b,9a8ca324-36bc-44f6-ab44-4fc35521ee07,1018,,09,,Jack,Stull,6088 WHITE OAK DR,,GREENVILLE,OH,45331-9674
Highline Car Care,PRO,6962e4ee2c0a4d189f4c521270c80a7b,313cff32-7f6a-40b8-b084-75b9e468ace0,1018,,9,,Destiny,Walters,2910 S 98TH ST,,MESA,AZ,85212-2117
Highline Car Care,PRO,6962e4ee2c0a4d189f4c521270c80a7b,4b6a2fb5-efaf-4cdc-9206-72a5d20ca8a8,1018,,9,,Chris,Dunham,9840 E LINDNER AVE,,MESA,AZ,85209-2568
Highline Car Care,PRO,6962e4ee2c0a4d189f4c521270c80a7b,0f9daa5b-c060-4641-89f0-57471c536073,1018,,9,,James,Taylor,416 MALLARD DR,,GREENSBORO,MD,21639-1456
Highline Car Care,PRO,6962e4ee2c0a4d189f4c521270c80a7b,e27aa24b-42fe-40e8-ac3f-ecbcdfc34d47,1018,,09,,Roy,Hollinger,6600 W SAHARA AVE,,LAS VEGAS,NV,89146-2962
Highline Car Care,PRO,6962e4ee2c0a4d189f4c521270c80a7b,13740e83-954b-4cb5-bf88-71247995be04,1018,,9,,Dan,Morgan,15949 LONGMEADOW LN,,COLORADO SPRINGS,CO,80921-3709
Highline Car Care,PRO,6962e4ee2c0a4d189f4c521270c80a7b,841c2443-f925-4082-bfb0-5f64c79d59c5,1018,,9,,Chris,Peralta,5321 W GLENN ABBEY TRL,,LAKESIDE,AZ,85929-0316
Highline Car Care,PRO,6962e4ee2c0a4d189f4c521270c80a7b,197a558e-c949-447c-80fc-61d66ff65019,1018,,9,,Elizabeth,Hayes,1464 S STAPLEY DR APT 1032,,MESA,AZ,85204-5857
Highline Car Care,PRO,6962e4ee2c0a4d189f4c521270c80a7b,1029eabc-432a-4e92-88a6-57c04b50512e,1018,,9,,Chris,Floyd,1826 E CAMPBELL AVE,,GILBERT,AZ,85234-8227
Highline Car Care,PRO,6962e4ee2c0a4d189f4c521270c80a7b,f2de7d90-920a-4f3c-b248-ced9968e5b8b,1018,,09,,Kurt,Gregg,489 W PASO FINO DR,,BOISE,ID,83702-5142
Highline Car Care,PRO,6962e4ee2c0a4d189f4c521270c80a7b,c86fc31b-280b-4408-9b99-23ebf5e45804,1018,,9,,Alyssa,Ayers,1372 E CANYON CREEK DR,,GILBERT,AZ,85295-8401
Highline Car Care,PRO,6962e4ee2c0a4d189f4c521270c80a7b,6e5b78c4-71c9-467b-b64f-f105cb946d4e,1018,,09,,Mark,Creswell,9516 ROUNDLAKE BLVD,,WHITE LAKE,MI,48386-3969
Highline Car Care,PRO,6962e4ee2c0a4d189f4c521270c80a7b,e80f283d-3322-4d11-acfc-b46b167d803e,1018,,09,,Vadim,Kruglikov,7910 WALERGA RD UNIT 508,,ANTELOPE,CA,95843-6706
Highline Car Care,PRO,6962e4ee2c0a4d189f4c521270c80a7b,98ce8eb9-63ae-4b0a-932e-b43982ce6d0d,1018,,09,,Paul,Ho,1951 E ERIE ST,,CHANDLER,AZ,85225-5253
Highline Car Care,PRO,6962e4ee2c0a4d189f4c521270c80a7b,f9cfaaa8-bdeb-4e52-8ea9-900264e8f0e9,1018,,09,,Courtney,Lewis,4787 PECANWOOD PL,,PACE,FL,32571-1383
Highline Car Care,PRO,6962e4ee2c0a4d189f4c521270c80a7b,85c2f555-64a5-4642-9c56-ec8d2fbab59b,1018,,09,,Tameka,Williams,3290 HOPE BLVD APT E,,TUSCALOOSA,AL,35401-5468
Highline Car Care,PRO,6962e4ee2c0a4d189f4c521270c80a7b,355fca34-7f86-4dc8-b7d4-54781071e0c2,1018,,09,,Jack,Gill,2308 GREEN OAKS ST,,DENTON,TX,76209-7942
Highline Car Care,PRO,6962e4ee2c0a4d189f4c521270c80a7b,3c6f56d5-4568-40a2-9125-60a0467f2f85,1018,,9,,Kelvin,Phillips,PO BOX 105,,LAVEEN,AZ,85339-0105
Highline Car Care,PRO,6962e4ee2c0a4d189f4c521270c80a7b,ec8bb460-8f06-4917-ade2-d5cb670675e3,1018,,9,,Scott,Eldridge,8907 ALENDALE RD,,HENRICO,VA,23229-7701
Highline Car Care,PRO,6962e4ee2c0a4d189f4c521270c80a7b,44f350d7-85be-4ddd-8b33-0d3d92a51cd0,1018,,9,,Eleni,Peterson,1062 W COOLEY DR,,GILBERT,AZ,85233-2545
Highline Car Care,PRO,6962e4ee2c0a4d189f4c521270c80a7b,5541e093-f414-4d95-b4db-59e6c4d84ac1,1018,,9,,George,Grob,5352 PALMERO CT # 200,,BUFORD,GA,30518-3504
Highline Car Care,PRO,6962e4ee2c0a4d189f4c521270c80a7b,f62b7ace-e7b2-4407-8295-182ff62ab730,1018,,9,,Marvin,Dekkers,1257 E BISHOP DR,,TEMPE,AZ,85282-2502
Highline Car Care,PRO,6962e4ee2c0a4d189f4c521270c80a7b,672403ee-8876-481e-a9a2-d41cd82ba5bb,1018,,9,,Dylan,Carter,23206 S POWER RD,,GILBERT,AZ,85298-8903
Highline Car Care,PRO,6962e4ee2c0a4d189f4c521270c80a7b,99fed7e3-99c6-4b8e-a8f0-82dfcd4b859c,1018,,09,,Joe,Lamping,3512 GUADALUPE ST,,AUSTIN,TX,78705-1336
Highline Car Care,PRO,6962e4ee2c0a4d189f4c521270c80a7b,57596125-d21c-439f-a896-c3fb4393f4f3,1018,,09,,Sanjay,Kumar,12 JONATHANS CT,,HUNT VALLEY,MD,21030-1420
Highline Car Care,PRO,6962e4ee2c0a4d189f4c521270c80a7b,c485ff3b-83f3-490a-9a33-1817a4b5b43c,1018,,9,,Luis,Gonzalez,3403 REXFORD DR,,SOUTH BEND,IN,46615-3742
Highline Car Care,PRO,6962e4ee2c0a4d189f4c521270c80a7b,0041ce9a-39a8-4448-b320-000579406300,1018,,09,,Lemuel,Silo,9844 VAN RUITEN ST,,BELLFLOWER,CA,90706-2437
Highline Car Care,PRO,6962e4ee2c0a4d189f4c521270c80a7b,7ae3e499-fd56-45a2-8e2f-512d6f599568,1018,,9,,Jaiden,Spear,6607 S MITCHELL DR,,TEMPE,AZ,85283-3578
Highline Car Care,PRO,6962e4ee2c0a4d189f4c521270c80a7b,f337c309-19ab-40b2-bec8-8ef9fad7e1a4,1018,,09,,Dean,Rodney,126 PIEDMONT DR,,VINE GROVE,KY,40175-8411
Highline Car Care,PRO,6962e4ee2c0a4d189f4c521270c80a7b,f7afd086-9f63-4f52-b5af-2da6c386ae08,1018,,09,,Jonathan,Bishop,106 HOLDEN POINT DR,,INMAN,SC,29349-5928
Highline Car Care,PRO,6962e4ee2c0a4d189f4c521270c80a7b,021dfbde-4594-4175-a52c-7eb8c7d26a56,1018,,09,,Robert,George,18438 FM 709 N,,DAWSON,TX,76639-3184
Highline Car Care,PRO,6962e4ee2c0a4d189f4c521270c80a7b,757d9a8c-afa3-4396-98d1-e0764e4901f3,1018,,09,,Craig,Roberts,12307 GLEASON DR,,MADERA,CA,93636-8584
Highline Car Care,PRO,6962e4ee2c0a4d189f4c521270c80a7b,b112ddc4-3da5-4585-bc5b-77b76869c360,1018,,9,,Cindy,Burt,351 N MERIDIAN RD LOT 128,,APACHE JUNCTION,AZ,85120-3671
Highline Car Care,PRO,6962e4ee2c0a4d189f4c521270c80a7b,37990bd8-7aaa-40a9-b92b-9ec3c69d1aa7,1018,,09,,Pat,Smith,3837 SW CANBY ST,,PORTLAND,OR,97219-1582
Highline Car Care,PRO,6962e4ee2c0a4d189f4c521270c80a7b,f4b3fa21-c3fd-4c6b-9bc5-8ffe3b3f50a1,1018,,9,,Cinthia,Vasquez,3640 W WAGONER RD,,GLENDALE,AZ,85308-2418
Highline Car Care,PRO,6962e4ee2c0a4d189f4c521270c80a7b,fc0075fb-488e-4a98-8362-553454e95e27,1018,,09,,Jamie,Russo,6508 GOLDLEAF DR,,BETHESDA,MD,20817-5837
Highline Car Care,PRO,6962e4ee2c0a4d189f4c521270c80a7b,b3abd88b-b073-4d5e-ac2c-1a20922d16c1,1018,,09,,Frederick,Wilborn,5281 N 73RD ST,,MILWAUKEE,WI,53218-2822
Highline Car Care,PRO,6962e4ee2c0a4d189f4c521270c80a7b,bb604a2f-0b2d-4eb0-8dea-7a77aaded55a,1018,,9,,Tami,Fuentes,327 W LEAH AVE,,GILBERT,AZ,85233-2122
Highline Car Care,PRO,6962e4ee2c0a4d189f4c521270c80a7b,331a86b4-4050-491b-9f38-d784faa8e0eb,1018,,09,,Kris,Kraner,1206 E CAMELLIA DR,,BRANDON,FL,33510-3004
Highline Car Care,PRO,6962e4ee2c0a4d189f4c521270c80a7b,41d818e9-6680-48d0-81f7-09cbe6e0c491,1018,,09,,Susan,Appenveller,3651 E BASELINE RD STE 222,,GILBERT,AZ,85234-5450
Highline Car Care,PRO,6962e4ee2c0a4d189f4c521270c80a7b,af17bc0b-8133-4d3e-8217-dc2c55cb7914,1018,,09,,Toby,Sturgill,14741 CARYN DR,,BROOKPARK,OH,44142-3834
Highline Car Care,PRO,6962e4ee2c0a4d189f4c521270c80a7b,20e29374-44db-4dd2-beaa-3c8aca9371e7,1018,,09,,Paul,Morris,2328 NATURE PARK DR,,NORTH LAS VEGAS,NV,89084-3154
Highline Car Care,PRO,6962e4ee2c0a4d189f4c521270c80a7b,659176fa-d3e8-4076-aadb-7da966786471,1018,,09,,Charles,Cameron,205 LAKE VIEW DR,,MORMON LAKE,AZ,86038-9033
Highline Car Care,PRO,6962e4ee2c0a4d189f4c521270c80a7b,2fc05f5b-9f52-4632-bd32-882220a62b56,1018,,09,,Aaron,Araiza,1920 BENITA DR UNIT 2,,RANCHO CORDOVA,CA,95670-2649
Highline Car Care,PRO,6962e4ee2c0a4d189f4c521270c80a7b,570bf869-7efb-4005-96d1-b127a0594c32,1018,,09,,Dennis,Vitanovec,136 N MAPLE ST,,BRAIDWOOD,IL,60408-1866
Highline Car Care,PRO,6962e4ee2c0a4d189f4c521270c80a7b,d99bc020-f3b2-4ee8-95b4-f57ca7ec029d,1018,,9,,Brandi,Brown,1216 N FARRELL ST,,GILBERT,AZ,85233-1906
Highline Car Care,PRO,6962e4ee2c0a4d189f4c521270c80a7b,fd6daf70-4727-4e2c-a31d-370acaf87aa7,1018,,09,,Douglas,Hollowell,7570 N MERIDIAN RD,,VACAVILLE,CA,95688-9666
Highline Car Care,PRO,6962e4ee2c0a4d189f4c521270c80a7b,de96dcdc-dfe3-422f-8ec7-48ccddc05e95,1018,,09,,Brandon,Brumley,15210 E RENO AVE,,CHOCTAW,OK,73020-7514
Highline Car Care,PRO,6962e4ee2c0a4d189f4c521270c80a7b,f39c3449-5fbd-43e2-b918-d303ce8136a2,1018,,09,,Salam,Alrawi,55 HILLCROFT WAY,,WALNUT CREEK,CA,94597-3907
Highline Car Care,PRO,6962e4ee2c0a4d189f4c521270c80a7b,d03c6565-7617-450e-a409-80c16362c40e,1018,,9,,Sarah,Martinez,840 W ENCINAS ST,,GILBERT,AZ,85233-2502
Highline Car Care,PRO,6962e4ee2c0a4d189f4c521270c80a7b,8d6e83d7-6113-4c69-a633-fc1526203b6b,1018,,9,,Panha,Phin,668 W RANCH RD,,GILBERT,AZ,85233-1028
Highline Car Care,PRO,6962e4ee2c0a4d189f4c521270c80a7b,8eb24200-1d9d-47b7-abcf-1cace404c321,1018,,09,,Murdock,Hulet,149 WEDGEWOOD DR,,MOYOCK,NC,27958-9008
Highline Car Care,PRO,6962e4ee2c0a4d189f4c521270c80a7b,3d22e7c7-a382-44f1-8351-0144596c65df,1018,,09,,Adrian,Blackney,426 GRANDVIEW ST,,MEMPHIS,TN,38111-7608
Highline Car Care,PRO,6962e4ee2c0a4d189f4c521270c80a7b,53e2a0c6-c62e-4d31-be65-edf0a87cd465,1018,,9,,Jason,Sperry,2024 S BALDWIN UNIT 149,,MESA,AZ,85209-1711
Highline Car Care,PRO,6962e4ee2c0a4d189f4c521270c80a7b,ddb70e59-aef7-4400-99b1-c800b5d4fb4a,1018,,9,,Antoinette,Shippley,265 W SAN PEDRO AVE,,GILBERT,AZ,85233-2737
Highline Car Care,PRO,6962e4ee2c0a4d189f4c521270c80a7b,11e15603-55a1-4cbd-b4fc-babb3dd91dbc,1018,,9,,Karen,Syens,2070 E SADDLEBROOK CT,,GILBERT,AZ,85298-7416
Highline Car Care,PRO,6962e4ee2c0a4d189f4c521270c80a7b,68d0287a-a0fc-47e4-81a5-37b60edc961d,1018,,9,,Jim,Fisher,1130 S PORTLAND AVE,,GILBERT,AZ,85296-8803
Highline Car Care,PRO,6962e4ee2c0a4d189f4c521270c80a7b,4d9e3951-ac96-4954-acfb-116c81479a26,1018,,9,,Stephen,Hinton,11418 E CONTESSA ST,,MESA,AZ,85207-2316
Highline Car Care,PRO,6962e4ee2c0a4d189f4c521270c80a7b,5dea0574-e274-4e80-b5e7-5a166c8e22dd,1018,,9,,Andrew,Marshall,10261 N 77TH PL,,SCOTTSDALE,AZ,85258-1157
Highline Car Care,PRO,6962e4ee2c0a4d189f4c521270c80a7b,949ec396-92de-4cf1-b6bb-b71b3cb2e848,1018,,09,,Mike,Valencia,520 E ENCINAS AVE,,GILBERT,AZ,85234-3456
Highline Car Care,PRO,6962e4ee2c0a4d189f4c521270c80a7b,72baac5d-6dcb-4328-857e-9704af705985,1018,,09,,Tony,Fuentes,1868 BIRCH BRIAR BND,,LAWRENCEVILLE,GA,30043-2689
Highline Car Care,PRO,6962e4ee2c0a4d189f4c521270c80a7b,80932e8f-eaaf-45db-8a7f-7091a84def60,1018,,9,,Dave,Wier,5421 E FOUNTAIN CIR,,MESA,AZ,85205-5410
Highline Car Care,PRO,6962e4ee2c0a4d189f4c521270c80a7b,2dcf60bc-8194-4e20-8722-cad67eebfe89,1018,,9,,Henry,Carrillo,16036 S 31ST WAY,,PHOENIX,AZ,85048-7724
Highline Car Care,PRO,6962e4ee2c0a4d189f4c521270c80a7b,7831b9b0-9c83-424d-87ed-860f0d3f01fa,1018,,9,,Angela,Pettit,240 W JUNIPER AVE UNIT 1217,,GILBERT,AZ,85233-3982
Highline Car Care,PRO,6962e4ee2c0a4d189f4c521270c80a7b,cd2834bd-2439-47a1-a413-4af7c50d9a1c,1018,,9,,Brandon,Mena,1073 E WATSON DR,,TEMPE,AZ,85283-3064
Highline Car Care,PRO,6962e4ee2c0a4d189f4c521270c80a7b,f4292342-06b5-4c46-ae34-75edb66de470,1018,,9,,Mike,Skokic,22746 E VIA LAS BRISAS,,QUEEN CREEK,AZ,85142-1241
Highline Car Care,PRO,6962e4ee2c0a4d189f4c521270c80a7b,bab1c1a5-02c1-4f9f-bf48-49c5ec1d75ed,1018,,09,,Paul,Merrill,8633 ORANGE BLOSSOM DR,,SEMINOLE,FL,33772-3439
Highline Car Care,PRO,6962e4ee2c0a4d189f4c521270c80a7b,09a63096-2e16-43eb-8385-7a97482491c6,1018,,9,,Tara,Heiman,2773 E TULSA ST,,CHANDLER,AZ,85225-4092
Highline Car Care,PRO,6962e4ee2c0a4d189f4c521270c80a7b,713a9c1f-88dc-420b-82b2-1ba10e2d52e3,1018,,9,,Michelle,Mitchell,2223 N ITHICA CT,,CHANDLER,AZ,85225-0938
Highline Car Care,PRO,6962e4ee2c0a4d189f4c521270c80a7b,ac4d9fe6-01bc-40cb-9cf1-6432c1eeb9df,1018,,9,,Todd,Walthall,15333 N HAYDEN RD UNIT 1120,,SCOTTSDALE,AZ,85260-2941
Highline Car Care,PRO,6962e4ee2c0a4d189f4c521270c80a7b,449d4ce4-1951-48a3-b945-b6f5bca428cb,1018,,9,,Jamie,Ordonez,2450 W PECOS RD APT 1132,,CHANDLER,AZ,85224-4841
Highline Car Care,PRO,6962e4ee2c0a4d189f4c521270c80a7b,8be7a975-3f73-44d2-8c77-ae307f4a3866,1018,,9,,Travis,Walnofer,2848 S COLONIAL ST,,GILBERT,AZ,85295-1711
Highline Car Care,PRO,6962e4ee2c0a4d189f4c521270c80a7b,0b4d9aac-9c6a-4109-9143-62ba702723f7,1018,,9,,Eric,Baes,10178 W WHITE FEATHER LN,,PEORIA,AZ,85383-8886
Highline Car Care,PRO,6962e4ee2c0a4d189f4c521270c80a7b,587e2a3d-c7c4-4bc1-ad6c-67828e3c8af7,1018,,9,,Paul,Soldo,4079 E LEXINGTON AVE,,GILBERT,AZ,85234-0725
Highline Car Care,PRO,6962e4ee2c0a4d189f4c521270c80a7b,e98115bc-2cf9-43f7-b5fb-5a5ccc40d421,1018,,9,,Nathan,Uhl,14949 MERCURY CT,,CARMEL,IN,46032-5171
Highline Car Care,PRO,6962e4ee2c0a4d189f4c521270c80a7b,7e1951fd-ba63-4dea-9733-a58c1bb33cf6,1018,,9,,Jacklen,Seif,511 WRIGHTSTOWN SYKESVILLE RD UNIT 143,,WRIGHTSTOWN,NJ,08562-1546
Highline Car Care,PRO,6962e4ee2c0a4d189f4c521270c80a7b,796302a4-1966-4f6c-9ed1-1b982fdad180,1018,,09,,Travis,Munnerlyn,3129 S ORM DR,,TEMPE,AZ,85282-3742
Highline Car Care,PRO,6962e4ee2c0a4d189f4c521270c80a7b,6843dfa7-2088-439b-9b50-48473262f740,1018,,09,,John,Copsey,22 KING RICHARD RD,,BERLIN,MD,21811-1669
Highline Car Care,PRO,6962e4ee2c0a4d189f4c521270c80a7b,53233404-ad44-4c3a-9388-b6a35e3fa9af,1018,,09,,Derek,Julian,2621 OAK KNOLL DR,,LOS ALAMITOS,CA,90720-4427
Highline Car Care,PRO,6962e4ee2c0a4d189f4c521270c80a7b,01a0b278-0dd3-41ac-b1cc-52b9533b0175,1018,,09,,Dave,Cormier,928 W PECOS AVE,,MESA,AZ,85210-8236
Highline Car Care,PRO,6962e4ee2c0a4d189f4c521270c80a7b,97df05f7-0897-40de-ab75-586c065c976f,1018,,9,,Derek,Kitagawa,2373 W MUSKET WAY,,CHANDLER,AZ,85286-8423
Highline Car Care,PRO,6962e4ee2c0a4d189f4c521270c80a7b,833f0f00-a42a-4cff-bb1c-b6f7a92fa157,1018,,9,,Francisco,Canchola,7906 E IMPALA AVE,,MESA,AZ,85209-4206
Highline Car Care,PRO,6962e4ee2c0a4d189f4c521270c80a7b,e12902fb-07e2-42d2-971d-59a24942da3f,1018,,9,,Joe,Castaneda,1954 W FRUIT TREE LN,,SAN TAN VALLEY,AZ,85142-6355
Highline Car Care,PRO,6962e4ee2c0a4d189f4c521270c80a7b,73f7dcfc-d34e-498f-a71d-a95e74d6ec07,1018,,09,,Joe,Nelson,3045 NW 71ST ST,,SEATTLE,WA,98117-6264
Highline Car Care,PRO,6962e4ee2c0a4d189f4c521270c80a7b,70f61dd7-d1b4-405f-98f3-a3467793e54b,1018,,09,,Jacob,Byerly,156 BEULAH CHURCH RD,,CARROLLTON,GA,30117-7592
Highline Car Care,PRO,6962e4ee2c0a4d189f4c521270c80a7b,84ff725e-9dbf-4559-8904-92b5fcc126b5,1018,,9,,Glen,Balliet,8118 E GRANADA RD,,SCOTTSDALE,AZ,85257-3030
Highline Car Care,PRO,6962e4ee2c0a4d189f4c521270c80a7b,61858501-8b1e-49b4-86ed-382962037b07,1018,,9,,Ken,Martin,2324 E FLORIAN CIR,,MESA,AZ,85204-5331
Highline Car Care,PRO,6962e4ee2c0a4d189f4c521270c80a7b,cf1f7ee8-800b-48b3-b70b-821f328ecbe8,1018,,09,,Mike,Laird,1805 E LOCUST PL,,CHANDLER,AZ,85286-2641
Highline Car Care,PRO,6962e4ee2c0a4d189f4c521270c80a7b,c0028010-165d-460a-8ed8-c826b444f576,1018,,9,,Billy,Docherty,2521 E MALIBU DR,,TEMPE,AZ,85282-6061
Highline Car Care,PRO,6962e4ee2c0a4d189f4c521270c80a7b,66f81e85-7f5e-415d-b5a8-ccfad7069d31,1018,,9,,Chandra,Stehle,1235 N SUNNYVALE UNIT 86,,MESA,AZ,85205-4349
Highline Car Care,PRO,6962e4ee2c0a4d189f4c521270c80a7b,b8f2df47-8ca8-491d-897a-6cfc104482e2,1018,,9,,Lesa,Baker,3468 E WINDSOR DR,,GILBERT,AZ,85296-7396
Highline Car Care,PRO,6962e4ee2c0a4d189f4c521270c80a7b,e308eace-bbc7-453b-a638-d5dba5903507,1018,,9,,Clark,Pedersen,1050 W 10TH PL,,MESA,AZ,85201-3106
Highline Car Care,PRO,6962e4ee2c0a4d189f4c521270c80a7b,a17e092a-4766-4c4e-a7fa-4b98dae42301,1018,,9,,Terry,Whitmore,3543 E HONEYSUCKLE DR,,CHANDLER,AZ,85286-0084
Highline Car Care,PRO,6962e4ee2c0a4d189f4c521270c80a7b,5d1c49ed-c4c0-43c1-92e7-e89063c24982,1018,,9,,Stephen,Valentine,3028 E FRANKLIN AVE,,GILBERT,AZ,85295-9087
Highline Car Care,PRO,6962e4ee2c0a4d189f4c521270c80a7b,e762ca16-97fd-4b9f-91e0-1f20fa211933,1018,,9,,Richard,Black,708 S LINDON LN # 4048,,TEMPE,AZ,85281-3221
Highline Car Care,PRO,6962e4ee2c0a4d189f4c521270c80a7b,214b8b30-a1a0-492d-a01a-aaa8230be277,1018,,9,,Bob,Myers,5933 W CALLE LEJOS,,GLENDALE,AZ,85310-3507
Highline Car Care,PRO,6962e4ee2c0a4d189f4c521270c80a7b,f52d7416-ec92-4e80-8877-93a32df3c217,1018,,09,,Josh,Plante,2461 TRACE RD,,SPRING VALLEY,CA,91978-1928
Highline Car Care,PRO,6962e4ee2c0a4d189f4c521270c80a7b,42339a47-56a6-4c01-9a74-727a4dfe1f67,1018,,9,,Melissa,Malcom,2026 E CRESCENT PL,,CHANDLER,AZ,85249-3243
Highline Car Care,PRO,6962e4ee2c0a4d189f4c521270c80a7b,4ba667c8-2cd8-4b50-a543-6bba85fcec92,1018,,9,,Bill,Davis,534 E SAGE BRUSH ST,,GILBERT,AZ,85296-2327
Highline Car Care,PRO,6962e4ee2c0a4d189f4c521270c80a7b,30f2d644-f2e9-425c-9c38-c00c04d9fac7,1018,,09,,Julie,Haas,994 E DEVON DR,,GILBERT,AZ,85296-3620
Highline Car Care,PRO,6962e4ee2c0a4d189f4c521270c80a7b,9759bd6f-f853-40f0-ae81-39ff204b3013,1018,,09,,Mike,Sloan,3813 SPYGLASS RD,,OKLAHOMA CITY,OK,73120-8861
Highline Car Care,PRO,6962e4ee2c0a4d189f4c521270c80a7b,0b6b9592-d4a4-4ff6-ae0b-22bb87b3bf5d,1018,,09,,Jackie,Sewell,37976 N SANDY DR,,SAN TAN VALLEY,AZ,85140-4408
Highline Car Care,PRO,6962e4ee2c0a4d189f4c521270c80a7b,a15790a8-6dbd-4330-81fb-e0385e27485b,1018,,09,,Justin,Casaubon,1814 E EVERGREEN ST,,MESA,AZ,85203-5804
Highline Car Care,PRO,6962e4ee2c0a4d189f4c521270c80a7b,c246bea2-5c09-42ec-b901-bd22883a2ff1,1018,,9,,Tyler,Williams,1930 S WESTWOOD UNIT 2,,MESA,AZ,85210-5954
Highline Car Care,PRO,6962e4ee2c0a4d189f4c521270c80a7b,b28aa5b2-914a-40a5-8e05-3e56d9397a94,1018,,09,,Sue,Miller,22654 YANCY ST NE,,EAST BETHEL,MN,55011-9256
Highline Car Care,PRO,6962e4ee2c0a4d189f4c521270c80a7b,a97e0ec6-03b0-4ef9-8e7d-b8b9c6772ded,1018,,09,,Nathan,Brown,309 RED SPRUCE LN,,GREER,SC,29651-6467
Highline Car Care,PRO,6962e4ee2c0a4d189f4c521270c80a7b,3da8f439-8e09-425a-b1ae-b53081048c4b,1018,,9,,Angie,Castro,91-1024 WAIINU ST,,EWA BEACH,HI,96706-6467
Highline Car Care,PRO,6962e4ee2c0a4d189f4c521270c80a7b,e993c6e8-3017-441e-918d-79c358293040,1018,,9,,Jim,Blasingame,1133 W CHILTON AVE,,GILBERT,AZ,85233-4728
Highline Car Care,PRO,6962e4ee2c0a4d189f4c521270c80a7b,274e98bf-fce9-42b5-a14b-e87efbf6ab65,1018,,9,,Oneida,Chavira,619 E GABLE AVE,,MESA,AZ,85204-5703
Highline Car Care,PRO,6962e4ee2c0a4d189f4c521270c80a7b,90c66d11-9b0b-4e77-bb3b-00311b4fe71d,1018,,9,,Cindy,Smith,PO BOX 264,,LITCHFIELD PARK,AZ,85340-0264
Highline Car Care,PRO,6962e4ee2c0a4d189f4c521270c80a7b,7f0b9a2f-260b-48c9-a3e0-c5af21c98c71,1018,,9,,Caitlin,Janke,434 S PIONEER APT A,,MESA,AZ,85204-2583
Highline Car Care,PRO,6962e4ee2c0a4d189f4c521270c80a7b,a5cb235e-34a9-4c01-b230-35bb1a6e23be,1018,,09,,Bonnie,Weber,248 E JULIAN DR,,GILBERT,AZ,85295-1967
Highline Car Care,PRO,6962e4ee2c0a4d189f4c521270c80a7b,aad14818-674d-4486-8a53-c2a5b9d51f57,1018,,09,,Chris,Flake,5 CHENAL DOWNS BLVD,,LITTLE ROCK,AR,72223-5954
Highline Car Care,PRO,6962e4ee2c0a4d189f4c521270c80a7b,43d70262-d536-4fe0-8eb4-541b607be12a,1018,,9,,Eric,Paul,4033 E GABLE CIR,,MESA,AZ,85206-3204
Highline Car Care,PRO,6962e4ee2c0a4d189f4c521270c80a7b,040444aa-fcad-4001-8e11-95d89edbcb36,1018,,09,,Charles,Parker,501 CROWN COLONY DR,,ARLINGTON,TX,76006-3601
Highline Car Care,PRO,6962e4ee2c0a4d189f4c521270c80a7b,684a1781-22cd-4fb1-ba31-bab3288765ca,1018,,9,,Ryan,Horenziak,10749 E SURVEYOR CT,,GOLD CANYON,AZ,85118-5135
Highline Car Care,PRO,6962e4ee2c0a4d189f4c521270c80a7b,50b48199-0598-4989-b41f-ef05e7ae2ab6,1018,,9,,Nick,Jarvis,9531 S 13TH WAY,,PHOENIX,AZ,85042-7995
Highline Car Care,PRO,6962e4ee2c0a4d189f4c521270c80a7b,07724a04-e540-4689-a91f-0630505c6477,1018,,09,,Josh,Wood,24256 S 211TH ST,,QUEEN CREEK,AZ,85142-5055
Highline Car Care,PRO,6962e4ee2c0a4d189f4c521270c80a7b,2eaa79d3-bd95-4f84-ade6-c18a2cb1a813,1018,,09,,Christine,Schwan,1124 N GIBSON ST,,GILBERT,AZ,85234-3328
Highline Car Care,PRO,6962e4ee2c0a4d189f4c521270c80a7b,ae878b69-c11d-45c5-99c3-ce1fd569d9b9,1018,,09,,Ty,Lemieux,8255 E INVERNESS AVE,,MESA,AZ,85209-5457
Highline Car Care,PRO,6962e4ee2c0a4d189f4c521270c80a7b,df174004-52ff-4c3b-9972-2742a3f6de75,1018,,9,,Sam,Nolasco,1640 E SARATOGA ST,,GILBERT,AZ,85296-2610
Highline Car Care,PRO,6962e4ee2c0a4d189f4c521270c80a7b,8160d66a-0059-4efd-a119-d721333481d1,1018,,09,,Debbie,Hart,823 W DEVON DR,,GILBERT,AZ,85233-7903
Highline Car Care,PRO,6962e4ee2c0a4d189f4c521270c80a7b,6eeee1ce-cc4e-488e-9f04-93c5114ce9e8,1018,,9,,Rod,Roy,474 W FABENS LN,,GILBERT,AZ,85233-5317
Highline Car Care,PRO,6962e4ee2c0a4d189f4c521270c80a7b,c84f61e0-3c3b-4eef-8272-c8c2a605d85c,1018,,09,,Dan,Chandra,37900 CEDAR BLVD STE A,,NEWARK,CA,94560-4482
Highline Car Care,PRO,6962e4ee2c0a4d189f4c521270c80a7b,c896ad7a-ae00-4db1-880f-eaacd21c949b,1018,,9,,Shane,Barnett,201 W STANFORD AVE,,GILBERT,AZ,85233-2763
Highline Car Care,PRO,6962e4ee2c0a4d189f4c521270c80a7b,212ccbf7-fd63-43e3-8e30-98a1d85598c8,1018,,09,,Kim,Ellison,762 W MOORE AVE,,GILBERT,AZ,85233-1412
Highline Car Care,PRO,6962e4ee2c0a4d189f4c521270c80a7b,5201e7d9-0490-4ca7-906b-3a169dbc73b1,1018,,09,,Scott,Foulds,1221 S HARRINGTON ST,,GILBERT,AZ,85233-8227
Highline Car Care,PRO,6962e4ee2c0a4d189f4c521270c80a7b,55853c68-a9cf-4a40-a90d-ac656f0482cc,1018,,09,,Janeen,Connolly,114 W PALMDALE DR,,TEMPE,AZ,85282-2140
