Shop Name,Software,SID,CID,WSID,WCID,MBdayMo,TBdayMo,First,Last,Address,Address2,City,St,Zip
West St. Service Center,SWA,5370,19984422,1019,105,09,,Tim,Hautala,930 TEMPLETON RD UNIT 19,,ATHOL,MA,01331-9529
West St. Service Center,SWA,5370,19988239,1019,105,09,,Richard,Pierce,714 SPRING ST,,WINCHENDON,MA,01475-2121
West St. Service Center,SWA,5370,19985323,1019,105,09,,James,Allain,435 GLENEAGLES DR,,DAVENPORT,FL,33897-7365
West St. Service Center,SWA,5370,19985059,1019,105,09,,Dan,Malboeuf,30 WASHINGTON ST,,GARDNER,MA,01440-2732
West St. Service Center,SWA,5370,19983417,1019,105,09,,Michael,Driscoll,27 GRAHAM ST APT 206,,GARDNER,MA,01440-3897
West St. Service Center,SWA,5370,19984732,1019,105,09,,Danielle,Mccann,914 KELTON ST,,GARDNER,MA,01440-1152
West St. Service Center,SWA,5370,19985420,1019,105,09,,Daniel,Shea Iii,118 TEMPLE ST,,GARDNER,MA,01440-2355
West St. Service Center,SWA,5370,19984944,1019,105,09,,Douangchanh,Boupha,20 WATER ST,,GARDNER,MA,01440-1882
West St. Service Center,SWA,5370,19982694,1019,105,09,,Sandy,Turula,93 RICH ST,,GARDNER,MA,01440-3005
West St. Service Center,SWA,5370,19984342,1019,105,09,,Alice,Bailey,12 PAIGE ST,,ATHOL,MA,01331-3114
West St. Service Center,SWA,5370,19985528,1019,105,09,,Anthony,Dangelo,190 WATERFORD ST,,GARDNER,MA,01440-2895
West St. Service Center,SWA,5370,19985403,1019,105,09,,Odette,Nyimala,194 CENTRAL ST APT 408,,GARDNER,MA,01440-4304
West St. Service Center,SWA,5370,19985537,1019,105,09,,Monet,Marie Proulx,44 HALFREY RD,,HUBBARDSTON,MA,01452-1104
West St. Service Center,SWA,5370,19983039,1019,105,09,,Bill,Davis,234 GRAY RD,,TEMPLETON,MA,01468-1142
West St. Service Center,SWA,5370,19988166,1019,105,09,,Eric,Richard,77 GLEN RD,,GARDNER,MA,01440-1511
West St. Service Center,SWA,5370,19985655,1019,105,09,,Christian,Brown,29 OXEN DR,,MARSHFIELD,MA,02050-4950
West St. Service Center,SWA,5370,19983616,1019,105,09,,Joe,Nardelli,111 KENDALL ST,,GARDNER,MA,01440-4135
West St. Service Center,SWA,5370,19985693,1019,105,09,,Steve,Ciaramitaro,229 HUBBARDSTON RD,,TEMPLETON,MA,01468-1579
West St. Service Center,SWA,5370,19983164,1019,105,09,,Rob,Schuster,18 CENTURY WAY,,GARDNER,MA,01440-1233
West St. Service Center,SWA,5370,19985758,1019,105,09,,Dave,Jalbert,733 CLARK ST,,GARDNER,MA,01440-1255
West St. Service Center,SWA,5370,19982905,1019,105,09,,Bill,Ulrich,209 ELLIS RD,,WESTMINSTER,MA,01473-1328
West St. Service Center,SWA,5370,19984818,1019,105,09,,Gary,Botko,77 ELM ST,,BALDWINVILLE,MA,01436-1052
West St. Service Center,SWA,5370,19984305,1019,105,09,,Curtis,Starsja,131 GRAHAM ST,,GARDNER,MA,01440-3847
West St. Service Center,SWA,5370,19984115,1019,105,09,,John,Sargent,118 TUCKERMAN RD,,ASHBURNHAM,MA,01430-1006
West St. Service Center,SWA,5370,19984304,1019,105,09,,Eric,Vettese,7 WARE DR,,BALDWINVILLE,MA,01436-1357
West St. Service Center,SWA,5370,19983704,1019,105,09,,Celeste,Percival,56 PELLEY ST,,GARDNER,MA,01440-1936
West St. Service Center,SWA,5370,19985971,1019,105,09,,Jake,Doughty,140 PARKER ST,,MAYNARD,MA,01754-2134
West St. Service Center,SWA,5370,19983835,1019,105,09,,Paul,Landry,458 PEARL ST,,GARDNER,MA,01440-2497
West St. Service Center,SWA,5370,19983192,1019,105,09,,Clyde,Clark,50 LEAMY ST,,GARDNER,MA,01440-2516
West St. Service Center,SWA,5370,19982872,1019,105,09,,Jeff,Carignan,81 WINCHESTER ST,,BALDWINVILLE,MA,01436-1435
West St. Service Center,SWA,5370,19982620,1019,105,09,,Jim,Laliberte,138 OTTER RIVER RD,,GARDNER,MA,01440-1533
West St. Service Center,SWA,5370,19986383,1019,105,09,,Jacob,Lenthall,55 BLANCHARD ST,,GARDNER,MA,01440-2075
West St. Service Center,SWA,5370,19983160,1019,105,09,,John,Zehring,9 MOOSEHORN HILL CIR,,HUBBARDSTON,MA,01452-1166
West St. Service Center,SWA,5370,19985775,1019,105,09,,Irene,Cannon,65 PRESCOTT AVE,,WHITE PLAINS,NY,10605-3123
West St. Service Center,SWA,5370,19983450,1019,105,09,,Michael,Marro,84 BEAR HILL RD,,GARDNER,MA,01440-1243
West St. Service Center,SWA,5370,19984138,1019,105,09,,Kyle,Devillafane,214 BAKER ST,,GARDNER,MA,01440-2842
West St. Service Center,SWA,5370,19988282,1019,105,09,,Heidi,Mcclure,156 LOGAN ST,,GARDNER,MA,01440-2762
West St. Service Center,SWA,5370,19986521,1019,105,09,,Robert,Coles,192 CENTRAL ST APT 306,,GARDNER,MA,01440-4312
West St. Service Center,SWA,5370,19984144,1019,105,09,,Matt,Cali,195 HOLLY DR,,GARDNER,MA,01440-1264
West St. Service Center,SWA,5370,19987286,1019,105,09,,Dawn,Horne,19 BARRE RD,,HUBBARDSTON,MA,01452-1206
West St. Service Center,SWA,5370,19983961,1019,105,09,,Phyllis,Conners,PO BOX 352,,E TEMPLETON,MA,01438-0352
West St. Service Center,SWA,5370,19985304,1019,105,09,,Lucile,Fagan,119 BLANCHARD ST,,GARDNER,MA,01440-2073
West St. Service Center,SWA,5370,19986720,1019,105,09,,Christina,Bruce,72 CLEVELAND ST,,GARDNER,MA,01440-3306
West St. Service Center,SWA,5370,19986651,1019,105,09,,Michael,Colcord,122 LEO DR,,GARDNER,MA,01440-1214
West St. Service Center,SWA,5370,19984723,1019,105,09,,Elizabeth,Velez Cruz,PO BOX 825,,WESTMINSTER,MA,01473-0825
West St. Service Center,SWA,5370,19987054,1019,105,09,,Jane,Padilla,11 WESTMINSTER ST,,ASHBURNHAM,MA,01430-1666
West St. Service Center,SWA,5370,19988258,1019,105,09,,Edward,Cronin,22 MUSKOGEE AVE,,HUBBARDSTON,MA,01452-1551
West St. Service Center,SWA,5370,19987108,1019,105,09,,Gendolyn,Foster,1 PEARL RD,,ASHBURNHAM,MA,01430-1071
West St. Service Center,SWA,5370,19985957,1019,105,09,,Gary,Ruuska,142 WHITNEY ST,,GARDNER,MA,01440-3243
West St. Service Center,SWA,5370,19983960,1019,105,09,,George,Papulis,14 COLEMAN ST,,GARDNER,MA,01440-3712
West St. Service Center,SWA,5370,19985067,1019,105,09,,Dan,Adams,PO BOX 773,,GARDNER,MA,01440-0773
West St. Service Center,SWA,5370,19987469,1019,105,09,,Michael,Smart,74 PARK ST APT 2,,GARDNER,MA,01440-1660
West St. Service Center,SWA,5370,19986987,1019,105,09,,Michael,Grimes,14 GOLDEN HTS APT 402,,WEBSTER,MA,01570-1668
West St. Service Center,SWA,5370,19983531,1019,105,09,,Bill,Pierce,352 DUDLEY RD,,TEMPLETON,MA,01468-1212
West St. Service Center,SWA,5370,19983901,1019,105,09,,Albert,Marceau,80 LOMBARD RD,,HUBBARDSTON,MA,01452-1504
West St. Service Center,SWA,5370,19986677,1019,105,09,,Denise,Brouder,27 GRAHAM ST,,GARDNER,MA,01440-3861
West St. Service Center,SWA,5370,19987665,1019,105,09,,Rhonda,Bettez,29 YALE ST,,GARDNER,MA,01440-2826
West St. Service Center,SWA,5370,19984609,1019,105,09,,Sam,Begin,4 SHAWNEE WAY,,HUBBARDSTON,MA,01452-1560
West St. Service Center,SWA,5370,19987227,1019,105,09,,Bruce,Donahue,31 TWIN HILL RD,,HUBBARDSTON,MA,01452-1219
West St. Service Center,SWA,5370,19987753,1019,105,09,,Aaron,Frary,144 HUNTINGTON RD,,WORTHINGTON,MA,01098-9505
West St. Service Center,SWA,5370,19983123,1019,105,09,,Erika,Holm,74 PARK ST APT 5,,GARDNER,MA,01440-1660
West St. Service Center,SWA,5370,19984468,1019,105,09,,Sarah,Ferguson,1 WARNER LN,,WESTMINSTER,MA,01473-1145
West St. Service Center,SWA,5370,19983082,1019,105,09,,Dan,Adams,PO BOX 773,,GARDNER,MA,01440-0773
West St. Service Center,SWA,5370,19986941,1019,105,09,,Tim,Lajoie,23 HENSHAW RD,,TEMPLETON,MA,01468-1217
West St. Service Center,SWA,5370,19988079,1019,105,09,,Carlene,Breen,362 FRONT ST # 2,,WINCHENDON,MA,01475-1560
West St. Service Center,SWA,5370,19986776,1019,105,09,,Jen,Lavallee,21 STUART ST,,GARDNER,MA,01440-1909
West St. Service Center,SWA,5370,19983584,1019,105,09,,Rick,Bankowski,PO BOX 59,,EAST TEMPLETON,MA,01438-0059
West St. Service Center,SWA,5370,19984878,1019,105,09,,Richard,Sioui,22 STREETER RD,,HUBBARDSTON,MA,01452-1433
West St. Service Center,SWA,5370,20417558,1019,105,09,,Alex,Stellato,125 BLAKE CORNER RD,,PHILLIPSTON,MA,01331-9793
West St. Service Center,SWA,5370,19983700,1019,105,09,,Rachel,Thibodeau,28 WASA ST,,GARDNER,MA,01440-1845
West St. Service Center,SWA,5370,19981626,1019,105,09,,Rob,Walsh,25 CHATHAM ST,,GARDNER,MA,01440-3629
West St. Service Center,SWA,5370,19981631,1019,105,09,,Susan,Worth,66 ROOT RD,,HUBBARDSTON,MA,01452-1335
West St. Service Center,SWA,5370,19981668,1019,105,09,,Shaun,Dewey,448 CENTRAL ST,,WINCHENDON,MA,01475-1207
West St. Service Center,SWA,5370,19981724,1019,105,09,,Gene,Brunell,90 NEW TEMPLETON RD,,HUBBARDSTON,MA,01452-1638
West St. Service Center,SWA,5370,19981757,1019,105,09,,Gary,Kwasniowski,PO BOX 117,,ASHBURNHAM,MA,01430-0117
West St. Service Center,SWA,5370,19981809,1019,105,09,,Theresa,Langdon,9 OTTER RIVER RD,,WINCHENDON,MA,01475-2041
West St. Service Center,SWA,5370,19981912,1019,105,09,,Robert,Abisla,34 PARKER HILL RD,,GARDNER,MA,01440-2341
West St. Service Center,SWA,5370,19981971,1019,105,09,,Tomas,Chebuske,236 WEST ST,,GARDNER,MA,01440-2129
West St. Service Center,SWA,5370,19982000,1019,105,09,,Arthur,Manley,113 ACADIA RD,,GARDNER,MA,01440-1507
West St. Service Center,SWA,5370,19982046,1019,105,09,,Craig,Markley,45 CARLSON LN,,GARDNER,MA,01440-2418
West St. Service Center,SWA,5370,19982082,1019,105,09,,Louise,Aalto,961 CLARK ST,,GARDNER,MA,01440-1218
West St. Service Center,SWA,5370,19982107,1019,105,09,,Jack,Dower,195 ASH ST,,GARDNER,MA,01440-1925
West St. Service Center,SWA,5370,19982210,1019,105,09,,Mark,Chaponot,181 PINE ST,,GARDNER,MA,01440-2752
West St. Service Center,SWA,5370,19982219,1019,105,09,,Nathan,Ure,10 THOMPSON RD,,HUBBARDSTON,MA,01452-1337
West St. Service Center,SWA,5370,19982253,1019,105,09,,Steven,Piantedosi,54 SYLVAN RD,,GARDNER,MA,01440-4117
West St. Service Center,SWA,5370,19982268,1019,105,09,,Rheal,Cormier,114 BAKER ST,,GARDNER,MA,01440-2914
West St. Service Center,SWA,5370,19982296,1019,105,09,,Carol,Vautour,63 ESTABROOK ST # 1,,ATHOL,MA,01331-3516
West St. Service Center,SWA,5370,19982298,1019,105,09,,Steven,Pouliot,9 PERLEY AVE,,PEABODY,MA,01960-4536
West St. Service Center,SWA,5370,19985242,1019,105,09,,Robin,Fleischer,8 PLUM TREE LN,,HUBBARDSTON,MA,01452-1643
West St. Service Center,SWA,5370,19985107,1019,105,09,,Rebecca,Saarinen,265 WATERFORD ST,,GARDNER,MA,01440-2855
West St. Service Center,SWA,5370,19983494,1019,105,09,,Lina,Newcomb,174 BLANCHARD ST,,GARDNER,MA,01440-2024
West St. Service Center,SWA,5370,19987122,1019,105,09,,Greg,Lucier,189 CENTURY WAY,,GARDNER,MA,01440-1229
West St. Service Center,SWA,5370,21312771,1019,105,09,,JOHN,LEBLANC,440 OTTER RIVER RD,,TEMPLETON,MA,01468-1427
West St. Service Center,SWA,5370,19983884,1019,105,09,,Derek,Beauregard,50 STEPHANIE DR,,GARDNER,MA,01440-8211
West St. Service Center,SWA,5370,19987897,1019,105,09,,Freddy,Gallego,25 BAKER ST,,GARDNER,MA,01440-2907
West St. Service Center,SWA,5370,19982431,1019,105,09,,Gerry,Myers,176 PLEASANT ST,,GARDNER,MA,01440-2675
West St. Service Center,SWA,5370,19986051,1019,105,09,,Jerry,Myers,176 PLEASANT ST,,GARDNER,MA,01440-2675
West St. Service Center,SWA,5370,19986710,1019,105,09,,Keith,Donaldson,11 NATTY POND DR,,HUBBARDSTON,MA,01452-1244
West St. Service Center,SWA,5370,19985031,1019,105,09,,Allyson,Girouard,151 BARTHEL AVE,,GARDNER,MA,01440-2849
West St. Service Center,SWA,5370,22268090,1019,105,09,,KENNETH,GIROUARD,22 HIGH ST,,HUBBARDSTON,MA,01452-1624
West St. Service Center,SWA,5370,22305134,1019,105,09,,Julio,Sapeg,120 LOGAN ST,,GARDNER,MA,01440-3064
West St. Service Center,SWA,5370,19985476,1019,105,09,,Andrew,Moniz,152 GREEN ST,,GARDNER,MA,01440-1320
West St. Service Center,SWA,5370,19983611,1019,105,09,,Eric,Dejackome,350 STATE RD,,BALDWINVILLE,MA,01436-1117
West St. Service Center,SWA,5370,19982461,1019,105,09,,Heather,Otoole,52 LINWOOD ST,,GARDNER,MA,01440-3420
West St. Service Center,SWA,5370,22759798,1019,105,09,,IAN,VARGELETIS,10 COREY HILL RD,,ASHBURNHAM,MA,01430-1263
West St. Service Center,SWA,5370,19981714,1019,105,09,,Max,Frei,95 BICKFORD HILL RD,,GARDNER,MA,01440-2313
West St. Service Center,SWA,5370,22991232,1019,105,09,,Angelica,Yang,198 MADISON ST,,FITCHBURG,MA,01420-5023
West St. Service Center,SWA,5370,19984058,1019,105,09,,Wendy,Sands,82 PRINCETON ST,,GARDNER,MA,01440-1834
West St. Service Center,SWA,5370,22275374,1019,105,09,,ROBERT,MCGEE,192 CENTRAL ST APT 207,,GARDNER,MA,01440-4311
West St. Service Center,SWA,5370,22255905,1019,105,09,,LAURIE,BRADLEY,27 MISSION ST,,GARDNER,MA,01440-2111
West St. Service Center,SWA,5370,24012550,1019,105,09,,TYLER,TERRENCE,19 HALE RD,,HUBBARDSTON,MA,01452-1226
West St. Service Center,SWA,5370,24045700,1019,105,09,,Steve,Piantedosi,54 SYLVAN RD,,GARDNER,MA,01440-4117
West St. Service Center,SWA,5370,24733976,1019,105,09,,Amber,Davis,29 DINAN DR,,GARDNER,MA,01440-1745
West St. Service Center,SWA,5370,24827366,1019,105,09,,Nathan,Quinlan,48 KEYES RD,,GARDNER,MA,01440-1823
West St. Service Center,SWA,5370,19982001,1019,105,09,,Todd,Tobias,54 EUCLID ST,,GARDNER,MA,01440-1975
West St. Service Center,SWA,5370,19986167,1019,105,09,,Mike,Marrow,84 BEAR HILL RD,,GARDNER,MA,01440-1243
West St. Service Center,SWA,5370,19988250,1019,105,09,,Mark,Marion,1007 PATRIOTS RD,,TEMPLETON,MA,01468-1344
West St. Service Center,SWA,5370,19985336,1019,105,09,,Rosemary,Haskell,236 WEST ST APT 1,,GARDNER,MA,01440-2129
West St. Service Center,SWA,5370,19983118,1019,105,09,,Stephen,Babineau,345 PETERSHAM RD,,PHILLIPSTON,MA,01331-9390
West St. Service Center,SWA,5370,19984092,1019,105,09,,Elaine,Lussier,147 CHAPEL ST,,GARDNER,MA,01440-1705
West St. Service Center,SWA,5370,19981654,1019,105,09,,Richard,Jones,66 ROOT RD,,HUBBARDSTON,MA,01452-1335
West St. Service Center,SWA,5370,19982954,1019,105,09,,Steve,Babineau,345 PETERSHAM RD,,PHILLIPSTON,MA,01331-9390
West St. Service Center,SWA,5370,19981748,1019,105,09,,Cliff,Bancroft,61 RICE RD,,TEMPLETON,MA,01468-1329
West St. Service Center,SWA,5370,19982808,1019,105,09,,Bud,Stanley,151 PARKER HILL RD,,GARDNER,MA,01440-2340
West St. Service Center,SWA,5370,10025077,1019,105,09,,Darrien,Waugh,194 CENTRAL ST,,GARDNER,MA,01440-4306
West St. Service Center,SWA,5370,19982500,1019,105,09,,Brian,Tanguay,19 CONNORS ST,,GARDNER,MA,01440-2604
West St. Service Center,SWA,5370,19983497,1019,105,09,,Keith,Dimuccio,43 HALFORD ST,,GARDNER,MA,01440-1947
West St. Service Center,SWA,5370,19987317,1019,105,09,,Andre,Tarquinio,47 DOGWOOD RD N,,HUBBARDSTON,MA,01452-1644
West St. Service Center,SWA,5370,19983184,1019,105,09,,Jean,Cormier,268 WEST ST,,GARDNER,MA,01440-1970
West St. Service Center,SWA,5370,19988190,1019,105,09,,Alan,Agnelli,55 BICKFORD HILL RD,,GARDNER,MA,01440-2313
West St. Service Center,SWA,5370,19987225,1019,105,09,,Jennifer,Kilmartin,43 HIGH BRIDGE RD,,HUBBARDSTON,MA,01452-1634
West St. Service Center,SWA,5370,19985434,1019,105,09,,Tara,Delaney,52 HALFORD ST,,GARDNER,MA,01440-1948
West St. Service Center,SWA,5370,19984432,1019,105,09,,Margie,Nicholas,38 ABBOTT ST,,GARDNER,MA,01440-1611
West St. Service Center,SWA,5370,19983165,1019,105,09,,Barry,Janssens,446 OTTER RIVER RD,,TEMPLETON,MA,01468-1427
West St. Service Center,SWA,5370,19981548,1019,105,09,,Steve,Landry,38 CLEVELAND ST,,GARDNER,MA,01440-3306
West St. Service Center,SWA,5370,23039841,1019,105,09,,WILLIAM,SARCINELLI,491 PARKER ST,,GARDNER,MA,01440-3726
West St. Service Center,SWA,5370,19983972,1019,105,09,,Robert,Levangie,11 LORD RD,,TEMPLETON,MA,01468-1454
West St. Service Center,SWA,5370,19982952,1019,105,09,,Bill,Greenwood,12 COBURN AVE,,GARDNER,MA,01440-2528
West St. Service Center,SWA,5370,19985820,1019,105,09,,Ralph,Beck,173 CONANT ST,,GARDNER,MA,01440-3145
West St. Service Center,SWA,5370,19983211,1019,105,09,,Jeff,Janhunen,126 DYER ST,,GARDNER,MA,01440-3253
