Shop Name,Software,SID,CID,WSID,WCID,MBdayMo,TBdayMo,First,Last,Address,Address2,City,St,Zip
West St. Service Center,SWA,5370,19985332,1019,105,,3,Eddy,Polk,21 WELLINGTON RD,,TEMPLETON,MA,01468-1228
West St. Service Center,SWA,5370,19985518,1019,105,,3,Brenda,Jimenz,45 BAKER ST,,GARDNER,MA,01440-2909
West St. Service Center,SWA,5370,19984424,1019,105,,3,Dj,Smith,34 CALIFORNIA AVE,,FITCHBURG,MA,01420-4904
West St. Service Center,SWA,5370,19985941,1019,105,,3,Freds,Autobody,15 WILLOW ST,,GARDNER,MA,01440-2935
West St. Service Center,SWA,5370,19984876,1019,105,,3,Ralph,Henshaw,147 HENSHAW RD,,TEMPLETON,MA,01468-1117
West St. Service Center,SWA,5370,19986264,1019,105,,3,Edgewater,Construction,165 SWAN POINT RD,,RINDGE,NH,03461-5823
West St. Service Center,SWA,5370,19986250,1019,105,,3,Eric,Rothwell,117 FERNWOOD DR,,GARDNER,MA,01440-1261
West St. Service Center,SWA,5370,19986653,1019,105,,9,Heather,Whitney,23 BUTTERCUP LN,,SOUTH GRAFTON,MA,01560-1243
West St. Service Center,SWA,5370,19982971,1019,105,,3,Lawton,Electric,48 MASON ST,,WINCHENDON,MA,01475-1531
West St. Service Center,SWA,5370,19982681,1019,105,,3,Andy,Duangsay,101 OSGOOD ST FL 2,,GARDNER,MA,01440-3821
West St. Service Center,SWA,5370,19986703,1019,105,,3,Kimberly,Raia,37 SYLVAN RD,,GARDNER,MA,01440-4116
West St. Service Center,SWA,5370,19984580,1019,105,,9,Leonie,Emma,75 LINDELL AVE,,LEOMINSTER,MA,01453-5435
West St. Service Center,SWA,5370,19986845,1019,105,,3,Chris,Christian,60 RIDGEWOOD LN APT 22,,GARDNER,MA,01440-2092
West St. Service Center,SWA,5370,19984182,1019,105,,9,Crystal,Jones,18 HEMLOCK DR APT 204,,GARDNER,MA,01440-3260
West St. Service Center,SWA,5370,19987310,1019,105,,3,David,Cash,16 RACETTE AVE,,GARDNER,MA,01440-1918
West St. Service Center,SWA,5370,19988287,1019,105,,9,Ray,Cormier,114 BAKER ST,,GARDNER,MA,01440-2914
West St. Service Center,SWA,5370,19987313,1019,105,,3,Red,Apple Farm,455 HIGHLAND AVE,,PHILLIPSTON,MA,01331-9594
West St. Service Center,SWA,5370,19984163,1019,105,,3,Paul,Cormier,65 CARDINAL LN,,WINCHENDON,MA,01475-1886
West St. Service Center,SWA,5370,19983796,1019,105,,3,Ellis,Concrete,PO BOX 551,,HUBBARDSTON,MA,01452-0551
West St. Service Center,SWA,5370,19987246,1019,105,,9,Jim,Kimleer,43 HIGH BRIDGE RD,,HUBBARDSTON,MA,01452-1634
West St. Service Center,SWA,5370,19984409,1019,105,,3,Custom,Auto Body,179 WEST ST,,GARDNER,MA,01440-2121
West St. Service Center,SWA,5370,19987948,1019,105,,9,Kd,Cummin,PO BOX 53,,WEST NEWBURY,VT,05085-0053
West St. Service Center,SWA,5370,19983870,1019,105,,9,Mikey,Parenteau,130 PACKARD HILL RD,,ASHBURNHAM,MA,01430-1225
West St. Service Center,SWA,5370,19988024,1019,105,,3,Al,Santora,54 WALNUT ST,,BALDWINVILLE,MA,01436-1444
West St. Service Center,SWA,5370,19981648,1019,105,,9,Salvadore,Autobody,431 W BROADWAY,,GARDNER,MA,01440-3109
West St. Service Center,SWA,5370,19982306,1019,105,,3,Susan,Hui,PO BOX 745,,GARDNER,MA,01440-0745
West St. Service Center,SWA,5370,19988401,1019,105,,9,Bill,Meehan,47 LAKE ST APT A308,,GARDNER,MA,01440-3887
West St. Service Center,SWA,5370,19983665,1019,105,,3,David,Rahaim,194 CENTRAL ST,,GARDNER,MA,01440-4306
West St. Service Center,SWA,5370,20909126,1019,105,,3,KENNETH,HASLOECHER,2211 ILLINOIS AVE,,DELTONA,FL,32738-2917
West St. Service Center,SWA,5370,19983489,1019,105,,3,Mary,Belanger,71 LAKE ST APT V404,,GARDNER,MA,01440-3868
West St. Service Center,SWA,5370,22680688,1019,105,,3,SHAWN,PAUL,39 LASHUA RD,,ASHBURNHAM,MA,01430-1217
West St. Service Center,SWA,5370,19982026,1019,105,,3,Westminster,Ambulance,7 SOUTH ST,,WESTMINSTER,MA,01473-1534
West St. Service Center,SWA,5370,19986950,1019,105,,9,Eric,Scraff,PO BOX 474,,HUBBARDSTON,MA,01452-0474
West St. Service Center,SWA,5370,19985729,1019,105,,9,CO,GARAGE,140 PATRIOTS RD,,TEMPLETON,MA,01468-1585
West St. Service Center,SWA,5370,19984405,1019,105,,9,Linda,Francoeur,25 LAKESHORE DR,,WINCHENDON,MA,01475-1086
West St. Service Center,SWA,5370,19981667,1019,105,,9,Athol,Highway Dept,584 MAIN ST,,ATHOL,MA,01331-1976
West St. Service Center,SWA,5370,19983690,1019,105,,3,Irvin,Ulshen,247 STOWELL RD,,ASHBURNHAM,MA,01430-1174
West St. Service Center,SWA,5370,19987838,1019,105,,9,Gardner,Auto Mart,182 WEST ST,,GARDNER,MA,01440-2122
West St. Service Center,SWA,5370,19981591,1019,105,,3,Jim,Gauthier,9 S MAIN ST,,TEMPLETON,MA,01468-1462
West St. Service Center,SWA,5370,19987208,1019,105,,9,Renee,Paul,66 BALDWIN DR,,BALDWINVILLE,MA,01436-1233
West St. Service Center,SWA,5370,19987750,1019,105,,9,Candice,Sirmollo,141 BICKFORD HILL RD,,GARDNER,MA,01440-2344
West St. Service Center,SWA,5370,19983327,1019,105,,3,West Street,Servicenter,240 WEST ST,,GARDNER,MA,01440-2129
West St. Service Center,SWA,5370,19981901,1019,105,,9,Moe,Dupuis,80 MAIN RD,,PHILLIPSTON,MA,01331-9780
West St. Service Center,SWA,5370,19988069,1019,105,,3,Dan,Farley,187 KNOWER RD,,WESTMINSTER,MA,01473-1450
