Shop Name,Software,SID,CID,WSID,WCID,MBdayMo,TBdayMo,First,Last,Address,Address2,City,St,Zip
West St. Service Center,SWA,5370,19985230,1019,105,03,,Mandy,Yurko,3 HIGHLAND AVE,,ASHBURNHAM,MA,01430-1629
West St. Service Center,SWA,5370,19984045,1019,105,03,,Austin,Hackett,125 ALLEN ST,,GARDNER,MA,01440-1923
West St. Service Center,SWA,5370,19982703,1019,105,03,,Gerry,Biron,122 RYAN ST,,GARDNER,MA,01440-1514
West St. Service Center,SWA,5370,19987941,1019,105,03,,Guy,Biechele,318 TEMPLETON RD,,ATHOL,MA,01331-9554
West St. Service Center,SWA,5370,19985517,1019,105,03,,Annie,Rice,221 MATTHEWS ST,,GARDNER,MA,01440-1350
West St. Service Center,SWA,5370,19982805,1019,105,03,,Barbara,Ganzer,208 W BROADWAY,,GARDNER,MA,01440-4142
West St. Service Center,SWA,5370,19985646,1019,105,03,,David,Brown,61 BALDWIN DR,,BALDWINVILLE,MA,01436-1229
West St. Service Center,SWA,5370,19983550,1019,105,03,,Ardeen,Burgess,27 PARKER HILL RD,,GARDNER,MA,01440-2340
West St. Service Center,SWA,5370,19985105,1019,105,03,,Jill,Pollard,61 LAKE ST # APTC304,,GARDNER,MA,01440-3874
West St. Service Center,SWA,5370,19985609,1019,105,03,,Donovan,Gill,22 CENTURY WAY,,GARDNER,MA,01440-1233
West St. Service Center,SWA,5370,19984472,1019,105,03,,Dennis,Cormier,44 BARREL RD,,WESTMINSTER,MA,01473-1124
West St. Service Center,SWA,5370,19985901,1019,105,03,,William,Matthews,27 BONNYDALE RD,,LEOMINSTER,MA,01453-3007
West St. Service Center,SWA,5370,19988155,1019,105,03,,Virginia,Wirzbicki,205 WASHINGTON ST,,GARDNER,MA,01440-2735
West St. Service Center,SWA,5370,19985905,1019,105,03,,Scott,Robichaud,347 DUDLEY RD,,TEMPLETON,MA,01468-1216
West St. Service Center,SWA,5370,19986288,1019,105,03,,Allan,Walker,9 MADISON WAY,,HUBBARDSTON,MA,01452-1610
West St. Service Center,SWA,5370,19984454,1019,105,03,,Roger,Doucet,53 OTTER RIVER RD,,WINCHENDON,MA,01475-2042
West St. Service Center,SWA,5370,19984185,1019,105,03,,Brett,Moulton,39 KEN DR,,GARDNER,MA,01440-3518
West St. Service Center,SWA,5370,19984602,1019,105,03,,Steve,Duda,168 MANCA DR APT 304,,GARDNER,MA,01440-3228
West St. Service Center,SWA,5370,19986567,1019,105,03,,Ann,Robshaw,243 MAIN ST,,GARDNER,MA,01440-2926
West St. Service Center,SWA,5370,19986580,1019,105,03,,Jeremy,Bergeron,78 PELLEY ST,,GARDNER,MA,01440-1936
West St. Service Center,SWA,5370,19986659,1019,105,03,,Christine,Beriau,18 OLD PRINCETON RD,,HUBBARDSTON,MA,01452-1115
West St. Service Center,SWA,5370,19986661,1019,105,03,,Patricia,Gronroos,PO BOX 1014,,GARDNER,MA,01440-6014
West St. Service Center,SWA,5370,19984339,1019,105,03,,Linda,Gravel,81 WEST ST,,GARDNER,MA,01440-2117
West St. Service Center,SWA,5370,19982384,1019,105,03,,Frank,Tomer,359 UNION ST,,GARDNER,MA,01440-3430
West St. Service Center,SWA,5370,19986458,1019,105,03,,Melanie,Hutchison,45 SUMMER ST,,BALDWINVILLE,MA,01436-1030
West St. Service Center,SWA,5370,19985583,1019,105,03,,Donald,Tardy,104 ALLEN ST,,GARDNER,MA,01440-1922
West St. Service Center,SWA,5370,19983600,1019,105,03,,Margery,Hughes,65 CENTURY WAY,,GARDNER,MA,01440-1268
West St. Service Center,SWA,5370,19984261,1019,105,03,,Norma Jean,Douckas,47 LINCOLN ST APT 2,,GARDNER,MA,01440-2232
West St. Service Center,SWA,5370,19986965,1019,105,03,,Andrew,Durais,194 CENTRAL ST,,GARDNER,MA,01440-4306
West St. Service Center,SWA,5370,19986957,1019,105,03,,Roger,Brassard,159 ACADIA RD,,GARDNER,MA,01440-1507
West St. Service Center,SWA,5370,19987014,1019,105,03,,Cheryl,Oliveri,19 WILLIAMSVILLE RD,,HUBBARDSTON,MA,01452-1314
West St. Service Center,SWA,5370,19986991,1019,105,03,,Cedelice,Leonard,42 DAVIS ST,,RUTLAND,MA,01543-1428
West St. Service Center,SWA,5370,19987119,1019,105,03,,Robert,Boutell,35 OTTER RIVER RD,,TEMPLETON,MA,01468-1455
West St. Service Center,SWA,5370,19983658,1019,105,03,,Marsha,Hopper,PO BOX 291,,HUBBARDSTON,MA,01452-0291
West St. Service Center,SWA,5370,19982753,1019,105,03,,Al,Pabrezis,PO BOX 23,,BALDWINVILLE,MA,01436-0023
West St. Service Center,SWA,5370,19983081,1019,105,03,,Robert,Needham,232 PARKER ST,,GARDNER,MA,01440-3706
West St. Service Center,SWA,5370,19987303,1019,105,03,,Jamie,Bacigalupo,132 ELIZABETH ST,,ATHOL,MA,01331-2840
West St. Service Center,SWA,5370,19987331,1019,105,03,,John,Cestone Jr,61 KENDALL POND E,,GARDNER,MA,01440-4804
West St. Service Center,SWA,5370,19986462,1019,105,03,,Yvonne,Skamarycz,19 CITY HALL AVE,,GARDNER,MA,01440-2636
West St. Service Center,SWA,5370,19987378,1019,105,03,,Rebecca,Myers,55 EAST ST,,PETERSHAM,MA,01366-9739
West St. Service Center,SWA,5370,19987392,1019,105,03,,Shaun,Deery,480 W BROADWAY,,GARDNER,MA,01440-2828
West St. Service Center,SWA,5370,19983035,1019,105,03,,Todd,St. Peter,43 WATKINS ST,,GARDNER,MA,01440-1848
West St. Service Center,SWA,5370,19982720,1019,105,03,,Ryan,Thompson,24 SHORE DR,,TEMPLETON,MA,01468-1541
West St. Service Center,SWA,5370,19982767,1019,105,03,,Elizabeth,Favreau,21B MAIN ST,,HUBBARDSTON,MA,01452-1437
West St. Service Center,SWA,5370,19983316,1019,105,03,,Melva,Jackson,104 CHURCH ST,,GARDNER,MA,01440-2557
West St. Service Center,SWA,5370,19987694,1019,105,03,,Ray,Pasqukle,30 MAYFIELD RD,,GARDNER,MA,01440-3531
West St. Service Center,SWA,5370,19986386,1019,105,03,,Mike,Hajdukiewicz,35 JEAN ST,,GARDNER,MA,01440-3746
West St. Service Center,SWA,5370,19984252,1019,105,03,,Nate,Orcutt,29 LINCOLN ST,,GARDNER,MA,01440-2246
West St. Service Center,SWA,5370,19987751,1019,105,03,,Kathleen,Camden,15 WASA ST,,GARDNER,MA,01440-1844
West St. Service Center,SWA,5370,19987771,1019,105,03,,Linda,Wongbandue,566 BUCKINGHAM DR,,PISCATAWAY,NJ,08854-6200
West St. Service Center,SWA,5370,19984765,1019,105,03,,David,Landry,164 SAUNDERS ST,,GARDNER,MA,01440-2428
West St. Service Center,SWA,5370,19983823,1019,105,03,,Randy,Gonynor,25 LOVEWELL ST,,GARDNER,MA,01440-3524
West St. Service Center,SWA,5370,19982812,1019,105,03,,Pat,Nally,505D RIDGEFIELD CIR,,CLINTON,MA,01510-1443
West St. Service Center,SWA,5370,19985499,1019,105,03,,Bill,Zayas,103 PEARLY LN,,GARDNER,MA,01440-1755
West St. Service Center,SWA,5370,19985007,1019,105,03,,Gilles,Cormier,87 PINE ST,,GARDNER,MA,01440-2224
West St. Service Center,SWA,5370,19984077,1019,105,03,,Bob,Rosbury,100 LAWRENCE ST,,GARDNER,MA,01440-2363
West St. Service Center,SWA,5370,19981622,1019,105,03,,Ronald,Irving,169 GREEN ST,,GARDNER,MA,01440-1333
West St. Service Center,SWA,5370,19981642,1019,105,03,,Ray,Melanson,89 PELLEY ST,,GARDNER,MA,01440-1935
West St. Service Center,SWA,5370,19981676,1019,105,03,,Mark,Charalambolis,93 CROSS ST,,GARDNER,MA,01440-2214
West St. Service Center,SWA,5370,19981691,1019,105,03,,Steve,Cwartkowski,9 COLUMBUS AVE,,BALDWINVILLE,MA,01436-1003
West St. Service Center,SWA,5370,19981708,1019,105,03,,Erik,Meszynski,18 DINAN DR APT 1,,GARDNER,MA,01440-1733
West St. Service Center,SWA,5370,19981798,1019,105,03,,John,Langlois,58 CHAPMAN PARK,,GARDNER,MA,01440-2454
West St. Service Center,SWA,5370,19981829,1019,105,03,,Roger,Ladue,13 PROSPECT ST,,BALDWINVILLE,MA,01436-1336
West St. Service Center,SWA,5370,19982016,1019,105,03,,Mike,Brooks,35 WINCHENDON RD,,ASHBURNHAM,MA,01430-1201
West St. Service Center,SWA,5370,19982022,1019,105,03,,Robin,Leger,69 CLARK ST,,GARDNER,MA,01440-1215
West St. Service Center,SWA,5370,19982039,1019,105,03,,Greg,Brown,17 CHERRY ST,,BALDWINVILLE,MA,01436-1001
West St. Service Center,SWA,5370,19982078,1019,105,03,,Mike,Magoon,14 PITCHERVILLE RD,,HUBBARDSTON,MA,01452-1632
West St. Service Center,SWA,5370,19982086,1019,105,03,,Joseph,Lepore,10 FENNO DR,,WESTMINSTER,MA,01473-1429
West St. Service Center,SWA,5370,19982137,1019,105,03,,John,Kenny,16 SIMOND HILL RD,,HUBBARDSTON,MA,01452-1124
West St. Service Center,SWA,5370,19982149,1019,105,03,,Kevin,Knight,286 WEST ST,,GARDNER,MA,01440-1981
West St. Service Center,SWA,5370,19985432,1019,105,03,,Jim,Wojdak,75 RIDGEWOOD LN APT 13,,GARDNER,MA,01440-2040
West St. Service Center,SWA,5370,19985952,1019,105,03,,Ed,Bartok,739 DANIEL SHAYS HWY APT E8,,ATHOL,MA,01331-9640
West St. Service Center,SWA,5370,19982452,1019,105,03,,Steve,Clark,61 WINCHESTER ST,,BALDWINVILLE,MA,01436-1435
West St. Service Center,SWA,5370,19982522,1019,105,03,,Abigail,Pineo,4 CHAPMAN PARK,,GARDNER,MA,01440-2454
West St. Service Center,SWA,5370,19987952,1019,105,03,,Steve,Penney,69 RACETTE AVE,,GARDNER,MA,01440-1917
West St. Service Center,SWA,5370,21312290,1019,105,03,,RACHEL,CAMPBELL,149 CROSS ST,,GARDNER,MA,01440-2275
West St. Service Center,SWA,5370,19981589,1019,105,03,,Cleo,Caouette,163 SMITH ST,,GARDNER,MA,01440-2435
West St. Service Center,SWA,5370,19987181,1019,105,03,,Zoe,Whited,30 PINE ST APT 115,,GARDNER,MA,01440-2266
West St. Service Center,SWA,5370,19981593,1019,105,03,,Patty,Peck,213 SUMMER ST,,GARDNER,MA,01440-6606
West St. Service Center,SWA,5370,22267629,1019,105,03,,SHELIA,LAPOINTE,360 SUNNYHILL RD,,LUNENBURG,MA,01462-2046
West St. Service Center,SWA,5370,19987914,1019,105,03,,Ron,Scinski,171 FERNWOOD DR,,GARDNER,MA,01440-1261
West St. Service Center,SWA,5370,4392667,1019,105,03,,Amelia,Baird,56 FITCHBURG RD,,TOWNSEND,MA,01469-1254
West St. Service Center,SWA,5370,19982353,1019,105,03,,Kirk,Willis,43 RIDGEWOOD LN,,GARDNER,MA,01440-2083
West St. Service Center,SWA,5370,22680433,1019,105,03,,SHARILYN,GUYOTTE,60 WARD ST,,ATHOL,MA,01331-1946
West St. Service Center,SWA,5370,19988371,1019,105,03,,Don,Leclair,27 COLEMAN ST,,GARDNER,MA,01440-3768
West St. Service Center,SWA,5370,19983746,1019,105,03,,Don,Robinson,239 LEAMY ST,,GARDNER,MA,01440-2853
West St. Service Center,SWA,5370,19982160,1019,105,03,,Paul,Hackett,41 LAWRENCE ST,,GARDNER,MA,01440-2337
West St. Service Center,SWA,5370,22305966,1019,105,03,,Luke,Fletcher,57 ORCHARD LN,,TEMPLETON,MA,01468-1460
West St. Service Center,SWA,5370,19988248,1019,105,03,,Don,Morin,111 BALDWINVILLE RD,,TEMPLETON,MA,01468-1442
West St. Service Center,SWA,5370,23747115,1019,105,03,,Karen,Nay,88 ACADIA RD,,GARDNER,MA,01440-1508
West St. Service Center,SWA,5370,19981703,1019,105,03,,Eric,Johnson,250 WEST ST,,GARDNER,MA,01440-1970
West St. Service Center,SWA,5370,24065349,1019,105,03,,Crystal,Taylor,145 REGAN ST APT 1,,GARDNER,MA,01440-4073
West St. Service Center,SWA,5370,19987485,1019,105,03,,Marie,Ruchala,12 VILLAGE WAY,,RUTLAND,MA,01543-1552
West St. Service Center,SWA,5370,19987315,1019,105,03,,Marisa,Lukomski,33 CENTURY WAY,,GARDNER,MA,01440-1268
West St. Service Center,SWA,5370,19984140,1019,105,03,,April,Leblanc,27 ROBILLARD ST,,GARDNER,MA,01440-1865
West St. Service Center,SWA,5370,19984374,1019,105,03,,Lesley,Stewart,25 WAY ST,,GARDNER,MA,01440-2138
West St. Service Center,SWA,5370,19982140,1019,105,03,,Terry,Gauvin,14 READY DR # (2ND,,WINCHENDON,MA,01475-1275
West St. Service Center,SWA,5370,23454774,1019,105,03,,Kristen,Hanlon,21 BRIGHAM ST,,HUBBARDSTON,MA,01452-1408
West St. Service Center,SWA,5370,19983483,1019,105,03,,Gretchen,Cravedi,29 WARE DR,,BALDWINVILLE,MA,01436-1357
West St. Service Center,SWA,5370,19981931,1019,105,03,,John,Kenney,16 SIMOND HILL RD,,HUBBARDSTON,MA,01452-1124
West St. Service Center,SWA,5370,19984682,1019,105,03,,Lynne,Hussien,91 GLENWOOD ST,,GARDNER,MA,01440-4105
West St. Service Center,SWA,5370,19981795,1019,105,03,,Joseph,Noonan,92 SAUNDERS ST,,GARDNER,MA,01440-2426
West St. Service Center,SWA,5370,19982441,1019,105,03,,Roger,Richard,232 DELAND RD,,ROYALSTON,MA,01368-6802
West St. Service Center,SWA,5370,19985037,1019,105,03,,Julie,Inzerillo,15 HIGH ST,,HUBBARDSTON,MA,01452-1623
West St. Service Center,SWA,5370,19982274,1019,105,03,,PAUL,OCCHIPINTI,27 HOBBS RD,,PRINCETON,MA,01541-1100
West St. Service Center,SWA,5370,19984094,1019,105,03,,Ross,Scribner,31 MONTAGUE ST,,SUDBURY,MA,01776-2145
West St. Service Center,SWA,5370,19984056,1019,105,03,,Helen,Butler,151 VERNON ST,,GARDNER,MA,01440-3831
West St. Service Center,SWA,5370,19986964,1019,105,03,,Lorna,Moody,96 OLD WESTMINSTER RD,,HUBBARDSTON,MA,01452-1421
West St. Service Center,SWA,5370,26263275,1019,105,03,,Robin,Mcgarrahan,37 HIGH BRIDGE RD,,HUBBARDSTON,MA,01452-1634
West St. Service Center,SWA,5370,26708976,1019,105,03,,Jeanne,Marie lucier,9 BEAR HILL RD,,GARDNER,MA,01440-1244
West St. Service Center,SWA,5370,19984781,1019,105,03,,Debra,Nault,112 KNOWER RD,,WESTMINSTER,MA,01473-1452
West St. Service Center,SWA,5370,19987598,1019,105,03,,Debra,Divoll,95 RYAN ST,,GARDNER,MA,01440-1513
West St. Service Center,SWA,5370,19981725,1019,105,03,,Bruce,Gaulzetti,10044 MELANIE AVE,,ENGLEWOOD,FL,34224-8269
West St. Service Center,SWA,5370,19982266,1019,105,03,,John,Phillips,50 LENNON ST,,GARDNER,MA,01440-3908
West St. Service Center,SWA,5370,19983636,1019,105,03,,Debbie,Powell,36 RIDGEWOOD LN APT 17,,GARDNER,MA,01440-2063
West St. Service Center,SWA,5370,19986512,1019,105,03,,Brian,Harris,54 JEAN ST,,GARDNER,MA,01440-3747
West St. Service Center,SWA,5370,19982664,1019,105,03,,Jessica,Sbrega,PO BOX 48,,TEMPLETON,MA,01468-0048
West St. Service Center,SWA,5370,19982567,1019,105,03,,Justin,Merriman,1 FLAGG RD,,HUBBARDSTON,MA,01452-1303
West St. Service Center,SWA,5370,19987460,1019,105,03,,Peter,Sargent,19 CHERRY ST,,GARDNER,MA,01440-2319
West St. Service Center,SWA,5370,19987587,1019,105,03,,Elaine,Jackson,66 FOREST ST,,BALDWINVILLE,MA,01436-1041
West St. Service Center,SWA,5370,19981723,1019,105,03,,Dennis,Cormier,218 REGAN ST # 1,,GARDNER,MA,01440-4018
West St. Service Center,SWA,5370,19982534,1019,105,03,,Rich,Martin,109 LEO DR,,GARDNER,MA,01440-1213
West St. Service Center,SWA,5370,19983207,1019,105,03,,Brandon,Zukatis,51 HALFORD ST,,GARDNER,MA,01440-1947
West St. Service Center,SWA,5370,19981745,1019,105,03,,Jurrel,Pabrezis,15 BALDWIN HILL RD,,PHILLIPSTON,MA,01331-9783
West St. Service Center,SWA,5370,19983147,1019,105,03,,Tony,Zappa,21 KENDALL ST,,GARDNER,MA,01440-4112
West St. Service Center,SWA,5370,19984398,1019,105,03,,Ross,Adams,72 PELLEY ST,,GARDNER,MA,01440-1936
West St. Service Center,SWA,5370,19988259,1019,105,03,,Jason,Judkins,329 PEARL ST,,GARDNER,MA,01440-2421
West St. Service Center,SWA,5370,19983215,1019,105,03,,Marcelle,Kusske,28 CHIPPEWA ST,,HUBBARDSTON,MA,01452-1550
West St. Service Center,SWA,5370,19982223,1019,105,03,,Jonas,Chaisson,237 GARDNER RD,,HUBBARDSTON,MA,01452-1655
West St. Service Center,SWA,5370,19982549,1019,105,03,,Laura,Casker,36 RUGBY ST,,GARDNER,MA,01440-1877
West St. Service Center,SWA,5370,19983127,1019,105,03,,Victoria,Heidorn,12 CRYSTAL LAKE DR,,GARDNER,MA,01440-1612
West St. Service Center,SWA,5370,19982516,1019,105,03,,Jessica,Nonni,25 LEAMY ST,,GARDNER,MA,01440-2513
West St. Service Center,SWA,5370,19984323,1019,105,03,,Donna,Decosmo,17 WINCHESTER ST,,BALDWINVILLE,MA,01436-1424
