Shop Name,Software,SID,CID,WSID,WCID,MBdayMo,TBdayMo,First,Last,Address,Address2,City,St,Zip
Absolute Auto Repair Center - Shirley 2955,SWA,2955,4397425,1020,105,09,,Timothy,Moore,3 CARRIAGE LN,,SHIRLEY,MA,01464-2130
Absolute Auto Repair Center - Shirley 2955,SWA,2955,4397532,1020,105,09,,Kevin,Tuite,24A EMERALD RD,,NAHANT,MA,01908-1358
Absolute Auto Repair Center - Shirley 2955,SWA,2955,4397563,1020,105,09,,Joe,Atwood,42 OLD LITTLETON RD,,HARVARD,MA,01451-1414
Absolute Auto Repair Center - Shirley 2955,SWA,2955,4397642,1020,105,09,,Katie,Flanigan,4 MYLES LN,,SHIRLEY,MA,01464-2622
Absolute Auto Repair Center - Shirley 2955,SWA,2955,4397693,1020,105,09,,Priya,Sheriff,3 DAYBROOK DR APT 315,,AYER,MA,01432-1728
Absolute Auto Repair Center - Shirley 2955,SWA,2955,4397727,1020,105,09,,Paul,Mccarthy,81 GREAT RD,,SHIRLEY,MA,01464-2815
Absolute Auto Repair Center - Shirley 2955,SWA,2955,4397680,1020,105,09,,Patrick,Twitchell,PO BOX 8,,SHIRLEY,MA,01464-0008
Absolute Auto Repair Center - Shirley 2955,SWA,2955,4397768,1020,105,09,,Edmund,Watson,7 MULPUS RD,,LUNENBURG,MA,01462-1801
Absolute Auto Repair Center - Shirley 2955,SWA,2955,4396950,1020,105,09,,Carl,Hansen,2 CARRIAGE LN,,SHIRLEY,MA,01464-2131
Absolute Auto Repair Center - Shirley 2955,SWA,2955,4396817,1020,105,09,,Joanne,Landry,18 ARROWHEAD RD,,LEOMINSTER,MA,01453-4508
Absolute Auto Repair Center - Shirley 2955,SWA,2955,4397576,1020,105,09,,Eric,Malo,12A MAPLE ST,,SHIRLEY,MA,01464-2420
Absolute Auto Repair Center - Shirley 2955,SWA,2955,4397196,1020,105,09,,Lee,Mirkovic,178 CENTER RD,,SHIRLEY,MA,01464-2115
Absolute Auto Repair Center - Shirley 2955,SWA,2955,4396377,1020,105,09,,Keith,Comeau,152 CLARK RD,,SAGAMORE BEACH,MA,02562-2619
Absolute Auto Repair Center - Shirley 2955,SWA,2955,4397735,1020,105,09,,Ed,Denmark,36 NASHUA ST,,AYER,MA,01432-1353
Absolute Auto Repair Center - Shirley 2955,SWA,2955,4396402,1020,105,09,,Kathie,Reynolds,471 LINDELL AVE,,LEOMINSTER,MA,01453-5416
Absolute Auto Repair Center - Shirley 2955,SWA,2955,4396390,1020,105,09,,James,Mcnight,9 CATACUNEMAUG RD,,SHIRLEY,MA,01464-2102
Absolute Auto Repair Center - Shirley 2955,SWA,2955,4397754,1020,105,09,,Robert,Souther,83 CLARK RD UNIT 57,,SHIRLEY,MA,01464-2639
Absolute Auto Repair Center - Shirley 2955,SWA,2955,4396357,1020,105,09,,Peter,Wilcox,55 CROMWELL ST APT 408,,PROVIDENCE,RI,02907-2568
Absolute Auto Repair Center - Shirley 2955,SWA,2955,4397944,1020,105,09,,Bounseng,Lodbansa,88 RICKENBACKER DR,,PALM COAST,FL,32164-6532
Absolute Auto Repair Center - Shirley 2955,SWA,2955,4397480,1020,105,09,,Robert,Mcnamara,103 FOLLEN RD,,LEXINGTON,MA,02421-5918
Absolute Auto Repair Center - Shirley 2955,SWA,2955,4396529,1020,105,09,,Patricia,Cintron,81 EUGENE ST,,LEOMINSTER,MA,01453-4607
Absolute Auto Repair Center - Shirley 2955,SWA,2955,4396554,1020,105,09,,Richard,Petricca,556 CENTRAL ST LOT 98,,LEOMINSTER,MA,01453-6157
Absolute Auto Repair Center - Shirley 2955,SWA,2955,4396677,1020,105,09,,Bob,Brinkert,10 BATES ST APT 10B,,DEVENS,MA,01434-5211
Absolute Auto Repair Center - Shirley 2955,SWA,2955,4396673,1020,105,09,,Justin,Carroll,32 BENJAMIN RD,,SHIRLEY,MA,01464-2600
Absolute Auto Repair Center - Shirley 2955,SWA,2955,4397441,1020,105,09,,Tracie,Caye,115 LAWTON RD,,SHIRLEY,MA,01464-2809
Absolute Auto Repair Center - Shirley 2955,SWA,2955,4396671,1020,105,09,,Heather,Law,7 BRANDYWINE LN,,SHIRLEY,MA,01464-2458
Absolute Auto Repair Center - Shirley 2955,SWA,2955,4397350,1020,105,09,,Deborah,Bronchuk,54 FOX MEADOW RD APT F,,LEOMINSTER,MA,01453-1953
Absolute Auto Repair Center - Shirley 2955,SWA,2955,4396705,1020,105,09,,Rich,Paradis,25 PATTERSON RD,,SHIRLEY,MA,01464-2903
Absolute Auto Repair Center - Shirley 2955,SWA,2955,4396807,1020,105,09,,Nathan,Coscia,34 SCHOOL ST,,ARLINGTON,MA,02476-6122
Absolute Auto Repair Center - Shirley 2955,SWA,2955,4396815,1020,105,09,,Edmond,Shaffer,36 MIDDLE ST APT 1,,FITCHBURG,MA,01420-5626
Absolute Auto Repair Center - Shirley 2955,SWA,2955,4396820,1020,105,09,,Dave,Flahive,710 MAIN ST APT 104,,WALTHAM,MA,02451-0627
Absolute Auto Repair Center - Shirley 2955,SWA,2955,4397951,1020,105,09,,Warren,Ryder,37 BENJAMIN RD,,SHIRLEY,MA,01464-2601
Absolute Auto Repair Center - Shirley 2955,SWA,2955,4397812,1020,105,09,,Donald,Westover,32 HARVARD RD APT 2G,,SHIRLEY,MA,01464-2440
Absolute Auto Repair Center - Shirley 2955,SWA,2955,4396756,1020,105,09,,Colby,Keefe,90 LINCOLN ST,,FITCHBURG,MA,01420-3569
Absolute Auto Repair Center - Shirley 2955,SWA,2955,4397212,1020,105,09,,Carl,Mckoon,133 ROBBINS RD,,RINDGE,NH,03461-5466
Absolute Auto Repair Center - Shirley 2955,SWA,2955,4396879,1020,105,09,,Despina,O`Doherty,5 AMANDA LN,,SHIRLEY,MA,01464-2732
Absolute Auto Repair Center - Shirley 2955,SWA,2955,4396891,1020,105,09,,Linda,Morse,142 CENTER RD,,SHIRLEY,MA,01464-2115
Absolute Auto Repair Center - Shirley 2955,SWA,2955,4396545,1020,105,09,,John,Connell,PO BOX 1075,,SHIRLEY,MA,01464-1075
Absolute Auto Repair Center - Shirley 2955,SWA,2955,4396942,1020,105,09,,Derek,Ranno,506 WANOOSNOC RD,,FITCHBURG,MA,01420-7033
Absolute Auto Repair Center - Shirley 2955,SWA,2955,4397238,1020,105,09,,Julie,Robuccio,26 WOODBURY ST,,LUNENBURG,MA,01462-2343
Absolute Auto Repair Center - Shirley 2955,SWA,2955,4396890,1020,105,09,,Nancy,Young,11 GROTON SCHOOL RD,,AYER,MA,01432-1045
Absolute Auto Repair Center - Shirley 2955,SWA,2955,4396996,1020,105,09,,Marla,Naughton,36 PEABODY RD,,SHIRLEY,MA,01464-2904
Absolute Auto Repair Center - Shirley 2955,SWA,2955,4397016,1020,105,09,,Luo,Jang,9 MORGAN LN,,SHIRLEY,MA,01464-2635
Absolute Auto Repair Center - Shirley 2955,SWA,2955,4397249,1020,105,09,,Sebastian,Gibbs,140 BAKER ST,,GARDNER,MA,01440-2838
Absolute Auto Repair Center - Shirley 2955,SWA,2955,4396908,1020,105,09,,Caitlyn,Dowd,29 MYRICK ST,,AYER,MA,01432-1716
Absolute Auto Repair Center - Shirley 2955,SWA,2955,4397110,1020,105,09,,Ebenezer,Baawuah,55 GREEN ST,,CLINTON,MA,01510-3018
Absolute Auto Repair Center - Shirley 2955,SWA,2955,4397267,1020,105,09,,James,Grogan,70 PATTERSON RD,,SHIRLEY,MA,01464-2906
Absolute Auto Repair Center - Shirley 2955,SWA,2955,4397280,1020,105,09,,Peter,Marcinkewicz,PO BOX 544,,SHIRLEY,MA,01464-0544
Absolute Auto Repair Center - Shirley 2955,SWA,2955,4397288,1020,105,09,,Bill,Poitras,7 MAPLE ST,,SHIRLEY,MA,01464-2421
Absolute Auto Repair Center - Shirley 2955,SWA,2955,4397304,1020,105,09,,Greg,Parson,52 ISABEL CIR,,LEOMINSTER,MA,01453-8100
Absolute Auto Repair Center - Shirley 2955,SWA,2955,4397282,1020,105,09,,Dyer,Brett,44 BROWN AVE,,LEOMINSTER,MA,01453-3402
Absolute Auto Repair Center - Shirley 2955,SWA,2955,4397279,1020,105,09,,Martha,Dienst,41 WEDGEWOOD RD,,STOW,MA,01775-1025
Absolute Auto Repair Center - Shirley 2955,SWA,2955,4397199,1020,105,09,,Breton,Dyer,44 BROWN AVE,,LEOMINSTER,MA,01453-3402
Absolute Auto Repair Center - Shirley 2955,SWA,2955,4396773,1020,105,09,,Jocelyn,Foshay,1 AMANDREY WAY,,AYER,MA,01432-1063
Absolute Auto Repair Center - Shirley 2955,SWA,2955,4397346,1020,105,09,,Larry,Laakso,535 SOUTH ST APT 4-4,,FITCHBURG,MA,01420-6200
Absolute Auto Repair Center - Shirley 2955,SWA,2955,4397367,1020,105,09,,John,Small,97 CENTER RD,,SHIRLEY,MA,01464-2138
Absolute Auto Repair Center - Shirley 2955,SWA,2955,4396550,1020,105,09,,Connor,Dee,7 NASHUA ST,,SHIRLEY,MA,01464-2500
Absolute Auto Repair Center - Shirley 2955,SWA,2955,4397374,1020,105,09,,Jessica,Randall,PO BOX 1263,,SHIRLEY,MA,01464-1263
Absolute Auto Repair Center - Shirley 2955,SWA,2955,4397329,1020,105,09,,Kristen,Consalvo,35 HAZEN RD APT A4,,SHIRLEY,MA,01464-2719
Absolute Auto Repair Center - Shirley 2955,SWA,2955,4396888,1020,105,09,,Donalds,Stevens,607 WESTMINSTER HILL RD,,FITCHBURG,MA,01420-2915
Absolute Auto Repair Center - Shirley 2955,SWA,2955,4892423,1020,105,09,,Greg,Balligan,313 GREAT RD,,SHIRLEY,MA,01464-2215
Absolute Auto Repair Center - Shirley 2955,SWA,2955,4394160,1020,105,09,,Ian,Callahan,119 ROLLING ACRES RD,,LUNENBURG,MA,01462-1550
Absolute Auto Repair Center - Shirley 2955,SWA,2955,5944015,1020,105,09,,Jay,Terminiello,33 E MAIN ST,,MIDDLEBOROUGH,MA,02346-2482
Absolute Auto Repair Center - Shirley 2955,SWA,2955,4397844,1020,105,09,,Alisa Rose,Arakelian,6 NATHAN PRATT DR UNIT 309,,CONCORD,MA,01742-4642
Absolute Auto Repair Center - Shirley 2955,SWA,2955,4400028,1020,105,09,,Ali,Mislah,35 HAZEN RD APT F5,,SHIRLEY,MA,01464-2722
Absolute Auto Repair Center - Shirley 2955,SWA,2955,7141641,1020,105,09,,Anne,Richard,103 EVA DR,,LEOMINSTER,MA,01453-4680
Absolute Auto Repair Center - Shirley 2955,SWA,2955,4397991,1020,105,09,,John,Fantegrossi,1081 LIBERTY SQUARE RD,,BOXBOROUGH,MA,01719-1141
Absolute Auto Repair Center - Shirley 2955,SWA,2955,7537663,1020,105,09,,Joe,Przyjemski,58 HORSE POND RD,,SHIRLEY,MA,01464-2714
Absolute Auto Repair Center - Shirley 2955,SWA,2955,4397152,1020,105,09,,Mark,Hilberg,71 LANCASTER RD,,SHIRLEY,MA,01464-2416
Absolute Auto Repair Center - Shirley 2955,SWA,2955,7780259,1020,105,09,,Zach,Taylor,19B PEABODY RD,,SHIRLEY,MA,01464-2905
Absolute Auto Repair Center - Shirley 2955,SWA,2955,4396923,1020,105,09,,Erin,Finefield,32 MYLES LN,,SHIRLEY,MA,01464-2622
Absolute Auto Repair Center - Shirley 2955,SWA,2955,8409128,1020,105,09,,John,Thomas,PO BOX 1194,,SHIRLEY,MA,01464-1194
Absolute Auto Repair Center - Shirley 2955,SWA,2955,8793355,1020,105,09,,Susan,Bankuti,44 LEOMINSTER RD,,SHIRLEY,MA,01464-2005
Absolute Auto Repair Center - Shirley 2955,SWA,2955,5421991,1020,105,09,,Thomas,Grace,7 CATHERINES WAY,,SHIRLEY,MA,01464-2729
Absolute Auto Repair Center - Shirley 2955,SWA,2955,8973886,1020,105,09,,Patrick,McEvilly,305 RESERVOIR RD,,LUNENBURG,MA,01462-1532
Absolute Auto Repair Center - Shirley 2955,SWA,2955,9203173,1020,105,09,,Phil,Fama,10 BRADLEY CIR,,DEVENS,MA,01434-5630
Absolute Auto Repair Center - Shirley 2955,SWA,2955,4397355,1020,105,09,,Elizabeth,Hebert,32 HARVARD RD APT 2G,,SHIRLEY,MA,01464-2440
Absolute Auto Repair Center - Shirley 2955,SWA,2955,4396945,1020,105,09,,Julie,Gionet,267 GRANITE ST,,LEOMINSTER,MA,01453-2560
Absolute Auto Repair Center - Shirley 2955,SWA,2955,4396743,1020,105,09,,Nina,Levy,10 CAMBRIDGE ST APT 4,,AYER,MA,01432-1391
Absolute Auto Repair Center - Shirley 2955,SWA,2955,12004815,1020,105,09,,Mary,Garrity,11B RODMAN AVE,,SHIRLEY,MA,01464-2509
Absolute Auto Repair Center - Shirley 2955,SWA,2955,4397150,1020,105,09,,Mike,House,192 AYER RD APT 2,,SHIRLEY,MA,01464-2518
Absolute Auto Repair Center - Shirley 2955,SWA,2955,14944319,1020,105,09,,Rejean,Raymond,299 GREAT RD,,SHIRLEY,MA,01464-2215
Absolute Auto Repair Center - Shirley 2955,SWA,2955,4397168,1020,105,09,,Maria,Hearne,5 OVERLOOK RD,,WESTMINSTER,MA,01473-1017
Absolute Auto Repair Center - Shirley 2955,SWA,2955,4396556,1020,105,09,,Cheryl,Doyle,71 CHAPEL ST APT 1,,SHIRLEY,MA,01464-2587
Absolute Auto Repair Center - Shirley 2955,SWA,2955,7091400,1020,105,09,,Yicheng,Li,518 RAILWAY AVE APT 374,,CAMPBELL,CA,95008-3057
Absolute Auto Repair Center - Shirley 2955,SWA,2955,19062213,1020,105,09,,Carl,McKoon,133 ROBBINS RD,,RINDGE,NH,03461-5466
Absolute Auto Repair Center - Shirley 2955,SWA,2955,4396874,1020,105,09,,Robert,Kimball,265 WHITNEY ST,,GARDNER,MA,01440-3410
Absolute Auto Repair Center - Shirley 2955,SWA,2955,6920397,1020,105,09,,Kylie,Levine,20 ANDREWS ST,,BELLINGHAM,MA,02019-2302
Absolute Auto Repair Center - Shirley 2955,SWA,2955,19085632,1020,105,09,,Kristen,Holman,761 RESERVOIR RD,,LUNENBURG,MA,01462-1562
Absolute Auto Repair Center - Shirley 2955,SWA,2955,19275319,1020,105,09,,Larry,Kinnear,83 CLARK RD UNIT 19,,SHIRLEY,MA,01464-2639
Absolute Auto Repair Center - Shirley 2955,SWA,2955,4397723,1020,105,09,,Chris,Foley,5 SPRING HILL TER,,SOMERVILLE,MA,02143-1514
Absolute Auto Repair Center - Shirley 2955,SWA,2955,20797394,1020,105,09,,Daniel,Packard,35 PATTERSON RD,,SHIRLEY,MA,01464-2903
Absolute Auto Repair Center - Shirley 2955,SWA,2955,21100251,1020,105,09,,Enrique,Betanzos,2 MORGAN LN,,SHIRLEY,MA,01464-2635
Absolute Auto Repair Center - Shirley 2955,SWA,2955,20611525,1020,105,09,,Hamid,Naseri,28 DUGGAN RD,,ACTON,MA,01720-2037
Absolute Auto Repair Center - Shirley 2955,SWA,2955,4397424,1020,105,09,,Arthur,Snow,112 EAST ST,,FITCHBURG,MA,01420-3565
Absolute Auto Repair Center - Shirley 2955,SWA,2955,21694579,1020,105,09,,Ryan,Goodman,8 VALLEY VIEW WAY,,SHIRLEY,MA,01464-2431
Absolute Auto Repair Center - Shirley 2955,SWA,2955,19960570,1020,105,09,,Luke,Ciarfella,15 HOG HILL RD,,PEPPERELL,MA,01463-1237
Absolute Auto Repair Center - Shirley 2955,SWA,2955,22997228,1020,105,09,,Bob,Gyles,7 KELSEY LN,,SHIRLEY,MA,01464-2620
Absolute Auto Repair Center - Shirley 2955,SWA,2955,23007007,1020,105,09,,Kevin,Bilafer,2 DEER PATH,,MAYNARD,MA,01754-1490
Absolute Auto Repair Center - Shirley 2955,SWA,2955,23055447,1020,105,09,,Rudy,Graves,81 CHAPEL ST,,SHIRLEY,MA,01464-2532
Absolute Auto Repair Center - Shirley 2955,SWA,2955,6334911,1020,105,09,,Matthew,Thomas,42 CLARK RD,,SHIRLEY,MA,01464-2604
Absolute Auto Repair Center - Shirley 2955,SWA,2955,4396699,1020,105,09,,Kevin,Dow,3 KARA LN,,SHIRLEY,MA,01464-2344
Absolute Auto Repair Center - Shirley 2955,SWA,2955,8900093,1020,105,09,,Shawn,Pan,51 GROTON RD,,SHIRLEY,MA,01464-2307
Absolute Auto Repair Center - Shirley 2955,SWA,2955,4396510,1020,105,09,,Luke,Pyles,122 CLARK RD,,SHIRLEY,MA,01464-2634
Absolute Auto Repair Center - Shirley 2955,SWA,2955,4397479,1020,105,09,,Darlene,Whitaker,53 WALKER RD,,SHIRLEY,MA,01464-2901
Absolute Auto Repair Center - Shirley 2955,SWA,2955,4398023,1020,105,09,,Susan,Eramo,18 HAZEN RD,,SHIRLEY,MA,01464-2706
Absolute Auto Repair Center - Shirley 2955,SWA,2955,5325951,1020,105,09,,Laurie,Ford,66 HARVARD RD,,SHIRLEY,MA,01464-2438
Absolute Auto Repair Center - Shirley 2955,SWA,2955,4397904,1020,105,09,,Jane,Leblanc,PO BOX 687,,SHIRLEY,MA,01464-0687
Absolute Auto Repair Center - Shirley 2955,SWA,2955,9484279,1020,105,09,,John,Small,97 CENTER RD APT 12,,SHIRLEY,MA,01464-2138
Absolute Auto Repair Center - Shirley 2955,SWA,2955,4397385,1020,105,09,,Pam,Farnsworth,41 HORSE POND RD,,SHIRLEY,MA,01464-2713
Absolute Auto Repair Center - Shirley 2955,SWA,2955,4397974,1020,105,09,,Brandon,Forest,2 MYLES LN,,SHIRLEY,MA,01464-2622
Absolute Auto Repair Center - Shirley 2955,SWA,2955,4397701,1020,105,09,,Piyalak,Holden,465 MULPUS RD,,LUNENBURG,MA,01462-1827
Absolute Auto Repair Center - Shirley 2955,SWA,2955,4397058,1020,105,09,,Bob,Kwiatkowski,33 HIGH ST,,LEOMINSTER,MA,01453-5515
Absolute Auto Repair Center - Shirley 2955,SWA,2955,13071847,1020,105,09,,David,Patello,47 PRINCETON ST APT 229 BLDG 4,,LEOMINSTER,MA,01453-1431
Absolute Auto Repair Center - Shirley 2955,SWA,2955,4396901,1020,105,09,,Dan,O'neil,15 SHAKER RD,,SHIRLEY,MA,01464-2510
Absolute Auto Repair Center - Shirley 2955,SWA,2955,20439546,1020,105,09,,Matt,Lopes,35 HAZEN RD APT B4,,SHIRLEY,MA,01464-2720
Absolute Auto Repair Center - Shirley 2955,SWA,2955,4396665,1020,105,09,,Wilbert,Hue,11 LAKEVIEW DR,,SHIRLEY,MA,01464-2143
Absolute Auto Repair Center - Shirley 2955,SWA,2955,21224497,1020,105,09,,Alba,Castillo,86 W MAIN ST,,AYER,MA,01432-1212
Absolute Auto Repair Center - Shirley 2955,SWA,2955,4397743,1020,105,09,,Stepanie,Currier,172F AYER RD,,SHIRLEY,MA,01464-2518
Absolute Auto Repair Center - Shirley 2955,SWA,2955,4396350,1020,105,09,,Charles,Badger,148A AYER RD,,SHIRLEY,MA,01464-2518
Absolute Auto Repair Center - Shirley 2955,SWA,2955,4396366,1020,105,09,,Aubrey,Thomas,23 CENTER RD,,SHIRLEY,MA,01464-2108
Absolute Auto Repair Center - Shirley 2955,SWA,2955,12574527,1020,105,09,,Heather,Rupp,390 HOLLIS RD,,LUNENBURG,MA,01462-2228
