Shop Name,Software,SID,CID,WSID,WCID,MBdayMo,TBdayMo,First,Last,Address,Address2,City,St,Zip
Absolute Auto Repair Center - Shirley 2955,SWA,2955,4397555,1020,105,,9,Jeff,Melanson,164 AYER RD,,SHIRLEY,MA,01464-2518
Absolute Auto Repair Center - Shirley 2955,SWA,2955,4397692,1020,105,,3,Mike,Manning,212 GREAT RD,,SHIRLEY,MA,01464-2216
Absolute Auto Repair Center - Shirley 2955,SWA,2955,4397702,1020,105,,3,Nina,Baldarelli,162F AYER RD,,SHIRLEY,MA,01464-2518
Absolute Auto Repair Center - Shirley 2955,SWA,2955,4397688,1020,105,,9,Fred,Meshna,21 PROSPECT ST,,AYER,MA,01432-1853
Absolute Auto Repair Center - Shirley 2955,SWA,2955,4396411,1020,105,,3,Jeff,Abrams,170 AYER RD UNIT 2H,,SHIRLEY,MA,01464-2518
Absolute Auto Repair Center - Shirley 2955,SWA,2955,4396469,1020,105,,9,Jez,Insalaco,1400 WORCESTER RD,,FRAMINGHAM,MA,01702-8965
Absolute Auto Repair Center - Shirley 2955,SWA,2955,4396777,1020,105,,9,Rob,Lorscheider,18 SOUTH ST,,SHIRLEY,MA,01464-2430
Absolute Auto Repair Center - Shirley 2955,SWA,2955,4396827,1020,105,,3,Suzanne,Fortes,26 CENTER RD,,SHIRLEY,MA,01464-2106
Absolute Auto Repair Center - Shirley 2955,SWA,2955,4396537,1020,105,,9,Kristy,Conner,168 AYER RD,,SHIRLEY,MA,01464-2518
Absolute Auto Repair Center - Shirley 2955,SWA,2955,4396723,1020,105,,9,Cody,Simmons,16 AYER RD UNIT A,,SHIRLEY,MA,01464-2516
Absolute Auto Repair Center - Shirley 2955,SWA,2955,4397109,1020,105,,9,Linda,Ringer,87 CARRIAGE CT APT 303,,LEOMINSTER,MA,01453-1235
Absolute Auto Repair Center - Shirley 2955,SWA,2955,4397221,1020,105,,3,Dean,Bourque,119 PROSPECT ST,,AUBURN,MA,01501-3339
Absolute Auto Repair Center - Shirley 2955,SWA,2955,7765637,1020,105,,3,Pat,Runk,96 BEECHWOOD LN,,PALM COAST,FL,32137-8677
Absolute Auto Repair Center - Shirley 2955,SWA,2955,8524216,1020,105,,3,Buster,Cordio,PO BOX 1276,,SHIRLEY,MA,01464-1276
Absolute Auto Repair Center - Shirley 2955,SWA,2955,8571092,1020,105,,9,Desmond,Usuanlele,2701 CONNECTICUT AVE NW APT 101,,WASHINGTON,DC,20008-5301
Absolute Auto Repair Center - Shirley 2955,SWA,2955,8704307,1020,105,,3,Bill,Pashos,210 W MAIN ST,,AYER,MA,01432-1228
Absolute Auto Repair Center - Shirley 2955,SWA,2955,4397495,1020,105,,9,Joseph,Cormier,401 RIDGEWAY LN,,HOLLY RIDGE,NC,28445-8831
Absolute Auto Repair Center - Shirley 2955,SWA,2955,9895094,1020,105,,9,Onat,Yazir,3 BLACKSMITH LN,,HOLLIS,NH,03049-4401
Absolute Auto Repair Center - Shirley 2955,SWA,2955,11469893,1020,105,,9,Darren,Zinsouply,23 COTTAGE ST APT 2F,,LEOMINSTER,MA,01453-3523
Absolute Auto Repair Center - Shirley 2955,SWA,2955,12657277,1020,105,,9,Sam,Patel,36 LONGVIEW CIR,,AYER,MA,01432-5515
Absolute Auto Repair Center - Shirley 2955,SWA,2955,12656904,1020,105,,3,Elizabeth,Henrickson,611 GOODRICH ST,,LUNENBURG,MA,01462-1621
Absolute Auto Repair Center - Shirley 2955,SWA,2955,15843120,1020,105,,9,Victor,Velez,11 DEER AVE,,SHIRLEY,MA,01464-2407
Absolute Auto Repair Center - Shirley 2955,SWA,2955,4396318,1020,105,,3,Anthony,Stancato,57 FLAXFIELD RD,,DUDLEY,MA,01571-3376
Absolute Auto Repair Center - Shirley 2955,SWA,2955,18082867,1020,105,,3,Amanda,Torres,6111 BRUSHY CREEK DR,,KILLEEN,TX,76549-1604
Absolute Auto Repair Center - Shirley 2955,SWA,2955,20988982,1020,105,,9,Heraldo,Lopez,57 LAKEVIEW DR,,LEOMINSTER,MA,01453-5166
Absolute Auto Repair Center - Shirley 2955,SWA,2955,17223815,1020,105,,9,Gilson,Defreitas,7 SCULLEY RD,,AYER,MA,01432-1205
Absolute Auto Repair Center - Shirley 2955,SWA,2955,23081274,1020,105,,9,Ben,Davis,95 GARFIELD AVE,,PROVIDENCE,RI,02908-4354
Absolute Auto Repair Center - Shirley 2955,SWA,2955,12659853,1020,105,,9,Jovani,Tamayo,16 HARVARD RD APT 7G,,SHIRLEY,MA,01464-2438
Absolute Auto Repair Center - Shirley 2955,SWA,2955,15029499,1020,105,,3,Alex,Kasavigis,10 MARION AVE,,MILLBURY,MA,01527-4214
Absolute Auto Repair Center - Shirley 2955,SWA,2955,16135070,1020,105,,9,John,Hart,16A AYER RD,,SHIRLEY,MA,01464-2516
Absolute Auto Repair Center - Shirley 2955,SWA,2955,16586025,1020,105,,3,Luis,Angel,7 CALDWELL ST,,FITCHBURG,MA,01420-2208
Absolute Auto Repair Center - Shirley 2955,SWA,2955,4397218,1020,105,,9,Jory,Adams,66 PEARL ST,,AYER,MA,01432-1157
Absolute Auto Repair Center - Shirley 2955,SWA,2955,20281181,1020,105,,3,Darian,Obrien,1009 WESTFORD ST,,LOWELL,MA,01851-2780
Absolute Auto Repair Center - Shirley 2955,SWA,2955,22680896,1020,105,,9,Adolfo,Revetria,35 DOVER ST,,FITCHBURG,MA,01420-8103
Absolute Auto Repair Center - Shirley 2955,SWA,2955,23900136,1020,105,,9,Will,Sonnier,15018 LOYS COVES CT,,HUMBLE,TX,77396-6018
Absolute Auto Repair Center - Shirley 2955,SWA,2955,22321275,1020,105,,9,William,Burke,27 HOSPITAL RD UNIT 218,,DEVENS,MA,01434-4214
Absolute Auto Repair Center - Shirley 2955,SWA,2955,25275428,1020,105,,3,Vinothkumar,Chandrasekaran,22 BRADLEY CIR,,DEVENS,MA,01434-5630
Absolute Auto Repair Center - Shirley 2955,SWA,2955,4396811,1020,105,,9,Pj,Dymek,14 BRIDLECROSS RD,,LEOMINSTER,MA,01453-3497
Absolute Auto Repair Center - Shirley 2955,SWA,2955,25530695,1020,105,,3,Eric,Hong,72 INDIAN RIDGE TER,,WESTFORD,MA,01886-1255
Absolute Auto Repair Center - Shirley 2955,SWA,2955,4396414,1020,105,,3,Edy,Patulak,83 CLARK RD UNIT 11,,SHIRLEY,MA,01464-2639
Absolute Auto Repair Center - Shirley 2955,SWA,2955,27653168,1020,105,,9,Audrey,Jemlich,18 SOUTH ST,,SHIRLEY,MA,01464-2430
