Shop Name,Software,SID,CID,WSID,WCID,MBdayMo,TBdayMo,First,Last,Address,Address2,City,St,Zip
Absolute Auto Repair Center - Fitchburg 2954,SWA,2954,4388555,1021,105,,9,James,Bangtson,367 HIGHLAND ST,,HOLDEN,MA,01520-2503
Absolute Auto Repair Center - Fitchburg 2954,SWA,2954,4388789,1021,105,,3,Melissa,Oseguera,28 SUMMER ST APT 2,,FITCHBURG,MA,01420-4990
Absolute Auto Repair Center - Fitchburg 2954,SWA,2954,4389091,1021,105,,9,Bruce,Parkhurst,86 SAW MILL POND RD,,FITCHBURG,MA,01420-6041
Absolute Auto Repair Center - Fitchburg 2954,SWA,2954,4389199,1021,105,,3,Hilary,Cambell,327 DAY ST,,LEOMINSTER,MA,01453-1742
Absolute Auto Repair Center - Fitchburg 2954,SWA,2954,4389487,1021,105,,3,John,Marcotte,PO BOX 24,,PRINCETON,MA,01541-0024
Absolute Auto Repair Center - Fitchburg 2954,SWA,2954,4389769,1021,105,,9,Hil,Horgan,11 MORGAN LN,,SHIRLEY,MA,01464-2635
Absolute Auto Repair Center - Fitchburg 2954,SWA,2954,4389873,1021,105,,3,Miguel,Targa,39 SYCAMORE DR,,LEOMINSTER,MA,01453-4969
Absolute Auto Repair Center - Fitchburg 2954,SWA,2954,4390066,1021,105,,9,Jennifer,Rosa,126 PLEASANT ST,,FITCHBURG,MA,01420-7532
Absolute Auto Repair Center - Fitchburg 2954,SWA,2954,4390207,1021,105,,3,Ryan,Coulter,21 BEACON ST,,FITCHBURG,MA,01420-4403
Absolute Auto Repair Center - Fitchburg 2954,SWA,2954,4388792,1021,105,,3,Timothy,Joe,775 E FALMOUTH HWY,,EAST FALMOUTH,MA,02536-6191
Absolute Auto Repair Center - Fitchburg 2954,SWA,2954,4390985,1021,105,,9,Abdul,Abass,16 E BROADWAY,,GARDNER,MA,01440-3338
Absolute Auto Repair Center - Fitchburg 2954,SWA,2954,4390992,1021,105,,3,Ren,Zhong,14 LISCOMB ST # 3,,WORCESTER,MA,01604-1664
Absolute Auto Repair Center - Fitchburg 2954,SWA,2954,4388999,1021,105,,9,Donald,Bourgault,85 HANNIGAN CT,,FITCHBURG,MA,01420-3817
Absolute Auto Repair Center - Fitchburg 2954,SWA,2954,4391423,1021,105,,3,Evan,Cornell,740 CENTRAL ST,,LEOMINSTER,MA,01453-4870
Absolute Auto Repair Center - Fitchburg 2954,SWA,2954,4391913,1021,105,,3,Bryan,Walters,541 JOHN FITCH HWY,,FITCHBURG,MA,01420-8403
Absolute Auto Repair Center - Fitchburg 2954,SWA,2954,4394463,1021,105,,9,Herman,Wheeler,28 COOLIDGE AVE,,FITCHBURG,MA,01420-3528
Absolute Auto Repair Center - Fitchburg 2954,SWA,2954,4392477,1021,105,,3,Nick,Chen,48 MARION ST,,FITCHBURG,MA,01420-5518
Absolute Auto Repair Center - Fitchburg 2954,SWA,2954,4392910,1021,105,,3,Angel,Santiago,43 BLOSSOM ST,,FITCHBURG,MA,01420-4365
Absolute Auto Repair Center - Fitchburg 2954,SWA,2954,4392960,1021,105,,9,Mike,Bray,164 WESTFORD RD STE 3,,TYNGSBORO,MA,01879-2530
Absolute Auto Repair Center - Fitchburg 2954,SWA,2954,4392548,1021,105,,9,Michael,Mcafee,59 MELROSE ST,,FITCHBURG,MA,01420-0190
Absolute Auto Repair Center - Fitchburg 2954,SWA,2954,4392299,1021,105,,3,Edna,Mcdonald,PO BOX 674,,FITCHBURG,MA,01420-0006
Absolute Auto Repair Center - Fitchburg 2954,SWA,2954,4393334,1021,105,,9,Joe,Gosslin,309 ASHBURNHAM ST,,FITCHBURG,MA,01420-2740
Absolute Auto Repair Center - Fitchburg 2954,SWA,2954,4392587,1021,105,,3,Gill,Shay,33 ALVARADO AVE # 2E,,WORCESTER,MA,01604-6011
Absolute Auto Repair Center - Fitchburg 2954,SWA,2954,4391425,1021,105,,9,Charlette,Rodrigues,727 BLOSSOM ST,,FITCHBURG,MA,01420-2363
Absolute Auto Repair Center - Fitchburg 2954,SWA,2954,4393283,1021,105,,9,Debbie,Clarey,5 BLUFF AVE,,FITCHBURG,MA,01420-0197
Absolute Auto Repair Center - Fitchburg 2954,SWA,2954,4393733,1021,105,,3,Walter,Ferrin,102 PLEASANT ST # 2,,FITCHBURG,MA,01420-7532
Absolute Auto Repair Center - Fitchburg 2954,SWA,2954,4393851,1021,105,,9,Winter,Rosembert,4210 MATRIX WAY,,HUDSON,MA,01749-2957
Absolute Auto Repair Center - Fitchburg 2954,SWA,2954,4394052,1021,105,,9,Anthony,Rodriguez,88 RINNOCK RD,,FITCHBURG,MA,01420-2003
Absolute Auto Repair Center - Fitchburg 2954,SWA,2954,4395510,1021,105,,3,Donald,Roberts,52 KIMBALL RD,,FITCHBURG,MA,01420-0138
Absolute Auto Repair Center - Fitchburg 2954,SWA,2954,4394173,1021,105,,9,Leigh,Lergos,28 WEBBER ST,,LEOMINSTER,MA,01453-4792
Absolute Auto Repair Center - Fitchburg 2954,SWA,2954,4394105,1021,105,,3,Jesus,Valles,23 LUNENBURG ST,,FITCHBURG,MA,01420-7808
Absolute Auto Repair Center - Fitchburg 2954,SWA,2954,4393761,1021,105,,9,Charlie,Ollis,168 HIGHLAND AVE,,FITCHBURG,MA,01420-5249
Absolute Auto Repair Center - Fitchburg 2954,SWA,2954,4394437,1021,105,,3,Shaun,Weatherbee,13 2ND ST,,FITCHBURG,MA,01420-0180
Absolute Auto Repair Center - Fitchburg 2954,SWA,2954,4394630,1021,105,,3,Hannah,Dufresne,176 BLOSSOM ST,,FITCHBURG,MA,01420-3303
Absolute Auto Repair Center - Fitchburg 2954,SWA,2954,4392348,1021,105,,9,Tallie,Foster,63 CONGRESS ST,,FITCHBURG,MA,01420-3555
Absolute Auto Repair Center - Fitchburg 2954,SWA,2954,4394814,1021,105,,3,Emily,Gammell,81 FAIRLAWN AVE,,GARDNER,MA,01440-3927
Absolute Auto Repair Center - Fitchburg 2954,SWA,2954,4394878,1021,105,,9,Minh,Pham,75 SAINT JUDE BLVD,,FITCHBURG,MA,01420-2761
Absolute Auto Repair Center - Fitchburg 2954,SWA,2954,4394256,1021,105,,9,Danielle,Desmond,32 CAROUSEL LN # 207,,LUNENBURG,MA,01462-2433
Absolute Auto Repair Center - Fitchburg 2954,SWA,2954,4392622,1021,105,,9,Cathryn,Comptois,3 TAHANTO RD,,HUBBARDSTON,MA,01452-1558
Absolute Auto Repair Center - Fitchburg 2954,SWA,2954,4389501,1021,105,,9,Frank,Mclaughlin,46 HIGH ST,,HUBBARDSTON,MA,01452-1624
Absolute Auto Repair Center - Fitchburg 2954,SWA,2954,4394186,1021,105,,3,Kim,Young,260 PLEASANT ST,,ATHOL,MA,01331-3222
Absolute Auto Repair Center - Fitchburg 2954,SWA,2954,4395587,1021,105,,9,Thomas,Hundt,123 E UNION ST,,ASHLAND,MA,01721-1731
Absolute Auto Repair Center - Fitchburg 2954,SWA,2954,4395785,1021,105,,3,Maria,Montanez,8 BEATRICE DR,,WORCESTER,MA,01603-1269
Absolute Auto Repair Center - Fitchburg 2954,SWA,2954,4391703,1021,105,,9,Frazier,Lyle,1 OAK HILL RD,,FITCHBURG,MA,01420-3958
Absolute Auto Repair Center - Fitchburg 2954,SWA,2954,4395889,1021,105,,3,Atalay,Ibrahim,102 MYRTLE AVE,,FITCHBURG,MA,01420-3449
Absolute Auto Repair Center - Fitchburg 2954,SWA,2954,4395983,1021,105,,9,Mark,Leger,50 SMITH ST,,FITCHBURG,MA,01420-7354
Absolute Auto Repair Center - Fitchburg 2954,SWA,2954,4396000,1021,105,,3,Roland,Michaud,14 RILEY RD,,LUNENBURG,MA,01462-1358
Absolute Auto Repair Center - Fitchburg 2954,SWA,2954,4395913,1021,105,,9,Michael,Caputi,107 LAUREL ST,,WINCHENDON,MA,01475-2059
Absolute Auto Repair Center - Fitchburg 2954,SWA,2954,4386873,1021,105,,3,Donald,Walker,20 MAIN ST APT 3E,,LEOMINSTER,MA,01453-5530
Absolute Auto Repair Center - Fitchburg 2954,SWA,2954,4396046,1021,105,,9,Nathan,Leblanc,337 PAGE ST,,LUNENBURG,MA,01462-2125
Absolute Auto Repair Center - Fitchburg 2954,SWA,2954,4395856,1021,105,,3,Charles,Pappas,86 VIEW ST,,FITCHBURG,MA,01420-2284
Absolute Auto Repair Center - Fitchburg 2954,SWA,2954,4387523,1021,105,,9,Ernest,Babineau,49 EASTERN AVE,,LEOMINSTER,MA,01453-1901
Absolute Auto Repair Center - Fitchburg 2954,SWA,2954,4387751,1021,105,,3,Patricia,Krucek,40 WEST ST APT 6,,LEOMINSTER,MA,01453-5659
Absolute Auto Repair Center - Fitchburg 2954,SWA,2954,4387918,1021,105,,9,Juan,Alicea,39 DINAN DR APT 19,,GARDNER,MA,01440-1726
Absolute Auto Repair Center - Fitchburg 2954,SWA,2954,4388060,1021,105,,3,Nicole,Tabales,4 HARRISON AVE,,FITCHBURG,MA,01420-4409
Absolute Auto Repair Center - Fitchburg 2954,SWA,2954,4388199,1021,105,,9,Rong,Wang,35 WINTER ST,,FITCHBURG,MA,01420-5778
Absolute Auto Repair Center - Fitchburg 2954,SWA,2954,4387181,1021,105,,3,Gail,Koula,57 BELGIAN WAY,,FITCHBURG,MA,01420-8935
Absolute Auto Repair Center - Fitchburg 2954,SWA,2954,4387319,1021,105,,9,Jeffrey,Wironen,47 SAW MILL POND RD,,FITCHBURG,MA,01420-6040
Absolute Auto Repair Center - Fitchburg 2954,SWA,2954,4388428,1021,105,,3,Helen,Ward,158 HIGHLAND AVE,,FITCHBURG,MA,01420-3410
Absolute Auto Repair Center - Fitchburg 2954,SWA,2954,4428540,1021,105,,3,Allied,Universal,600 CORPORATE PARK DR,,SAINT LOUIS,MO,63105-4204
Absolute Auto Repair Center - Fitchburg 2954,SWA,2954,4610497,1021,105,,3,Juan,Santana,234 HIGH ST,,FITCHBURG,MA,01420-6062
Absolute Auto Repair Center - Fitchburg 2954,SWA,2954,4766419,1021,105,,9,Alex,Atwood,97 WATER ST,,LEOMINSTER,MA,01453-3271
Absolute Auto Repair Center - Fitchburg 2954,SWA,2954,4392490,1021,105,,9,Maddy,Chevarie,99 DEAN HILL RD,,WESTMINSTER,MA,01473-6661
Absolute Auto Repair Center - Fitchburg 2954,SWA,2954,4394382,1021,105,,9,Jose,Marquez Jr,95 DAY ST,,FITCHBURG,MA,01420-0221
Absolute Auto Repair Center - Fitchburg 2954,SWA,2954,4391452,1021,105,,9,Christian,Tammaro,16 LAWRENCE ST,,FITCHBURG,MA,01420-4425
Absolute Auto Repair Center - Fitchburg 2954,SWA,2954,4395330,1021,105,,3,Frank,Dematos,32 PACIFIC ST,,FITCHBURG,MA,01420-3534
Absolute Auto Repair Center - Fitchburg 2954,SWA,2954,4394756,1021,105,,3,Amanda,Burns,23 WINCHENDON RD,,BALDWINVILLE,MA,01436-1019
Absolute Auto Repair Center - Fitchburg 2954,SWA,2954,4392193,1021,105,,3,Levar,Small,3 LUNENBURG ST APT 2,,FITCHBURG,MA,01420-7832
Absolute Auto Repair Center - Fitchburg 2954,SWA,2954,7288158,1021,105,,9,Tom,Riordon,66 HIGHLAND AVE APT 2,,FITCHBURG,MA,01420-7826
Absolute Auto Repair Center - Fitchburg 2954,SWA,2954,8049476,1021,105,,9,Eli,Salome,163 MYRTLE AVE,,FITCHBURG,MA,01420-3452
Absolute Auto Repair Center - Fitchburg 2954,SWA,2954,8185630,1021,105,,9,Megan,Donovan,90 N END RD,,TOWNSEND,MA,01469-1125
Absolute Auto Repair Center - Fitchburg 2954,SWA,2954,9306330,1021,105,,9,Willy,Va Silva,47 PRINCETON ST UNIT 3 # 221,,LEOMINSTER,MA,01453-1453
Absolute Auto Repair Center - Fitchburg 2954,SWA,2954,9287328,1021,105,,3,Andrew,Moua,11 WILLOW ST APT 206,,FITCHBURG,MA,01420-7840
Absolute Auto Repair Center - Fitchburg 2954,SWA,2954,9363567,1021,105,,3,Leishla,Amill,48 MAVERICK ST # 2,,FITCHBURG,MA,01420-5832
Absolute Auto Repair Center - Fitchburg 2954,SWA,2954,9355906,1021,105,,3,Kaylah,Israel,681 BROADWAY APT 3,,PAWTUCKET,RI,02860-1175
Absolute Auto Repair Center - Fitchburg 2954,SWA,2954,9624676,1021,105,,9,Calvin,Bailey,119 SUMMER ST,,FITCHBURG,MA,01420-5852
Absolute Auto Repair Center - Fitchburg 2954,SWA,2954,9686175,1021,105,,3,Daniel,Greig,330 SIMONDS RD,,ASHBY,MA,01431-1818
Absolute Auto Repair Center - Fitchburg 2954,SWA,2954,5361656,1021,105,,3,Melanie,Castro Da Vosa,470 MAIN ST APT 2A,,FITCHBURG,MA,01420-8050
Absolute Auto Repair Center - Fitchburg 2954,SWA,2954,7672687,1021,105,,9,Ramon,Garcia,235 MADISON ST # 2FL,,FITCHBURG,MA,01420-5152
Absolute Auto Repair Center - Fitchburg 2954,SWA,2954,4392311,1021,105,,3,Desiree,Torres,211 MECHANIC ST APT 4,,LEOMINSTER,MA,01453-5757
Absolute Auto Repair Center - Fitchburg 2954,SWA,2954,4394619,1021,105,,9,Constance,Cammarata,1 TECH VALLEY DR # 1212,,WESTFORD,MA,01886-2943
Absolute Auto Repair Center - Fitchburg 2954,SWA,2954,10454881,1021,105,,3,Rose,Capurro,411 ROLLSTONE ST,,FITCHBURG,MA,01420-4166
Absolute Auto Repair Center - Fitchburg 2954,SWA,2954,8370876,1021,105,,3,Melaina,Duval,14 CENTRAL ST,,ASHBURNHAM,MA,01430-1266
Absolute Auto Repair Center - Fitchburg 2954,SWA,2954,13712427,1021,105,,3,William,Dalrymple,20 WEST ST,,WESTBOROUGH,MA,01581-2515
Absolute Auto Repair Center - Fitchburg 2954,SWA,2954,12745363,1021,105,,3,Luis,Moskuea,121 2ND ST,,LEOMINSTER,MA,01453-6036
Absolute Auto Repair Center - Fitchburg 2954,SWA,2954,14485305,1021,105,,9,Mike,Simons,246 MERRIAM AVE,,LEOMINSTER,MA,01453-2762
Absolute Auto Repair Center - Fitchburg 2954,SWA,2954,9812013,1021,105,,9,Julio,Torres,5 BLUFF AVE,,FITCHBURG,MA,01420-0197
Absolute Auto Repair Center - Fitchburg 2954,SWA,2954,16659349,1021,105,,9,Michelle,Chiarenza,10 NORMAN RD,,LEOMINSTER,MA,01453-6627
Absolute Auto Repair Center - Fitchburg 2954,SWA,2954,6874428,1021,105,,3,Gonzalo,Fuentes,129 MOUNT VERNON ST,,FITCHBURG,MA,01420-3365
Absolute Auto Repair Center - Fitchburg 2954,SWA,2954,18440486,1021,105,,3,Diego,Bonanno,24 WAXEN WAY,,SHIRLEY,MA,01464-4206
Absolute Auto Repair Center - Fitchburg 2954,SWA,2954,19061918,1021,105,,3,Christian,Izaguirre,36 HOLT ST,,FITCHBURG,MA,01420-4411
Absolute Auto Repair Center - Fitchburg 2954,SWA,2954,19261404,1021,105,,3,Eric,Marriott,54 MOUNTAIN RD # A,,PRINCETON,MA,01541-1123
Absolute Auto Repair Center - Fitchburg 2954,SWA,2954,4390997,1021,105,,9,Alexander,Dixon,11 BIRCH ST APT 1,,FITCHBURG,MA,01420-7312
Absolute Auto Repair Center - Fitchburg 2954,SWA,2954,21443153,1021,105,,3,Ronnie,Masikela,46 MUSKET DR APT A2,,LEOMINSTER,MA,01453-1657
Absolute Auto Repair Center - Fitchburg 2954,SWA,2954,21775622,1021,105,,9,Julio,Tejada,62 HAZEL ST,,FITCHBURG,MA,01420-4185
Absolute Auto Repair Center - Fitchburg 2954,SWA,2954,22378895,1021,105,,9,Summaiyah,Jonathas,316 SHEA ST,,FITCHBURG,MA,01420-4846
Absolute Auto Repair Center - Fitchburg 2954,SWA,2954,23013731,1021,105,,3,Aurelio,Lacombe,71 JOHN FITCH HWY,,FITCHBURG,MA,01420-5903
Absolute Auto Repair Center - Fitchburg 2954,SWA,2954,5362156,1021,105,,9,Hany,Kholeif,7 TRI TOWN DR,,LUNENBURG,MA,01462-2374
Absolute Auto Repair Center - Fitchburg 2954,SWA,2954,23296024,1021,105,,9,Gold,Bowl Inc,22 ASHBY STATE RD,,FITCHBURG,MA,01420-2002
Absolute Auto Repair Center - Fitchburg 2954,SWA,2954,23570610,1021,105,,9,Norma,Guerra,18 MOUNT VERNON ST APT 2,,FITCHBURG,MA,01420-5784
Absolute Auto Repair Center - Fitchburg 2954,SWA,2954,24134355,1021,105,,9,Aaron,Onidi,53 BAY RD # 1,,HADLEY,MA,01035-9512
Absolute Auto Repair Center - Fitchburg 2954,SWA,2954,22334596,1021,105,,9,Adam,Mayhew,4 MORAN HTS,,FITCHBURG,MA,01420-5206
Absolute Auto Repair Center - Fitchburg 2954,SWA,2954,25678044,1021,105,,9,Fransheska,Lanzot,9 LEYTE RD,,FITCHBURG,MA,01420-6309
Absolute Auto Repair Center - Fitchburg 2954,SWA,2954,20438905,1021,105,,9,Guerlyne,Chyrack,115 DAY ST,,FITCHBURG,MA,01420-3388
Absolute Auto Repair Center - Fitchburg 2954,SWA,2954,10025400,1021,105,,9,Brian,Sansevero,18 ELMWOOD AVE,,FITCHBURG,MA,01420-4934
Absolute Auto Repair Center - Fitchburg 2954,SWA,2954,24063659,1021,105,,3,Carlos,Valderrama,30 CONSTITUTION DR,,FITCHBURG,MA,01420-6749
Absolute Auto Repair Center - Fitchburg 2954,SWA,2954,6087154,1021,105,,3,Viviana,Mercado Aponte,22 BEACON ST # 1,,FITCHBURG,MA,01420-4404
Absolute Auto Repair Center - Fitchburg 2954,SWA,2954,19767688,1021,105,,3,Lyannet,Vazquez,1428 MAIN ST APT 213,,FITCHBURG,MA,01420-3478
Absolute Auto Repair Center - Fitchburg 2954,SWA,2954,26291897,1021,105,,9,Jackson,Higgins,510 MECHANIC ST,,FITCHBURG,MA,01420-2085
Absolute Auto Repair Center - Fitchburg 2954,SWA,2954,26677803,1021,105,,3,John,Nelson,90 PACIFIC ST,,FITCHBURG,MA,01420-2676
Absolute Auto Repair Center - Fitchburg 2954,SWA,2954,4680855,1021,105,,9,Christine,Kinsella,55 GREEN ST UNIT C213,,CLINTON,MA,01510-3034
Absolute Auto Repair Center - Fitchburg 2954,SWA,2954,19262018,1021,105,,3,Thiago,Palma,35 PEARL ST,,FITCHBURG,MA,01420-3367
Absolute Auto Repair Center - Fitchburg 2954,SWA,2954,4390903,1021,105,,9,Bryan,Man,463 BURRAGE ST,,LUNENBURG,MA,01462-2143
Absolute Auto Repair Center - Fitchburg 2954,SWA,2954,4392396,1021,105,,9,Lonny,Jennings,1966 NW 82ND AVE,,DORAL,FL,33126-1012
Absolute Auto Repair Center - Fitchburg 2954,SWA,2954,7281840,1021,105,,3,Daniel,Hernandez,14 CONGRESS ST APT 1,,FITCHBURG,MA,01420-3466
Absolute Auto Repair Center - Fitchburg 2954,SWA,2954,8186157,1021,105,,9,Joanavy,Cancelaria,42 CLARENDON ST APT 3,,FITCHBURG,MA,01420-3982
Absolute Auto Repair Center - Fitchburg 2954,SWA,2954,8312190,1021,105,,3,Riz,Khan,126 MYRTLE AVE,,FITCHBURG,MA,01420-3451
Absolute Auto Repair Center - Fitchburg 2954,SWA,2954,7993413,1021,105,,9,Patricia,Raymond,22 APPLETON PL APT 2,,LEOMINSTER,MA,01453-0347
Absolute Auto Repair Center - Fitchburg 2954,SWA,2954,10302133,1021,105,,3,Steve,Fruguglietti,827 FISHER RD,,FITCHBURG,MA,01420-1636
Absolute Auto Repair Center - Fitchburg 2954,SWA,2954,11468989,1021,105,,9,Jade,Kobus,25 MOUNT VERNON ST,,FITCHBURG,MA,01420-9000
Absolute Auto Repair Center - Fitchburg 2954,SWA,2954,13277885,1021,105,,3,John,Inthompabith,80 MARSHALL ST,,FITCHBURG,MA,01420-2468
Absolute Auto Repair Center - Fitchburg 2954,SWA,2954,4388462,1021,105,,3,Mary,Simpson,54 NORTH ST,,LEOMINSTER,MA,01453-6814
Absolute Auto Repair Center - Fitchburg 2954,SWA,2954,8187115,1021,105,,3,Kerry,Goldsmith,24 APACHE RD,,HUBBARDSTON,MA,01452-1537
Absolute Auto Repair Center - Fitchburg 2954,SWA,2954,4392149,1021,105,,3,Anthony,Mercadante,135M RYEFIELD RD,,FITCHBURG,MA,01420-2568
Absolute Auto Repair Center - Fitchburg 2954,SWA,2954,20721860,1021,105,,9,Andrea,Puglisi,695 CAPE ST APT 1,,LEE,MA,01238-9679
Absolute Auto Repair Center - Fitchburg 2954,SWA,2954,21226138,1021,105,,9,Edward,Wolf,114 BEECH ST,,FITCHBURG,MA,01420-4197
Absolute Auto Repair Center - Fitchburg 2954,SWA,2954,4394992,1021,105,,3,Dan,Hammerbeck,114 MANCHESTER ST,,LEOMINSTER,MA,01453-4036
Absolute Auto Repair Center - Fitchburg 2954,SWA,2954,21376497,1021,105,,9,Elbio,Giorello,26 BLOSSOM ST,,LEOMINSTER,MA,01453-2738
Absolute Auto Repair Center - Fitchburg 2954,SWA,2954,22533736,1021,105,,3,Shreya,Kelly,28 MASON DR,,NEW BRITAIN,CT,06052-1930
Absolute Auto Repair Center - Fitchburg 2954,SWA,2954,22867424,1021,105,,3,Jorge,Carrizo,431 WATER ST,,FITCHBURG,MA,01420-7318
Absolute Auto Repair Center - Fitchburg 2954,SWA,2954,6875333,1021,105,,3,Cameron,McPherson,569 ASHBURNHAM ST,,FITCHBURG,MA,01420-2708
Absolute Auto Repair Center - Fitchburg 2954,SWA,2954,24449439,1021,105,,9,Robert,Brassard,101 FITCH HILL AVE,,FITCHBURG,MA,01420-3376
Absolute Auto Repair Center - Fitchburg 2954,SWA,2954,27143797,1021,105,,3,Patrick,Cormier,38 CASPIAN WAY,,FITCHBURG,MA,01420-8931
Absolute Auto Repair Center - Fitchburg 2954,SWA,2954,7910544,1021,105,,9,Cathrine,Paul,20 VICTORIA LN,,FITCHBURG,MA,01420-4666
Absolute Auto Repair Center - Fitchburg 2954,SWA,2954,26267998,1021,105,,9,Jay,Aveni,94 ELLIS RD,,WESTMINSTER,MA,01473-1413
Absolute Auto Repair Center - Fitchburg 2954,SWA,2954,27408524,1021,105,,9,Brianna,Ouellette,587 GOODRICH ST,,LUNENBURG,MA,01462-1619
Absolute Auto Repair Center - Fitchburg 2954,SWA,2954,27564520,1021,105,,9,Kate,Roarty,62 GREEN RD,,BOLTON,MA,01740-1027
Absolute Auto Repair Center - Fitchburg 2954,SWA,2954,27147214,1021,105,,3,Jeremy,Dautrich,62 CONSTITUTION DR,,FITCHBURG,MA,01420-6749
Absolute Auto Repair Center - Fitchburg 2954,SWA,2954,6786980,1021,105,,3,Eric,Rocheleau,100 BEMIS RD,,FITCHBURG,MA,01420-6477
