Shop Name,Software,SID,CID,WSID,WCID,MBdayMo,TBdayMo,First,Last,Address,Address2,City,St,Zip
Absolute Auto Repair Center - Fitchburg 2954,SWA,2954,4388485,1021,105,09,,Kristen,Consalvo,35 HAZEN RD APT A4,,SHIRLEY,MA,01464-2719
Absolute Auto Repair Center - Fitchburg 2954,SWA,2954,4388600,1021,105,09,,David,Dawson,99 LINDEN ST,,BERLIN,MA,01503-1660
Absolute Auto Repair Center - Fitchburg 2954,SWA,2954,4390178,1021,105,09,,Walter,Geswell,802 LEOMINSTER RD,,LUNENBURG,MA,01462-2018
Absolute Auto Repair Center - Fitchburg 2954,SWA,2954,4388805,1021,105,09,,Susan,Macdonald,31 NELSON AVE,,BEVERLY,MA,01915-1134
Absolute Auto Repair Center - Fitchburg 2954,SWA,2954,4388800,1021,105,09,,Denise,Osvold,723 NEW WEST TOWNSEND RD,,LUNENBURG,MA,01462-1025
Absolute Auto Repair Center - Fitchburg 2954,SWA,2954,4388860,1021,105,09,,Sarah,Hough,334 LUNENBURG ST APT RIGHT,,FITCHBURG,MA,01420-4506
Absolute Auto Repair Center - Fitchburg 2954,SWA,2954,4390872,1021,105,09,,Robert,Roosa,47 PRINCETON ST,,LEOMINSTER,MA,01453-1453
Absolute Auto Repair Center - Fitchburg 2954,SWA,2954,4390686,1021,105,09,,Samuel,Giadone,11 PROSPECT AVE,,LEOMINSTER,MA,01453-6631
Absolute Auto Repair Center - Fitchburg 2954,SWA,2954,4390932,1021,105,09,,Judy,Wangunyu,56 FITCHBURG RD,,TOWNSEND,MA,01469-1254
Absolute Auto Repair Center - Fitchburg 2954,SWA,2954,4389286,1021,105,09,,Jermaine,Phillips,9 BRUCE ST,,FITCHBURG,MA,01420-4238
Absolute Auto Repair Center - Fitchburg 2954,SWA,2954,4389409,1021,105,09,,Charles,Raff,294 6TH ST,,LEOMINSTER,MA,01453-4489
Absolute Auto Repair Center - Fitchburg 2954,SWA,2954,4389367,1021,105,09,,Lucio,Sintillo,234 HIGH ST APT 2,,FITCHBURG,MA,01420-2391
Absolute Auto Repair Center - Fitchburg 2954,SWA,2954,4389549,1021,105,09,,Angelo,Ramos,185 HAZEL ST APT 2,,FITCHBURG,MA,01420-4103
Absolute Auto Repair Center - Fitchburg 2954,SWA,2954,4389662,1021,105,09,,Nelson,Rosa,86 BOUTELLE ST,,FITCHBURG,MA,01420-4537
Absolute Auto Repair Center - Fitchburg 2954,SWA,2954,4389776,1021,105,09,,Joseph,Lacombe,1 FERNWAY,,WINCHESTER,MA,01890-3708
Absolute Auto Repair Center - Fitchburg 2954,SWA,2954,4389806,1021,105,09,,Avera,Morrison,98 CHARLTON ST,,FITCHBURG,MA,01420-7403
Absolute Auto Repair Center - Fitchburg 2954,SWA,2954,4389258,1021,105,09,,Ken,Durling,153 SHELDON RD,,FITCHBURG,MA,01420-1809
Absolute Auto Repair Center - Fitchburg 2954,SWA,2954,4389680,1021,105,09,,Catherine,Shuman,28 BEACON ST APT 1,,FITCHBURG,MA,01420-4478
Absolute Auto Repair Center - Fitchburg 2954,SWA,2954,4389238,1021,105,09,,Abagael,Hutton,12 ATLANTIC AVE,,FITCHBURG,MA,01420-4402
Absolute Auto Repair Center - Fitchburg 2954,SWA,2954,4389973,1021,105,09,,Vimal,Raheja,19 JESSICA WAY,,FITCHBURG,MA,01420-1372
Absolute Auto Repair Center - Fitchburg 2954,SWA,2954,4390061,1021,105,09,,Rebecca,Provost,60 PACIFIC ST APT 2F,,FITCHBURG,MA,01420-5062
Absolute Auto Repair Center - Fitchburg 2954,SWA,2954,4390114,1021,105,09,,Stephanie,Dondero,13 WACHUSETT DR,,WESTMINSTER,MA,01473-1607
Absolute Auto Repair Center - Fitchburg 2954,SWA,2954,4389686,1021,105,09,,David,Harrington,18 ACORN AVE,,FITCHBURG,MA,01420-6745
Absolute Auto Repair Center - Fitchburg 2954,SWA,2954,4390265,1021,105,09,,Robert,Stcyr,16 EVERETT ST,,FITCHBURG,MA,01420-5504
Absolute Auto Repair Center - Fitchburg 2954,SWA,2954,4390376,1021,105,09,,Manuel,Rodriquez,6 MORRIS ST APT 3,,FITCHBURG,MA,01420-5191
Absolute Auto Repair Center - Fitchburg 2954,SWA,2954,4390452,1021,105,09,,Rose,Marshall,51 DOUGLAS AVE,,LEOMINSTER,MA,01453-1931
Absolute Auto Repair Center - Fitchburg 2954,SWA,2954,4390446,1021,105,09,,Rosa,Vasquez,12 WASHINGTON ST,,FITCHBURG,MA,01420-5689
Absolute Auto Repair Center - Fitchburg 2954,SWA,2954,4390698,1021,105,09,,James,Grogan,70 PATTERSON RD,,SHIRLEY,MA,01464-2906
Absolute Auto Repair Center - Fitchburg 2954,SWA,2954,4390736,1021,105,09,,Shawn,Parker,115 CORTLAND CIR,,LEOMINSTER,MA,01453-4575
Absolute Auto Repair Center - Fitchburg 2954,SWA,2954,4390738,1021,105,09,,Robert,Gammell,15 COUNTY RD,,MATTAPOISETT,MA,02739-1584
Absolute Auto Repair Center - Fitchburg 2954,SWA,2954,4392617,1021,105,09,,Johnny,Izarry,16 STATE ST APT H,,LEOMINSTER,MA,01453-1532
Absolute Auto Repair Center - Fitchburg 2954,SWA,2954,4390758,1021,105,09,,Mike,Raneri,14 HARUGARI ST,,FITCHBURG,MA,01420-4126
Absolute Auto Repair Center - Fitchburg 2954,SWA,2954,4390950,1021,105,09,,Marc,Shuman,31 CANAL ST,,PEPPERELL,MA,01463-1602
Absolute Auto Repair Center - Fitchburg 2954,SWA,2954,4391028,1021,105,09,,Carol,Ciccone,47 HAZEL ST,,FITCHBURG,MA,01420-4793
Absolute Auto Repair Center - Fitchburg 2954,SWA,2954,4391161,1021,105,09,,Sheila,Renda,450 OLD SOUTH ST,,FITCHBURG,MA,01420-6275
Absolute Auto Repair Center - Fitchburg 2954,SWA,2954,4391174,1021,105,09,,Tammy,Smith,244 FAIRMOUNT ST,,FITCHBURG,MA,01420-5088
Absolute Auto Repair Center - Fitchburg 2954,SWA,2954,4389948,1021,105,09,,Melysa,Faria,50 HANCOCK ST,,FITCHBURG,MA,01420-7345
Absolute Auto Repair Center - Fitchburg 2954,SWA,2954,4390786,1021,105,09,,Shelly,Fournier,74 HANNIGAN CT # 1,,FITCHBURG,MA,01420-3887
Absolute Auto Repair Center - Fitchburg 2954,SWA,2954,4393103,1021,105,09,,Rachel,Mckinnon,58 PROCTOR RD,,WILTON,NH,03086-5823
Absolute Auto Repair Center - Fitchburg 2954,SWA,2954,4391428,1021,105,09,,Ronda,Obrien,200 ATLANTIC AVE,,LEOMINSTER,MA,01453-6850
Absolute Auto Repair Center - Fitchburg 2954,SWA,2954,4391534,1021,105,09,,Alan,Maccarone,22 EDRO ISLE RD,,WESTMINSTER,MA,01473-1628
Absolute Auto Repair Center - Fitchburg 2954,SWA,2954,4390483,1021,105,09,,Dianne,Thibedeau,349 OAK HILL RD,,FITCHBURG,MA,01420-4952
Absolute Auto Repair Center - Fitchburg 2954,SWA,2954,4391729,1021,105,09,,Linda,Sango,494 PIERCE ST,,LEOMINSTER,MA,01453-3036
Absolute Auto Repair Center - Fitchburg 2954,SWA,2954,4391756,1021,105,09,,Angle,Olivo,6 JOHNSON ST,,FITCHBURG,MA,01420-5999
Absolute Auto Repair Center - Fitchburg 2954,SWA,2954,4391820,1021,105,09,,Eddie,Watson,7 MULPUS RD,,LUNENBURG,MA,01462-1801
Absolute Auto Repair Center - Fitchburg 2954,SWA,2954,4391789,1021,105,09,,Lessie,Jones,122 DAY ST,,FITCHBURG,MA,01420-3394
Absolute Auto Repair Center - Fitchburg 2954,SWA,2954,4392107,1021,105,09,,Collin,Pawlak,509 MECHANIC ST,,FITCHBURG,MA,01420-2053
Absolute Auto Repair Center - Fitchburg 2954,SWA,2954,4391982,1021,105,09,,Taylor,Venturi,10 UNION ST,,LEOMINSTER,MA,01453-6178
Absolute Auto Repair Center - Fitchburg 2954,SWA,2954,4392006,1021,105,09,,Alex,Normandin,7 GREENBRIAR DR APT 306,,NORTH READING,MA,01864-3144
Absolute Auto Repair Center - Fitchburg 2954,SWA,2954,4392139,1021,105,09,,Ralph,Erilus,431 WATER ST APT 1,,FITCHBURG,MA,01420-7318
Absolute Auto Repair Center - Fitchburg 2954,SWA,2954,4390646,1021,105,09,,Jose,Ochoa,168 EUTAW AVE,,LYNN,MA,01902-2163
Absolute Auto Repair Center - Fitchburg 2954,SWA,2954,4392295,1021,105,09,,Bounsouk,Thoungyoun,19 GILLIS CT,,FITCHBURG,MA,01420-5915
Absolute Auto Repair Center - Fitchburg 2954,SWA,2954,4390589,1021,105,09,,Ann,Eckstein,290 MILK ST,,FITCHBURG,MA,01420-7913
Absolute Auto Repair Center - Fitchburg 2954,SWA,2954,4392352,1021,105,09,,Jennifer,Jones,14 ARLINGTON ST,,FITCHBURG,MA,01420-2220
Absolute Auto Repair Center - Fitchburg 2954,SWA,2954,4392390,1021,105,09,,Chris,Girard,28 SUMMER ST,,FITCHBURG,MA,01420-0198
Absolute Auto Repair Center - Fitchburg 2954,SWA,2954,4394524,1021,105,09,,James,Badagliacca,31 GODDARD ST,,FITCHBURG,MA,01420-2244
Absolute Auto Repair Center - Fitchburg 2954,SWA,2954,4392411,1021,105,09,,Luis,Rojas,9 CROWN ST,,FITCHBURG,MA,01420-5436
Absolute Auto Repair Center - Fitchburg 2954,SWA,2954,4392504,1021,105,09,,Stephen,Dankwa,47 ALLEN ST,,LEOMINSTER,MA,01453-2902
Absolute Auto Repair Center - Fitchburg 2954,SWA,2954,4389267,1021,105,09,,Sheryl,Burch,276 LUNENBURG ST LOT 34,,FITCHBURG,MA,01420-4555
Absolute Auto Repair Center - Fitchburg 2954,SWA,2954,4392671,1021,105,09,,Jarrid,Crocker,2 VALE ST,,MERRIMAC,MA,01860-1953
Absolute Auto Repair Center - Fitchburg 2954,SWA,2954,4392763,1021,105,09,,Alberto,Fiore,729 WEST ST,,LEOMINSTER,MA,01453-2060
Absolute Auto Repair Center - Fitchburg 2954,SWA,2954,4392765,1021,105,09,,Cierra,Fitz,907 WESTMINSTER HILL RD,,FITCHBURG,MA,01420-2747
Absolute Auto Repair Center - Fitchburg 2954,SWA,2954,4390888,1021,105,09,,Marilyn,Berube,111 GREEN ST,,FITCHBURG,MA,01420-3462
Absolute Auto Repair Center - Fitchburg 2954,SWA,2954,4392897,1021,105,09,,Renee,Gladu,33 EMERSON AVE,,SWANSEA,MA,02777-1444
Absolute Auto Repair Center - Fitchburg 2954,SWA,2954,4392943,1021,105,09,,Chris,Heinz,260 CROSS RD,,LUNENBURG,MA,01462-2062
Absolute Auto Repair Center - Fitchburg 2954,SWA,2954,4392877,1021,105,09,,Dieulila,Pierre,115 CRESTVIEW LN,,FITCHBURG,MA,01420-6367
Absolute Auto Repair Center - Fitchburg 2954,SWA,2954,4389429,1021,105,09,,William,Simmons,21 SHIRLEY RD,,TOWNSEND,MA,01469-1316
Absolute Auto Repair Center - Fitchburg 2954,SWA,2954,4393147,1021,105,09,,Mark,Colton,183 BOUTELLE ST,,FITCHBURG,MA,01420-4538
Absolute Auto Repair Center - Fitchburg 2954,SWA,2954,4391949,1021,105,09,,Jo,Andreassen,200 ATLANTIC AVE APT 22C,,LEOMINSTER,MA,01453-6852
Absolute Auto Repair Center - Fitchburg 2954,SWA,2954,4391245,1021,105,09,,Scott,Phillips,7 OAKRIDGE DR,,RUTLAND,MA,01543-1712
Absolute Auto Repair Center - Fitchburg 2954,SWA,2954,4393224,1021,105,09,,John,Burns,572 HIGH ROCK RD,,FITCHBURG,MA,01420-1555
Absolute Auto Repair Center - Fitchburg 2954,SWA,2954,4393235,1021,105,09,,Christine,Gleason,28 INSTITUTE ST # 1,,FITCHBURG,MA,01420-3743
Absolute Auto Repair Center - Fitchburg 2954,SWA,2954,4393363,1021,105,09,,Slovan,Metellus,26 BOUVE AVE,,BROCKTON,MA,02301-5043
Absolute Auto Repair Center - Fitchburg 2954,SWA,2954,4393438,1021,105,09,,Doug,Prime,PO BOX 221,,WARREN,ME,04864-0221
Absolute Auto Repair Center - Fitchburg 2954,SWA,2954,4392424,1021,105,09,,Fran,Irizarry,22 HIGHLAND AVE APT 2ND,,FITCHBURG,MA,01420-0121
Absolute Auto Repair Center - Fitchburg 2954,SWA,2954,4392693,1021,105,09,,Sharon,Bernard,785 SCOTT RD,,FITCHBURG,MA,01420-6680
Absolute Auto Repair Center - Fitchburg 2954,SWA,2954,4393521,1021,105,09,,Theresa,Zwart,137 CONNORS ST,,FITCHBURG,MA,01420-7256
Absolute Auto Repair Center - Fitchburg 2954,SWA,2954,4392550,1021,105,09,,Tim,Mcneice,5 NORCROSS TER,,FITCHBURG,MA,01420-3335
Absolute Auto Repair Center - Fitchburg 2954,SWA,2954,4393709,1021,105,09,,Achla,Madan,34 WILLIAMS RD,,FITCHBURG,MA,01420-1824
Absolute Auto Repair Center - Fitchburg 2954,SWA,2954,4393818,1021,105,09,,Peter,Keto,20 HARRISON ST,,MAYNARD,MA,01754-1824
Absolute Auto Repair Center - Fitchburg 2954,SWA,2954,4393893,1021,105,09,,Jose,Latimer,26 PENN ST,,LEOMINSTER,MA,01453-1344
Absolute Auto Repair Center - Fitchburg 2954,SWA,2954,4393891,1021,105,09,,Lori,Corcoran,44 EAST ST,,FITCHBURG,MA,01420-3516
Absolute Auto Repair Center - Fitchburg 2954,SWA,2954,4393944,1021,105,09,,Maria,Torres,64 GROVE ST APT 1,,FITCHBURG,MA,01420-3497
Absolute Auto Repair Center - Fitchburg 2954,SWA,2954,4391916,1021,105,09,,Erica,Lacoy,5 ROGERS AVE,,FITCHBURG,MA,01420-2638
Absolute Auto Repair Center - Fitchburg 2954,SWA,2954,4394201,1021,105,09,,David,Basilio,11 FITCH HILL AVE,,FITCHBURG,MA,01420-3321
Absolute Auto Repair Center - Fitchburg 2954,SWA,2954,4394223,1021,105,09,,Daryl,Smith,74 TURNPIKE RD APT 203,,TOWNSEND,MA,01469-1452
Absolute Auto Repair Center - Fitchburg 2954,SWA,2954,4394234,1021,105,09,,Takkisha,Snowden,225 WATER ST APT B,,FITCHBURG,MA,01420-5488
Absolute Auto Repair Center - Fitchburg 2954,SWA,2954,4393156,1021,105,09,,Patty,Cintron,35 WOODLAND RD,,LEOMINSTER,MA,01453-4635
Absolute Auto Repair Center - Fitchburg 2954,SWA,2954,4391496,1021,105,09,,Kathy,Reynolds,471 LINDELL AVE,,LEOMINSTER,MA,01453-5416
Absolute Auto Repair Center - Fitchburg 2954,SWA,2954,4394311,1021,105,09,,Jim,Powell,41 CHEVY CHASE RD,,WORCESTER,MA,01606-2514
Absolute Auto Repair Center - Fitchburg 2954,SWA,2954,4394017,1021,105,09,,Evan,Dolber,243 CLIFTON ST,,MALDEN,MA,02148-2406
Absolute Auto Repair Center - Fitchburg 2954,SWA,2954,4394364,1021,105,09,,Nkongho,Ayuk,744 WILLARD ST,,LEOMINSTER,MA,01453-5980
Absolute Auto Repair Center - Fitchburg 2954,SWA,2954,4394371,1021,105,09,,Alexander,Angelini,335 PINE ST,,GARDNER,MA,01440-0016
Absolute Auto Repair Center - Fitchburg 2954,SWA,2954,4394399,1021,105,09,,Joe,Zancho,595 MOUNT ELAM RD,,FITCHBURG,MA,01420-6914
Absolute Auto Repair Center - Fitchburg 2954,SWA,2954,4394410,1021,105,09,,Johny,Joseph,740 CENTRAL ST UNIT W17,,LEOMINSTER,MA,01453-4855
Absolute Auto Repair Center - Fitchburg 2954,SWA,2954,4393617,1021,105,09,,Steven,Leupold,832 RICHARDSON RD,,ASHBY,MA,01431-2181
Absolute Auto Repair Center - Fitchburg 2954,SWA,2954,4391864,1021,105,09,,Nathan,Debro,135 LAWNDALE RD,,MANSFIELD,MA,02048-1676
Absolute Auto Repair Center - Fitchburg 2954,SWA,2954,4391092,1021,105,09,,Greg,Parsons,52 ISABEL CIR,,LEOMINSTER,MA,01453-8100
Absolute Auto Repair Center - Fitchburg 2954,SWA,2954,4394526,1021,105,09,,Elizabeth,Williams,49 OLD OAK AVE,,WESTMINSTER,MA,01473-1707
Absolute Auto Repair Center - Fitchburg 2954,SWA,2954,4395534,1021,105,09,,Corey,Tallman,45 RODIMAN AVE,,FITCHBURG,MA,01420-7123
Absolute Auto Repair Center - Fitchburg 2954,SWA,2954,4393223,1021,105,09,,Marcel,Clyburn,313 LANCASTER ST APT 1 FL FRONT,,LEOMINSTER,MA,01453-7315
Absolute Auto Repair Center - Fitchburg 2954,SWA,2954,4395540,1021,105,09,,Hannah,Fisher,125 BEAN PORRIDGE HILL RD,,WESTMINSTER,MA,01473-1119
Absolute Auto Repair Center - Fitchburg 2954,SWA,2954,4394770,1021,105,09,,Camry,Lowe,52 MARSHALL ST,,SPRINGFIELD,MA,01109-3722
Absolute Auto Repair Center - Fitchburg 2954,SWA,2954,4394779,1021,105,09,,Sarah,Labaire,65 FITCHBURG RD,,PRINCETON,MA,01541-1001
Absolute Auto Repair Center - Fitchburg 2954,SWA,2954,4394826,1021,105,09,,Selena,Florival,PO BOX 348,,STOUGHTON,MA,02072-0348
Absolute Auto Repair Center - Fitchburg 2954,SWA,2954,4394863,1021,105,09,,Samantha,Bright,14 BERTHA CIR,,BILLERICA,MA,01821-3756
Absolute Auto Repair Center - Fitchburg 2954,SWA,2954,4392510,1021,105,09,,Gary,Samarjian,50 BLOSSOM ST,,FITCHBURG,MA,01420-4355
Absolute Auto Repair Center - Fitchburg 2954,SWA,2954,4392064,1021,105,09,,Wilfred,Kekeke,27 WINTER TER,,FITCHBURG,MA,01420-4422
Absolute Auto Repair Center - Fitchburg 2954,SWA,2954,4395561,1021,105,09,,Denise,Filiau,105 CASTLE RD,,FITCHBURG,MA,01420-2995
Absolute Auto Repair Center - Fitchburg 2954,SWA,2954,4391249,1021,105,09,,Robin,Newton,44 OVERLOOK DR,,LEOMINSTER,MA,01453-5100
Absolute Auto Repair Center - Fitchburg 2954,SWA,2954,4394981,1021,105,09,,Maryann,Harris,48 LAKE DR E,,WESTMINSTER,MA,01473-1408
Absolute Auto Repair Center - Fitchburg 2954,SWA,2954,4394986,1021,105,09,,Stephanie,Holinko,445 PLEASANT ST REAR,,FRAMINGHAM,MA,01701-2805
Absolute Auto Repair Center - Fitchburg 2954,SWA,2954,4395005,1021,105,09,,Patricia,Lillie,19 RODNEY ST,,WORCESTER,MA,01605-4057
Absolute Auto Repair Center - Fitchburg 2954,SWA,2954,4395009,1021,105,09,,Remon,Aziz,39 BEECH ST,,FITCHBURG,MA,01420-4150
Absolute Auto Repair Center - Fitchburg 2954,SWA,2954,4395580,1021,105,09,,Javier,Davila,31 VALLEY ST,,FITCHBURG,MA,01420-6321
Absolute Auto Repair Center - Fitchburg 2954,SWA,2954,4395134,1021,105,09,,Edna Asajile,Eliamani,38 MECHANIC ST,,FITCHBURG,MA,01420-2323
Absolute Auto Repair Center - Fitchburg 2954,SWA,2954,4395205,1021,105,09,,Saujanya,Mani,1015 FRANKLIN RD,,FITCHBURG,MA,01420-4874
Absolute Auto Repair Center - Fitchburg 2954,SWA,2954,4392217,1021,105,09,,Gregory,Parson,52 ISABEL CIR,,LEOMINSTER,MA,01453-8100
Absolute Auto Repair Center - Fitchburg 2954,SWA,2954,4393566,1021,105,09,,Paul,Bourgeois,24 BOYLSTON ST,,FITCHBURG,MA,01420-5855
Absolute Auto Repair Center - Fitchburg 2954,SWA,2954,4395391,1021,105,09,,Gianna,Giglio,775 BROADWAY RD,,DRACUT,MA,01826-2801
Absolute Auto Repair Center - Fitchburg 2954,SWA,2954,4395398,1021,105,09,,Nathaniel,Damiani,20 MCGILLEN DR,,LEOMINSTER,MA,01453-4173
Absolute Auto Repair Center - Fitchburg 2954,SWA,2954,4392676,1021,105,09,,Laurieann,Patenaude,54 WASHINGTON ST,,LEOMINSTER,MA,01453-3122
Absolute Auto Repair Center - Fitchburg 2954,SWA,2954,4393627,1021,105,09,,Brandice,Blouin,12 DOROTHY PL,,GROTON,MA,01450-2050
Absolute Auto Repair Center - Fitchburg 2954,SWA,2954,4395179,1021,105,09,,Aminta,Gomez,14 WAVERLY ST APT 2,,FITCHBURG,MA,01420-3342
Absolute Auto Repair Center - Fitchburg 2954,SWA,2954,4395798,1021,105,09,,Beverly,Aubuchon,12 ARCH PL,,FITCHBURG,MA,01420-6108
Absolute Auto Repair Center - Fitchburg 2954,SWA,2954,4395809,1021,105,09,,Robin,Macleod,189 CROSS RD,,LUNENBURG,MA,01462-2063
Absolute Auto Repair Center - Fitchburg 2954,SWA,2954,4395827,1021,105,09,,Nancy,Parsons,PO BOX 7464,,FITCHBURG,MA,01420-0022
Absolute Auto Repair Center - Fitchburg 2954,SWA,2954,4395866,1021,105,09,,Christine,Nogueira,58 SAINT ANDREW ST,,FITCHBURG,MA,01420-5034
Absolute Auto Repair Center - Fitchburg 2954,SWA,2954,4390278,1021,105,09,,Elizabeth,Moge,42 LEE AVE,,FITCHBURG,MA,01420-6138
Absolute Auto Repair Center - Fitchburg 2954,SWA,2954,4395885,1021,105,09,,Michael,Roy,107 SUMMER ST,,FITCHBURG,MA,01420-5711
Absolute Auto Repair Center - Fitchburg 2954,SWA,2954,4395920,1021,105,09,,Gage,Prentiss,615 WESTMINSTER HILL RD,,FITCHBURG,MA,01420-2915
Absolute Auto Repair Center - Fitchburg 2954,SWA,2954,4395775,1021,105,09,,David,Griffin,41 CRESCENT RD,,LEOMINSTER,MA,01453-3015
Absolute Auto Repair Center - Fitchburg 2954,SWA,2954,4395972,1021,105,09,,Lynn,Dame,20 HILLCREST LN,,FITCHBURG,MA,01420-3773
Absolute Auto Repair Center - Fitchburg 2954,SWA,2954,4395978,1021,105,09,,Randall,Palmer,5 VISTA CIR,,RUTLAND,MA,01543-1450
Absolute Auto Repair Center - Fitchburg 2954,SWA,2954,4395624,1021,105,09,,John,Eriksson,11 WILLIAM ST,,FITCHBURG,MA,01420-4227
Absolute Auto Repair Center - Fitchburg 2954,SWA,2954,4396063,1021,105,09,,Andrea,Brideau,38 ISABEL CIR,,LEOMINSTER,MA,01453-8100
Absolute Auto Repair Center - Fitchburg 2954,SWA,2954,4396066,1021,105,09,,Sarah,Ostrowski,244 MADISON ST,,FITCHBURG,MA,01420-4777
Absolute Auto Repair Center - Fitchburg 2954,SWA,2954,4396053,1021,105,09,,Paula,Kalagher,15 NEWTON ST,,FITCHBURG,MA,01420-6425
Absolute Auto Repair Center - Fitchburg 2954,SWA,2954,4396024,1021,105,09,,John,Micklus,345 LINCOLN AVE APT 531,,AMHERST,MA,01003-9384
Absolute Auto Repair Center - Fitchburg 2954,SWA,2954,4396094,1021,105,09,,Greg,Driscoll,9 BROCKTON AVE,,QUINCY,MA,02169-3913
Absolute Auto Repair Center - Fitchburg 2954,SWA,2954,4392068,1021,105,09,,Ramon,Bazan,181 EXCHANGE ST,,LEOMINSTER,MA,01453-2519
Absolute Auto Repair Center - Fitchburg 2954,SWA,2954,4386682,1021,105,09,,Amber,Kucher,41 PLEASANTVIEW AVE,,FITCHBURG,MA,01420-7144
Absolute Auto Repair Center - Fitchburg 2954,SWA,2954,4386727,1021,105,09,,Rick,Boscardin,315 PEARL ST,,FITCHBURG,MA,01420-2656
Absolute Auto Repair Center - Fitchburg 2954,SWA,2954,4395518,1021,105,09,,Shaw N,Gallant,81 STARR ST,,LEOMINSTER,MA,01453-1607
Absolute Auto Repair Center - Fitchburg 2954,SWA,2954,4395971,1021,105,09,,Anthony,Sisoian,41 KATIE LN,,LEOMINSTER,MA,01453-5266
Absolute Auto Repair Center - Fitchburg 2954,SWA,2954,4386806,1021,105,09,,Rodney,Kaddy,142 S MAIN ST,,TEMPLETON,MA,01468-1526
Absolute Auto Repair Center - Fitchburg 2954,SWA,2954,4395598,1021,105,09,,Joshua,Gallant,1257 MAIN ST,,LEOMINSTER,MA,01453-1755
Absolute Auto Repair Center - Fitchburg 2954,SWA,2954,4394890,1021,105,09,,Sarah,Balthazar,183 WILLARD ST APT 202,,LEOMINSTER,MA,01453-4936
Absolute Auto Repair Center - Fitchburg 2954,SWA,2954,4386887,1021,105,09,,Joshua,Melanson,5 1/2 WEYMOUTH ST,,FITCHBURG,MA,01420-3316
Absolute Auto Repair Center - Fitchburg 2954,SWA,2954,4395747,1021,105,09,,Eliane,Alves,39 BURNAP ST,,FITCHBURG,MA,01420-7943
Absolute Auto Repair Center - Fitchburg 2954,SWA,2954,4386972,1021,105,09,,Michelle,Raymond,143 WASHINGTON ST,,GARDNER,MA,01440-2733
Absolute Auto Repair Center - Fitchburg 2954,SWA,2954,4386983,1021,105,09,,Robert,Favini,39 BELGIAN WAY,,FITCHBURG,MA,01420-8935
Absolute Auto Repair Center - Fitchburg 2954,SWA,2954,4386990,1021,105,09,,Craig,Obrien,12 GROVE ST,,WESTFORD,MA,01886-1712
Absolute Auto Repair Center - Fitchburg 2954,SWA,2954,4395200,1021,105,09,,Thomas,Chouinard,40 EDWARDS ST,,FITCHBURG,MA,01420-0124
Absolute Auto Repair Center - Fitchburg 2954,SWA,2954,4395520,1021,105,09,,Clemente,Cintron,119 MYRTLE AVE,,FITCHBURG,MA,01420-3450
Absolute Auto Repair Center - Fitchburg 2954,SWA,2954,4387004,1021,105,09,,Brendan,Cotter,2 PALIOTTA PKWY,,CRANSTON,RI,02921-1918
Absolute Auto Repair Center - Fitchburg 2954,SWA,2954,4395745,1021,105,09,,Nichol,Tourigny,178 SUMMER ST,,ATHOL,MA,01331-3429
Absolute Auto Repair Center - Fitchburg 2954,SWA,2954,4387079,1021,105,09,,Paul,Piper,479 JOHNNY APPLESEED LN,,LEOMINSTER,MA,01453-4574
Absolute Auto Repair Center - Fitchburg 2954,SWA,2954,4388004,1021,105,09,,Rosa,Nelson,86 BOUTELLE ST,,FITCHBURG,MA,01420-4537
Absolute Auto Repair Center - Fitchburg 2954,SWA,2954,4387106,1021,105,09,,Timothy,Callahan,470 MAIN ST APT 2A,,FITCHBURG,MA,01420-8050
Absolute Auto Repair Center - Fitchburg 2954,SWA,2954,4395683,1021,105,09,,Terrance,Hurley,41 TYLER RD,,TOWNSEND,MA,01469-1204
Absolute Auto Repair Center - Fitchburg 2954,SWA,2954,4387240,1021,105,09,,George,Snow,136 ELM ST,,WINCHENDON,MA,01475-1411
Absolute Auto Repair Center - Fitchburg 2954,SWA,2954,4387282,1021,105,09,,Mary,Lambert,39 BROOKS ST,,MAYNARD,MA,01754-2228
Absolute Auto Repair Center - Fitchburg 2954,SWA,2954,4387307,1021,105,09,,Jennifer,Bellrose,16 PIERCE PL,,CLINTON,MA,01510-2517
Absolute Auto Repair Center - Fitchburg 2954,SWA,2954,4388778,1021,105,09,,Anthony,Mcgeorge,238 ARLINGTON ST,,LEOMINSTER,MA,01453-2225
Absolute Auto Repair Center - Fitchburg 2954,SWA,2954,4387473,1021,105,09,,Lynn,Yarussi,820 ASHBURNHAM HILL RD,,FITCHBURG,MA,01420-1868
Absolute Auto Repair Center - Fitchburg 2954,SWA,2954,4387520,1021,105,09,,Dalila,Salles,5 STATE ST APT A,,LEOMINSTER,MA,01453-1551
Absolute Auto Repair Center - Fitchburg 2954,SWA,2954,4387549,1021,105,09,,Graeme,Robinson,20 CORTLAND DR,,STOW,MA,01775-1058
Absolute Auto Repair Center - Fitchburg 2954,SWA,2954,4392290,1021,105,09,,Marie,Leger,272 SAINT JOSEPH AVE,,FITCHBURG,MA,01420-5161
Absolute Auto Repair Center - Fitchburg 2954,SWA,2954,4387656,1021,105,09,,John,Huntoon,15 EDLEE ST,,FITCHBURG,MA,01420-7406
Absolute Auto Repair Center - Fitchburg 2954,SWA,2954,4395893,1021,105,09,,Sandra,Marcoux,31 THORNDIKE ST,,FITCHBURG,MA,01420-3628
Absolute Auto Repair Center - Fitchburg 2954,SWA,2954,4387695,1021,105,09,,Sarah Lynn,Lapointe,83 BURMA RD,,ATHOL,MA,01331-1229
Absolute Auto Repair Center - Fitchburg 2954,SWA,2954,4387731,1021,105,09,,Peter,Keto,20 HARRISON ST,,MAYNARD,MA,01754-1824
Absolute Auto Repair Center - Fitchburg 2954,SWA,2954,4386929,1021,105,09,,Tracy,Rameau,8 FULTON ST,,FITCHBURG,MA,01420-5848
Absolute Auto Repair Center - Fitchburg 2954,SWA,2954,4395875,1021,105,09,,Larry Brad,Laakso,535 SOUTH ST APT 4,,FITCHBURG,MA,01420-6217
Absolute Auto Repair Center - Fitchburg 2954,SWA,2954,4386694,1021,105,09,,Cheryl,Kosegarten,77 WALLACE AVE,,AUBURN,MA,01501-1135
Absolute Auto Repair Center - Fitchburg 2954,SWA,2954,4386905,1021,105,09,,Danielle,Lussier,11 SCALES LN,,TOWNSEND,MA,01469-1011
Absolute Auto Repair Center - Fitchburg 2954,SWA,2954,4395741,1021,105,09,,Mario,Scaficcia,17 EVERETT ST,,FITCHBURG,MA,01420-5503
Absolute Auto Repair Center - Fitchburg 2954,SWA,2954,4395641,1021,105,09,,Maura,Babineau,100 ROSS ST,,FITCHBURG,MA,01420-2565
Absolute Auto Repair Center - Fitchburg 2954,SWA,2954,4387832,1021,105,09,,Lionel,Gould,86 EDWARDS ST,,FITCHBURG,MA,01420-5021
Absolute Auto Repair Center - Fitchburg 2954,SWA,2954,4394401,1021,105,09,,Shawn,Gallant,81 STARR ST,,LEOMINSTER,MA,01453-1607
Absolute Auto Repair Center - Fitchburg 2954,SWA,2954,4396083,1021,105,09,,David,Hill,21 PEARL BROOK RD,,LUNENBURG,MA,01462-1224
Absolute Auto Repair Center - Fitchburg 2954,SWA,2954,4395668,1021,105,09,,David,Hill,21 PEARL BROOK RD,,LUNENBURG,MA,01462-1224
Absolute Auto Repair Center - Fitchburg 2954,SWA,2954,4387971,1021,105,09,,Danny,Tenney,166 WOODBOUND RD,,RINDGE,NH,03461-7133
Absolute Auto Repair Center - Fitchburg 2954,SWA,2954,4395707,1021,105,09,,Ellen,Eskola,134 HIGH ST,,FITCHBURG,MA,01420-2408
Absolute Auto Repair Center - Fitchburg 2954,SWA,2954,4387823,1021,105,09,,Julie,Robuccio,26 WOODBURY ST,,LUNENBURG,MA,01462-2343
Absolute Auto Repair Center - Fitchburg 2954,SWA,2954,4388143,1021,105,09,,Kevin,Dwyer,32 MARY ANNA DR STE B,,FITCHBURG,MA,01420-3675
Absolute Auto Repair Center - Fitchburg 2954,SWA,2954,4388151,1021,105,09,,Jeffrey,Davis,146 HURD ST,,FITCHBURG,MA,01420-4982
Absolute Auto Repair Center - Fitchburg 2954,SWA,2954,4387566,1021,105,09,,Michael,Comley,84 JOSLIN RD,,MILFORD,NH,03055-4212
Absolute Auto Repair Center - Fitchburg 2954,SWA,2954,4388194,1021,105,09,,Nina,Nazarian,PO BOX 8988,,LOWELL,MA,01853-8988
Absolute Auto Repair Center - Fitchburg 2954,SWA,2954,4387603,1021,105,09,,Linda,Goguen,49 EASTERN AVE,,LEOMINSTER,MA,01453-1901
Absolute Auto Repair Center - Fitchburg 2954,SWA,2954,4395605,1021,105,09,,Lezli,Lee,98 BALL HILL RD,,PRINCETON,MA,01541-2101
Absolute Auto Repair Center - Fitchburg 2954,SWA,2954,4388235,1021,105,09,,Scott,Andrews,42 PHILLIPS PASSWAY,,FITCHBURG,MA,01420-7249
Absolute Auto Repair Center - Fitchburg 2954,SWA,2954,4392370,1021,105,09,,Knute,Alfredson,1461 MAIN ST,,LEOMINSTER,MA,01453-6615
Absolute Auto Repair Center - Fitchburg 2954,SWA,2954,4395653,1021,105,09,,Anthony,Secino,120 SENNA RD,,FITCHBURG,MA,01420-2979
Absolute Auto Repair Center - Fitchburg 2954,SWA,2954,4388270,1021,105,09,,Nicole,Rodriguez,13 DEVLIN PASSWAY,,FITCHBURG,MA,01420-8146
Absolute Auto Repair Center - Fitchburg 2954,SWA,2954,4387414,1021,105,09,,Aurley,Bible,178 5TH ST,,LEOMINSTER,MA,01453-6017
Absolute Auto Repair Center - Fitchburg 2954,SWA,2954,4395862,1021,105,09,,Fleurette,Langevin,50 CENTRAL ST,,FITCHBURG,MA,01420-3129
Absolute Auto Repair Center - Fitchburg 2954,SWA,2954,4388411,1021,105,09,,Dawn,Eringi,23 NORMANDY RD,,FITCHBURG,MA,01420-6317
Absolute Auto Repair Center - Fitchburg 2954,SWA,2954,4396069,1021,105,09,,Doris,Engelmann,277 CANTON ST,,FITCHBURG,MA,01420-6311
Absolute Auto Repair Center - Fitchburg 2954,SWA,2954,4388444,1021,105,09,,Tricia,Mahoney,119 WOODLAND ST,,FITCHBURG,MA,01420-5271
Absolute Auto Repair Center - Fitchburg 2954,SWA,2954,4787655,1021,105,09,,Bernadette,Nadeau,138 BOUTELLE ST # 2,,FITCHBURG,MA,01420-4539
Absolute Auto Repair Center - Fitchburg 2954,SWA,2954,4845431,1021,105,09,,Jason,Mance,40 HIGHLAND ST,,TOWNSEND,MA,01469-1062
Absolute Auto Repair Center - Fitchburg 2954,SWA,2954,4841284,1021,105,09,,Jeremy,Gardner,584 RICHARDSON RD,,ASHBY,MA,01431-2179
Absolute Auto Repair Center - Fitchburg 2954,SWA,2954,4949760,1021,105,09,,Sheila,Crowley,10 WOODLAND ST,,FITCHBURG,MA,01420-7622
Absolute Auto Repair Center - Fitchburg 2954,SWA,2954,4392451,1021,105,09,,Bruce,Martinez,26 WATER ST,,ASHBURNHAM,MA,01430-1261
Absolute Auto Repair Center - Fitchburg 2954,SWA,2954,4396003,1021,105,09,,Krista,Piazza,46 BEACON ST,,FITCHBURG,MA,01420-4443
Absolute Auto Repair Center - Fitchburg 2954,SWA,2954,5362716,1021,105,09,,William,Ruiz,37 CANTON ST,,FITCHBURG,MA,01420-6375
Absolute Auto Repair Center - Fitchburg 2954,SWA,2954,5761928,1021,105,09,,Kelli,Bromes,156 ASHBURNHAM HILL RD,,FITCHBURG,MA,01420-2132
Absolute Auto Repair Center - Fitchburg 2954,SWA,2954,4393576,1021,105,09,,Theresa,Leger,18 NEWTON RD,,WESTMINSTER,MA,01473-1302
Absolute Auto Repair Center - Fitchburg 2954,SWA,2954,4391818,1021,105,09,,Ernie,Shelton,8 TAFT ST,,FITCHBURG,MA,01420-7588
Absolute Auto Repair Center - Fitchburg 2954,SWA,2954,6007557,1021,105,09,,Dan,Bunting,323 CANTON ST,,FITCHBURG,MA,01420-6312
Absolute Auto Repair Center - Fitchburg 2954,SWA,2954,4388385,1021,105,09,,Crystal,Regan,175 CONNORS ST,,FITCHBURG,MA,01420-7256
Absolute Auto Repair Center - Fitchburg 2954,SWA,2954,6394342,1021,105,09,,Maya,Ford,41 ATLANTIC AVE,,FITCHBURG,MA,01420-4440
Absolute Auto Repair Center - Fitchburg 2954,SWA,2954,6592576,1021,105,09,,Carlos,Perez,207 SHINY MOUNTAIN RD,,GREENTOWN,PA,18426-9411
Absolute Auto Repair Center - Fitchburg 2954,SWA,2954,4387745,1021,105,09,,Donald,Eder,601 PEARL ST,,FITCHBURG,MA,01420-7426
Absolute Auto Repair Center - Fitchburg 2954,SWA,2954,6745126,1021,105,09,,Brad,Wain,55 GRAHAM ST APT 2,,GARDNER,MA,01440-3804
Absolute Auto Repair Center - Fitchburg 2954,SWA,2954,5076363,1021,105,09,,Jane,Keough,110 MAPLE AVE,,LEOMINSTER,MA,01453-2108
Absolute Auto Repair Center - Fitchburg 2954,SWA,2954,7312397,1021,105,09,,Paul,Cosgrove,233 TIBBETT CIR,,FITCHBURG,MA,01420-8929
Absolute Auto Repair Center - Fitchburg 2954,SWA,2954,7517836,1021,105,09,,James,McWalter,167 SOUTH ST,,CARLISLE,MA,01741-1519
Absolute Auto Repair Center - Fitchburg 2954,SWA,2954,4391470,1021,105,09,,Delia,Perez,89 CASCADE ST,,FITCHBURG,MA,01420-0170
Absolute Auto Repair Center - Fitchburg 2954,SWA,2954,8326437,1021,105,09,,Zach,Racicot,161 OLD ASHBY RD,,ASHBURNHAM,MA,01430-1133
Absolute Auto Repair Center - Fitchburg 2954,SWA,2954,5871919,1021,105,09,,Regine,Cassagnon,94 HURD ST,,FITCHBURG,MA,01420-4920
Absolute Auto Repair Center - Fitchburg 2954,SWA,2954,4393981,1021,105,09,,Jerry,Johnson,18 CEDAR GLEN CIR,,SAUGUS,MA,01906-1917
Absolute Auto Repair Center - Fitchburg 2954,SWA,2954,4394027,1021,105,09,,Josiah,Irfan,32 3RD ST,,FITCHBURG,MA,01420-5662
Absolute Auto Repair Center - Fitchburg 2954,SWA,2954,8873130,1021,105,09,,Scott,Lehto,1015 ASHBY WEST RD,,FITCHBURG,MA,01420-6631
Absolute Auto Repair Center - Fitchburg 2954,SWA,2954,9415607,1021,105,09,,Oquendo,Jose,67 GLENALLEN ST,,WINCHENDON,MA,01475-2203
Absolute Auto Repair Center - Fitchburg 2954,SWA,2954,8734062,1021,105,09,,Maria,Myers,740 WESTMINSTER HILL RD,,FITCHBURG,MA,01420-2715
Absolute Auto Repair Center - Fitchburg 2954,SWA,2954,7201612,1021,105,09,,Mary,Giacoppe,490 WANOOSNOC RD,,FITCHBURG,MA,01420-7033
Absolute Auto Repair Center - Fitchburg 2954,SWA,2954,7766056,1021,105,09,,Robert,Gallant,9 3RD AVE,,LEOMINSTER,MA,01453-4429
Absolute Auto Repair Center - Fitchburg 2954,SWA,2954,10356565,1021,105,09,,Norman,Dumais,PO BOX 2281,,FITCHBURG,MA,01420-0015
Absolute Auto Repair Center - Fitchburg 2954,SWA,2954,8185444,1021,105,09,,Lyndsey,Brown,1 MEIS RD,,GARDNER,MA,01440-1658
Absolute Auto Repair Center - Fitchburg 2954,SWA,2954,8799421,1021,105,09,,Julie,Green,100 CLEARVIEW AVE,,FITCHBURG,MA,01420-3874
Absolute Auto Repair Center - Fitchburg 2954,SWA,2954,4394960,1021,105,09,,Forest,Handford,48 LUNENBURG ST APT 2,,FITCHBURG,MA,01420-4992
Absolute Auto Repair Center - Fitchburg 2954,SWA,2954,6253534,1021,105,09,,William,Torres,270 FAIRMOUNT ST,,FITCHBURG,MA,01420-3995
Absolute Auto Repair Center - Fitchburg 2954,SWA,2954,7064709,1021,105,09,,Juan,Torres,37 OLD OAK AVE,,WESTMINSTER,MA,01473-1707
Absolute Auto Repair Center - Fitchburg 2954,SWA,2954,6878840,1021,105,09,,Andrew,King,60 DUDLEY ST,,FITCHBURG,MA,01420-3358
Absolute Auto Repair Center - Fitchburg 2954,SWA,2954,4388213,1021,105,09,,Stephanie,Mcgregor,40 SAGE ST APT REAR,,LEOMINSTER,MA,01453-4869
Absolute Auto Repair Center - Fitchburg 2954,SWA,2954,4391991,1021,105,09,,Jennifer,Townsend,237 WANOOSNOC RD,,FITCHBURG,MA,01420-7131
Absolute Auto Repair Center - Fitchburg 2954,SWA,2954,4394645,1021,105,09,,Gene,Ouellette,38 MILLETTE AVE,,LEOMINSTER,MA,01453-1408
Absolute Auto Repair Center - Fitchburg 2954,SWA,2954,4395259,1021,105,09,,Chanara,Cheath,13 DUCK MILL RD,,FITCHBURG,MA,01420-6323
Absolute Auto Repair Center - Fitchburg 2954,SWA,2954,12054227,1021,105,09,,Darrin,Farnsworth,13 OAK CIR,,PRINCETON,MA,01541-1515
Absolute Auto Repair Center - Fitchburg 2954,SWA,2954,4387597,1021,105,09,,Christopher,Coleman,116 APPLETON CIR,,FITCHBURG,MA,01420-6734
Absolute Auto Repair Center - Fitchburg 2954,SWA,2954,10876361,1021,105,09,,Joel,Quinones,342 SAINT JOSEPH AVE,,FITCHBURG,MA,01420-5163
Absolute Auto Repair Center - Fitchburg 2954,SWA,2954,4395349,1021,105,09,,Nick,Blanchette,108 LAWRENCE ST,,FITCHBURG,MA,01420-4469
Absolute Auto Repair Center - Fitchburg 2954,SWA,2954,12655849,1021,105,09,,Andres,Pozo,9 OTIS ST,,FITCHBURG,MA,01420-7725
Absolute Auto Repair Center - Fitchburg 2954,SWA,2954,12515654,1021,105,09,,Anthony,Berberena,17 HOOVER ST,,LEOMINSTER,MA,01453-1207
Absolute Auto Repair Center - Fitchburg 2954,SWA,2954,6785878,1021,105,09,,Allan,Autino,474 ROLLSTONE RD,,FITCHBURG,MA,01420-8907
Absolute Auto Repair Center - Fitchburg 2954,SWA,2954,12973012,1021,105,09,,Shekhinah,Aziz,105 BLOSSOM ST # 1,,FITCHBURG,MA,01420-4363
Absolute Auto Repair Center - Fitchburg 2954,SWA,2954,13072587,1021,105,09,,Claudia,Suarez,35 DAY ST APT 410,,FITCHBURG,MA,01420-4343
Absolute Auto Repair Center - Fitchburg 2954,SWA,2954,5798673,1021,105,09,,James,Updyke,450 MAIN ST,,TOWNSEND,MA,01474-1003
Absolute Auto Repair Center - Fitchburg 2954,SWA,2954,13270175,1021,105,09,,Kristine,Vickery,241 MARSHALL ST,,FITCHBURG,MA,01420-2446
Absolute Auto Repair Center - Fitchburg 2954,SWA,2954,4393497,1021,105,09,,Adam,Johnson,3 MELBA AVE,,AUBURN,MA,01501-1907
Absolute Auto Repair Center - Fitchburg 2954,SWA,2954,10059519,1021,105,09,,Alondra,Mieves,68 BEMIS RD,,FITCHBURG,MA,01420-6352
Absolute Auto Repair Center - Fitchburg 2954,SWA,2954,4390580,1021,105,09,,Luis,Rojas,9 CROWN ST FL 2ND,,FITCHBURG,MA,01420-5436
Absolute Auto Repair Center - Fitchburg 2954,SWA,2954,14164257,1021,105,09,,Carlos,Carrion,19 NASHUA ST,,FITCHBURG,MA,01420-5442
Absolute Auto Repair Center - Fitchburg 2954,SWA,2954,14543879,1021,105,09,,Kelsen,Boyette,14 HARTLAND AVE,,FITCHBURG,MA,01420-3776
Absolute Auto Repair Center - Fitchburg 2954,SWA,2954,4395155,1021,105,09,,John,Reyes,189 ROLLSTONE RD,,FITCHBURG,MA,01420-6150
Absolute Auto Repair Center - Fitchburg 2954,SWA,2954,10495357,1021,105,09,,Matrisha,Boddie,88 MOUNT VERNON ST,,FITCHBURG,MA,01420-0164
Absolute Auto Repair Center - Fitchburg 2954,SWA,2954,15828761,1021,105,09,,Carolyn,Malerbi,33 BRAMBLE BUSH DR,,HOPE,RI,02831-1352
Absolute Auto Repair Center - Fitchburg 2954,SWA,2954,16615221,1021,105,09,,Robert,Nurse,29 WESTMINSTER ST,,FITCHBURG,MA,01420-2856
Absolute Auto Repair Center - Fitchburg 2954,SWA,2954,17822020,1021,105,09,,Harold,Madigan,18 MADIGAN LN,,AYER,MA,01432-1164
Absolute Auto Repair Center - Fitchburg 2954,SWA,2954,18408662,1021,105,09,,James,Cremens,5 ROGERS WAY UNIT 105,,LUNENBURG,MA,01462-4515
Absolute Auto Repair Center - Fitchburg 2954,SWA,2954,4391592,1021,105,09,,Anne,Cleveland,875 JOHN FITCH HWY APT 52,,FITCHBURG,MA,01420-2699
Absolute Auto Repair Center - Fitchburg 2954,SWA,2954,4394366,1021,105,09,,Paula,Fuller,183 STOWELL RD,,ASHBURNHAM,MA,01430-1169
Absolute Auto Repair Center - Fitchburg 2954,SWA,2954,16663101,1021,105,09,,Lorraine,Perez,54 WALLACE AVE APT 404,,FITCHBURG,MA,01420-3139
Absolute Auto Repair Center - Fitchburg 2954,SWA,2954,18882382,1021,105,09,,Kathleen,Lantiegne,50 BIRCHES RD,,HUBBARDSTON,MA,01452-1625
Absolute Auto Repair Center - Fitchburg 2954,SWA,2954,19003814,1021,105,09,,John,Sweeney,430 MELLEN RD,,WINCHENDON,MA,01475-2097
Absolute Auto Repair Center - Fitchburg 2954,SWA,2954,19044854,1021,105,09,,Todd,Rautio,65 RICHARDSON DR,,FITCHBURG,MA,01420-1515
Absolute Auto Repair Center - Fitchburg 2954,SWA,2954,19220162,1021,105,09,,Marcus,Perla,649 ROLLSTONE ST,,FITCHBURG,MA,01420-5230
Absolute Auto Repair Center - Fitchburg 2954,SWA,2954,19220147,1021,105,09,,Tom,Schilling,426 RICHARDSON RD,,FITCHBURG,MA,01420-1365
Absolute Auto Repair Center - Fitchburg 2954,SWA,2954,19274788,1021,105,09,,Stephen,Watts,109 MAVERICK ST,,FITCHBURG,MA,01420-5894
Absolute Auto Repair Center - Fitchburg 2954,SWA,2954,19277029,1021,105,09,,Don,Crowley,111 FRANKLIN ST,,FITCHBURG,MA,01420-4284
Absolute Auto Repair Center - Fitchburg 2954,SWA,2954,15124695,1021,105,09,,Chauntel,Gilchrist,70 RAINVILLE AVE,,FITCHBURG,MA,01420-5524
Absolute Auto Repair Center - Fitchburg 2954,SWA,2954,4388546,1021,105,09,,Michael,Wironen,86 BLOSSOM ST,,LEOMINSTER,MA,01453-2748
Absolute Auto Repair Center - Fitchburg 2954,SWA,2954,19173202,1021,105,09,,Jovani,Bones,42 SMITH ST,,FITCHBURG,MA,01420-7354
Absolute Auto Repair Center - Fitchburg 2954,SWA,2954,9437492,1021,105,09,,Natascha,Torres,123 HIGHLAND AVE APT 2L,,FITCHBURG,MA,01420-5255
Absolute Auto Repair Center - Fitchburg 2954,SWA,2954,20006790,1021,105,09,,Mayra,Soto,101 CHESTNUT ST,,GARDNER,MA,01440-2205
Absolute Auto Repair Center - Fitchburg 2954,SWA,2954,18082856,1021,105,09,,Rubin,Sindor,391 CLARENDON ST,,FITCHBURG,MA,01420-5172
Absolute Auto Repair Center - Fitchburg 2954,SWA,2954,20612210,1021,105,09,,Earlene,Cooley,316 CANTON ST,,FITCHBURG,MA,01420-6332
Absolute Auto Repair Center - Fitchburg 2954,SWA,2954,20809175,1021,105,09,,Nancy,Bronson,1264 WESTMINSTER HILL RD,,FITCHBURG,MA,01420-2750
Absolute Auto Repair Center - Fitchburg 2954,SWA,2954,20847943,1021,105,09,,Mark,Kerrigan,86 OSGOOD RD,,STERLING,MA,01564-2001
Absolute Auto Repair Center - Fitchburg 2954,SWA,2954,5259120,1021,105,09,,Nathan,Cote,27 BURNAP RD,,SUTTON,MA,01590-2990
Absolute Auto Repair Center - Fitchburg 2954,SWA,2954,4392798,1021,105,09,,Jessica,Munro,4 ORANGE ST,,FITCHBURG,MA,01420-3434
Absolute Auto Repair Center - Fitchburg 2954,SWA,2954,19767344,1021,105,09,,Effie,Kosmidis,26 FOREST PARK,,FITCHBURG,MA,01420-5320
Absolute Auto Repair Center - Fitchburg 2954,SWA,2954,21208209,1021,105,09,,Amar,Valls,98 NASHUA ST,,FITCHBURG,MA,01420-5429
Absolute Auto Repair Center - Fitchburg 2954,SWA,2954,21314733,1021,105,09,,Judith,Willison,159 MAGAZINE ST,,CAMBRIDGE,MA,02139-4741
Absolute Auto Repair Center - Fitchburg 2954,SWA,2954,4388927,1021,105,09,,Candida,Martinez,PO BOX 131,,FITCHBURG,MA,01420-0002
Absolute Auto Repair Center - Fitchburg 2954,SWA,2954,21755586,1021,105,09,,William,Patterson,3000 MEADOWS DR UNIT 3311,,STERLING,MA,01564-2391
Absolute Auto Repair Center - Fitchburg 2954,SWA,2954,22460010,1021,105,09,,Angel,Miranda,100 CRESTVIEW LN,,FITCHBURG,MA,01420-6308
Absolute Auto Repair Center - Fitchburg 2954,SWA,2954,22897129,1021,105,09,,Sultana,Lafond,16 FORT POND INN RD,,LANCASTER,MA,01523-3229
Absolute Auto Repair Center - Fitchburg 2954,SWA,2954,22906125,1021,105,09,,Ron,Varney,5125 BOTANY DR,,HOLIDAY,FL,34690-4013
Absolute Auto Repair Center - Fitchburg 2954,SWA,2954,11904876,1021,105,09,,Marsha,Angrand,110 ANTWERP ST UNIT A,,BOSTON,MA,02135-1330
Absolute Auto Repair Center - Fitchburg 2954,SWA,2954,4392576,1021,105,09,,Naomi,Oti,119 DALE AVE,,LEOMINSTER,MA,01453-1734
Absolute Auto Repair Center - Fitchburg 2954,SWA,2954,23004216,1021,105,09,,Eric,Rosenthal,29 OTSEGO RD,,WORCESTER,MA,01609-1737
Absolute Auto Repair Center - Fitchburg 2954,SWA,2954,4387693,1021,105,09,,Sally,Stone,57 BRIDLE CROSS RD,,FITCHBURG,MA,01420-8919
Absolute Auto Repair Center - Fitchburg 2954,SWA,2954,23083298,1021,105,09,,Danielle,Hecker,245 RIVER ST APT 242,,FITCHBURG,MA,01420-3293
Absolute Auto Repair Center - Fitchburg 2954,SWA,2954,22492722,1021,105,09,,Lorenzo,Finch,180 SUMMER ST,,FITCHBURG,MA,01420-5877
Absolute Auto Repair Center - Fitchburg 2954,SWA,2954,22621862,1021,105,09,,Daniel,Comeau,195 ASHBURNHAM ST,,FITCHBURG,MA,01420-2853
Absolute Auto Repair Center - Fitchburg 2954,SWA,2954,23262198,1021,105,09,,Kristin,Cline,340 MAIN ST,,LEOMINSTER,MA,01453-2935
Absolute Auto Repair Center - Fitchburg 2954,SWA,2954,23732560,1021,105,09,,Amy,Deleo,33 LEYTE RD,,FITCHBURG,MA,01420-6309
Absolute Auto Repair Center - Fitchburg 2954,SWA,2954,4396055,1021,105,09,,Sherri,Sprague,91 SUMMER ST,,FITCHBURG,MA,01420-5710
Absolute Auto Repair Center - Fitchburg 2954,SWA,2954,24794736,1021,105,09,,Kausara,Idrahim,69 MARSHALL ST,,FITCHBURG,MA,01420-2409
Absolute Auto Repair Center - Fitchburg 2954,SWA,2954,23525522,1021,105,09,,Daniel,Zimmerman,97 SUMMER ST,,FITCHBURG,MA,01420-5760
Absolute Auto Repair Center - Fitchburg 2954,SWA,2954,4387768,1021,105,09,,Brian,Dancause,62 PHELPS ST,,FITCHBURG,MA,01420-4525
Absolute Auto Repair Center - Fitchburg 2954,SWA,2954,4393535,1021,105,09,,Thinh,Lieu,28 PUTNAM PARK,,FITCHBURG,MA,01420-7905
Absolute Auto Repair Center - Fitchburg 2954,SWA,2954,4386660,1021,105,09,,Craig,Long,101 PETERSON ST,,LEOMINSTER,MA,01453-5005
Absolute Auto Repair Center - Fitchburg 2954,SWA,2954,20986412,1021,105,09,,Derrick,Kwan,22 KIMBALL RD,,FITCHBURG,MA,01420-2926
Absolute Auto Repair Center - Fitchburg 2954,SWA,2954,25090047,1021,105,09,,Rick,Mellor,1235 WEST ST,,BARRE,MA,01005-9144
Absolute Auto Repair Center - Fitchburg 2954,SWA,2954,23717900,1021,105,09,,Mark,Cote,47 BEL AIR DR,,FITCHBURG,MA,01420-6113
Absolute Auto Repair Center - Fitchburg 2954,SWA,2954,25327936,1021,105,09,,Kayla,Colon,1428 MAIN ST,,FITCHBURG,MA,01420-3000
Absolute Auto Repair Center - Fitchburg 2954,SWA,2954,21378351,1021,105,09,,Sam,Moyo,2 PINE ST,,FITCHBURG,MA,01420-7728
Absolute Auto Repair Center - Fitchburg 2954,SWA,2954,25427744,1021,105,09,,Paula,Craig,258 SCHOOL ST,,WINCHENDON,MA,01475-1157
Absolute Auto Repair Center - Fitchburg 2954,SWA,2954,4397902,1021,105,09,,Elisa,French,206 KIMBALL ST,,FITCHBURG,MA,01420-4242
Absolute Auto Repair Center - Fitchburg 2954,SWA,2954,22405112,1021,105,09,,Alan,Champion,464 KIMBALL ST,,FITCHBURG,MA,01420-2792
Absolute Auto Repair Center - Fitchburg 2954,SWA,2954,4395898,1021,105,09,,Melissa,Magane,1230 PLEASANT ST,,BARRE,MA,01005-9313
Absolute Auto Repair Center - Fitchburg 2954,SWA,2954,4393356,1021,105,09,,Gail,Daukantas,135 BISHOP RD,,FITCHBURG,MA,01420-2969
Absolute Auto Repair Center - Fitchburg 2954,SWA,2954,19213252,1021,105,09,,Elizabeth,Gianni,25 DANA DR,,WRENTHAM,MA,02093-1056
Absolute Auto Repair Center - Fitchburg 2954,SWA,2954,4394632,1021,105,09,,Darren,Lebrun,207 HIGH ST,,FITCHBURG,MA,01420-2337
Absolute Auto Repair Center - Fitchburg 2954,SWA,2954,15735802,1021,105,09,,Rob,Parks,470 MAIN ST,,FITCHBURG,MA,01420-8173
Absolute Auto Repair Center - Fitchburg 2954,SWA,2954,4387489,1021,105,09,,Matt,Philbin,18 MOUNTAIN VIEW RD,,LEOMINSTER,MA,01453-3439
Absolute Auto Repair Center - Fitchburg 2954,SWA,2954,20327769,1021,105,09,,Leenon,Koffi,117 DAY ST,,FITCHBURG,MA,01420-3388
Absolute Auto Repair Center - Fitchburg 2954,SWA,2954,26207660,1021,105,09,,Catherine,Elbthal,47 BROWN AVE,,LEOMINSTER,MA,01453-3401
Absolute Auto Repair Center - Fitchburg 2954,SWA,2954,26351818,1021,105,09,,Stephanie,Guy,32 MARY ANNA DR STE C,,FITCHBURG,MA,01420-3675
Absolute Auto Repair Center - Fitchburg 2954,SWA,2954,9591156,1021,105,09,,Kevin,Hensdill,47 REGAN ST,,GARDNER,MA,01440-4015
Absolute Auto Repair Center - Fitchburg 2954,SWA,2954,26488383,1021,105,09,,Miguel,Rosado,495 WATER ST,,FITCHBURG,MA,01420-7322
Absolute Auto Repair Center - Fitchburg 2954,SWA,2954,26595751,1021,105,09,,Andrew,Eaton,1 RIVERBANK TER,,TOWNSEND,MA,01469-1232
Absolute Auto Repair Center - Fitchburg 2954,SWA,2954,26678171,1021,105,09,,Aryiana,Mcrae,156 SUMMER ST,,FITCHBURG,MA,01420-0182
Absolute Auto Repair Center - Fitchburg 2954,SWA,2954,26686568,1021,105,09,,Louis,Marcellus,32 GAGE ST,,FITCHBURG,MA,01420-3307
Absolute Auto Repair Center - Fitchburg 2954,SWA,2954,26689512,1021,105,09,,Raymond,Gionet,84 RICHARDSON DR,,FITCHBURG,MA,01420-1516
Absolute Auto Repair Center - Fitchburg 2954,SWA,2954,25421971,1021,105,09,,Gary,Zazenski,23 PETERS DR APT 2,,LEOMINSTER,MA,01453-2167
Absolute Auto Repair Center - Fitchburg 2954,SWA,2954,22620169,1021,105,09,,Jennifer,Disney,1428 MAIN ST APT 206,,FITCHBURG,MA,01420-3477
Absolute Auto Repair Center - Fitchburg 2954,SWA,2954,4394859,1021,105,09,,Josiah,Frimpong,713 SCOTIA LN,,FAYETTEVILLE,NC,28314-1496
Absolute Auto Repair Center - Fitchburg 2954,SWA,2954,4394847,1021,105,09,,Christopher,Skerritt,13 LEVESQUE DR,,SMITHFIELD,RI,02917-1104
Absolute Auto Repair Center - Fitchburg 2954,SWA,2954,4394819,1021,105,09,,Jessica,Deloge,17 LEROY ST,,FITCHBURG,MA,01420-3819
Absolute Auto Repair Center - Fitchburg 2954,SWA,2954,5192243,1021,105,09,,Julianna,Diprima,129 PATTON ST,,FITCHBURG,MA,01420-7248
Absolute Auto Repair Center - Fitchburg 2954,SWA,2954,6627165,1021,105,09,,Kristen,Small,94 DEERSHORN RD,,LANCASTER,MA,01523-1810
Absolute Auto Repair Center - Fitchburg 2954,SWA,2954,4394240,1021,105,09,,Ryan,Morin,32 WHEELER ST,,LEOMINSTER,MA,01453-4346
Absolute Auto Repair Center - Fitchburg 2954,SWA,2954,4393968,1021,105,09,,Nick,Mucciarone,65 EXETER ST APT 2,,FITCHBURG,MA,01420-3892
Absolute Auto Repair Center - Fitchburg 2954,SWA,2954,4391406,1021,105,09,,Scott,Aubrey,29 DRAKE RD,,FITCHBURG,MA,01420-7959
Absolute Auto Repair Center - Fitchburg 2954,SWA,2954,7985896,1021,105,09,,Tom,Haley,42 SUMMER ST APT 5,,FITCHBURG,MA,01420-5700
Absolute Auto Repair Center - Fitchburg 2954,SWA,2954,7985920,1021,105,09,,Chang,Kim,31 BRIER ST,,FITCHBURG,MA,01420-3505
Absolute Auto Repair Center - Fitchburg 2954,SWA,2954,8186582,1021,105,09,,Liz,Youtt,21 PORTER ST,,LEOMINSTER,MA,01453-2633
Absolute Auto Repair Center - Fitchburg 2954,SWA,2954,8410659,1021,105,09,,Jim,Raymond,54 4TH ST APT 1,,LEOMINSTER,MA,01453-3676
Absolute Auto Repair Center - Fitchburg 2954,SWA,2954,8570833,1021,105,09,,Veronica,Dobson,19 BOND ST FL 1ST,,FITCHBURG,MA,01420-2225
Absolute Auto Repair Center - Fitchburg 2954,SWA,2954,9296245,1021,105,09,,Sean,Finney,3 PINE ST,,GARDNER,MA,01440-2222
Absolute Auto Repair Center - Fitchburg 2954,SWA,2954,4394973,1021,105,09,,Martha,Cordero,217 CLARENDON ST,,FITCHBURG,MA,01420-5005
Absolute Auto Repair Center - Fitchburg 2954,SWA,2954,4397540,1021,105,09,,Eileen,Kennedy,671 PAGE ST,,LUNENBURG,MA,01462-2131
Absolute Auto Repair Center - Fitchburg 2954,SWA,2954,4391256,1021,105,09,,Kevin,Jordan,137 CHAPMAN PL,,LEOMINSTER,MA,01453-6133
Absolute Auto Repair Center - Fitchburg 2954,SWA,2954,9976149,1021,105,09,,Walter,Bedrera,258 SAINT JOSEPH AVE,,FITCHBURG,MA,01420-5161
Absolute Auto Repair Center - Fitchburg 2954,SWA,2954,4392965,1021,105,09,,Kaelie,Hosley,4 WORCESTER RD,,HUBBARDSTON,MA,01452-1139
Absolute Auto Repair Center - Fitchburg 2954,SWA,2954,4392572,1021,105,09,,Brendon,Mcwilliams,31 ATLANTIC AVE,,FITCHBURG,MA,01420-4401
Absolute Auto Repair Center - Fitchburg 2954,SWA,2954,10851978,1021,105,09,,Matt,Bragatto,25 GRANITE ST,,SOMERVILLE,MA,02143-2844
Absolute Auto Repair Center - Fitchburg 2954,SWA,2954,13068921,1021,105,09,,Leslie,Krom,435 5TH MASSACHUSETTS TPKE,,FITCHBURG,MA,01420-6029
Absolute Auto Repair Center - Fitchburg 2954,SWA,2954,13269983,1021,105,09,,Sarah,Jordan,81 ROSS ST,,FITCHBURG,MA,01420-2510
Absolute Auto Repair Center - Fitchburg 2954,SWA,2954,6978983,1021,105,09,,Mikayla,Deltoro,22 BEACON ST,,FITCHBURG,MA,01420-4404
Absolute Auto Repair Center - Fitchburg 2954,SWA,2954,6296350,1021,105,09,,Steve,Bigusiak,73 DEPOT RD,,WESTMINSTER,MA,01473-1218
Absolute Auto Repair Center - Fitchburg 2954,SWA,2954,4394445,1021,105,09,,Mike,Spanos,258 MIDDLESEX ST,,LOWELL,MA,01852-2121
Absolute Auto Repair Center - Fitchburg 2954,SWA,2954,7673227,1021,105,09,,Jennifer,Vasquez,31 MAGINNIS AVE,,LAWRENCE,MA,01843-1009
Absolute Auto Repair Center - Fitchburg 2954,SWA,2954,14148538,1021,105,09,,Samantha,Fortune,405B VILLAGE ST,,MILLIS,MA,02054-1736
Absolute Auto Repair Center - Fitchburg 2954,SWA,2954,14263661,1021,105,09,,Bill,Allen,85 WINTER ST APT B,,LEOMINSTER,MA,01453-2800
Absolute Auto Repair Center - Fitchburg 2954,SWA,2954,7159614,1021,105,09,,John,Nuamah,29 4TH AVE,,LEOMINSTER,MA,01453-4447
Absolute Auto Repair Center - Fitchburg 2954,SWA,2954,15038885,1021,105,09,,Will,Sheehan,1196 RICHARDSON RD,,ASHBY,MA,01431-2183
Absolute Auto Repair Center - Fitchburg 2954,SWA,2954,4391532,1021,105,09,,P.J.,Bernhardt,37 CONSTITUTION DR,,LEOMINSTER,MA,01453-2547
Absolute Auto Repair Center - Fitchburg 2954,SWA,2954,10424256,1021,105,09,,Olivia,Salvatore,12 ARLINGTON ST,,NEWBURYPORT,MA,01950-3808
Absolute Auto Repair Center - Fitchburg 2954,SWA,2954,15832232,1021,105,09,,July,Perez,361 WATER ST,,FITCHBURG,MA,01420-5601
Absolute Auto Repair Center - Fitchburg 2954,SWA,2954,9540824,1021,105,09,,Robert,Willette,215 MADISON ST # B,,FITCHBURG,MA,01420-5059
Absolute Auto Repair Center - Fitchburg 2954,SWA,2954,4397026,1021,105,09,,Mary,Diaz,68 CHAPEL ST,,SHIRLEY,MA,01464-2533
Absolute Auto Repair Center - Fitchburg 2954,SWA,2954,8375258,1021,105,09,,Amanda,Cochran,169 PRATT RD,,FITCHBURG,MA,01420-4143
Absolute Auto Repair Center - Fitchburg 2954,SWA,2954,4392541,1021,105,09,,Brianna,Morse,144 DAVIS RD,,ASHBY,MA,01431-1921
Absolute Auto Repair Center - Fitchburg 2954,SWA,2954,18408448,1021,105,09,,Tamara,Hosley,410 SOUTH ST,,FITCHBURG,MA,01420-7955
Absolute Auto Repair Center - Fitchburg 2954,SWA,2954,16492949,1021,105,09,,Efrain,Gutierrez,78 GLENDOWER RD,,ROSLINDALE,MA,02131-4555
Absolute Auto Repair Center - Fitchburg 2954,SWA,2954,8048025,1021,105,09,,Norma,Suarez,98 CRESTVIEW LN,,FITCHBURG,MA,01420-6308
Absolute Auto Repair Center - Fitchburg 2954,SWA,2954,19077859,1021,105,09,,Robbin,Leblanc,8 TRI TOWN DR,,LUNENBURG,MA,01462-2359
Absolute Auto Repair Center - Fitchburg 2954,SWA,2954,4394783,1021,105,09,,Jean Paul,Richard,47 PRINCETON ST # 337-5,,LEOMINSTER,MA,01453-1453
Absolute Auto Repair Center - Fitchburg 2954,SWA,2954,4397309,1021,105,09,,Marc,Paris,172 AYER RD,,SHIRLEY,MA,01464-2518
Absolute Auto Repair Center - Fitchburg 2954,SWA,2954,9541865,1021,105,09,,Rehema,Sardelis,128 WATER ST,,LEOMINSTER,MA,01453-3288
Absolute Auto Repair Center - Fitchburg 2954,SWA,2954,20440266,1021,105,09,,David,Lieblich,12 HY RD,,WESTMINSTER,MA,01473-1719
Absolute Auto Repair Center - Fitchburg 2954,SWA,2954,20462608,1021,105,09,,Pamela,Caldas,38 HARUGARI ST,,FITCHBURG,MA,01420-4126
Absolute Auto Repair Center - Fitchburg 2954,SWA,2954,4391778,1021,105,09,,Rosanna,Glidden,134 HEYWOOD ST,,FITCHBURG,MA,01420-6263
Absolute Auto Repair Center - Fitchburg 2954,SWA,2954,9377782,1021,105,09,,Mike,Wolanske,77 NARROWS RD,,WESTMINSTER,MA,01473-1619
Absolute Auto Repair Center - Fitchburg 2954,SWA,2954,14147802,1021,105,09,,Tim,Valenzuela,59 MACINTOSH LN,,FITCHBURG,MA,01420-1654
Absolute Auto Repair Center - Fitchburg 2954,SWA,2954,21363401,1021,105,09,,Craig,Suppa,10 BERKLEY ST,,FITCHBURG,MA,01420-2521
Absolute Auto Repair Center - Fitchburg 2954,SWA,2954,4389701,1021,105,09,,Jodi,Burget,210 LINCOLN ST,,FITCHBURG,MA,01420-2621
Absolute Auto Repair Center - Fitchburg 2954,SWA,2954,4395235,1021,105,09,,Angelo,Ramos,185 HAZEL ST,,FITCHBURG,MA,01420-4103
Absolute Auto Repair Center - Fitchburg 2954,SWA,2954,5973529,1021,105,09,,Shellyhan,Gordon,37 MARSHALL ST,,FITCHBURG,MA,01420-7592
Absolute Auto Repair Center - Fitchburg 2954,SWA,2954,4389851,1021,105,09,,Susan,Jansson,PO BOX 684,,WESTMINSTER,MA,01473-0684
Absolute Auto Repair Center - Fitchburg 2954,SWA,2954,4395927,1021,105,09,,Seth,Renquinha,170 ALPINE RD,,FITCHBURG,MA,01420-2116
Absolute Auto Repair Center - Fitchburg 2954,SWA,2954,22338287,1021,105,09,,Nicole,Escobales,217 DEPOT ST,,FITCHBURG,MA,01420-4984
Absolute Auto Repair Center - Fitchburg 2954,SWA,2954,23951413,1021,105,09,,Roxxannna,Kurtz,51 BOXWOOD CIR,,FITCHBURG,MA,01420-3801
Absolute Auto Repair Center - Fitchburg 2954,SWA,2954,4395096,1021,105,09,,Jennifer,Flanagan,101 PETERSON ST,,LEOMINSTER,MA,01453-5005
Absolute Auto Repair Center - Fitchburg 2954,SWA,2954,23288811,1021,105,09,,Deanna,Hayden,25 HAWES ST,,FITCHBURG,MA,01420-2545
Absolute Auto Repair Center - Fitchburg 2954,SWA,2954,4395170,1021,105,09,,Justin,Harris,71 LAWRENCE ST,,FITCHBURG,MA,01420-4416
Absolute Auto Repair Center - Fitchburg 2954,SWA,2954,4390709,1021,105,09,,Paul Sr.,Fontaine,535 SOUTH ST,,FITCHBURG,MA,01420-6217
Absolute Auto Repair Center - Fitchburg 2954,SWA,2954,4390954,1021,105,09,,Susan,Miner,31 SPRUCE ST,,FITCHBURG,MA,01420-5619
Absolute Auto Repair Center - Fitchburg 2954,SWA,2954,4394576,1021,105,09,,Lytia,Prentiss,17 WALKER ST APT 3,,LEOMINSTER,MA,01453-3845
Absolute Auto Repair Center - Fitchburg 2954,SWA,2954,4395014,1021,105,09,,Myrtle,Pelullo,39 MATTHEW ST,,FITCHBURG,MA,01420-7350
Absolute Auto Repair Center - Fitchburg 2954,SWA,2954,7706229,1021,105,09,,Zachary,Bos,139 MOUNT VERNON ST,,FITCHBURG,MA,01420-3386
Absolute Auto Repair Center - Fitchburg 2954,SWA,2954,22271897,1021,105,09,,Glen,Bunnell,82 HUDSON RD,,STOW,MA,01775-1245
Absolute Auto Repair Center - Fitchburg 2954,SWA,2954,25475071,1021,105,09,,Kim,Albert,340 WILLIAMS RD,,FITCHBURG,MA,01420-1828
Absolute Auto Repair Center - Fitchburg 2954,SWA,2954,4395708,1021,105,09,,James,Scaficchia,175 KRYSIAK AVE,,FITCHBURG,MA,01420-6469
Absolute Auto Repair Center - Fitchburg 2954,SWA,2954,25089096,1021,105,09,,Richard,Edwards,8 NASHUA ST,,FITCHBURG,MA,01420-5598
Absolute Auto Repair Center - Fitchburg 2954,SWA,2954,22618963,1021,105,09,,Samuel,Feeley,204 PLYMOUTH ST,,FITCHBURG,MA,01420-3954
Absolute Auto Repair Center - Fitchburg 2954,SWA,2954,4388357,1021,105,09,,Paul,Fontaine,507 ASHBURNHAM HILL RD,,FITCHBURG,MA,01420-1870
Absolute Auto Repair Center - Fitchburg 2954,SWA,2954,19902265,1021,105,09,,Kris,Williams,912 MAIN ST,,FITCHBURG,MA,01420-3061
Absolute Auto Repair Center - Fitchburg 2954,SWA,2954,4391968,1021,105,09,,Allan,Kharsyntiew,31 STARR ST,,LEOMINSTER,MA,01453-1678
Absolute Auto Repair Center - Fitchburg 2954,SWA,2954,9591093,1021,105,09,,Cheryl,Hooper,301 BILLINGS RD,,FITCHBURG,MA,01420-1407
Absolute Auto Repair Center - Fitchburg 2954,SWA,2954,4391581,1021,105,09,,Nirajan,Mani,52 GERARD DR STE E,,FITCHBURG,MA,01420-3663
Absolute Auto Repair Center - Fitchburg 2954,SWA,2954,7705017,1021,105,09,,Gina,La Fleur,395 SOUTH ST,,FITCHBURG,MA,01420-7970
Absolute Auto Repair Center - Fitchburg 2954,SWA,2954,4394090,1021,105,09,,Sharron,Lafreniere,35 DAY ST APT 307,,FITCHBURG,MA,01420-4343
Absolute Auto Repair Center - Fitchburg 2954,SWA,2954,7308914,1021,105,09,,Stephen,Petrilli,27 GERARD DR STE F,,FITCHBURG,MA,01420-3679
