Shop Name,Software,SID,CID,WSID,WCID,MBdayMo,TBdayMo,First,Last,Address,Address2,City,St,Zip
Aero Auto Repair,TEK,1159,6546873,1023,101,3,,Amber,BROKL,2669 W CANYON AVE APT 629,,SAN DIEGO,CA,92123-4720
Aero Auto Repair,TEK,1159,6544798,1023,101,3,,Patrick,NOLTE,2645 W CANYON AVE,,SAN DIEGO,CA,92123-4735
Aero Auto Repair,TEK,1159,6541908,1023,101,3,,Jeremy,VASQUEZ,4431 32ND ST UNIT 4,,SAN DIEGO,CA,92116-4504
Aero Auto Repair,TEK,1159,6539405,1023,101,3,,Jose,PEREZ,1418 WALNUTCREEK DR,,ENCINITAS,CA,92024-5245
Aero Auto Repair,TEK,1159,6536140,1023,101,3,,SANDRA,FISHER,PO BOX 292,,JAMUL,CA,91935-0292
Aero Auto Repair,TEK,1159,6530427,1023,101,3,,Mike,SHEEHAN,300 LANTERN CREST WAY APT 332,,SANTEE,CA,92071-4781
Aero Auto Repair,TEK,1159,6530740,1023,101,3,,Edwardo,VERDUGO,4450 DELTA ST,,SAN DIEGO,CA,92113-4167
Aero Auto Repair,TEK,1159,6537709,1023,101,3,,Camara,HESS,3096 SALMON ST,,SAN DIEGO,CA,92124-3614
Aero Auto Repair,TEK,1159,6531121,1023,101,3,,Michael,RHOADES,3525 SANTA FLORA CT,,ESCONDIDO,CA,92029-7914
Aero Auto Repair,TEK,1159,6540444,1023,101,3,,Victor,Torres,20556 EVERETT AVE,,RIVERDALE,CA,93656-9550
Aero Auto Repair,TEK,1159,6533630,1023,101,3,,Jeremy,SLEETER,556 DAHLIA AVE,,IMPERIAL BEACH,CA,91932-2019
Aero Auto Repair,TEK,1159,6538722,1023,101,3,,Ryan,Brinkman,2090 E GYRFALCON DR,,SANDY,UT,84092-4057
Aero Auto Repair,TEK,1159,6543634,1023,101,3,,Elea,Perez,10091 RIO SAN DIEGO DR,,SAN DIEGO,CA,92108-5669
Aero Auto Repair,TEK,1159,6531251,1023,101,3,,Bryan,Ossa,3159 CLAIREMONT DR APT 3,,SAN DIEGO,CA,92117-6440
Aero Auto Repair,TEK,1159,6532135,1023,101,3,,Arlene,Mccourt,3615 ASH ST UNIT 16,,SAN DIEGO,CA,92105-5937
Aero Auto Repair,TEK,1159,6546998,1023,101,3,,Thomas,PENA,5056 HAWLEY BLVD,,SAN DIEGO,CA,92116-1932
Aero Auto Repair,TEK,1159,6531958,1023,101,3,,Alexander,Smith,3454 RUFFIN RD,,SAN DIEGO,CA,92123-2510
Aero Auto Repair,TEK,1159,6535020,1023,101,3,,Mike,Craig,9232 OVERTON AVE,,SAN DIEGO,CA,92123-3542
Aero Auto Repair,TEK,1159,6546107,1023,101,3,,Awet,Beyenne,6923 WAITE DR,,LA MESA,CA,91941-7411
Aero Auto Repair,TEK,1159,6536024,1023,101,3,,Sly,Evetovich,7770 MELOTTE ST,,SAN DIEGO,CA,92119-1236
Aero Auto Repair,TEK,1159,6542369,1023,101,3,,Giovanna,Caria,6540 REFLECTION DR,,SAN DIEGO,CA,92124-5119
Aero Auto Repair,TEK,1159,6536663,1023,101,3,,Jill,Dehart,15229 ISLA VISTA RD,,JAMUL,CA,91935-3401
Aero Auto Repair,TEK,1159,6545236,1023,101,3,,Rebekah,Gray,6435 REFLECTION DR APT 105,,SAN DIEGO,CA,92124-3132
Aero Auto Repair,TEK,1159,6546850,1023,101,3,,Kristy,Thomas,10020 FUERTE DR,,LA MESA,CA,91941-4318
Aero Auto Repair,TEK,1159,6536272,1023,101,3,,GORDON,NIELSEN,2779 AMULET ST,,SAN DIEGO,CA,92123-3518
Aero Auto Repair,TEK,1159,6533034,1023,101,3,,Katy,kaufman,17221 N WOODSON CT,,RAMONA,CA,92065-6826
Aero Auto Repair,TEK,1159,6535375,1023,101,3,,BROC,FOURNIER,1021 ARIZONA CT,,FALLON,NV,89406-4164
Aero Auto Repair,TEK,1159,6540098,1023,101,03,,Michelle,Vaughn,941 ORANGE AVE # 248,,CORONADO,CA,92118-2609
Aero Auto Repair,TEK,1159,6533142,1023,101,3,,RYAN,LUCHT,2440 BARTEL ST,,SAN DIEGO,CA,92123-3520
Aero Auto Repair,TEK,1159,6536745,1023,101,3,,KENNETH,CARTER,10441 CADWELL RD,,SANTEE,CA,92071-1069
Aero Auto Repair,TEK,1159,6531336,1023,101,3,,Heather,ROBISON,9210 FULLERTON AVE,,SAN DIEGO,CA,92123-3121
Aero Auto Repair,TEK,1159,6541701,1023,101,3,,Gustavo,Guzman,3656 RUFFIN RD STE K,,SAN DIEGO,CA,92123-1837
Aero Auto Repair,TEK,1159,6546016,1023,101,03,,GILDARDO,GUERRERO,1141 ALPINE AVE,,CHULA VISTA,CA,91911-3302
Aero Auto Repair,TEK,1159,6547129,1023,101,3,,WARREN,WINDAU,8612 GLENHAVEN ST,,SAN DIEGO,CA,92123-2108
Aero Auto Repair,TEK,1159,6542570,1023,101,3,,Ryan,ABUCAY,3830 PENDIENTE CT APT Q203,,SAN DIEGO,CA,92124-3759
Aero Auto Repair,TEK,1159,6539386,1023,101,3,,brent,GILL,5620 HONORS DR,,SAN DIEGO,CA,92122-4124
Aero Auto Repair,TEK,1159,6545457,1023,101,3,,Randy,Batti,6423 REFLECTION DR,,SAN DIEGO,CA,92124-3131
Aero Auto Repair,TEK,1159,6546879,1023,101,03,,BRETT,WILLIAMS,5101 NARRAGANSETT AVE APT 305,,SAN DIEGO,CA,92107-3074
Aero Auto Repair,TEK,1159,6542275,1023,101,3,,Kenneth,ZEPERNICK,3364 DALEY CENTER DR APT 815,,SAN DIEGO,CA,92123-4617
Aero Auto Repair,TEK,1159,6543617,1023,101,3,,Sheridan,Sealy,8864 CANIS LN,,SAN DIEGO,CA,92126-1913
Aero Auto Repair,TEK,1159,6545522,1023,101,3,,PHYLISS,SHESS,3630 28TH ST,,SAN DIEGO,CA,92104-3502
Aero Auto Repair,TEK,1159,6540720,1023,101,3,,JENNIFER,WOLFE,4051 KING ST,,LA MESA,CA,91941-7409
Aero Auto Repair,TEK,1159,6544649,1023,101,3,,LINDA,SILVER,3490 DORCHESTER DR,,SAN DIEGO,CA,92123-2612
Aero Auto Repair,TEK,1159,6545141,1023,101,3,,CHRIS,CONSTANTINOU,3307 FIR ST APT A,,SAN DIEGO,CA,92102-1251
Aero Auto Repair,TEK,1159,6547064,1023,101,3,,Elizabeth,Doll,4275 DEL MAR AVE,,SAN DIEGO,CA,92107-3639
Aero Auto Repair,TEK,1159,6537257,1023,101,03,,BEVERLY,AVERY,1360 RED MOUNTAIN CT,,CHULA VISTA,CA,91910-6829
Aero Auto Repair,TEK,1159,6536089,1023,101,3,,ANA,BANUET,435 FLOWER ST APT A,,CHULA VISTA,CA,91910-2439
Aero Auto Repair,TEK,1159,6535388,1023,101,3,,Silvia,Dougher,9122 FERMI AVE,,SAN DIEGO,CA,92123-3115
Aero Auto Repair,TEK,1159,6531717,1023,101,3,,Michelle,Arrieta,6682 ANTIGUA BLVD,,SAN DIEGO,CA,92124-4012
Aero Auto Repair,TEK,1159,6535045,1023,101,3,,SEAN,WILCOX,2274 GILL VILLAGE WAY APT 1306,,SAN DIEGO,CA,92108-5585
Aero Auto Repair,TEK,1159,6530234,1023,101,3,,REEM,KATANANI,10771 CAMINITO BRAVURA,,SAN DIEGO,CA,92108-2453
Aero Auto Repair,TEK,1159,6541114,1023,101,3,,Clark,Hickey,11259 ESTIVAL PL,,LAKESIDE,CA,92040-2764
Aero Auto Repair,TEK,1159,6540462,1023,101,3,,Jonathan,Yerkes,23852 HUMISTON WAY,,RAMONA,CA,92065-4131
Aero Auto Repair,TEK,1159,6536034,1023,101,3,,Nancy,Sisneros,6027 POPPY ST,,LA MESA,CA,91942-4105
Aero Auto Repair,TEK,1159,6535747,1023,101,3,,CORY,DENHERDER,9120 GRAMERCY DR UNIT 315,,SAN DIEGO,CA,92123-4009
Aero Auto Repair,TEK,1159,6544610,1023,101,3,,ANTHONY,TAPIA,11108 PORTOBELO DR,,SAN DIEGO,CA,92124-4013
Aero Auto Repair,TEK,1159,6539688,1023,101,3,,Benjamin,king,8397 HURLBUT ST,,SAN DIEGO,CA,92123-2011
Aero Auto Repair,TEK,1159,6540774,1023,101,3,,Myle,Phan,3456 CASTLE GLEN DR UNIT 253,,SAN DIEGO,CA,92123-2436
Aero Auto Repair,TEK,1159,6535031,1023,101,3,,Mike,Salmen,682 FLOYD AVE,,CHULA VISTA,CA,91910-6427
Aero Auto Repair,TEK,1159,6530647,1023,101,3,,Garrett,Redd,3909 SILVER MAPLE CT,,ROCKVILLE,MD,20853-3285
Aero Auto Repair,TEK,1159,6545980,1023,101,3,,Matt,Jung,4170 33RD ST UNIT 202,,SAN DIEGO,CA,92104-2149
Aero Auto Repair,TEK,1159,6540489,1023,101,3,,BERNICE,ERRICO,2030 WHINCHAT ST,,SAN DIEGO,CA,92123-3741
Aero Auto Repair,TEK,1159,6534693,1023,101,3,,DAMON,HENTHORN,868 W 18TH ST,,SAN BERNARDINO,CA,92405-4220
Aero Auto Repair,TEK,1159,6541431,1023,101,3,,KAZER,MATOIAN,7869 STARLING DR,,SAN DIEGO,CA,92123-2747
Aero Auto Repair,TEK,1159,6540809,1023,101,3,,JOHN,SMITH,10328 HOLDER WAY,,SAN DIEGO,CA,92124-2513
Aero Auto Repair,TEK,1159,6541144,1023,101,3,,EDDIE,CENICEROS,2525 HIGHLAND AVE UNIT 327,,NATIONAL CITY,CA,91950-7089
Aero Auto Repair,TEK,1159,6530217,1023,101,3,,SAMUEL,EVELAND,7200 SARANAC ST APT 18,,LA MESA,CA,91942-8949
Aero Auto Repair,TEK,1159,6540471,1023,101,3,,AL,DAVIDSON,9853 RIMPARK WAY,,SAN DIEGO,CA,92124-1626
Aero Auto Repair,TEK,1159,6540654,1023,101,3,,Edward,King,6427 REFLECTION DR APT 203,,SAN DIEGO,CA,92124-3188
Aero Auto Repair,TEK,1159,6531273,1023,101,3,,BEN,ROLSTON,9547 VISTA TERCERA,,SAN DIEGO,CA,92129-2736
Aero Auto Repair,TEK,1159,6546513,1023,101,3,,LINDA,MORRISEY,903 W RIM VIEW RD,,PAYSON,AZ,85541-4747
Aero Auto Repair,TEK,1159,6540241,1023,101,3,,BRENDA,BADDLEY,7942 MISSION CENTER CT,,SAN DIEGO,CA,92108-1448
Aero Auto Repair,TEK,1159,6530229,1023,101,3,,KYLE,ADAMS,3368 DALEY CENTER DR APT 714,,SAN DIEGO,CA,92123-4614
Aero Auto Repair,TEK,1159,6531332,1023,101,3,,Gary,GARCIA,9250 WINTER GARDENS BLVD APT 25,,LAKESIDE,CA,92040-4561
Aero Auto Repair,TEK,1159,6545991,1023,101,3,,madelyn,rutledge,3332 CANON ST,,SAN DIEGO,CA,92106-2514
Aero Auto Repair,TEK,1159,6535405,1023,101,3,,CAMERON,ROGERS,2555 FENTON PKWY APT 216,,SAN DIEGO,CA,92108-6771
Aero Auto Repair,TEK,1159,6535063,1023,101,3,,Shawn,Doublet,5 SUMMER FIELD CT,,BEAUFORT,SC,29907-1885
Aero Auto Repair,TEK,1159,6534774,1023,101,3,,Rodolfo,RUBALCAVA,10303 CAMINITO ARALIA APT 97,,SAN DIEGO,CA,92131-2018
Aero Auto Repair,TEK,1159,6540663,1023,101,3,,Francisco,Saucedo,5789 MISSION CENTER RD APT 211,,SAN DIEGO,CA,92108-4914
Aero Auto Repair,TEK,1159,6533793,1023,101,3,,Morgan,GEREMIA,3155 TAUSSIG ST,,SAN DIEGO,CA,92124-3612
Aero Auto Repair,TEK,1159,6544903,1023,101,3,,Tierra,Lewis,3326 DAHLGREN LN,,SAN DIEGO,CA,92123-2139
Aero Auto Repair,TEK,1159,6542931,1023,101,3,,KEITH,TEMPLE,11255 TIERRASANTA BLVD,,SAN DIEGO,CA,92124-2888
Aero Auto Repair,TEK,1159,6535047,1023,101,3,,BRIELLE,POWELL,2805 MORENA BLVD APT 1,,SAN DIEGO,CA,92117-6065
Aero Auto Repair,TEK,1159,6543550,1023,101,3,,Anne,Bashara,7978 LINDA VISTA RD APT 23,,SAN DIEGO,CA,92111-5154
Aero Auto Repair,TEK,1159,6536500,1023,101,3,,JUSTIN,PARLIER,2204 ALTA VISTA DR,,VISTA,CA,92084-7022
Aero Auto Repair,TEK,1159,6546732,1023,101,3,,Phil,Benham,4335 NARRAGANSETT AVE,,SAN DIEGO,CA,92107-2937
Aero Auto Repair,TEK,1159,6529899,1023,101,3,,Kayla,Moomey,6418 AMBROSIA DR,,SAN DIEGO,CA,92124-3100
Aero Auto Repair,TEK,1159,6535824,1023,101,3,,Kenny,Tooker,10157 ORLECK ST,,SAN DIEGO,CA,92124-2508
Aero Auto Repair,TEK,1159,6535139,1023,101,3,,REBEKKAH,GOMEZ,8355 JORDAN ST,,SAN DIEGO,CA,92123-2018
Aero Auto Repair,TEK,1159,6538898,1023,101,3,,ESMERALDA,PEREZ,971 4TH AVE APT 6,,CHULA VISTA,CA,91911-2014
Aero Auto Repair,TEK,1159,6533791,1023,101,3,,JAMES,CLAY,3364 DALEY CENTER DR APT 807,,SAN DIEGO,CA,92123-4617
Aero Auto Repair,TEK,1159,6546000,1023,101,3,,Chidambar,Kulkarni,5141 MONTESSA ST,,SAN DIEGO,CA,92124-1514
Aero Auto Repair,TEK,1159,6540666,1023,101,03,,Cynthia,Karp,11429 MADERA ROSA WAY,,SAN DIEGO,CA,92124-2877
Aero Auto Repair,TEK,1159,6529927,1023,101,03,,LAURA,ARANTE,4123 37TH ST APT 1,,SAN DIEGO,CA,92105-1356
Aero Auto Repair,TEK,1159,6538354,1023,101,3,,JOSH,SISTAR,14397 CRESTWOOD AVE,,POWAY,CA,92064-6464
Aero Auto Repair,TEK,1159,6535368,1023,101,3,,Michael,Tickner,4389 CLAIREMONT DR,,SAN DIEGO,CA,92117-5534
Aero Auto Repair,TEK,1159,6533925,1023,101,3,,Dakota,Crocker,8624 IVERSON ST,,SAN DIEGO,CA,92123-2260
Aero Auto Repair,TEK,1159,6545775,1023,101,03,,Paige,Allison,12600 N SOUTHRIDGE DR,,LIBERTY,MO,64068-7119
Aero Auto Repair,TEK,1159,6546121,1023,101,3,,ERROL,PEREZ,2575 FENTON PKWY APT 111,,SAN DIEGO,CA,92108-6773
Aero Auto Repair,TEK,1159,6547056,1023,101,3,,Drew,Bosstre,8952 POLLAND AVE,,SAN DIEGO,CA,92123-2934
Aero Auto Repair,TEK,1159,6537732,1023,101,3,,Christopher,Miller,10312 HOLDER WAY,,SAN DIEGO,CA,92124-2513
Aero Auto Repair,TEK,1159,6541601,1023,101,3,,STEVEN,MOORE,2763 MISSION VILLAGE DR,,SAN DIEGO,CA,92123-3207
Aero Auto Repair,TEK,1159,6540297,1023,101,3,,Andresa,Beco,2525 MAMMOTH DR,,SAN DIEGO,CA,92123-3504
Aero Auto Repair,TEK,1159,6538596,1023,101,3,,JAY,ECIJA,PO BOX 211223,,CHULA VISTA,CA,91921-1223
Aero Auto Repair,TEK,1159,6540673,1023,101,3,,Kevin,Beiser,8262 KAPLAN DR,,SAN DIEGO,CA,92123-3824
Aero Auto Repair,TEK,1159,6538387,1023,101,3,,Adam,Torres,8528 ORGANDY LN,,SANTEE,CA,92071-3414
Aero Auto Repair,TEK,1159,6539246,1023,101,3,,Elliott,Spencer,2321 2ND AVE APT 3,,SAN DIEGO,CA,92101-1545
Aero Auto Repair,TEK,1159,6531202,1023,101,3,,Meghan,Murphy,1236 ESSEX ST,,SAN DIEGO,CA,92103-3306
Aero Auto Repair,TEK,1159,6537607,1023,101,03,,Amir,Benami,6850 MISSION GORGE RD APT 2626,,SAN DIEGO,CA,92120-2591
Aero Auto Repair,TEK,1159,6533628,1023,101,3,,JASON,HAU,3616 ARIZONA ST,,SAN DIEGO,CA,92104-4014
Aero Auto Repair,TEK,1159,6530976,1023,101,3,,Adam,WATSON,8423 LARKDALE AVE,,SAN DIEGO,CA,92123-2082
Aero Auto Repair,TEK,1159,6547362,1023,101,3,,JOE,ESTEY,10931 MONTEGO DR,,SAN DIEGO,CA,92124-1422
Aero Auto Repair,TEK,1159,6535004,1023,101,3,,Roger,Parker,13289 SPARREN AVE,,SAN DIEGO,CA,92129-2324
Aero Auto Repair,TEK,1159,6536080,1023,101,3,,Bill,Vigil,3055 AFTON RD,,SAN DIEGO,CA,92123-2809
Aero Auto Repair,TEK,1159,6627979,1023,101,3,,Roberta,Withers,8865 SPECTRUM CENTER BLVD APT 9212,,SAN DIEGO,CA,92123-1494
Aero Auto Repair,TEK,1159,6798995,1023,101,3,,Matthew,Parra,8561 HURLBUT ST,,SAN DIEGO,CA,92123-2143
Aero Auto Repair,TEK,1159,6802263,1023,101,3,,Pacheco,Marissa,550 PARK BLVD,,SAN DIEGO,CA,92101-7241
Aero Auto Repair,TEK,1159,6802704,1023,101,3,,Enrique,Ornelas,4454 CHEROKEE AVE APT 6,,SAN DIEGO,CA,92116-3611
Aero Auto Repair,TEK,1159,6817494,1023,101,3,,Kameran,Neises,10757 GABACHO DR,,SAN DIEGO,CA,92124-1406
Aero Auto Repair,TEK,1159,6954929,1023,101,3,,George,Delabarre,8617 EAMES ST,,SAN DIEGO,CA,92123-2121
Aero Auto Repair,TEK,1159,6956333,1023,101,3,,Quentin,Baker,7845 WESTSIDE DR,,SAN DIEGO,CA,92108-1248
Aero Auto Repair,TEK,1159,7150626,1023,101,3,,Jamen,Burke,5077 SARATOGA AVE,,SAN DIEGO,CA,92107-2819
Aero Auto Repair,TEK,1159,6539167,1023,101,3,,Lynn,Lucchinni,5457 CAMINO PLAYA MALAGA,,SAN DIEGO,CA,92124-4124
Aero Auto Repair,TEK,1159,6544995,1023,101,3,,Will,Brook,3692 WINDSWEPT TER,,SAN DIEGO,CA,92130-2034
Aero Auto Repair,TEK,1159,6545756,1023,101,3,,Danielle,Dixon,3515 GEORGIA ST,,SAN DIEGO,CA,92103-4617
Aero Auto Repair,TEK,1159,7535251,1023,101,3,,George,Diestel,9755 LORRAINE WAY APT 202,,SANTEE,CA,92071-5219
Aero Auto Repair,TEK,1159,6540658,1023,101,3,,GILBERT,DORSEY,3876 DUBLIN AVE,,LOS ANGELES,CA,90008-1921
Aero Auto Repair,TEK,1159,6802211,1023,101,03,,Robert,Reynolds,2811 HARROD AVE,,KINGMAN,AZ,86401-6338
Aero Auto Repair,TEK,1159,7737351,1023,101,3,,Zane,Harrison,11568 COMPASS POINT DR N,,SAN DIEGO,CA,92126-8554
Aero Auto Repair,TEK,1159,7808963,1023,101,3,,Zachary,Nicholson,10854 TIERRASANTA BLVD,,SAN DIEGO,CA,92124-3023
Aero Auto Repair,TEK,1159,7728340,1023,101,3,,Chris,English,3274 VIA ZAMORA,,ESCONDIDO,CA,92029-7437
Aero Auto Repair,TEK,1159,6530648,1023,101,3,,Jeffrey,Blair,11295 CORTE PLAYA CORONA,,SAN DIEGO,CA,92124-4134
Aero Auto Repair,TEK,1159,6538002,1023,101,3,,Aundre,Silva,4033 MARLBOROUGH AVE,,SAN DIEGO,CA,92105-1410
Aero Auto Repair,TEK,1159,7818193,1023,101,3,,Josh,Rice,4455 NEW JERSEY ST,,SAN DIEGO,CA,92116-1050
Aero Auto Repair,TEK,1159,7981182,1023,101,3,,Andre,Anderson,2767 W CANYON AVE APT 250,,SAN DIEGO,CA,92123-4695
Aero Auto Repair,TEK,1159,7991730,1023,101,3,,Blaze,Bailey,845 20TH ST,,SAN DIEGO,CA,92102-1804
Aero Auto Repair,TEK,1159,6540501,1023,101,3,,Mark,Jerger,1529 HALIA CT,,ENCINITAS,CA,92024-2624
Aero Auto Repair,TEK,1159,7980904,1023,101,3,,Tyler,Hurl,2664 MOBLEY ST,,SAN DIEGO,CA,92123-3031
Aero Auto Repair,TEK,1159,8173695,1023,101,3,,Olena,Bankston,2235 GALAHAD RD,,SAN DIEGO,CA,92123-3931
Aero Auto Repair,TEK,1159,8269731,1023,101,3,,Andrew,Sierzega,10091 RIO SAN DIEGO DR APT 360,,SAN DIEGO,CA,92108-5670
Aero Auto Repair,TEK,1159,6545715,1023,101,03,,Cody,Busick,628 WEEPING WILLOW LN,,JACKSONVILLE,NC,28540-3197
Aero Auto Repair,TEK,1159,8447309,1023,101,3,,Allen,Fox,3895 F ST,,SAN DIEGO,CA,92102-3431
Aero Auto Repair,TEK,1159,8480836,1023,101,3,,Kevin,Proulx,16103 OAK SPRINGS DR,,RAMONA,CA,92065-4218
Aero Auto Repair,TEK,1159,6530785,1023,101,3,,Melvin,Ford,4846 W ALDER DR,,SAN DIEGO,CA,92116-2326
Aero Auto Repair,TEK,1159,8816451,1023,101,3,,Vannik,Keo,PSC 567 BOX 7308,,FPO,AP,96384-0074
Aero Auto Repair,TEK,1159,8847815,1023,101,3,,Glenn,Tyson,10837 VIACHA DR,,SAN DIEGO,CA,92124-3420
Aero Auto Repair,TEK,1159,8912647,1023,101,3,,Jason,Grooms,4912 JUNEBERRY CT,,SAN DIEGO,CA,92123-6435
Aero Auto Repair,TEK,1159,8963249,1023,101,3,,Marguerite,Van Remoortere,5182 CORTE PLAYA CATALINA,,SAN DIEGO,CA,92124-1560
Aero Auto Repair,TEK,1159,6533927,1023,101,3,,Lee,Halper,43922 COUNTRY RIDGE CT,,TEMECULA,CA,92592-5668
Aero Auto Repair,TEK,1159,8977674,1023,101,3,,Mark,Kern,3372 DALEY CENTER DR APT 1506,,SAN DIEGO,CA,92123-4632
Aero Auto Repair,TEK,1159,8851880,1023,101,3,,Stephen,Mazurek,2069 TALON WAY,,SAN DIEGO,CA,92123-3734
Aero Auto Repair,TEK,1159,8744941,1023,101,3,,Ian,Averett,4863 SHIELDS ST,,SAN DIEGO,CA,92124-2930
Aero Auto Repair,TEK,1159,6530113,1023,101,03,,Linda,Domenick,9110 GRAMERCY DR UNIT 327,,SAN DIEGO,CA,92123-4024
Aero Auto Repair,TEK,1159,6534597,1023,101,3,,Clyde,Wetsch,2853 W CANYON AVE,,SAN DIEGO,CA,92123-4689
Aero Auto Repair,TEK,1159,6542814,1023,101,3,,Helen,Manley,3242 SKIPPER ST,,SAN DIEGO,CA,92123-3051
Aero Auto Repair,TEK,1159,7146777,1023,101,3,,Theresa,Blea,10240 DEL RIO RD,,SPRING VALLEY,CA,91978-1007
Aero Auto Repair,TEK,1159,6535847,1023,101,3,,Dave,NOVAK,10440 SNOOK ST,,SAN DIEGO,CA,92124-3320
Aero Auto Repair,TEK,1159,9585061,1023,101,3,,Rochelle,Hawes,5305 WESTPORT VIEW DR,,SAN DIEGO,CA,92154-5830
Aero Auto Repair,TEK,1159,10106257,1023,101,3,,Glenn,McHenry,8659 JENNY AVE,,SAN DIEGO,CA,92123-3448
Aero Auto Repair,TEK,1159,10125418,1023,101,3,,Dominic,Delgadillo,645 HICKEY BLVD,,PACIFICA,CA,94044-1545
Aero Auto Repair,TEK,1159,9587063,1023,101,3,,Dennis,Douglass,3484 RUFFIN RD APT 2I,,SAN DIEGO,CA,92123-2507
Aero Auto Repair,TEK,1159,10129997,1023,101,3,,John,Stein,9049 SHOREHAM DR,,LOS ANGELES,CA,90069-1708
Aero Auto Repair,TEK,1159,6535744,1023,101,3,,Joel,Beltran,4014 ALCORN ST,,SAN DIEGO,CA,92154-3729
Aero Auto Repair,TEK,1159,6540449,1023,101,3,,NICK,CHASE,1455 N MELROSE DR APT 105,,VISTA,CA,92083-4874
Aero Auto Repair,TEK,1159,10469589,1023,101,3,,Sharon,Hostetler,2911 E CORTEZ ST,,PHOENIX,AZ,85028-1940
Aero Auto Repair,TEK,1159,10572837,1023,101,3,,Leonel,Flores,1514 S 59TH CT,,CICERO,IL,60804-1747
Aero Auto Repair,TEK,1159,10428926,1023,101,03,,Samantha,Kerber,4415 ROSEBUD LN APT F,,LA MESA,CA,91941-6249
Aero Auto Repair,TEK,1159,10796195,1023,101,3,,Tanysha,Montano,9969 RIO SAN DIEGO DR APT 110,,SAN DIEGO,CA,92108-5622
Aero Auto Repair,TEK,1159,10795415,1023,101,03,,Will,Nickerson,3306 SE 77TH AVE,,PORTLAND,OR,97206-2302
Aero Auto Repair,TEK,1159,7545571,1023,101,3,,Liam,Schoel,10920 PORTOBELO DR,,SAN DIEGO,CA,92124-1181
Aero Auto Repair,TEK,1159,11150953,1023,101,3,,Tracy,Valentine,5524 VIRGINIA ST,,CAMP LEJEUNE,NC,28547-1229
Aero Auto Repair,TEK,1159,11212159,1023,101,3,,Aimee,Cruse,521 SE 900 AVE,,ROCKBRIDGE,IL,62081-5519
Aero Auto Repair,TEK,1159,6537189,1023,101,3,,Jim,Le,4855 ARIVA WAY APT 314,,SAN DIEGO,CA,92123-2142
Aero Auto Repair,TEK,1159,9663607,1023,101,03,,Joseph,Lopez,2766 CARDINAL RD APT B,,SAN DIEGO,CA,92123-3355
Aero Auto Repair,TEK,1159,11267236,1023,101,3,,Jay,Wunderl,3637 33RD ST,,SAN DIEGO,CA,92104-4316
Aero Auto Repair,TEK,1159,12146209,1023,101,3,,Justin,Mccuaig,7737 LINDA VISTA RD APT 13,,SAN DIEGO,CA,92111-5245
Aero Auto Repair,TEK,1159,6530769,1023,101,3,,Josephine,DUDA,3429 STELLAR DR,,SAN DIEGO,CA,92123-2628
Aero Auto Repair,TEK,1159,12133854,1023,101,3,,Daniel,Scanlon,2405 CATALINA CIR,,OCEANSIDE,CA,92056-5352
Aero Auto Repair,TEK,1159,12474101,1023,101,3,,Vincent,Davis,3143 CHATELAIN CT,,SAN DIEGO,CA,92123-2868
Aero Auto Repair,TEK,1159,6543853,1023,101,03,,Thomas,Hilberg,PO BOX 1236,,MATHEWS,VA,23109-1236
Aero Auto Repair,TEK,1159,6533728,1023,101,3,,Mckayla,Moreno,5360 REPECHO DR,,SAN DIEGO,CA,92124-1721
Aero Auto Repair,TEK,1159,12618196,1023,101,03,,Monica,Sanchez,520 E H ST APT 48,,CHULA VISTA,CA,91910-7511
Aero Auto Repair,TEK,1159,6533379,1023,101,3,,GLORIA,DAMM,2258 RON WAY,,SAN DIEGO,CA,92123-3857
Aero Auto Repair,TEK,1159,12936668,1023,101,3,,Idris,Crumpler,8 PINE HILL RD,,WINDSOR LOCKS,CT,06096-2608
Aero Auto Repair,TEK,1159,6534946,1023,101,3,,JOANNE,SNYDER,2431 PALACE DR,,SAN DIEGO,CA,92123-3619
Aero Auto Repair,TEK,1159,13447842,1023,101,3,,Suzannah,Sasabe,1321 WYTE WAY,,BANNING,CA,92220-1865
Aero Auto Repair,TEK,1159,6536480,1023,101,3,,Katie,McMillan,13497 RIDLEY RD,,SAN DIEGO,CA,92129-2853
Aero Auto Repair,TEK,1159,10784402,1023,101,3,,Vylisha,Russell,2075 VIA LAS CUMBRES APT 8,,SAN DIEGO,CA,92111-6806
Aero Auto Repair,TEK,1159,6547080,1023,101,03,,Brian,YOUELL,3858 PENDIENTE CT APT 102,,SAN DIEGO,CA,92124-3746
Aero Auto Repair,TEK,1159,6533808,1023,101,03,,Jacqueline,Fitzgerald,7171 FAY AVE,,LA JOLLA,CA,92037-5513
Aero Auto Repair,TEK,1159,6546629,1023,101,3,,Tamara,Andersen,9505 FAIRBANKS AVE,,SAN DIEGO,CA,92123-3217
Aero Auto Repair,TEK,1159,6545562,1023,101,3,,Amanda,Meade,3950 ARDMORE DR,,SAN DIEGO,CA,92111-3405
Aero Auto Repair,TEK,1159,15301273,1023,101,3,,Beau,Bernard,13023 VALLEJO CIR,,WESTMINSTER,CO,80234-3774
Aero Auto Repair,TEK,1159,14453794,1023,101,3,,Sean,Parker,3533 MOCCASIN AVE,,SAN DIEGO,CA,92117-2629
Aero Auto Repair,TEK,1159,6533889,1023,101,3,,Frank,Niska,4501 NE 144TH AVE,,VANCOUVER,WA,98682-7023
Aero Auto Repair,TEK,1159,6534617,1023,101,3,,ZAC,FEARN,9054 GRAMERCY DR APT 11,,SAN DIEGO,CA,92123-2346
Aero Auto Repair,TEK,1159,16010382,1023,101,3,,Jennifer,Fuller,6333 MOUNT ADA RD UNIT 286,,SAN DIEGO,CA,92111-3139
Aero Auto Repair,TEK,1159,6544163,1023,101,3,,JONI,VLASICH,1465 WINCHESTER SOUTHERN RD SW,,AMANDA,OH,43102-9601
Aero Auto Repair,TEK,1159,6539967,1023,101,3,,Charles,Brown,2133 SOUTHRIDGE DR,,PALM SPRINGS,CA,92264-4963
Aero Auto Repair,TEK,1159,16395908,1023,101,3,,Jon,Garcia,8826 GREYLING PL,,SAN DIEGO,CA,92123-3908
Aero Auto Repair,TEK,1159,16397889,1023,101,3,,Eric,Shen,8583 AERO DR APT 3047,,SAN DIEGO,CA,92123-1655
Aero Auto Repair,TEK,1159,6532860,1023,101,3,,Aliyn,Mojica Lazo,5902 MEADWOOD CIR,,NORTH CHESTERFIELD,VA,23234-5448
Aero Auto Repair,TEK,1159,6882761,1023,101,3,,Christine,Albert,9878 APPLE TREE DR,,SAN DIEGO,CA,92124-1608
Aero Auto Repair,TEK,1159,16411275,1023,101,3,,Timothy,Oconnor,5792 TORTUGA RD,,SAN DIEGO,CA,92124-1214
Aero Auto Repair,TEK,1159,6532698,1023,101,3,,Allison,Blackman,614 E 24TH ST APT 1,,NATIONAL CITY,CA,91950-7059
Aero Auto Repair,TEK,1159,16873928,1023,101,3,,Chris,Mendoza,7908 RANCHO FANITA DR,,SANTEE,CA,92071-6408
Aero Auto Repair,TEK,1159,16876153,1023,101,3,,Jaenne,Love,10718 CARIUTO CT,,SAN DIEGO,CA,92124-2023
Aero Auto Repair,TEK,1159,16890999,1023,101,3,,Laura,Muldoon,4959 CASABLANCA RD,,VIRGINIA BEACH,VA,23455-2249
Aero Auto Repair,TEK,1159,17046138,1023,101,03,,Fiona,Millis,1409 WINFIELD AVE,,BREMERTON,WA,98310-4432
Aero Auto Repair,TEK,1159,17137479,1023,101,3,,Salvador,Laureltorres,1042 STRATTON DR,,VISTA,CA,92083-4777
Aero Auto Repair,TEK,1159,6543137,1023,101,3,,JACKIE,GRACIANO,5553 ADOBE FALLS RD UNIT 3,,SAN DIEGO,CA,92120-4460
Aero Auto Repair,TEK,1159,6533139,1023,101,3,,Kristopher,SNYDER,3116 BROADWAY,,SAN DIEGO,CA,92102-2322
Aero Auto Repair,TEK,1159,14530761,1023,101,3,,Glen,Hom,4447 HERITAGE GLEN LN,,SAN DIEGO,CA,92130-2419
Aero Auto Repair,TEK,1159,17303495,1023,101,3,,Danny,Thach,10232 TRUETT LN,,SAN DIEGO,CA,92124-3643
Aero Auto Repair,TEK,1159,17582124,1023,101,3,,Roger,Wesley,255 MEYER ST,,FORT HUACHUCA,AZ,85613-1538
Aero Auto Repair,TEK,1159,17613305,1023,101,03,,Heather,Gomez,3355 RUFFIN RD APT 01,,SAN DIEGO,CA,92123-4032
Aero Auto Repair,TEK,1159,17582949,1023,101,3,,Clara,Maarie Hess,3273 ANNRAE ST,,SAN DIEGO,CA,92123-1915
Aero Auto Repair,TEK,1159,18466337,1023,101,3,,Susan,Luter,9182 FERMI AVE,,SAN DIEGO,CA,92123-3115
Aero Auto Repair,TEK,1159,18613541,1023,101,3,,Ashley,Lee,2621 W CANYON AVE,,SAN DIEGO,CA,92123-4732
Aero Auto Repair,TEK,1159,6533114,1023,101,3,,DEVON,GAUDET,3435 FREEMAN ST,,SAN DIEGO,CA,92106-1414
Aero Auto Repair,TEK,1159,18639091,1023,101,3,,Lianna,York,3368 DALEY CENTER DR,,SAN DIEGO,CA,92123-4744
Aero Auto Repair,TEK,1159,16259510,1023,101,3,,Maquetha,Bigley,8613 GLENHAVEN ST,,SAN DIEGO,CA,92123-2107
Aero Auto Repair,TEK,1159,9142195,1023,101,3,,Josh,Schroeder,7689 W MELTWATER LN,,EAGLE,ID,83616-7718
Aero Auto Repair,TEK,1159,19342076,1023,101,3,,Sarah,Lohman,2571 OLD QUARRY RD APT 2027,,SAN DIEGO,CA,92108-2769
Aero Auto Repair,TEK,1159,19517418,1023,101,3,,Brian,Henderson,9383 ANGWIN PL,,SAN DIEGO,CA,92123-2645
Aero Auto Repair,TEK,1159,19534293,1023,101,3,,Catalina,Nunez,1753 W DRESCHER ST,,SAN DIEGO,CA,92111-6911
Aero Auto Repair,TEK,1159,19753189,1023,101,3,,Megan,Bernardo,8845 GREENVIEW PL,,SPRING VALLEY,CA,91977-1018
Aero Auto Repair,TEK,1159,14960087,1023,101,3,,Susan,Leverenz,15171 SW 119TH AVE,,PORTLAND,OR,97224-2770
Aero Auto Repair,TEK,1159,19737004,1023,101,3,,Jordan,Gutierrez,8841 SPECTRUM CENTER BLVD APT 5106,,SAN DIEGO,CA,92123-1468
Aero Auto Repair,TEK,1159,19775138,1023,101,3,,Enrique,Lucas,10210 SAN DIEGO MISSION RD,,SAN DIEGO,CA,92108-2100
Aero Auto Repair,TEK,1159,20018021,1023,101,03,,Mia,Moreno,9645 W CANYON TER UNIT 2,,SAN DIEGO,CA,92123-4667
Aero Auto Repair,TEK,1159,14084664,1023,101,3,,Jared,Jeppson,1614 WOODLAND XING,,FORT WAYNE,IN,46825-7225
Aero Auto Repair,TEK,1159,20176938,1023,101,3,,Blake,Winters,107 VANDERVEER ST APT 2B,,BROOKLYN,NY,11207-2155
Aero Auto Repair,TEK,1159,18872437,1023,101,3,,Harry,Walker,3186 MORNING WAY,,LA JOLLA,CA,92037-1914
Aero Auto Repair,TEK,1159,20360951,1023,101,3,,Adam,Stottlemyre,1020 W ASHCROFT AVE,,FRESNO,CA,93705-1410
Aero Auto Repair,TEK,1159,20400559,1023,101,3,,Isaiah,Garcia,3558 CHEROKEE AVE,,SAN DIEGO,CA,92104-4417
Aero Auto Repair,TEK,1159,20392383,1023,101,3,,Daniel,Harrison,4656 EDGEWARE RD APT 1,,SAN DIEGO,CA,92116-4704
Aero Auto Repair,TEK,1159,20743340,1023,101,3,,Richard,Wilson,3633 MARLBOROUGH AVE,,SAN DIEGO,CA,92105-3383
Aero Auto Repair,TEK,1159,20768692,1023,101,03,,James,Bailey,5304 CAMINITO VELASQUEZ,,SAN DIEGO,CA,92124-1617
Aero Auto Repair,TEK,1159,20764289,1023,101,3,,Connie,Moore,177 PARKCREEK CT,,SAN DIEGO,CA,92114-7739
Aero Auto Repair,TEK,1159,6532780,1023,101,3,,Michael,REITER,5224 FINO DR,,SAN DIEGO,CA,92124-2014
Aero Auto Repair,TEK,1159,10875935,1023,101,3,,Heather,Hart,10216 WADDELL CIR,,SAN DIEGO,CA,92124-2934
Aero Auto Repair,TEK,1159,20773694,1023,101,3,,Lisa,Williams,11676 VACA PL,,SAN DIEGO,CA,92124-2826
Aero Auto Repair,TEK,1159,21041570,1023,101,3,,Joshua,Turner,3379 ORANGE AVE,,SAN DIEGO,CA,92104-2163
Aero Auto Repair,TEK,1159,16740332,1023,101,3,,Lauren,McSweeney,3704 RUFFIN RD,,SAN DIEGO,CA,92123-1812
Aero Auto Repair,TEK,1159,21707077,1023,101,3,,Jon,McGowan,2999 MISSION BLVD,,SAN DIEGO,CA,92109-8028
Aero Auto Repair,TEK,1159,22067935,1023,101,3,,David,Lopez,3321 GRIDLEY PL,,SAN DIEGO,CA,92123-2136
Aero Auto Repair,TEK,1159,22030704,1023,101,3,,Eddie,Ooms,8377 HURLBUT ST,,SAN DIEGO,CA,92123-2011
Aero Auto Repair,TEK,1159,22202995,1023,101,3,,Stacy,May,9251 REBECCA AVE,,SAN DIEGO,CA,92123-3549
Aero Auto Repair,TEK,1159,22210565,1023,101,3,,Joseph,Farmer,10263 BRIDGET CT,,SAN DIEGO,CA,92124-3607
Aero Auto Repair,TEK,1159,7726413,1023,101,3,,Jesse,Underhill,2956 SEGO PL,,SAN DIEGO,CA,92123-3044
Aero Auto Repair,TEK,1159,6532172,1023,101,3,,Tom,Michel,3357 LUNA AVE,,SAN DIEGO,CA,92117-1728
Aero Auto Repair,TEK,1159,6543343,1023,101,3,,Ryan,Gutierrez,2407 ADAMS AVE # 16,,SAN DIEGO,CA,92116-1303
Aero Auto Repair,TEK,1159,12028595,1023,101,3,,Denise,Harter,9472 SELTZER CT,,SAN DIEGO,CA,92123-3246
Aero Auto Repair,TEK,1159,23343329,1023,101,03,,Anna,Whalen,PO BOX 880784,,SAN DIEGO,CA,92168-0784
Aero Auto Repair,TEK,1159,22683991,1023,101,03,,Dennis,Krzanak,3710 ARMSTRONG ST,,SAN DIEGO,CA,92111-4345
Aero Auto Repair,TEK,1159,23378384,1023,101,03,,Ryan,Nevada,2404 PALACE DR,,SAN DIEGO,CA,92123-3620
Aero Auto Repair,TEK,1159,6537855,1023,101,03,,PAUL,OBRIEN,9020 KENAMAR DR STE 203,,SAN DIEGO,CA,92121-2431
Aero Auto Repair,TEK,1159,23488268,1023,101,03,,Brad,Bond,2215 HOWARD AVE,,SAN DIEGO,CA,92104-1607
Aero Auto Repair,TEK,1159,19276366,1023,101,03,,Justin,Acay,2425 S 207TH ST,,SEATAC,WA,98198-5603
Aero Auto Repair,TEK,1159,21866389,1023,101,3,,William,Brown,9206 PIATTO LN,,SAN DIEGO,CA,92108-4766
Aero Auto Repair,TEK,1159,9142311,1023,101,3,,Casey,Cummins,7837 STARLING DR,,SAN DIEGO,CA,92123-2747
Aero Auto Repair,TEK,1159,23870750,1023,101,03,,Audry,Johnson,4817 GRAYSEN GORGE RD,,ARLINGTON,TN,38002-2572
Aero Auto Repair,TEK,1159,23867679,1023,101,03,,Rick,Woods,9081 RONDA AVE,,SAN DIEGO,CA,92123-3551
Aero Auto Repair,TEK,1159,23904590,1023,101,03,,Danielle,Barnwell,2722 REYNARD WAY,,SAN DIEGO,CA,92103-6412
Aero Auto Repair,TEK,1159,21673710,1023,101,03,,Byron,Morataya,13655 HIGHWAY 8 BUSINESS,,EL CAJON,CA,92021-1922
Aero Auto Repair,TEK,1159,24044987,1023,101,03,,Joshua,Diaz,7002 LINDA VISTA RD APT 24,,SAN DIEGO,CA,92111-6338
Aero Auto Repair,TEK,1159,6545796,1023,101,03,,ROBERT,ROSADO,10328 AMARO CT,,SAN DIEGO,CA,92124-1215
Aero Auto Repair,TEK,1159,16735300,1023,101,3,,Lucia,Pasillas,7860 MISSION VISTA DR,,SAN DIEGO,CA,92120-1564
Aero Auto Repair,TEK,1159,24040178,1023,101,03,,Robert,Fonseca,10833 NEW SALEM WAY,,SAN DIEGO,CA,92126-2062
Aero Auto Repair,TEK,1159,10408076,1023,101,3,,Jackie,Duerr,5778 ANTIGUA BLVD,,SAN DIEGO,CA,92124-1321
Aero Auto Repair,TEK,1159,24395913,1023,101,03,,Michael,Ahmed,2725 W CANYON AVE APT 143,,SAN DIEGO,CA,92123-4721
Aero Auto Repair,TEK,1159,6540358,1023,101,3,,CATHERINE,SPILLANE,13235 WIMBERLY SQ UNIT 252,,SAN DIEGO,CA,92128-4069
Aero Auto Repair,TEK,1159,18621512,1023,101,3,,Ryan,Carter,2228 FENTON PKWY,,SAN DIEGO,CA,92108-4776
Aero Auto Repair,TEK,1159,24405951,1023,101,03,,Jykeith,Babins,2980 KORINK AVE,,SAN DIEGO,CA,92111-5726
Aero Auto Repair,TEK,1159,20271612,1023,101,3,,Dominic,Jauregui,5445 REPECHO DR APT 105,,SAN DIEGO,CA,92124-1708
Aero Auto Repair,TEK,1159,24701190,1023,101,03,,Paul,Boyer,1704 BYERTON CT,,RANCHO PALOS VERDES,CA,90275-1804
Aero Auto Repair,TEK,1159,6546154,1023,101,3,,TOM,PARSONS,3811 ARNOLD AVE APT 1,,SAN DIEGO,CA,92104-3458
Aero Auto Repair,TEK,1159,6543158,1023,101,3,,Rudolph,Velasquez,603 SAN MARINO PL,,CHULA VISTA,CA,91914-4042
Aero Auto Repair,TEK,1159,25986169,1023,101,03,,Joanne,Cohen,5090 MOUNT HELIX DR,,LA MESA,CA,91941-4300
Aero Auto Repair,TEK,1159,6536134,1023,101,3,,Jeanette,Finnell,8583 AERO DR APT 3099,,SAN DIEGO,CA,92123-1684
Aero Auto Repair,TEK,1159,18857147,1023,101,3,,Richard,Hopkins,9196 REBECCA AVE,,SAN DIEGO,CA,92123-3548
Aero Auto Repair,TEK,1159,27106113,1023,101,03,,Cody,Mazzarella,11255 TIERRASANTA BLVD UNIT 74,,SAN DIEGO,CA,92124-2889
Aero Auto Repair,TEK,1159,25956091,1023,101,03,,Shardae,Hayes,4049 TEXAS ST APT 6,,SAN DIEGO,CA,92104-6022
Aero Auto Repair,TEK,1159,27301885,1023,101,03,,Benjamin,Schaefer,1925 BRIARGATE PL,,ESCONDIDO,CA,92029-4309
Aero Auto Repair,TEK,1159,27850841,1023,101,03,,Marc,Vinluan,8954 COVINA ST,,SAN DIEGO,CA,92126-3716
Aero Auto Repair,TEK,1159,27848767,1023,101,03,,Rita,Evans,6347 LAKE DECATUR AVE,,SAN DIEGO,CA,92119-3126
Aero Auto Repair,TEK,1159,6530424,1023,101,3,,Joshua,WINSLOW,10191 TRUETT LN,,SAN DIEGO,CA,92124-3642
Aero Auto Repair,TEK,1159,6543653,1023,101,3,,Randy,Seamaster,3222 TOWSER ST,,SAN DIEGO,CA,92123-3068
Aero Auto Repair,TEK,1159,12005158,1023,101,3,,Alex,Agpaoa,2766 W CANYON AVE,,SAN DIEGO,CA,92123-4646
Aero Auto Repair,TEK,1159,24415512,1023,101,03,,Michael,Fleming,1120 HUB CT,,EL CAJON,CA,92020-7224
Aero Auto Repair,TEK,1159,27607926,1023,101,03,,Kari,Tessieri,10546 ABALONE LANDING TER,,SAN DIEGO,CA,92130-8710
Aero Auto Repair,TEK,1159,27308421,1023,101,03,,Joel,Splittgerber,13057 ROUNDUP AVE,,SAN DIEGO,CA,92129-2408
Aero Auto Repair,TEK,1159,28916971,1023,101,03,,Scott,Kitsembel,3010 MONARCH ST,,SAN DIEGO,CA,92123-3244
Aero Auto Repair,TEK,1159,29131234,1023,101,03,,Kuing,Kim,2654 PIANTINO CIR,,SAN DIEGO,CA,92108-4713
Aero Auto Repair,TEK,1159,13701480,1023,101,3,,Luke,Ozeck,10431 GURNARD ST,,SAN DIEGO,CA,92124-3302
Aero Auto Repair,TEK,1159,15907607,1023,101,03,,John,Spillane,13235 WIMBERLY SQ UNIT 252,,SAN DIEGO,CA,92128-4069
Aero Auto Repair,TEK,1159,28900292,1023,101,03,,STACEY,COX,3320 CORPORAL DR,,SAN DIEGO,CA,92124-3333
Aero Auto Repair,TEK,1159,6530625,1023,101,3,,Zarina,Mendoza,13070 RANCHO PENASQUITOS BLVD APT 3,,SAN DIEGO,CA,92129-2988
Aero Auto Repair,TEK,1159,8647417,1023,101,3,,Bekah,Luce,4413 41ST ST,,SAN DIEGO,CA,92116-3826
Aero Auto Repair,TEK,1159,6547389,1023,101,3,,Guy,Granfors,7146 BELDEN ST,,SAN DIEGO,CA,92111-4231
Aero Auto Repair,TEK,1159,28558259,1023,101,03,,Nick,Jorgensen,3063 W CHAPMAN AVE APT 4309,,ORANGE,CA,92868-1755
Aero Auto Repair,TEK,1159,29369571,1023,101,03,,Beverley,Turner,1965 HARTON RD,,SAN DIEGO,CA,92123-3819
Aero Auto Repair,TEK,1159,24715794,1023,101,03,,Donta,Allen,10154 HOOPER ST,,SAN DIEGO,CA,92124-3515
Aero Auto Repair,TEK,1159,30093781,1023,101,03,,Kevin,Wynne,3491 SANDROCK RD,,SAN DIEGO,CA,92123-2160
Aero Auto Repair,TEK,1159,30207979,1023,101,03,,Claudia,Hill,1164 PARKVIEW DR,,OCEANSIDE,CA,92057-1962
Aero Auto Repair,TEK,1159,30209656,1023,101,03,,Mike,Allen,2610 GREYLING DR,,SAN DIEGO,CA,92123-3414
Aero Auto Repair,TEK,1159,30015556,1023,101,03,,Aaron,Terrell,10236 LAFFEY CT,,SAN DIEGO,CA,92124-2918
Aero Auto Repair,TEK,1159,24723113,1023,101,03,,German,Gonzalez,4878 TINASA WAY,,SAN DIEGO,CA,92124-2426
Aero Auto Repair,TEK,1159,30309995,1023,101,03,,Roc,Beas,5229 FINO DR,,SAN DIEGO,CA,92124-2013
Aero Auto Repair,TEK,1159,6868652,1023,101,3,,Cheyenne,Coates,5215 FIORE TER,,SAN DIEGO,CA,92122-5645
Aero Auto Repair,TEK,1159,30310532,1023,101,03,,Derek,Rico,4340 LA PORTALADA DR,,CARLSBAD,CA,92010-2808
Aero Auto Repair,TEK,1159,30424911,1023,101,03,,Christina,Ortega,1749 MORALES ST,,CORPUS CHRISTI,TX,78416-1810
Aero Auto Repair,TEK,1159,22089168,1023,101,3,,Robbi,Grace,10211 TRUETT LN,,SAN DIEGO,CA,92124-3642
Aero Auto Repair,TEK,1159,16384869,1023,101,3,,Aaron,Kagon,11054 CAMINO PLAYA CARMEL,,SAN DIEGO,CA,92124-4141
Aero Auto Repair,TEK,1159,6533493,1023,101,3,,Robert,Brownlie,16548 NICOLE RIDGE RD,,SAN DIEGO,CA,92127-6193
Aero Auto Repair,TEK,1159,31185747,1023,101,03,,Patrick,Ostrander,5070 CAMINO PLAYA PORTOFINO,,SAN DIEGO,CA,92124-1183
Aero Auto Repair,TEK,1159,31187255,1023,101,03,,Kym,Kapalla,4848 CASALS PL,,SAN DIEGO,CA,92124-1502
Aero Auto Repair,TEK,1159,31241265,1023,101,03,,Mike,Klein,1300 HACIENDA DR,,EL CAJON,CA,92020-1324
Aero Auto Repair,TEK,1159,31247563,1023,101,03,,Jose,Del Cid,2977 MOBLEY ST,,SAN DIEGO,CA,92123-3036
Aero Auto Repair,TEK,1159,6538186,1023,101,3,,Mitchell,Vidmar,4758 MANSFIELD ST APT 1,,SAN DIEGO,CA,92116-2452
Aero Auto Repair,TEK,1159,6540984,1023,101,3,,Brian,Crawford,2758 W CANYON AVE,,SAN DIEGO,CA,92123-4646
Aero Auto Repair,TEK,1159,31910573,1023,101,03,,Kayla,Marshall,8266 JORDAN ST,,SAN DIEGO,CA,92123-2016
Aero Auto Repair,TEK,1159,15563873,1023,101,3,,Sandy,Spackman,9970 LEMONWOOD LN,,SAN DIEGO,CA,92124-1804
Aero Auto Repair,TEK,1159,6533904,1023,101,3,,Doug,Huffor,3411 DORCHESTER DR,,SAN DIEGO,CA,92123-2611
Aero Auto Repair,TEK,1159,32017225,1023,101,03,,Wael,Ereikat,1753 COTTONWOOD DR,,VISTA,CA,92081-4500
Aero Auto Repair,TEK,1159,31630999,1023,101,03,,Jeremy,Smith,3358 DALEY CENTER DR APT 1407,,SAN DIEGO,CA,92123-4629
Aero Auto Repair,TEK,1159,17045039,1023,101,3,,Loretta,Emery,7670 TEEBIRD LN,,SAN DIEGO,CA,92123-3749
Aero Auto Repair,TEK,1159,32080855,1023,101,03,,Rebecca,Astalos,9517 RONDA AVE,,SAN DIEGO,CA,92123-3626
Aero Auto Repair,TEK,1159,32083520,1023,101,03,,Scott,Grantsmith,8140 ELSTON PL,,SAN DIEGO,CA,92126-2211
Aero Auto Repair,TEK,1159,27265648,1023,101,03,,John,Laseter,3145 CHATELAIN CT,,SAN DIEGO,CA,92123-2868
Aero Auto Repair,TEK,1159,32662306,1023,101,03,,Sandra,Stockwell,5237 QUEMADO CT,,SAN DIEGO,CA,92124-1811
Aero Auto Repair,TEK,1159,32872549,1023,101,03,,Richard,Burg,7741 COMPASS LAKE DR,,SAN DIEGO,CA,92119-2502
Aero Auto Repair,TEK,1159,32918266,1023,101,03,,Elizabeth,Cortezpena,10177 COWELL CT,,SAN DIEGO,CA,92124-2905
Aero Auto Repair,TEK,1159,33171367,1023,101,03,,Don,Atkisson,2540 NORTHSIDE DR APT 205,,SAN DIEGO,CA,92108-6755
Aero Auto Repair,TEK,1159,32679269,1023,101,03,,Henry,Fernandez,2745 ANJULI CT,,EL CAJON,CA,92020-1775
Aero Auto Repair,TEK,1159,33270695,1023,101,03,,Quinnanthony,Headen,4048 SIBUYAN LN,,WAHIAWA,HI,96786-3045
Aero Auto Repair,TEK,1159,6547351,1023,101,3,,Jesse,Dye,2805 W CANYON AVE,,SAN DIEGO,CA,92123-4689
Aero Auto Repair,TEK,1159,32935460,1023,101,03,,Alex,Jacobs,5719 EL CABO CT,,SAN DIEGO,CA,92124-1202
Aero Auto Repair,TEK,1159,6539059,1023,101,3,,Kristiene,Gong,10332 CAMINITO GOMA,,SAN DIEGO,CA,92131-1628
Aero Auto Repair,TEK,1159,33533389,1023,101,03,,Nirvar,Khalsa,4632 SEDA CV,,SAN DIEGO,CA,92124-2322
Aero Auto Repair,TEK,1159,6544135,1023,101,3,,Howard,Kantorowski,18701 CAMINITO PASADERO UNIT 126,,SAN DIEGO,CA,92128-1064
Aero Auto Repair,TEK,1159,34007550,1023,101,03,,Geoffrey,Risting,4559 JUTLAND DR,,SAN DIEGO,CA,92117-2451
Aero Auto Repair,TEK,1159,24409358,1023,101,03,,Andrew,Pearson,2547 OLD QUARRY RD APT 936,,SAN DIEGO,CA,92108-2747
Aero Auto Repair,TEK,1159,34203045,1023,101,03,,Britt,Sieger,10729 CARIUTO CT,,SAN DIEGO,CA,92124-2022
Aero Auto Repair,TEK,1159,34203194,1023,101,03,,Mary,Navarro,9868 RIMPARK WAY,,SAN DIEGO,CA,92124-1627
Aero Auto Repair,TEK,1159,34294872,1023,101,03,,Evan,Abarta,8068 NIGHTINGALE WAY,,SAN DIEGO,CA,92123-2730
Aero Auto Repair,TEK,1159,34374941,1023,101,03,,Dean,Anderson,11270 WALKING FERN CV,,SAN DIEGO,CA,92131-3707
Aero Auto Repair,TEK,1159,34383366,1023,101,03,,Tesla,Ehlerding,5187 COLLEGE AVE,,SAN DIEGO,CA,92115-2413
Aero Auto Repair,TEK,1159,14583998,1023,101,3,,Ron,Biggica,8619 ANROL AVE,,SAN DIEGO,CA,92123-3430
Aero Auto Repair,TEK,1159,6537613,1023,101,3,,Byron,MORATAYA,13655 HIGHWAY 8 BUSINESS SPC 47,,EL CAJON,CA,92021-1927
Aero Auto Repair,TEK,1159,34409093,1023,101,03,,Dan,McManus,3068 MELBOURNE DR,,SAN DIEGO,CA,92123-3133
Aero Auto Repair,TEK,1159,34714855,1023,101,03,,Caitlin,Veneklasen,3895 COLINA DORADA DR,,SAN DIEGO,CA,92124-2872
Aero Auto Repair,TEK,1159,34406835,1023,101,03,,David,Kinney,5450 REPECHO DR APT 102,,SAN DIEGO,CA,92124-1707
Aero Auto Repair,TEK,1159,6541145,1023,101,03,,Randy,Warman,3155 PASTERNACK PL,,SAN DIEGO,CA,92123-3058
Aero Auto Repair,TEK,1159,34718923,1023,101,03,,Daniel,Aguilar,4770 HOME AVE APT 209,,SAN DIEGO,CA,92105-4475
Aero Auto Repair,TEK,1159,23891966,1023,101,03,,Todd,Tyler,790 CAMINO DE LA REINA APT 258,,SAN DIEGO,CA,92108-3266
Aero Auto Repair,TEK,1159,34720370,1023,101,03,,Daniel,Moreno,805 BEACON DR,,SAN DIEGO,CA,92114-4710
Aero Auto Repair,TEK,1159,30214557,1023,101,03,,Martin,Baldomar,10160 BAUSELL CT,,SAN DIEGO,CA,92124-3201
Aero Auto Repair,TEK,1159,22681785,1023,101,3,,Brandon,Killian,8583 AERO DR,,SAN DIEGO,CA,92123-1709
Aero Auto Repair,TEK,1159,6538581,1023,101,3,,SHARON,GIAIMO,2826 MONARCH ST,,SAN DIEGO,CA,92123-3240
Aero Auto Repair,TEK,1159,35002661,1023,101,03,,Lance,Schmidt,2072 THOMAS AVE,,SAN DIEGO,CA,92109-4616
Aero Auto Repair,TEK,1159,6541220,1023,101,03,,Mary,DARLEY,10664 ESMERALDAS DR,,SAN DIEGO,CA,92124-2008
Aero Auto Repair,TEK,1159,6532913,1023,101,3,,Ryan,Hawes,9476 FERMI AVE,,SAN DIEGO,CA,92123-3223
Aero Auto Repair,TEK,1159,35348926,1023,101,03,,Scott,Evans,6347 LAKE DECATUR AVE,,SAN DIEGO,CA,92119-3126
Aero Auto Repair,TEK,1159,6538637,1023,101,03,,Tiffani,Walker,10445 CORPORAL WAY,,SAN DIEGO,CA,92124-3334
Aero Auto Repair,TEK,1159,35342613,1023,101,03,,Roger,Grant,2382 ELIZABETH ANN RD NE,,RIO RANCHO,NM,87144-7552
Aero Auto Repair,TEK,1159,8860010,1023,101,3,,Skyler,Baird,10240 LAFFEY CT,,SAN DIEGO,CA,92124-2918
Aero Auto Repair,TEK,1159,6542572,1023,101,3,,BILL,FULTS,9209 IRVINGTON AVE,,SAN DIEGO,CA,92123-3128
Aero Auto Repair,TEK,1159,26144579,1023,101,03,,Rodrigo,Benitez,PO BOX 712015,,SAN DIEGO,CA,92171-2015
Aero Auto Repair,TEK,1159,6543194,1023,101,3,,Felix,Monclova,3182 LARKDALE WAY,,SAN DIEGO,CA,92123-2005
Aero Auto Repair,TEK,1159,15429744,1023,101,03,,Sierra,Harding,6541 JAFFE CT APT 6,,SAN DIEGO,CA,92119-2147
Aero Auto Repair,TEK,1159,6542658,1023,101,3,,SHERRI,ARCHER,3173 MOBLEY ST,,SAN DIEGO,CA,92123-3040
Aero Auto Repair,TEK,1159,33960624,1023,101,03,,Geovane,Moreira,8026 LINDA VISTA RD,,SAN DIEGO,CA,92111-5166
Aero Auto Repair,TEK,1159,6533221,1023,101,3,,RANDALL,TOWNSEND,11972 CYPRESS VALLEY DR,,SAN DIEGO,CA,92131-3763
Aero Auto Repair,TEK,1159,11986328,1023,101,3,,David,Duff,5117 ABUELA DR,,SAN DIEGO,CA,92124-2020
