Shop Name,Software,SID,CID,WSID,WCID,MBdayMo,TBdayMo,First,Last,Address,Address2,City,St,Zip
Aero Auto Repair,TEK,1552,8635711,1024,101,9,,Harley,Phillips,4913 GLENHAVEN DR,,OCEANSIDE,CA,92056-6656
Aero Auto Repair,TEK,1552,8629081,1024,101,9,,Lyla,Mccaley,1726 ELFIN FOREST RD APT 136,,SAN MARCOS,CA,92078-2016
Aero Auto Repair,TEK,1552,8631625,1024,101,9,,Mike,Cole,1824 BROADWAY,,OCEANSIDE,CA,92054-5303
Aero Auto Repair,TEK,1552,8635470,1024,101,9,,Andy,Tariu,3260 CAMARILLO AVE,,OCEANSIDE,CA,92056-4304
Aero Auto Repair,TEK,1552,8631486,1024,101,9,,Sarah,Graybeal,1759 CUADRO VIS,,SAN MARCOS,CA,92078-2102
Aero Auto Repair,TEK,1552,8634725,1024,101,9,,Gregg,Mendez,737 LOS ARBOLITOS BLVD,,OCEANSIDE,CA,92058-1608
Aero Auto Repair,TEK,1552,8629853,1024,101,9,,Matt,Fish,1460 TIFFANY LN,,VISTA,CA,92084-7265
Aero Auto Repair,TEK,1552,8631226,1024,101,9,,Ernest,Obregon,1628 MANOR DR,,VISTA,CA,92084-3012
Aero Auto Repair,TEK,1552,8627039,1024,101,9,,Lisa,Burks,1128 OCEAN RIDGE CT,,OCEANSIDE,CA,92056-6466
Aero Auto Repair,TEK,1552,8631036,1024,101,9,,Steve,Hamman,PO BOX 131346,,CARLSBAD,CA,92013-1346
Aero Auto Repair,TEK,1552,8630763,1024,101,9,,Murray,Jennex,603 SEAGAZE DR # 608,,OCEANSIDE,CA,92054-3005
Aero Auto Repair,TEK,1552,8631992,1024,101,9,,Gordon,Vansant,2144 MADIERA DR,,OCEANSIDE,CA,92056-6331
Aero Auto Repair,TEK,1552,8630579,1024,101,9,,Raul,Hernandez,2018 BROADWAY,,OCEANSIDE,CA,92054-6576
Aero Auto Repair,TEK,1552,8637300,1024,101,9,,Ivina,Johnson,1374 N 3200 W,,PROVO,UT,84601-1353
Aero Auto Repair,TEK,1552,8636004,1024,101,9,,Al,Christensen,5093 AEGINA WAY,,OCEANSIDE,CA,92056-7422
Aero Auto Repair,TEK,1552,8635417,1024,101,9,,Steven,Githens,6909 QUAIL PL UNIT G,,CARLSBAD,CA,92009-4125
Aero Auto Repair,TEK,1552,8626656,1024,101,9,,James,Uwins,6847 VIA VERANO,,CARLSBAD,CA,92009-6020
Aero Auto Repair,TEK,1552,8633580,1024,101,9,,Lee,Good,1659 APPALOOSA WAY,,OCEANSIDE,CA,92057-5606
Aero Auto Repair,TEK,1552,8635038,1024,101,9,,Monique,Valdez,730 BREEZE HILL RD APT 256,,VISTA,CA,92081-4315
Aero Auto Repair,TEK,1552,8625299,1024,101,9,,Juan,Azote,2502 OCEANSIDE BLVD,,OCEANSIDE,CA,92054-4568
Aero Auto Repair,TEK,1552,8636303,1024,101,9,,Tom,Baker,3037 ORA AVO TER,,VISTA,CA,92084-6550
Aero Auto Repair,TEK,1552,8636108,1024,101,9,,Chad,Butler,536 S BARNWELL ST,,OCEANSIDE,CA,92054-4513
Aero Auto Repair,TEK,1552,8635639,1024,101,9,,Derek,Bigelow,1617 DEL MAR RD,,OCEANSIDE,CA,92057-4914
Aero Auto Repair,TEK,1552,8628079,1024,101,9,,Kevin,Chan,1100 SAGEWOOD DR,,OCEANSIDE,CA,92056-6464
Aero Auto Repair,TEK,1552,8634825,1024,101,9,,Brett,Dillon,806 BOXWOOD CT N,,OCEANSIDE,CA,92058-6600
Aero Auto Repair,TEK,1552,8628431,1024,101,9,,Christie,Taylor,23553 RUSTIC RD,,MURRIETA,CA,92562-3320
Aero Auto Repair,TEK,1552,8626006,1024,101,9,,Erwin,Fickas,PO BOX 3499,,LAKE ARROWHEAD,CA,92352-3499
Aero Auto Repair,TEK,1552,8633231,1024,101,9,,Alaina,Murphy,1470 RANCHO ROSE WAY UNIT 33,,OCEANSIDE,CA,92057-5528
Aero Auto Repair,TEK,1552,8646494,1024,101,9,,Edward,Hinson,1589 HAVENWOOD DR,,OCEANSIDE,CA,92056-2958
Aero Auto Repair,TEK,1552,8746118,1024,101,9,,Andre,Wanzer,5030 CODORNIZ WAY UNIT 29,,OCEANSIDE,CA,92057-4543
Aero Auto Repair,TEK,1552,8635475,1024,101,9,,Alfredo,Fierros,763 MASON RD,,VISTA,CA,92084-1821
Aero Auto Repair,TEK,1552,8630421,1024,101,9,,Danielle,Kottke,205 VALLEY VIEW PL,,VISTA,CA,92083-7134
Aero Auto Repair,TEK,1552,8848824,1024,101,9,,Quinlan,Frischer,1200 FOSTER AVE APT D,,ARCATA,CA,95521-5188
Aero Auto Repair,TEK,1552,9112079,1024,101,9,,Greg,Desposito,900 N CLEVELAND ST SPC 10,,OCEANSIDE,CA,92054-2173
Aero Auto Repair,TEK,1552,8633310,1024,101,9,,Jeff,Miller,2109 TWAIN AVE,,CARLSBAD,CA,92008-4618
Aero Auto Repair,TEK,1552,8629990,1024,101,9,,Chuck,Easton,4714 CORDOBA WAY,,OCEANSIDE,CA,92056-5108
Aero Auto Repair,TEK,1552,9140612,1024,101,9,,Kyle,Northrup,1404 DARWIN DR,,OCEANSIDE,CA,92056-3043
Aero Auto Repair,TEK,1552,9227871,1024,101,9,,Kimberley,Ragland,PO BOX 6246,,OCEANSIDE,CA,92052-6246
Aero Auto Repair,TEK,1552,8626362,1024,101,9,,Debra,Webster,4859 MEADOWBROOK DR,,OCEANSIDE,CA,92056-6634
Aero Auto Repair,TEK,1552,9351460,1024,101,09,,Derek,Blevins,4552 ARBOR GLEN WAY,,OCEANSIDE,CA,92057-6156
Aero Auto Repair,TEK,1552,8626928,1024,101,9,,Bob,Lund,1631 W KNAPP DR,,VISTA,CA,92083-1959
Aero Auto Repair,TEK,1552,8626425,1024,101,9,,Donna,Antifae,5134 PALMERA DR,,OCEANSIDE,CA,92056-2114
Aero Auto Repair,TEK,1552,8626745,1024,101,9,,Steven,Witt,1818 AVENIDA SEVILLA,,OCEANSIDE,CA,92056-6211
Aero Auto Repair,TEK,1552,10121738,1024,101,9,,Kristin,Thomas,682 ASCOT DR,,VISTA,CA,92083-4201
Aero Auto Repair,TEK,1552,8633441,1024,101,9,,Ken,Block,4447 SPRINGTIME DR,,OCEANSIDE,CA,92056-3549
Aero Auto Repair,TEK,1552,8859047,1024,101,9,,Chelsea,Butler,2022 SASTRE AVE # 1/2,,SOUTH EL MONTE,CA,91733-2648
Aero Auto Repair,TEK,1552,10878115,1024,101,9,,Mike,Johnson,1621 SAN LUIS REY AVE,,VISTA,CA,92084-3111
Aero Auto Repair,TEK,1552,8625467,1024,101,9,,Gary,Brown,1912 COMANCHE ST,,OCEANSIDE,CA,92056-2955
Aero Auto Repair,TEK,1552,8637526,1024,101,09,,James,Hansberry,3977 SHERBOURNE DR,,OCEANSIDE,CA,92056-3328
Aero Auto Repair,TEK,1552,11707507,1024,101,9,,Norma,Dilla,362 RANCHO VISTA PL,,VISTA,CA,92083-5921
Aero Auto Repair,TEK,1552,8628527,1024,101,9,,Hugh,Staley,3542 HASTINGS DR,,CARLSBAD,CA,92010-7040
Aero Auto Repair,TEK,1552,10408785,1024,101,9,,Elroy,Wai,5271 MANCHESTER DR,,OCEANSIDE,CA,92056-6461
Aero Auto Repair,TEK,1552,12144722,1024,101,9,,Omar,Pozos,602 COCAPAH ST,,VISTA,CA,92083-3411
Aero Auto Repair,TEK,1552,8626882,1024,101,9,,Brittany,Rotunno,964 TEMPERA CT,,OCEANSIDE,CA,92057-7913
Aero Auto Repair,TEK,1552,9125985,1024,101,9,,John,Goeglein,3767 VIA BALDONA,,OCEANSIDE,CA,92056-7219
Aero Auto Repair,TEK,1552,12672261,1024,101,9,,Derrick,Francisco,3925 SHERBOURNE DR,,OCEANSIDE,CA,92056-3328
Aero Auto Repair,TEK,1552,8627588,1024,101,9,,Curtis,Crump,2221 BAXTER CANYON RD,,VISTA,CA,92081-8331
Aero Auto Repair,TEK,1552,13835307,1024,101,9,,Mark,Littlepage,5132 FRAZEE RD,,OCEANSIDE,CA,92057-8013
Aero Auto Repair,TEK,1552,8635044,1024,101,9,,Patrick,Veth,1756 COTTONWOOD DR,,VISTA,CA,92081-4500
Aero Auto Repair,TEK,1552,10785723,1024,101,9,,Ashley,Herndon,1393 PEACOCK BLVD,,OCEANSIDE,CA,92056-3037
Aero Auto Repair,TEK,1552,14362308,1024,101,9,,Richard,Umbenhauer,1631 DAWSON DR,,VISTA,CA,92081-8813
Aero Auto Repair,TEK,1552,8630846,1024,101,9,,Steve,Petzold,2901 VIA LIBERTAD,,CARLSBAD,CA,92010-8352
Aero Auto Repair,TEK,1552,14454385,1024,101,9,,Brandy,Barker,404 ADOBE ESTATES DR,,VISTA,CA,92083-1981
Aero Auto Repair,TEK,1552,14582752,1024,101,9,,Nicholas,Bailey,1389 STONERIDGE CT,,OCEANSIDE,CA,92056-2238
Aero Auto Repair,TEK,1552,15448744,1024,101,9,,Nadia,Hussein,1433 TEMPLE HEIGHTS DR,,OCEANSIDE,CA,92056-3006
Aero Auto Repair,TEK,1552,15453241,1024,101,9,,Lakhvinder,Chahal,5116 MAPLEWOOD CIR,,OCEANSIDE,CA,92056-2010
Aero Auto Repair,TEK,1552,15777097,1024,101,9,,Timko,Dale,2022 BUENA VILLAGE DR,,VISTA,CA,92084-7756
Aero Auto Repair,TEK,1552,8625921,1024,101,9,,Amelia,Clark,219 LOMA ALTA DR,,OCEANSIDE,CA,92054-3632
Aero Auto Repair,TEK,1552,8627961,1024,101,9,,Mark,Winbigler,2421 CARRIAGE CIR,,OCEANSIDE,CA,92056-3618
Aero Auto Repair,TEK,1552,8636072,1024,101,9,,Troy,Fichtelman,5679 PADDOCK RD,,OCEANSIDE,CA,92057-4811
Aero Auto Repair,TEK,1552,15449811,1024,101,9,,Darryl,Reames,741 BLACKHAWK CIR,,VISTA,CA,92081-6701
Aero Auto Repair,TEK,1552,16008438,1024,101,9,,Bryce,haynes,1968 WHITE BIRCH DR,,VISTA,CA,92081-7316
Aero Auto Repair,TEK,1552,16505736,1024,101,9,,Brandon,Butts,445 POETS SQ,,FALLBROOK,CA,92028-6004
Aero Auto Repair,TEK,1552,16593398,1024,101,9,,Nathan,Canterbury,633 ASCOT DR APT 94,,VISTA,CA,92083-4230
Aero Auto Repair,TEK,1552,12825839,1024,101,9,,Alfred,Enriquez,1416 ROLLING HILLS DR,,OCEANSIDE,CA,92056-3011
Aero Auto Repair,TEK,1552,17037374,1024,101,9,,Alex,Armijo,1312 HOLLINS RD,,OCEANSIDE,CA,92056-2300
Aero Auto Repair,TEK,1552,12798302,1024,101,9,,Terry,Tucker,1140 WOODRAIL DR,,VISTA,CA,92083-3049
Aero Auto Repair,TEK,1552,17140236,1024,101,9,,Gilbert,Sandellan,144 JOHNSTON LN,,SAN MARCOS,CA,92069-2708
Aero Auto Repair,TEK,1552,17279777,1024,101,9,,Pamela,Ellgen,5229 CHAMPLAIN ST,,OCEANSIDE,CA,92056-2305
Aero Auto Repair,TEK,1552,16490576,1024,101,9,,Andrew,Grubbs,2814 BURGUNDY LACE LN,,SAN JACINTO,CA,92582-3766
Aero Auto Repair,TEK,1552,17148548,1024,101,9,,Dale,Franz,1526 SILVERADO DR,,OCEANSIDE,CA,92057-4825
Aero Auto Repair,TEK,1552,8626744,1024,101,9,,Jim,Hawkins,747 VALE VIEW DR,,VISTA,CA,92081-6724
Aero Auto Repair,TEK,1552,18315240,1024,101,09,,Steve,Smeltzer,1185 SUNBRIGHT DR,,OCEANSIDE,CA,92056-2500
Aero Auto Repair,TEK,1552,18315798,1024,101,9,,John,Magallanes,548 PACESETTER ST,,OCEANSIDE,CA,92057-4600
Aero Auto Repair,TEK,1552,18346417,1024,101,9,,Cindy,Sharp,2182 ELEVADO RD,,VISTA,CA,92084-2812
Aero Auto Repair,TEK,1552,18446640,1024,101,9,,Bernard,Shiming,4011 VIA DE LA PAZ,,OCEANSIDE,CA,92057-7336
Aero Auto Repair,TEK,1552,8637109,1024,101,9,,Christina,Bode,320 OSBORNE ST,,VISTA,CA,92084-1647
Aero Auto Repair,TEK,1552,8634697,1024,101,9,,James,Groschwitz,3573 NORMANDY CIR,,OCEANSIDE,CA,92056-4922
Aero Auto Repair,TEK,1552,12826091,1024,101,9,,Jeff,Bethune,2625 N LIMA CENTER RD,,DEXTER,MI,48130-9559
Aero Auto Repair,TEK,1552,19081368,1024,101,9,,Brianne,Childress,371 N MELROSE DR UNIT D,,VISTA,CA,92083-4849
Aero Auto Repair,TEK,1552,19106937,1024,101,9,,Cindy,Tauanuu,278 GANNET DR,,VISTA,CA,92083-3011
Aero Auto Repair,TEK,1552,19341673,1024,101,9,,Clayton,Black,319 GARRISON ST,,OCEANSIDE,CA,92054-4740
Aero Auto Repair,TEK,1552,20153856,1024,101,9,,Brian,Chan,605 MARAZON LN,,VISTA,CA,92081-6359
Aero Auto Repair,TEK,1552,20170264,1024,101,9,,Stan,Choy,4559 BEVERLY GLEN DR,,OCEANSIDE,CA,92056-2931
Aero Auto Repair,TEK,1552,20268566,1024,101,9,,Harold,Dulude,331 SALINA CT,,VISTA,CA,92083-5635
Aero Auto Repair,TEK,1552,20302048,1024,101,09,,Aaron,Gould,621 MARAZON LN,,VISTA,CA,92081-6359
Aero Auto Repair,TEK,1552,8628620,1024,101,9,,Rebecca,Kissler,646 BEL AIR DR W,,VISTA,CA,92084-5525
Aero Auto Repair,TEK,1552,20753141,1024,101,9,,Michelle,Dunlap,1563 MISSION MEADOWS DR,,OCEANSIDE,CA,92057-4805
Aero Auto Repair,TEK,1552,20765133,1024,101,9,,Atsuko,Baluka,1610 CALLE LAS CASAS,,OCEANSIDE,CA,92056-6535
Aero Auto Repair,TEK,1552,20866212,1024,101,9,,Pat,Mork,1537 NORTHCREST LN,,VISTA,CA,92083-1912
Aero Auto Repair,TEK,1552,16010633,1024,101,9,,Philip,Le,4762 ELM TREE DR,,OCEANSIDE,CA,92056-3519
Aero Auto Repair,TEK,1552,8637240,1024,101,9,,Del,Quileza,1363 DARWIN DR,,OCEANSIDE,CA,92056-6619
Aero Auto Repair,TEK,1552,10105620,1024,101,9,,Anthony,Clark,333 N EMERALD DR APT 128,,VISTA,CA,92083-6181
Aero Auto Repair,TEK,1552,13183217,1024,101,9,,Mavante,Prescott,1089 JENNIFER CIR,,VISTA,CA,92083-3118
Aero Auto Repair,TEK,1552,20180994,1024,101,9,,David,Felt,634 SHUBORO ST,,VISTA,CA,92083-3428
Aero Auto Repair,TEK,1552,21180630,1024,101,9,,Jane,LeForce,4719 AGORA WAY,,OCEANSIDE,CA,92056-5124
Aero Auto Repair,TEK,1552,21392218,1024,101,9,,DeShondra,Fortson,281 WESTON CIR APT 22,,VISTA,CA,92083-1974
Aero Auto Repair,TEK,1552,21702475,1024,101,9,,Rolando,Ruano,5154 BAYWOOD CIR,,OCEANSIDE,CA,92056-2005
Aero Auto Repair,TEK,1552,21709706,1024,101,9,,Jenny,Downer,829 GALLERY DR,,OCEANSIDE,CA,92057-6256
Aero Auto Repair,TEK,1552,21891837,1024,101,9,,Maritza,Mandeville,827 LEMON AVE,,VISTA,CA,92084-5107
Aero Auto Repair,TEK,1552,21888036,1024,101,9,,Meaghan,Locke,340 ANNS WAY,,VISTA,CA,92083-5624
Aero Auto Repair,TEK,1552,8628746,1024,101,9,,Valerie,Neale,31533 VIA PUERTA DEL SOL # 1533,,BONSALL,CA,92003-5003
Aero Auto Repair,TEK,1552,20158033,1024,101,9,,John,Gillies,1125 STRATTON DR,,VISTA,CA,92083-4776
Aero Auto Repair,TEK,1552,22923803,1024,101,9,,Lyn,Chan,380 PLYMOUTH DR,,VISTA,CA,92083-4889
Aero Auto Repair,TEK,1552,15980022,1024,101,09,,Ron,Simon,545 EDGEWATER AVE,,OCEANSIDE,CA,92057-4671
Aero Auto Repair,TEK,1552,23534827,1024,101,09,,Eddie,O'Campo,213 FLORES LN,,VISTA,CA,92083-1920
Aero Auto Repair,TEK,1552,23875710,1024,101,09,,Alvin,Lopez,349 GAIL DR,,VISTA,CA,92084-3046
Aero Auto Repair,TEK,1552,9679359,1024,101,9,,Justin,Singleton,633 ASCOT DR APT 26,,VISTA,CA,92083-4219
Aero Auto Repair,TEK,1552,8631636,1024,101,9,,Evangelina,Chavez,245B EAST DR,,VISTA,CA,92083-3134
Aero Auto Repair,TEK,1552,24038423,1024,101,09,,Madeline,Goodman,722 W CALIFORNIA AVE APT 122,,VISTA,CA,92083-3515
Aero Auto Repair,TEK,1552,24165744,1024,101,09,,Benjamin,Fisher,1415 N MELROSE DR APT 203,,VISTA,CA,92083-4967
Aero Auto Repair,TEK,1552,8633082,1024,101,9,,Babette,Corby,1810 SAINT THOMAS RD,,VISTA,CA,92081-7032
Aero Auto Repair,TEK,1552,24076249,1024,101,09,,Dorinda,Lugo,4728 SUNNY HILLS RD,,OCEANSIDE,CA,92056-3009
Aero Auto Repair,TEK,1552,24250149,1024,101,09,,Paul,Elson,640 OSBORNE ST,,VISTA,CA,92084-1802
Aero Auto Repair,TEK,1552,24400307,1024,101,09,,Mike,Foulger,4900 PARK DR,,CARLSBAD,CA,92008-3827
Aero Auto Repair,TEK,1552,24469587,1024,101,09,,William,Huber,1329 PANORAMA RIDGE RD,,OCEANSIDE,CA,92056-2218
Aero Auto Repair,TEK,1552,19770577,1024,101,9,,Jad,Mansour,5053 CHALET DR,,OCEANSIDE,CA,92057-6928
Aero Auto Repair,TEK,1552,16152819,1024,101,9,,Jolene,Weir,2635 CANNON RD UNIT 337,,CARLSBAD,CA,92010-5710
Aero Auto Repair,TEK,1552,26930366,1024,101,09,,Amber,Groeling,2897 BRENTWOOD CT,,CARLSBAD,CA,92008-1163
Aero Auto Repair,TEK,1552,27307395,1024,101,09,,Nate,Hoffman,5104 VIA MALAGUENA,,OCEANSIDE,CA,92057-2632
Aero Auto Repair,TEK,1552,18637212,1024,101,9,,Joe,Cipollini,2630 ARABIAN RANCH LN,,VISTA,CA,92084-1831
Aero Auto Repair,TEK,1552,27323731,1024,101,09,,Will,Holder,4458 SUNBURST DR,,OCEANSIDE,CA,92056-3540
Aero Auto Repair,TEK,1552,27530138,1024,101,09,,Darlene,Leffler,1452 PANORAMA RIDGE RD,,OCEANSIDE,CA,92056-2201
Aero Auto Repair,TEK,1552,8636992,1024,101,09,,John,Kirwan,1475 PINE AVE,,CARLSBAD,CA,92008-1943
Aero Auto Repair,TEK,1552,12831975,1024,101,9,,Sten,Wangsgard,130 THE CIR,,VISTA,CA,92084-5441
Aero Auto Repair,TEK,1552,11974356,1024,101,9,,Jose,Luna,11462 S OPEN VIEW LN,,SOUTH JORDAN,UT,84009-8790
Aero Auto Repair,TEK,1552,27315823,1024,101,09,,Logan,Stevens,3583 RIDGE RD,,OCEANSIDE,CA,92056-4952
Aero Auto Repair,TEK,1552,8632155,1024,101,9,,Grace,Santa Cruz,1096 LA TORTUGA DR,,VISTA,CA,92081-6441
Aero Auto Repair,TEK,1552,8635814,1024,101,9,,Olen,Bradshaw,406 VIA CRUZ,,OCEANSIDE,CA,92057-8530
Aero Auto Repair,TEK,1552,8633090,1024,101,9,,Kathy,Fazio,1294 PASEO HERMOSA,,OCEANSIDE,CA,92056-6448
Aero Auto Repair,TEK,1552,8625289,1024,101,9,,Sara,Baldwin,1135 TYLEE ST,,VISTA,CA,92083-5644
Aero Auto Repair,TEK,1552,10794275,1024,101,9,,Anna,Reyna,311 N SANTA FE AVE APT 101,,VISTA,CA,92084-5429
Aero Auto Repair,TEK,1552,28894526,1024,101,09,,Rawley,Dilley,1060 CHINQUAPIN AVE APT 4,,CARLSBAD,CA,92008-3539
Aero Auto Repair,TEK,1552,28928060,1024,101,09,,Ron,Holbrook,122 BEAUMONT DR,,VISTA,CA,92084-5630
Aero Auto Repair,TEK,1552,28927136,1024,101,09,,Robin,Sharp,2132 VIA CAMINO VERDE APT 4,,OCEANSIDE,CA,92054-7357
Aero Auto Repair,TEK,1552,8630894,1024,101,09,,Mike,Flanagan,1619 CORTE ANDANTE,,OCEANSIDE,CA,92056-6924
Aero Auto Repair,TEK,1552,13440044,1024,101,9,,Denise,Sher,633 ASCOT DR,,VISTA,CA,92083-4200
Aero Auto Repair,TEK,1552,16406767,1024,101,9,,Giuseppe,Di Stasio,3729 SCENIC WAY,,OCEANSIDE,CA,92056-5402
Aero Auto Repair,TEK,1552,26145405,1024,101,09,,Maureen,Eccles,740 BREEZE HILL RD APT 214,,VISTA,CA,92081-4313
Aero Auto Repair,TEK,1552,8636655,1024,101,09,,Noel,Celestial,1626 BOULDER CREEK RD,,OCEANSIDE,CA,92056-2930
Aero Auto Repair,TEK,1552,8625317,1024,101,9,,Herman,Pickard,2213 BAUTISTA AVE,,VISTA,CA,92084-1640
Aero Auto Repair,TEK,1552,29347634,1024,101,09,,Heidi,Richardson,1352 VIA CHRISTINA,,VISTA,CA,92084-4726
Aero Auto Repair,TEK,1552,30000776,1024,101,09,,Denise,Magallanes,29980 RANCHO CALIFORNIA RD APT 48,,TEMECULA,CA,92591-2942
Aero Auto Repair,TEK,1552,8636503,1024,101,9,,Albert,Nazarian,732 MARSOPA DR,,VISTA,CA,92081-6481
Aero Auto Repair,TEK,1552,30322967,1024,101,09,,Steve,Babcock,730 BREEZE HILL RD,,VISTA,CA,92081-4319
Aero Auto Repair,TEK,1552,20414524,1024,101,9,,Linda,Graham,332 PENROD CT,,VISTA,CA,92083-3074
Aero Auto Repair,TEK,1552,10021253,1024,101,9,,Rick,Kaminski,5047 SUNMEADOW RD,,OCEANSIDE,CA,92056-2525
Aero Auto Repair,TEK,1552,30636341,1024,101,09,,Norma,Sanchez,1668 LONE OAK RD,,VISTA,CA,92084-7724
Aero Auto Repair,TEK,1552,31189970,1024,101,09,,Vernice,Salazar,4121 TERRY ST,,OCEANSIDE,CA,92056-3414
Aero Auto Repair,TEK,1552,31273418,1024,101,09,,Whit,Rigali,2573 MAGELLAN LN,,VISTA,CA,92081-8710
Aero Auto Repair,TEK,1552,31364629,1024,101,09,,Lori,Flannery,28812 VISTA VALLEY DR,,VISTA,CA,92084-2224
Aero Auto Repair,TEK,1552,31375222,1024,101,09,,Donovan,Garcia,1153 CAJON CIR,,VISTA,CA,92083-3109
Aero Auto Repair,TEK,1552,31270043,1024,101,09,,Jon,Ekeroth,22011 PUREBRED LN,,ESCONDIDO,CA,92029-7205
Aero Auto Repair,TEK,1552,31515269,1024,101,09,,Henry,Ahrens,1017 HIGHLAND DR,,VISTA,CA,92083-3309
Aero Auto Repair,TEK,1552,31635097,1024,101,09,,Jody,Rich,2216 BLISS CIR,,OCEANSIDE,CA,92056-3594
Aero Auto Repair,TEK,1552,31661814,1024,101,09,,Walter,Pohl,782 GREY HAWK CT,,OCEANSIDE,CA,92057-6355
Aero Auto Repair,TEK,1552,31628492,1024,101,09,,Jack,Souza,5190 MERTENSIA ST,,OCEANSIDE,CA,92056-7271
Aero Auto Repair,TEK,1552,31663561,1024,101,09,,Zenobia,Hall,4997 LASSEN DR,,OCEANSIDE,CA,92056-5439
Aero Auto Repair,TEK,1552,31653198,1024,101,09,,Devin,Castro,633 ALIENTO CT,,VISTA,CA,92081-6361
Aero Auto Repair,TEK,1552,20267635,1024,101,9,,Donovan,Durney,1445 N MELROSE DR APT 210,,VISTA,CA,92083-4867
Aero Auto Repair,TEK,1552,32660058,1024,101,09,,Hhalde,Oliver,1804 GARNET AVE,,SAN DIEGO,CA,92109-3352
Aero Auto Repair,TEK,1552,32676799,1024,101,09,,Chris,Cargile,348 APOLLO DR,,VISTA,CA,92084-3734
Aero Auto Repair,TEK,1552,32876979,1024,101,09,,Douglas,Ashbaugh,5651 STETSON PL,,OCEANSIDE,CA,92057-4829
Aero Auto Repair,TEK,1552,32918701,1024,101,09,,Genie,Robinson,1331 BROKEN HITCH RD,,OCEANSIDE,CA,92056-2237
Aero Auto Repair,TEK,1552,21178352,1024,101,9,,Hector,Gurrola,1713 LEMON HEIGHTS DR,,OCEANSIDE,CA,92056-2943
Aero Auto Repair,TEK,1552,8633599,1024,101,9,,Tammy,Fahey,5715 SHETLAND CT,,OCEANSIDE,CA,92057-5720
Aero Auto Repair,TEK,1552,15449672,1024,101,9,,Jack,Schwarzel,4465 ARBOR COVE CIR,,OCEANSIDE,CA,92058-6963
Aero Auto Repair,TEK,1552,27841183,1024,101,09,,Harold,Fields,734 SILVER DR,,VISTA,CA,92083-4243
Aero Auto Repair,TEK,1552,8633307,1024,101,9,,Jen,Rivette,3633 FORDHAM CT,,OCEANSIDE,CA,92056-3823
Aero Auto Repair,TEK,1552,34371396,1024,101,09,,Lucia,Szuch,415 DORSEY WAY,,VISTA,CA,92083-3073
Aero Auto Repair,TEK,1552,8630825,1024,101,9,,Jerry,Laird,1631 QUIET HILLS DR,,OCEANSIDE,CA,92056-2920
Aero Auto Repair,TEK,1552,34385325,1024,101,09,,Greg,Calise,1108 COLLINSWOOD LN,,VISTA,CA,92081-6602
Aero Auto Repair,TEK,1552,34741501,1024,101,09,,Travis,Vinson,363 N MELROSE DR,,VISTA,CA,92083-4848
Aero Auto Repair,TEK,1552,34908529,1024,101,09,,Kimberly,Figueroa,124 EAST DR,,VISTA,CA,92083-3111
Aero Auto Repair,TEK,1552,34705774,1024,101,09,,Angela,Abadjian,1038 BRIDLE PATH WAY,,OCEANSIDE,CA,92057-5509
Aero Auto Repair,TEK,1552,34909936,1024,101,09,,David,Berardis,43 PINEWOOD TRL,,DEEP RIVER,CT,06417-1610
Aero Auto Repair,TEK,1552,27264857,1024,101,09,,Alberto,Merta,135 SANTA CLARA DR,,VISTA,CA,92083-6236
Aero Auto Repair,TEK,1552,8633844,1024,101,9,,Pepe,Siniard,1170 TEE ST,,OCEANSIDE,CA,92057-2729
Aero Auto Repair,TEK,1552,16737561,1024,101,9,,Andrew,Barbas,1378 VIA PAVON,,SAN MARCOS,CA,92069-7390
Aero Auto Repair,TEK,1552,8635344,1024,101,9,,Doris,Lowe,1816 SUGARBUSH DR,,VISTA,CA,92084-7417
Aero Auto Repair,TEK,1552,8637556,1024,101,9,,Susan,Floyd,4214 VIA TERCERO,,OCEANSIDE,CA,92056-2969
Aero Auto Repair,TEK,1552,18325967,1024,101,09,,Ed,Tasch,4956 PYLOS WAY,,OCEANSIDE,CA,92056-7427
Aero Auto Repair,TEK,1552,8636634,1024,101,9,,Alice,Mohar,4701 DRIFTWOOD WAY,,OCEANSIDE,CA,92057-7950
Aero Auto Repair,TEK,1552,23379199,1024,101,09,,Camile,Salleh,3224 SKYCREST DR,,FALLBROOK,CA,92028-9341
Aero Auto Repair,TEK,1552,31666663,1024,101,09,,Ken,Barnes,5113 AVENIDA DE LA PLATA,,OCEANSIDE,CA,92057-8023
Aero Auto Repair,TEK,1552,24151016,1024,101,09,,Tresa,Pugmire,1480 CHAPARRAL WAY,,OCEANSIDE,CA,92057-4834
Aero Auto Repair,TEK,1552,35600696,1024,101,09,,Amy,Bailey,499 CALICO RD,,OCEANSIDE,CA,92058-6748
Aero Auto Repair,TEK,1552,11702229,1024,101,9,,Vince,Lopez,1010 SWALLOW DR,,VISTA,CA,92083-3131
