Shop Name,Software,SID,CID,WSID,WCID,MBdayMo,TBdayMo,First,Last,Address,Address2,City,St,Zip
Aero Auto Repair,TEK,1552,8632234,1024,101,3,,Bob,Sandler,4163 ANDROS WAY,,OCEANSIDE,CA,92056-7402
Aero Auto Repair,TEK,1552,8630225,1024,101,03,,Roy,Woehrman,4924 TILOS WAY,,OCEANSIDE,CA,92056-7414
Aero Auto Repair,TEK,1552,8631554,1024,101,3,,Marc,Miller,248 FERN DR,,ELK GROVE VILLAGE,IL,60007-4014
Aero Auto Repair,TEK,1552,8629125,1024,101,3,,Venessa,Cazares,31380 WILLOWOOD WAY,,MENIFEE,CA,92584-8726
Aero Auto Repair,TEK,1552,8626537,1024,101,3,,Luke,Chandler,131 MASON RD,,VISTA,CA,92084-1727
Aero Auto Repair,TEK,1552,8634900,1024,101,3,,Marsi,Mutya,318 COBALT DR,,VISTA,CA,92083-4456
Aero Auto Repair,TEK,1552,8628845,1024,101,3,,Tracy,Allison,935 LAGUNA DR APT 2,,CARLSBAD,CA,92008-1844
Aero Auto Repair,TEK,1552,8631528,1024,101,3,,Connie,Riley,1782 CORTE VENTANA,,OCEANSIDE,CA,92056-6912
Aero Auto Repair,TEK,1552,8632343,1024,101,3,,John,Pohlman,855 ANNS WAY,,VISTA,CA,92083-4716
Aero Auto Repair,TEK,1552,8633804,1024,101,3,,Ray,Alexander,2058 SEQUOIA CRST,,VISTA,CA,92081-7332
Aero Auto Repair,TEK,1552,8627484,1024,101,3,,Robin,Fried,PO BOX 2633,,VISTA,CA,92085-2633
Aero Auto Repair,TEK,1552,8630679,1024,101,03,,Bill,Schnellinger,1948 WILLOW RIDGE DR,,VISTA,CA,92081-7370
Aero Auto Repair,TEK,1552,8627965,1024,101,3,,Elizabeth,Myrick,450 ELLIOTT ST,,OCEANSIDE,CA,92058-8308
Aero Auto Repair,TEK,1552,8626196,1024,101,3,,Tom,Mahoney,1598 DAWSON DR,,VISTA,CA,92081-8823
Aero Auto Repair,TEK,1552,8634759,1024,101,3,,Miley,Mcdermopt,168 HILL DR,,VISTA,CA,92083-6208
Aero Auto Repair,TEK,1552,8626094,1024,101,3,,Janee,Weaver,206 MCDONNEL RD,,ALAMEDA,CA,94502-7784
Aero Auto Repair,TEK,1552,8630245,1024,101,3,,Dominic,Putnam,272 MANZANILLA WAY,,OCEANSIDE,CA,92057-6812
Aero Auto Repair,TEK,1552,8635345,1024,101,3,,Lisa,Coderre,3424 WILLOW TREE CT,,OCEANSIDE,CA,92058-7406
Aero Auto Repair,TEK,1552,8634965,1024,101,3,,Jessey,Wilkins,287 DOUGLAS DR APT 111,,OCEANSIDE,CA,92058-7846
Aero Auto Repair,TEK,1552,8632689,1024,101,3,,Joshua,Alvarez,1160 LARKHILL DR,,VISTA,CA,92084-3310
Aero Auto Repair,TEK,1552,8630866,1024,101,3,,Luis,Leon,606 CHARLES DR,,OCEANSIDE,CA,92057-3621
Aero Auto Repair,TEK,1552,8632549,1024,101,3,,Alicia,Rabadon,2945 UNICORNIO ST APT H,,CARLSBAD,CA,92009-4440
Aero Auto Repair,TEK,1552,8626412,1024,101,03,,Angel,Gallardo,225 SMILAX RD APT 131,,VISTA,CA,92083-8245
Aero Auto Repair,TEK,1552,8626715,1024,101,3,,Laetitia,Richter,4566 TONI LN,,LA MESA,CA,91942-5855
Aero Auto Repair,TEK,1552,8630486,1024,101,3,,Paul,Kinder,710 FRANKLIN LN,,VISTA,CA,92084-5119
Aero Auto Repair,TEK,1552,8634627,1024,101,3,,William,Gautier,165 POLK ST,,OCEANSIDE,CA,92057-4428
Aero Auto Repair,TEK,1552,8629247,1024,101,3,,Kara,Gulal,1610 N SANTA FE AVE APT 39,,VISTA,CA,92083-2009
Aero Auto Repair,TEK,1552,8634198,1024,101,3,,Riley,Rowe,7250 ESFERA ST,,CARLSBAD,CA,92009-7819
Aero Auto Repair,TEK,1552,8628367,1024,101,3,,Walter,Ortiz,405 RIBBON BEACH WAY UNIT 248,,OCEANSIDE,CA,92058-7203
Aero Auto Repair,TEK,1552,8622706,1024,101,3,,Dale,McBride,2118 REDWOOD CRST,,VISTA,CA,92081-7372
Aero Auto Repair,TEK,1552,8626104,1024,101,3,,Karen,Duker,4609 CYRUS WAY,,OCEANSIDE,CA,92056-5169
Aero Auto Repair,TEK,1552,8625162,1024,101,3,,David,Edwards,5092 BELLA COLLINA ST,,OCEANSIDE,CA,92056-1923
Aero Auto Repair,TEK,1552,9142125,1024,101,3,,Jose,Monteil,1218 WOODRAIL DR,,VISTA,CA,92083-3051
Aero Auto Repair,TEK,1552,9231907,1024,101,3,,Barry,Cade,4426 BRANT CT,,GIG HARBOR,WA,98335-8076
Aero Auto Repair,TEK,1552,8635085,1024,101,3,,Warren,Boyd,1906 SPRING WHITE RD,,HEMET,CA,92545-9382
Aero Auto Repair,TEK,1552,8629703,1024,101,3,,Kevin,Jones,1431 MOUNTAIN MEADOW DR,,OCEANSIDE,CA,92056-2227
Aero Auto Repair,TEK,1552,9664263,1024,101,3,,Jerry,Vasquez,247 COPPER AVE,,VISTA,CA,92083-4414
Aero Auto Repair,TEK,1552,8625551,1024,101,3,,Tom,Forlin,6677 PASEO DEL NORTE,,CARLSBAD,CA,92011-2476
Aero Auto Repair,TEK,1552,10022193,1024,101,3,,Breanna,Anno,295 GANNET DR,,VISTA,CA,92083-3010
Aero Auto Repair,TEK,1552,10957060,1024,101,3,,Nicholas,Chase,4685 KANSAS ST,,SAN DIEGO,CA,92116-3209
Aero Auto Repair,TEK,1552,10408743,1024,101,3,,John,Donovan,1176 VIA ARGENTINA,,VISTA,CA,92081-6341
Aero Auto Repair,TEK,1552,11156669,1024,101,03,,Evan,Padgett,5644 BOOT WAY,,OCEANSIDE,CA,92057-4809
Aero Auto Repair,TEK,1552,11309959,1024,101,3,,Shirley,Edwards,4233 VIA TERCERO,,OCEANSIDE,CA,92056-2970
Aero Auto Repair,TEK,1552,8626659,1024,101,3,,Shane,Maher,4616 ALLENDE AVE,,OCEANSIDE,CA,92057-6146
Aero Auto Repair,TEK,1552,11729467,1024,101,3,,Carol,Alway,1501 LEONIS PL,,VISTA,CA,92083-1994
Aero Auto Repair,TEK,1552,11742013,1024,101,3,,Barry,Moak,586 EL MIRASO,,VISTA,CA,92083-5901
Aero Auto Repair,TEK,1552,11708045,1024,101,3,,Gary,Moore,327 JOYNER ST,,OCEANSIDE,CA,92058-8001
Aero Auto Repair,TEK,1552,11814645,1024,101,3,,Tierney,Hermann,2334 CATALINA CIR APT 432,,OCEANSIDE,CA,92056-5349
Aero Auto Repair,TEK,1552,12475494,1024,101,3,,Robert,Church,925 OLIVE AVE,,VISTA,CA,92083-3317
Aero Auto Repair,TEK,1552,12666304,1024,101,03,,Vancel,Crandall,1021 SUNDIAL CT,,OCEANSIDE,CA,92057-1960
Aero Auto Repair,TEK,1552,12621716,1024,101,3,,Andy,Rodriguez,3679 FAIRVIEW DR,,VISTA,CA,92084-1023
Aero Auto Repair,TEK,1552,12664413,1024,101,3,,Nicholas,Holland,2518 BRADLEY ST,,OCEANSIDE,CA,92056-3321
Aero Auto Repair,TEK,1552,12798203,1024,101,3,,Alejandra,Aceveda,1621 CALLE DULCE,,VISTA,CA,92084-3257
Aero Auto Repair,TEK,1552,12952368,1024,101,3,,Anthony,Moulier,1411 N MELROSE DR APT 303,,VISTA,CA,92083-4920
Aero Auto Repair,TEK,1552,8626842,1024,101,3,,Tallie,Noble,648 BOYSENBERRY WAY,,OCEANSIDE,CA,92057-4617
Aero Auto Repair,TEK,1552,13326826,1024,101,03,,Raymond,Rolland,PO BOX 469,,SAN LUIS REY,CA,92068-0469
Aero Auto Repair,TEK,1552,8625310,1024,101,3,,John,Schuler,1749 AVENIDA SEGOVIA,,OCEANSIDE,CA,92056-6228
Aero Auto Repair,TEK,1552,9155806,1024,101,3,,Marisa,Mendez,3572 WINDRIFT WAY APT 273,,OCEANSIDE,CA,92056-5228
Aero Auto Repair,TEK,1552,13835830,1024,101,3,,Vince,Duran,1333 N SANTA FE AVE APT 320,,VISTA,CA,92084-3768
Aero Auto Repair,TEK,1552,14086742,1024,101,3,,Andrew,Padron,27332 RIO VISTA DR,,MENIFEE,CA,92586-6505
Aero Auto Repair,TEK,1552,14462615,1024,101,3,,David,Sui,6740 KENMAR WAY,,SAN DIEGO,CA,92130-5400
Aero Auto Repair,TEK,1552,14960230,1024,101,3,,Ryan,Smith,2003 S EL CAMINO REAL STE 109,,OCEANSIDE,CA,92054-6264
Aero Auto Repair,TEK,1552,15313443,1024,101,3,,Mila,Ingham,3915 CELESTE DR,,OCEANSIDE,CA,92056-4335
Aero Auto Repair,TEK,1552,15454228,1024,101,3,,Fred,Campbell,5025 SUNMEADOW RD,,OCEANSIDE,CA,92056-2521
Aero Auto Repair,TEK,1552,15544742,1024,101,3,,Amanda,Bentley,224 HALL CT,,OCEANSIDE,CA,92058-8000
Aero Auto Repair,TEK,1552,13832592,1024,101,3,,Gary,Clidence,3222 FAIRVIEW DR,,VISTA,CA,92084-1038
Aero Auto Repair,TEK,1552,8632168,1024,101,3,,Ron,Galieti,3734 VIA BALDONA,,OCEANSIDE,CA,92056-7216
Aero Auto Repair,TEK,1552,8636858,1024,101,3,,Carl,Venstrom,2933 LANCASTER RD,,CARLSBAD,CA,92010-6569
Aero Auto Repair,TEK,1552,8629001,1024,101,3,,Angela,Chunka,106 CAPTAINS WAY,,ANDERSON,SC,29625-5902
Aero Auto Repair,TEK,1552,15910737,1024,101,3,,Emiley,Healy,2309 HOOVER AVE,,REYNOLDSBURG,OH,43068-7292
Aero Auto Repair,TEK,1552,8634792,1024,101,3,,Travis,Richardson,5109 PALMERA DR,,OCEANSIDE,CA,92056-2113
Aero Auto Repair,TEK,1552,8626741,1024,101,3,,Leslie,Holtman,2060 CORRAL ST,,NORCO,CA,92860-2425
Aero Auto Repair,TEK,1552,15779463,1024,101,3,,Alex,Luedtke,1319 BELLINGHAM DR,,OCEANSIDE,CA,92057-2726
Aero Auto Repair,TEK,1552,14450384,1024,101,3,,Zulma,Franco,1036 W 45TH ST,,LOS ANGELES,CA,90037-2405
Aero Auto Repair,TEK,1552,16280678,1024,101,3,,Keith,Mazur,2007 W 2ND AVE,,DURANGO,CO,81301-4601
Aero Auto Repair,TEK,1552,16284014,1024,101,3,,Jim,Lagregs,4078 LEMNOS WAY,,OCEANSIDE,CA,92056-5134
Aero Auto Repair,TEK,1552,16575687,1024,101,3,,Mikayla,Vannoy,5045 LOS MORROS WAY UNIT 84,,OCEANSIDE,CA,92057-3738
Aero Auto Repair,TEK,1552,15893125,1024,101,3,,Saul,Barajas,30840 GREEN BRANCH ST,,MENIFEE,CA,92584-8345
Aero Auto Repair,TEK,1552,8752729,1024,101,3,,Freida,Roa,362 CALLE MONTECITO,,OCEANSIDE,CA,92057-5930
Aero Auto Repair,TEK,1552,17584211,1024,101,3,,Patrick,Russell,652 POINSETTIA PARK S,,ENCINITAS,CA,92024-2753
Aero Auto Repair,TEK,1552,8632111,1024,101,3,,Tim,Hansen,5105 BELLA COLLINA ST,,OCEANSIDE,CA,92056-1904
Aero Auto Repair,TEK,1552,19081884,1024,101,3,,Dalton,Gazette,609 N FREEMAN ST APT E,,OCEANSIDE,CA,92054-2479
Aero Auto Repair,TEK,1552,8628530,1024,101,3,,Maria,Pele,220 N EL CAMINO REAL SPC 2,,OCEANSIDE,CA,92058-1766
Aero Auto Repair,TEK,1552,19754612,1024,101,03,,Sonya,Godinez,1809 CALLE LAS PALMAS,,OCEANSIDE,CA,92056-6518
Aero Auto Repair,TEK,1552,19987507,1024,101,3,,Mike,Mollohan,2030 CHARLEEN CIR,,CARLSBAD,CA,92008-2707
Aero Auto Repair,TEK,1552,20018669,1024,101,3,,Dorian,Williams,1553 HAVENWOOD DR,,OCEANSIDE,CA,92056-2958
Aero Auto Repair,TEK,1552,8628000,1024,101,3,,Zack,Bartleet,5380 GOOSEBERRY WAY,,OCEANSIDE,CA,92057-4634
Aero Auto Repair,TEK,1552,20181258,1024,101,3,,Tony,Guerriero,1509 SPRING CREEK LN,,OCEANSIDE,CA,92057-5627
Aero Auto Repair,TEK,1552,16881665,1024,101,3,,Donald,Kent,4847 MARATHON WAY,,OCEANSIDE,CA,92056-7406
Aero Auto Repair,TEK,1552,15565257,1024,101,3,,Tim,Garcia,1804 KENT PL,,VISTA,CA,92084-7259
Aero Auto Repair,TEK,1552,15551366,1024,101,3,,Rich,Galen,634 VIA SANTA PAULO,,VISTA,CA,92081-6370
Aero Auto Repair,TEK,1552,22203416,1024,101,3,,Maria,Salgado,1180 MADERA LN,,VISTA,CA,92084-3442
Aero Auto Repair,TEK,1552,22184200,1024,101,3,,Tammy,Giovanna,3512 WINDRIFT WAY APT 129,,OCEANSIDE,CA,92056-5207
Aero Auto Repair,TEK,1552,15541789,1024,101,3,,Janet,Jones,PO BOX 430,,CARLSBAD,CA,92018-0430
Aero Auto Repair,TEK,1552,22697889,1024,101,3,,Patrick,Martinez,1441 N MELROSE DR APT 302,,VISTA,CA,92083-4864
Aero Auto Repair,TEK,1552,22798552,1024,101,3,,Terry,Page,2010 W SAN MARCOS BLVD UNIT 36,,SAN MARCOS,CA,92078-3979
Aero Auto Repair,TEK,1552,22695531,1024,101,3,,Greg,Kranz,5033 HILL RANCH DR,,FALLBROOK,CA,92028-7905
Aero Auto Repair,TEK,1552,22846763,1024,101,3,,Ivy,Arkin,400 N MELROSE DR SPC 49,,VISTA,CA,92083-4887
Aero Auto Repair,TEK,1552,22940324,1024,101,03,,Toyshio,Yamamoto,484 CALLE ELEGANTE,,VISTA,CA,92083-3594
Aero Auto Repair,TEK,1552,23508937,1024,101,03,,Rodrigo,Morales,1044 MARYLAND DR,,VISTA,CA,92083-3362
Aero Auto Repair,TEK,1552,8631663,1024,101,3,,Christina,Cadena,2248 EASTBROOK RD,,VISTA,CA,92081-8325
Aero Auto Repair,TEK,1552,23534268,1024,101,03,,Mason,Ward,5155 MANDARIN DR,,OCEANSIDE,CA,92056-6441
Aero Auto Repair,TEK,1552,24454565,1024,101,03,,Ryan,Lanz,1841 AVENIDA SEGOVIA,,OCEANSIDE,CA,92056-6235
Aero Auto Repair,TEK,1552,8632461,1024,101,3,,Gabriel,Sanchez,4605 MARDI GRAS ST,,OCEANSIDE,CA,92057-5109
Aero Auto Repair,TEK,1552,8628643,1024,101,3,,Joe,Aguirre,1219 BRANDING IRON CIR,,VISTA,CA,92081-6536
Aero Auto Repair,TEK,1552,26940858,1024,101,03,,Yngve,Haug,5763 OLD RANCH RD,,OCEANSIDE,CA,92057-4808
Aero Auto Repair,TEK,1552,26195027,1024,101,03,,Jimi,Jackson,752 ROCKING HORSE RD,,VISTA,CA,92081-6716
Aero Auto Repair,TEK,1552,27313597,1024,101,03,,Ernest,Gallegos,1162 CAJON CIR,,VISTA,CA,92083-3109
Aero Auto Repair,TEK,1552,27322448,1024,101,03,,Jeremy,Morgan,5019 PALMERA DR,,OCEANSIDE,CA,92056-2107
Aero Auto Repair,TEK,1552,22663967,1024,101,03,,Chris,Ramirez,833 LA STRADA DR,,FALLBROOK,CA,92028-3578
Aero Auto Repair,TEK,1552,16497563,1024,101,3,,Nove,Tei,1202 BRANDING IRON CIR,,VISTA,CA,92081-6536
Aero Auto Repair,TEK,1552,8627876,1024,101,3,,Guillermo,Martinez,1975 OXFORD CT,,VISTA,CA,92081-8784
Aero Auto Repair,TEK,1552,21177301,1024,101,3,,Bunny,Antisdel,PO BOX 5641,,OCEANSIDE,CA,92052-5641
Aero Auto Repair,TEK,1552,15546004,1024,101,3,,Alicia,Corvino,5078 OVERLOOK DR,,OCEANSIDE,CA,92057-8020
Aero Auto Repair,TEK,1552,8628926,1024,101,03,,Benjamin,Valdovinos,4407 SPRINGTIME DR,,OCEANSIDE,CA,92056-3548
Aero Auto Repair,TEK,1552,28531602,1024,101,03,,Elizabeth,Ortiz,828 MARYLAND DR,,VISTA,CA,92083-3335
Aero Auto Repair,TEK,1552,8480809,1024,101,3,,Kevin,Seltmann,364 ZADA LN,,VISTA,CA,92084-5645
Aero Auto Repair,TEK,1552,28897925,1024,101,03,,Nikki,Leeds,2251 CATALINA AVE,,VISTA,CA,92084-4807
Aero Auto Repair,TEK,1552,8625961,1024,101,3,,Scott,Kreml,3635 CHESHIRE AVE,,CARLSBAD,CA,92010-7022
Aero Auto Repair,TEK,1552,28916648,1024,101,03,,Joseph,Petrush,5364 GOOSEBERRY WAY,,OCEANSIDE,CA,92057-4632
Aero Auto Repair,TEK,1552,28920226,1024,101,03,,Ashley,Lavoie,514 N VINE ST,,FALLBROOK,CA,92028-2176
Aero Auto Repair,TEK,1552,28915406,1024,101,03,,Larry,Bouchard,714 CALIFORNIA OAK DR,,VISTA,CA,92081-7554
Aero Auto Repair,TEK,1552,29220654,1024,101,03,,Grant,Wells,1015 ROSE DR,,VISTA,CA,92083-3323
Aero Auto Repair,TEK,1552,29408635,1024,101,03,,Olga,Diaz,2583 JOANN DR,,OCEANSIDE,CA,92056-3428
Aero Auto Repair,TEK,1552,8637412,1024,101,3,,Chace,Bower,1510 S MELROSE DR APT 66,,VISTA,CA,92081-7452
Aero Auto Repair,TEK,1552,8629420,1024,101,3,,Jimmy,Diaz,754 VIA BAHIA,,SAN MARCOS,CA,92069-7300
Aero Auto Repair,TEK,1552,29664933,1024,101,03,,Barry,London,767 VENUS VIEW DR,,VISTA,CA,92081-6628
Aero Auto Repair,TEK,1552,29649847,1024,101,03,,Harpal,Singh,2846 FISHERS PL,,ESCONDIDO,CA,92029-4846
Aero Auto Repair,TEK,1552,18447599,1024,101,3,,Bruce,Snyder,1024 GEORGIA LN,,VISTA,CA,92083-3102
Aero Auto Repair,TEK,1552,21858708,1024,101,3,,Mike,Srdanovich,989 DARWIN DR,,OCEANSIDE,CA,92056-2309
Aero Auto Repair,TEK,1552,30214912,1024,101,03,,Santos,Maciel,2604 MESA DR,,OCEANSIDE,CA,92054-3715
Aero Auto Repair,TEK,1552,8631081,1024,101,3,,Leslie,Bales,5171 EL SECRITO,,OCEANSIDE,CA,92056-6452
Aero Auto Repair,TEK,1552,8635743,1024,101,3,,Jim,Sullivan,5009 SUNROSE CT,,OCEANSIDE,CA,92056-2532
Aero Auto Repair,TEK,1552,8631760,1024,101,03,,Garry,Hill,3445 CASERAS DR,,OCEANSIDE,CA,92056-6328
Aero Auto Repair,TEK,1552,30313446,1024,101,03,,Chris,Chanes,245 CEDAR RD APT 19,,VISTA,CA,92083-5147
Aero Auto Repair,TEK,1552,30289384,1024,101,03,,Dustin,Wimer,1451 N MELROSE DR APT 311,,VISTA,CA,92083-4872
Aero Auto Repair,TEK,1552,8632851,1024,101,3,,David,Gilbert,1133 EVERGREEN LN,,VISTA,CA,92084-1016
Aero Auto Repair,TEK,1552,31186766,1024,101,03,,Monica,Winn,490 SUNRIDGE DR,,OCEANSIDE,CA,92056-2405
Aero Auto Repair,TEK,1552,8633667,1024,101,3,,Mathew,Compton,1064 WOODCREST LN,,VISTA,CA,92081-7881
Aero Auto Repair,TEK,1552,31515210,1024,101,03,,Diego,Bocanegra,1057 STRATTON DR,,VISTA,CA,92083-4778
Aero Auto Repair,TEK,1552,8632142,1024,101,3,,Nicki,Elliott,1614 APPALOOSA WAY,,OCEANSIDE,CA,92057-5601
Aero Auto Repair,TEK,1552,28597080,1024,101,03,,Dolores,Romero,1422 HENSHAW RD,,OCEANSIDE,CA,92056-2346
Aero Auto Repair,TEK,1552,27306515,1024,101,03,,Larry,Roberts,1416 VIA CHRISTINA,,VISTA,CA,92084-4728
Aero Auto Repair,TEK,1552,8628953,1024,101,3,,Leroy,Humann,1147 TYLEE ST,,VISTA,CA,92083-5644
Aero Auto Repair,TEK,1552,8629161,1024,101,3,,Don,Skelton,1193 SUNBRIGHT DR,,OCEANSIDE,CA,92056-2500
Aero Auto Repair,TEK,1552,33515206,1024,101,03,,Dawn,Gram,4968 SKYHAWK WAY,,OCEANSIDE,CA,92056-5483
Aero Auto Repair,TEK,1552,34005537,1024,101,03,,Steve,Trobaugh,383 N MELROSE DR UNIT H,,VISTA,CA,92083-4834
Aero Auto Repair,TEK,1552,16137943,1024,101,3,,Julio,Perez,546 N MELROSE DR,,VISTA,CA,92083-3417
Aero Auto Repair,TEK,1552,34201201,1024,101,03,,Ivan,Santiago,220 POND PL,,VISTA,CA,92083-1922
Aero Auto Repair,TEK,1552,9493451,1024,101,3,,Tony,Herrera,4831 LA PAZ CT,,CARLSBAD,CA,92010-5607
Aero Auto Repair,TEK,1552,8629695,1024,101,3,,Gustavo,Gutierrez,1210 CALLE JULES APT 43,,VISTA,CA,92084-3971
Aero Auto Repair,TEK,1552,34699466,1024,101,03,,Beto,Cortez,2525 GUAJOME LAKE RD,,VISTA,CA,92084-1610
Aero Auto Repair,TEK,1552,29219522,1024,101,03,,Diana,Pahl,2049 RANCHO CORTE,,VISTA,CA,92084-2585
Aero Auto Repair,TEK,1552,34002712,1024,101,03,,Colin,Hammond,3915 ROCKFIELD CT,,CARLSBAD,CA,92010-7085
Aero Auto Repair,TEK,1552,34912966,1024,101,03,,Abraham,Carrasco,339 MAGDALENA DR,,OCEANSIDE,CA,92057-6602
Aero Auto Repair,TEK,1552,8630557,1024,101,03,,Miles,Burke,1507 MAXWELL LN,,VISTA,CA,92084-3465
Aero Auto Repair,TEK,1552,24216576,1024,101,03,,Dwayne,Elliot,4713 RIM ROCK RD,,OCEANSIDE,CA,92056-3017
Aero Auto Repair,TEK,1552,34998913,1024,101,03,,Mary,Sotelo,4765 WESTRIDGE DR,,OCEANSIDE,CA,92056-3003
Aero Auto Repair,TEK,1552,21193636,1024,101,3,,Daniel,Perez,1015 STILES CT,,VISTA,CA,92083-3375
Aero Auto Repair,TEK,1552,8632608,1024,101,3,,Gary,Nail,426 S NEVADA ST,,OCEANSIDE,CA,92054-4039
Aero Auto Repair,TEK,1552,13185018,1024,101,3,,Amber,Stainbrook,608 VOLCAN RD,,OCEANSIDE,CA,92058-6966
Aero Auto Repair,TEK,1552,22491526,1024,101,3,,Joe,Bennett,1563 GLACIER RD,,OCEANSIDE,CA,92056-1829
Aero Auto Repair,TEK,1552,8631984,1024,101,3,,Andy,Ivchenko,6749 RUSSELIA CT,,CARLSBAD,CA,92011-3339
Aero Auto Repair,TEK,1552,13703093,1024,101,3,,Benjamin,Burkey,763 MASON RD,,VISTA,CA,92084-1821
Aero Auto Repair,TEK,1552,9236610,1024,101,3,,Karen,Kremer,1154 BOBOLINK DR,,VISTA,CA,92083-3005
Aero Auto Repair,TEK,1552,11138723,1024,101,3,,Mike,Miller,1552 SAN LUIS REY AVE,,VISTA,CA,92084-3126
