Shop Name,Software,SID,CID,WSID,WCID,MBdayMo,TBdayMo,First,Last,Address,Address2,City,St,Zip
Aero Auto Repair San Carlos,TEK,3028,15843963,1025,101,,3,LEE,SIMPSON,7017 COWLES MOUNTAIN BLVD,,SAN DIEGO,CA,92119-1343
Aero Auto Repair San Carlos,TEK,3028,15842542,1025,101,,9,DOMINIC,DELORENZO,7813 TOMMY DR,,SAN DIEGO,CA,92119-1783
Aero Auto Repair San Carlos,TEK,3028,15839693,1025,101,,3,JEAN,ALL,7025 REGNER RD,,SAN DIEGO,CA,92119-1941
Aero Auto Repair San Carlos,TEK,3028,15841459,1025,101,,9,DANIEL,VIEW,6627 TUXEDO RD,,SAN DIEGO,CA,92119-1543
Aero Auto Repair San Carlos,TEK,3028,15836058,1025,101,,3,RANDALL,JOHNSON,7809 TOMMY DR UNIT 74,,SAN DIEGO,CA,92119-1711
Aero Auto Repair San Carlos,TEK,3028,15836956,1025,101,,3,LAURA,VAUGEOIS,320 W ASH ST,,SAN DIEGO,CA,92101-3435
Aero Auto Repair San Carlos,TEK,3028,15844262,1025,101,,9,JOMA,DE BANATE,9355 LAKE MURRAY BLVD,,SAN DIEGO,CA,92119-1464
Aero Auto Repair San Carlos,TEK,3028,15843764,1025,101,,9,GIL,FEBRE,1179 S MAGNOLIA AVE,,EL CAJON,CA,92020-7519
Aero Auto Repair San Carlos,TEK,3028,15839520,1025,101,,9,COREY,FUZAK,6746 BESTWOOD CT,,SAN DIEGO,CA,92119-1534
Aero Auto Repair San Carlos,TEK,3028,15838816,1025,101,,9,PRESTON,STONE,6549 JAFFE CT,,SAN DIEGO,CA,92119-2170
Aero Auto Repair San Carlos,TEK,3028,15842103,1025,101,,3,JOSEPH,HASHEMIAN,6305 JACKSON DR,,SAN DIEGO,CA,92119-3353
Aero Auto Repair San Carlos,TEK,3028,15842896,1025,101,,3,JAMES,SOUDER,2675 FLETCHER PKWY,,EL CAJON,CA,92020-2178
Aero Auto Repair San Carlos,TEK,3028,15839678,1025,101,,3,MAFBAL,MOHAMED,8921 IDYLLWILD LN,,SAN DIEGO,CA,92119-2111
Aero Auto Repair San Carlos,TEK,3028,15839933,1025,101,,3,NICK,CASTILLO,6549 JAFFE CT APT 4,,SAN DIEGO,CA,92119-2151
Aero Auto Repair San Carlos,TEK,3028,15838675,1025,101,,9,ANTHONY,AMADOR,8737 LAKE MURRAY BLVD,,SAN DIEGO,CA,92119-2700
Aero Auto Repair San Carlos,TEK,3028,15837072,1025,101,,9,KATHRINE,BROVOWSKI,7393 LA MESITA PL,,LA MESA,CA,91942-7628
Aero Auto Repair San Carlos,TEK,3028,15839046,1025,101,,9,VAN,JOHNSON,8571 HIGHWOOD DR,,SAN DIEGO,CA,92119-1928
Aero Auto Repair San Carlos,TEK,3028,15840554,1025,101,,9,ADRIAN,ZALESNIK,6238 CRYSTAL LAKE AVE,,SAN DIEGO,CA,92119-3331
Aero Auto Repair San Carlos,TEK,3028,15841952,1025,101,,9,JACQUELINE,GARCIA,6779 TUXEDO RD,,SAN DIEGO,CA,92119-1542
Aero Auto Repair San Carlos,TEK,3028,15839662,1025,101,,9,HUGO,THOMAZ,5545 MORRO WAY APT C4,,LA MESA,CA,91942-2181
Aero Auto Repair San Carlos,TEK,3028,15841566,1025,101,,9,GEORGE,SABLAN,7707 TOMMY ST APT H24,,SAN DIEGO,CA,92119-1723
Aero Auto Repair San Carlos,TEK,3028,15842443,1025,101,,3,MOLLY,STUART,3114 EMERSON ST,,SAN DIEGO,CA,92106-2648
Aero Auto Repair San Carlos,TEK,3028,15838045,1025,101,,3,AUSTIN,HAGSTROM,7855 WHELAN DR,,SAN DIEGO,CA,92119-1715
Aero Auto Repair San Carlos,TEK,3028,15836651,1025,101,,3,BRANDON,WARD,8929 IDYLLWILD LN,,SAN DIEGO,CA,92119-2111
Aero Auto Repair San Carlos,TEK,3028,15840990,1025,101,,9,TOM,QADERI,8411 TOMMY DR,,SAN DIEGO,CA,92119-1914
Aero Auto Repair San Carlos,TEK,3028,15840307,1025,101,,3,OLIVIA,MILLIGAN,8525 VERLANE DR,,SAN DIEGO,CA,92119-2015
Aero Auto Repair San Carlos,TEK,3028,15836512,1025,101,,3,NATASHA,WASILESKU,6053 RIDGEMOOR DR,,SAN DIEGO,CA,92120-3921
Aero Auto Repair San Carlos,TEK,3028,15842320,1025,101,,3,KIRSTEN,LESHER,12008 WINTERCREST DR APT 120,,LAKESIDE,CA,92040-3755
Aero Auto Repair San Carlos,TEK,3028,15843949,1025,101,,9,BUDDY,LOCKWOOD,1315 PEPPER DR,,EL CAJON,CA,92021-1424
Aero Auto Repair San Carlos,TEK,3028,15843257,1025,101,,9,LENIN,RAJ,6400 SAINT THERESE WAY,,SAN DIEGO,CA,92120-3018
Aero Auto Repair San Carlos,TEK,3028,15844035,1025,101,,9,FLETCHER,LETTOW,4566 DATE AVE APT 5,,LA MESA,CA,91941-5261
Aero Auto Repair San Carlos,TEK,3028,15842739,1025,101,,3,DAVE,ZOUMARAS,7890 MELOTTE ST,,SAN DIEGO,CA,92119-1238
Aero Auto Repair San Carlos,TEK,3028,15843058,1025,101,,3,STACI,CANE,1008 S POINT VIEW ST,,LOS ANGELES,CA,90035-2617
Aero Auto Repair San Carlos,TEK,3028,15841505,1025,101,,9,CHRIS,ZAWADZKI,5740 LAKE MURRAY BLVD APT C115,,LA MESA,CA,91942-2268
Aero Auto Repair San Carlos,TEK,3028,15842728,1025,101,,3,TONY,CHERIN,7611 RAINSWEPT LN,,SAN DIEGO,CA,92119-1365
Aero Auto Repair San Carlos,TEK,3028,15840785,1025,101,,3,ALLIE,COOK,1520 PETREE ST,,EL CAJON,CA,92020-2381
Aero Auto Repair San Carlos,TEK,3028,15838674,1025,101,,3,ACEE,CRUZ,1266 PIONEER WAY,,EL CAJON,CA,92020-1624
Aero Auto Repair San Carlos,TEK,3028,15841329,1025,101,,3,MARTIN,MIRZOYAN,6577 JAFFE CT APT 11,,SAN DIEGO,CA,92119-2184
Aero Auto Repair San Carlos,TEK,3028,15843954,1025,101,,9,TED,WHETSEL,4712 WATER LILY LN,,CROWLEY,TX,76036-3835
Aero Auto Repair San Carlos,TEK,3028,15842243,1025,101,,9,CARLOS,ZUNIGA,2566 BROWN DR,,EL CAJON,CA,92020-1767
Aero Auto Repair San Carlos,TEK,3028,15842912,1025,101,,9,JAYVON,HAYES,8642 LAKE ASHMERE DR,,SAN DIEGO,CA,92119-3272
Aero Auto Repair San Carlos,TEK,3028,15835872,1025,101,,3,NEECE,DERR,8517 SAN CARLOS DR,,SAN DIEGO,CA,92119-2646
Aero Auto Repair San Carlos,TEK,3028,15842996,1025,101,,9,SEBASTIAN,WALLAT,757 CARLOW WAY,,EL CAJON,CA,92020-2013
Aero Auto Repair San Carlos,TEK,3028,15838233,1025,101,,9,SHANNON,STOUS,5379 TROJAN AVE,,SAN DIEGO,CA,92115-5231
Aero Auto Repair San Carlos,TEK,3028,15841676,1025,101,,3,ABIGAIL,BUCKLE,5332 MANZANARES WAY,,SAN DIEGO,CA,92114-3705
Aero Auto Repair San Carlos,TEK,3028,15836184,1025,101,,9,CAMERON,CHILLAS,7636 MELOTTE ST,,SAN DIEGO,CA,92119-1234
Aero Auto Repair San Carlos,TEK,3028,15843578,1025,101,,9,HOVAHANNES,DAVTYAN,6577 JAFFE CT,,SAN DIEGO,CA,92119-2184
Aero Auto Repair San Carlos,TEK,3028,15839276,1025,101,,9,ET,PERRY,4549 SEMINOLE DR,,SAN DIEGO,CA,92115-5648
Aero Auto Repair San Carlos,TEK,3028,15835586,1025,101,,9,YUKIYO,HILL,8633 LAKE MURRAY BLVD,,SAN DIEGO,CA,92119-3284
Aero Auto Repair San Carlos,TEK,3028,15841638,1025,101,,3,STEVE,KINNARD,315 PLAYA DEL SUR APT F,,LA JOLLA,CA,92037-5946
Aero Auto Repair San Carlos,TEK,3028,15836714,1025,101,,9,PATRICIA,TRANDAL,240 DESERT PASS ST APT 1708,,EL PASO,TX,79912-3626
Aero Auto Repair San Carlos,TEK,3028,15839716,1025,101,,3,CHRIS,ANDRE,PO BOX 91492,,SAN DIEGO,CA,92169-3492
Aero Auto Repair San Carlos,TEK,3028,15840278,1025,101,,9,CHRISTY,COSTA,2598 KATHERINE ST,,EL CAJON,CA,92020-2063
Aero Auto Repair San Carlos,TEK,3028,15839223,1025,101,,9,ROD,JONES,2587 CARLOW ST,,EL CAJON,CA,92020-2061
Aero Auto Repair San Carlos,TEK,3028,15839433,1025,101,,9,COREY,GOVE,6460 BOULDER LAKE AVE,,SAN DIEGO,CA,92119-3142
Aero Auto Repair San Carlos,TEK,3028,15843866,1025,101,,9,PYE,SALAZAR,7112 GLENFLORA AVE,,SAN DIEGO,CA,92119-2950
Aero Auto Repair San Carlos,TEK,3028,15841550,1025,101,,9,KAITLIN,WILSON,5906 LAKE MURRAY BLVD,,LA MESA,CA,91942-2509
Aero Auto Repair San Carlos,TEK,3028,18882016,1025,101,,3,Ryan,Beasley,6583 JAFFE CT APT 8,,SAN DIEGO,CA,92119-2160
Aero Auto Repair San Carlos,TEK,3028,15842293,1025,101,,9,NOAH,MARLER,5757 LAKE MURRAY BLVD APT 55,,LA MESA,CA,91942-2211
Aero Auto Repair San Carlos,TEK,3028,20364651,1025,101,,9,Jim,Mahler,6344 ANVIL LAKE AVE,,SAN DIEGO,CA,92119-3421
Aero Auto Repair San Carlos,TEK,3028,20741950,1025,101,,3,Jose,Peralta,2180 FENTON PKWY,,SAN DIEGO,CA,92108-6719
Aero Auto Repair San Carlos,TEK,3028,18336873,1025,101,,3,Andrew,Myers,4727 HAINES ST,,SAN DIEGO,CA,92109-3032
Aero Auto Repair San Carlos,TEK,3028,15840571,1025,101,,9,CLAIRE,GRAZELA,6683 HUDSON PL,,SAN DIEGO,CA,92119-1812
Aero Auto Repair San Carlos,TEK,3028,15842933,1025,101,,3,MIKE,SUTTON,6877 CAMINITO MUNDO UNIT 22,,SAN DIEGO,CA,92119-2332
Aero Auto Repair San Carlos,TEK,3028,22488462,1025,101,,9,ED,FORESTER,4949 BALTIMORE DR,,LA MESA,CA,91942-6500
Aero Auto Repair San Carlos,TEK,3028,24216144,1025,101,,3,Baoquan,Nguyen,8661 LAKE MURRAY BLVD,,SAN DIEGO,CA,92119-3288
Aero Auto Repair San Carlos,TEK,3028,24467999,1025,101,,9,Monserrat,Medina,2539 OLD QUARRY RD APT 2628,,SAN DIEGO,CA,92108-4702
Aero Auto Repair San Carlos,TEK,3028,24718567,1025,101,,9,Michael,Simpson,2645 CALVIN LN,,EL CAJON,CA,92020-2706
Aero Auto Repair San Carlos,TEK,3028,25959330,1025,101,,3,Colleen,Smith,7300 PARKWAY DR APT 306,,LA MESA,CA,91942-1812
Aero Auto Repair San Carlos,TEK,3028,27010001,1025,101,,3,Marlena,Grant,8737 LAKE MURRAY BLVD UNIT 9,,SAN DIEGO,CA,92119-2702
Aero Auto Repair San Carlos,TEK,3028,15841628,1025,101,,9,MADISON,ANGOTTI,6326 LAKE ARIANA AVE,,SAN DIEGO,CA,92119-3433
Aero Auto Repair San Carlos,TEK,3028,15837403,1025,101,,9,JOHN,KELLERER,8755 HIGHWOOD DR,,SAN DIEGO,CA,92119-1412
Aero Auto Repair San Carlos,TEK,3028,29352345,1025,101,,3,Veronika,Keller,6955 GOLFCREST DR,,SAN DIEGO,CA,92119-2470
Aero Auto Repair San Carlos,TEK,3028,29364215,1025,101,,9,yemaya,william,8155 BLUE LAKE DR,,SAN DIEGO,CA,92119-3327
Aero Auto Repair San Carlos,TEK,3028,29986798,1025,101,,9,Jaime,Delgado,13210 MAPLEVIEW ST,,LAKESIDE,CA,92040-2514
Aero Auto Repair San Carlos,TEK,3028,21380757,1025,101,,3,Robert,Luna,8563 LAKE MURRAY BLVD,,SAN DIEGO,CA,92119-3210
Aero Auto Repair San Carlos,TEK,3028,30428174,1025,101,,9,Steve,Laurvick,7200 MACQUARIE ST,,LA MESA,CA,91942-1429
Aero Auto Repair San Carlos,TEK,3028,31374768,1025,101,,3,MR.,Grahovac,6350 BALSAM LAKE AVE,,SAN DIEGO,CA,92119-3319
Aero Auto Repair San Carlos,TEK,3028,31657639,1025,101,,9,Jose,Garcia,8763 NAVAJO RD UNIT 8,,SAN DIEGO,CA,92119-2747
Aero Auto Repair San Carlos,TEK,3028,31912033,1025,101,,9,Race,Ross,8632 MARYFORD DR,,SAN DIEGO,CA,92119-2023
Aero Auto Repair San Carlos,TEK,3028,32859154,1025,101,,9,Chris,Secor,6050 LUBBOCK AVE,,LA MESA,CA,91942-3214
Aero Auto Repair San Carlos,TEK,3028,15840329,1025,101,,9,SEAN,MAXIN,5545 MORRO WAY APT K11,,LA MESA,CA,91942-2188
Aero Auto Repair San Carlos,TEK,3028,33501069,1025,101,,3,James,Williams,7516 PARKWAY DR,,LA MESA,CA,91942-1774
Aero Auto Repair San Carlos,TEK,3028,33534232,1025,101,,3,Jordan,Rios,3629 BOUNDARY ST,,SAN DIEGO,CA,92104-3805
Aero Auto Repair San Carlos,TEK,3028,15844745,1025,101,,9,Skip,Miller,7410 TURNFORD DR,,SAN DIEGO,CA,92119-1421
Aero Auto Repair San Carlos,TEK,3028,29183804,1025,101,,3,Mousad,valadan,8056 LAKE CAYUGA DR,,SAN DIEGO,CA,92119-3141
Aero Auto Repair San Carlos,TEK,3028,34374701,1025,101,,3,Kori,Jonilonis,6170 AVENORRA DR,,LA MESA,CA,91942-2229
Aero Auto Repair San Carlos,TEK,3028,16282887,1025,101,,9,Earl,Haag,6970 LALLEY LN,,SAN DIEGO,CA,92119-1938
Aero Auto Repair San Carlos,TEK,3028,24723223,1025,101,,9,Jeremy,Zimmerman,1225 RIPPEY ST,,EL CAJON,CA,92020-1741
Aero Auto Repair San Carlos,TEK,3028,34911830,1025,101,,9,Mark,Dorn,1524 BATHURST PL,,EL CAJON,CA,92020-2905
Aero Auto Repair San Carlos,TEK,3028,34913149,1025,101,,9,Davis,Kennedy,7831 FORRESTAL RD,,SAN DIEGO,CA,92120-2206
Aero Auto Repair San Carlos,TEK,3028,35586902,1025,101,,3,Dorothy,Machado,19712 N HIGHWAY 169,,SAINT JOSEPH,MO,64505-8515
Aero Auto Repair San Carlos,TEK,3028,35833777,1025,101,,9,Katherine,Philbin,8749 ROBLES DR,,SAN DIEGO,CA,92119-1429
Aero Auto Repair San Carlos,TEK,3028,35840915,1025,101,,3,Tim,Nickoli,7392 VOLCLAY DR,,SAN DIEGO,CA,92119-1605
Aero Auto Repair San Carlos,TEK,3028,18855521,1025,101,,9,Cindy,Chavez,6460 BOULDER LAKE AVE,,SAN DIEGO,CA,92119-3142
Aero Auto Repair San Carlos,TEK,3028,35701158,1025,101,,9,Richard,Rice,2259 HILLSLAKE DR,,EL CAJON,CA,92020-1059
Aero Auto Repair San Carlos,TEK,3028,35698898,1025,101,,9,Brian,Yezarski,6762 JACKSON DR,,SAN DIEGO,CA,92119-3336
Aero Auto Repair San Carlos,TEK,3028,35886788,1025,101,,9,Robert,Rump,8625 REGNER CT,,SAN DIEGO,CA,92119-1939
Aero Auto Repair San Carlos,TEK,3028,24456958,1025,101,,3,Spencer,Piontkowski,6781 CASSELBERRY WAY,,SAN DIEGO,CA,92119-2216
Aero Auto Repair San Carlos,TEK,3028,20244941,1025,101,,9,Keith,Hay,6296 S LAKE CT,,SAN DIEGO,CA,92119-3525
Aero Auto Repair San Carlos,TEK,3028,36067058,1025,101,,3,Kim,Poulter,7350 JACKSON DR,,SAN DIEGO,CA,92119-2317
Aero Auto Repair San Carlos,TEK,3028,15840033,1025,101,,9,MARK,CRUISE,6545 JAFFE CT,,SAN DIEGO,CA,92119-2169
Aero Auto Repair San Carlos,TEK,3028,36355278,1025,101,,3,Davy,Nouth,8633 LAKE MURRAY BLVD UNIT 1,,SAN DIEGO,CA,92119-2845
Aero Auto Repair San Carlos,TEK,3028,36363416,1025,101,,9,Josephine,Trinh,1053 S LINCOLN AVE,,EL CAJON,CA,92020-6428
Aero Auto Repair San Carlos,TEK,3028,36580187,1025,101,,3,Nancy,Weigandt,5500 MORRO WAY APT 88,,LA MESA,CA,91942-2177
Aero Auto Repair San Carlos,TEK,3028,36050015,1025,101,,3,Steve,Mettler,8039 LAKE ANDRITA AVE,,SAN DIEGO,CA,92119-3121
Aero Auto Repair San Carlos,TEK,3028,36621497,1025,101,,9,Vito,Garofalo,2681 WINDMILL VIEW RD,,EL CAJON,CA,92020-1050
Aero Auto Repair San Carlos,TEK,3028,36611104,1025,101,,3,Jason,Dibble,10333 EL MATADOR LN,,SANTEE,CA,92071-4452
Aero Auto Repair San Carlos,TEK,3028,36072276,1025,101,,3,Mchinga,Lweya,668 W WASHINGTON AVE,,EL CAJON,CA,92020-4972
Aero Auto Repair San Carlos,TEK,3028,36806071,1025,101,,3,Dan,Stein,8303 LAKE GABY AVE,,SAN DIEGO,CA,92119-2631
Aero Auto Repair San Carlos,TEK,3028,36712661,1025,101,,9,Graig,Wilfahrt,6534 BRYNWOOD WAY,,SAN DIEGO,CA,92120-3808
Aero Auto Repair San Carlos,TEK,3028,36709675,1025,101,,9,Louis,Vanderhyde,13038 OLD BARONA RD,,LAKESIDE,CA,92040-1537
