Shop Name,Software,SID,CID,WSID,WCID,MBdayMo,TBdayMo,First,Last,Address,Address2,City,St,Zip
Aero Auto Repair San Carlos,TEK,3028,15841907,1025,101,3,,WILLIAM,KILDUFF,6402 LAKE ATLIN AVE,,SAN DIEGO,CA,92119-3209
Aero Auto Repair San Carlos,TEK,3028,15836692,1025,101,3,,JOE,MEDINA,9301 LAKE HILL RD,,SANTEE,CA,92071-2132
Aero Auto Repair San Carlos,TEK,3028,15836553,1025,101,3,,LARON,GRAVES,9411 LAKE MURRAY BLVD UNIT G,,SAN DIEGO,CA,92119-1468
Aero Auto Repair San Carlos,TEK,3028,15837096,1025,101,3,,BRENDA,MC DOWELL,2663 CALVIN LN,,EL CAJON,CA,92020-2706
Aero Auto Repair San Carlos,TEK,3028,15837083,1025,101,3,,DAVID,MILLER,10415 LES FLEURS TER,,SAN DIEGO,CA,92131-2352
Aero Auto Repair San Carlos,TEK,3028,15839040,1025,101,3,,ARLEN,STUART,5711 WATER ST APT 39,,LA MESA,CA,91942-4182
Aero Auto Repair San Carlos,TEK,3028,15842625,1025,101,3,,ROGER,PARSONS,7620 FLAG LAKE ST,,SAN DIEGO,CA,92119-2511
Aero Auto Repair San Carlos,TEK,3028,15841784,1025,101,3,,MICHELLE,WAGNER,6595 JAFFE CT,,SAN DIEGO,CA,92119-2178
Aero Auto Repair San Carlos,TEK,3028,15836999,1025,101,3,,RONALD,CATO,8641 LAKE MURRAY BLVD,,SAN DIEGO,CA,92119-3285
Aero Auto Repair San Carlos,TEK,3028,15840753,1025,101,3,,KIERSTIN,SUPER,8707 FLETCHER PKWY APT 512,,LA MESA,CA,91942-3252
Aero Auto Repair San Carlos,TEK,3028,15836565,1025,101,3,,LEE,SUTER,8070 ORANGE AVE APT 610,,LA MESA,CA,91942-6472
Aero Auto Repair San Carlos,TEK,3028,15839848,1025,101,3,,OVILVIA,PERA,1150 THOMAS AVE,,SAN DIEGO,CA,92109-4172
Aero Auto Repair San Carlos,TEK,3028,15838061,1025,101,3,,CHRISTIAN,COUCH,10445 MAST BLVD,,SANTEE,CA,92071-5300
Aero Auto Repair San Carlos,TEK,3028,15843532,1025,101,3,,WESLEY,CIESIELSKI,8456 LAKE BEN AVE,,SAN DIEGO,CA,92119-2630
Aero Auto Repair San Carlos,TEK,3028,15837432,1025,101,3,,ZACH,BLISS,10545 LIVEWOOD WAY,,SAN DIEGO,CA,92131-2203
Aero Auto Repair San Carlos,TEK,3028,15836936,1025,101,3,,LEE,DONAHUE,7252 BIRCHCREEK RD,,SAN DIEGO,CA,92119-1626
Aero Auto Repair San Carlos,TEK,3028,15844841,1025,101,3,,ED,HARRIS,185 W F ST,,SAN DIEGO,CA,92101-6029
Aero Auto Repair San Carlos,TEK,3028,15844750,1025,101,3,,KATIE,BUECHNER,9117 FARRINGTON DR,,SANTEE,CA,92071-4817
Aero Auto Repair San Carlos,TEK,3028,15837387,1025,101,3,,DEBBIE,TROYAN,7838 COWLES MOUNTAIN CT UNIT C2,,SAN DIEGO,CA,92119-2555
Aero Auto Repair San Carlos,TEK,3028,15837833,1025,101,3,,RICK,CURTIS,PO BOX 2821,,PETALUMA,CA,94953-2821
Aero Auto Repair San Carlos,TEK,3028,15838071,1025,101,03,,JIM,DURHAM,6611 JACKSON DR,,SAN DIEGO,CA,92119-3333
Aero Auto Repair San Carlos,TEK,3028,15839910,1025,101,3,,JASON,PRIETO,8957 VALENCIA ST,,SPRING VALLEY,CA,91977-3342
Aero Auto Repair San Carlos,TEK,3028,15843339,1025,101,3,,MARCUS,CURIEL,6130 PONTIAC ST,,SAN DIEGO,CA,92115-2427
Aero Auto Repair San Carlos,TEK,3028,15842442,1025,101,3,,JASMINE,BARRERA,7111 WAITE DR APT 30,,LA MESA,CA,91941-7652
Aero Auto Repair San Carlos,TEK,3028,15840276,1025,101,3,,CATALINA,PESKIN,6556 DANVILLE CT,,SAN DIEGO,CA,92120-3222
Aero Auto Repair San Carlos,TEK,3028,15839687,1025,101,3,,HARVEY,LENETT,5602 DEL CERRO BLVD,,SAN DIEGO,CA,92120-4512
Aero Auto Repair San Carlos,TEK,3028,15843855,1025,101,3,,DONNA,DOW,6880 MEWALL DR,,SAN DIEGO,CA,92119-2116
Aero Auto Repair San Carlos,TEK,3028,15838804,1025,101,3,,JANE,WORD,8815 JACKIE DR,,SAN DIEGO,CA,92119-1418
Aero Auto Repair San Carlos,TEK,3028,15836934,1025,101,3,,JAMES,HYATT,6428 LAKE APOPKA PL,,SAN DIEGO,CA,92119-2815
Aero Auto Repair San Carlos,TEK,3028,15839578,1025,101,3,,DENNIS,NOVAK,4624 CALAVO DR,,LA MESA,CA,91941-5704
Aero Auto Repair San Carlos,TEK,3028,15835930,1025,101,3,,RAY,FAGEOL,1445 MURRAY AVE,,EL CAJON,CA,92020-4111
Aero Auto Repair San Carlos,TEK,3028,15840203,1025,101,3,,ALEXIS,LITLE,3215 CRISTOBAL WAY,,SPRING VALLEY,CA,91977-3106
Aero Auto Repair San Carlos,TEK,3028,15837849,1025,101,03,,QUINCY,WALDEN,8015 ANZA DR,,SAN DIEGO,CA,92114-4704
Aero Auto Repair San Carlos,TEK,3028,15837305,1025,101,3,,TANYA,BUZZANGA,9280 LAKE MURRAY BLVD UNIT C,,SAN DIEGO,CA,92119-1475
Aero Auto Repair San Carlos,TEK,3028,15835854,1025,101,3,,BECKY,MILLER,3950 MAHAILA AVE APT T31,,SAN DIEGO,CA,92122-6126
Aero Auto Repair San Carlos,TEK,3028,15838965,1025,101,3,,CARISSA,MC KINNEY,8421 LA ROUCHE DR,,SAN DIEGO,CA,92119-1907
Aero Auto Repair San Carlos,TEK,3028,15841834,1025,101,3,,MICHAEL,QUILL,8074 EL CAPITAN DR,,LA MESA,CA,91942-5516
Aero Auto Repair San Carlos,TEK,3028,15839256,1025,101,3,,CINDY,BRAVO,6505 AMBERLY ST,,SAN DIEGO,CA,92120-2105
Aero Auto Repair San Carlos,TEK,3028,15840223,1025,101,03,,JESSICA,GRAHAM,7589 SARANAC AVE,,LA MESA,CA,91942-8108
Aero Auto Repair San Carlos,TEK,3028,15836250,1025,101,3,,TIM,SKEEN,4209 S TROPICO DR,,LA MESA,CA,91941-6867
Aero Auto Repair San Carlos,TEK,3028,15840412,1025,101,3,,SARAH,SARNS,1306 PETREE ST APT 385,,EL CAJON,CA,92020-2325
Aero Auto Repair San Carlos,TEK,3028,15839804,1025,101,3,,MARK,BOUTROS,5955 SAMUEL ST,,LA MESA,CA,91942-2552
Aero Auto Repair San Carlos,TEK,3028,15835645,1025,101,03,,BARBARA,DE LACRUZ,11526 COMPASS POINT DR N APT 11,,SAN DIEGO,CA,92126-8545
Aero Auto Repair San Carlos,TEK,3028,15839428,1025,101,3,,CHRISTOPHER,SALASKI,6571 JAFFE CT,,SAN DIEGO,CA,92119-2183
Aero Auto Repair San Carlos,TEK,3028,15836665,1025,101,3,,KAREN,PEARLMAN,6876 BOULDER LAKE AVE,,SAN DIEGO,CA,92119-1904
Aero Auto Repair San Carlos,TEK,3028,15841443,1025,101,03,,NIKOLAS,LUNBGREN,6714 COWLES MOUNTAIN BLVD,,SAN DIEGO,CA,92119-1829
Aero Auto Repair San Carlos,TEK,3028,15835403,1025,101,3,,GLORIA,MORENO,1787 GROSSMONT VIEW DR,,EL CAJON,CA,92020-2930
Aero Auto Repair San Carlos,TEK,3028,15841170,1025,101,3,,JOAN,BERTHE,1012 N ANZA ST APT 32,,EL CAJON,CA,92021-5041
Aero Auto Repair San Carlos,TEK,3028,15841669,1025,101,3,,FLORENCE,CRAIG,8661 WINTER GARDENS BLVD,,LAKESIDE,CA,92040-5400
Aero Auto Repair San Carlos,TEK,3028,15837605,1025,101,3,,GEORGIA,THOMPSON,6433 LAKE MERE CT,,SAN DIEGO,CA,92119-2819
Aero Auto Repair San Carlos,TEK,3028,15842839,1025,101,3,,JENNIFER,BARROW,7921 LAURELRIDGE RD,,SAN DIEGO,CA,92120-1723
Aero Auto Repair San Carlos,TEK,3028,15836052,1025,101,3,,JANET,RODGERS,6782 CAMINITO DEL GRECO,,SAN DIEGO,CA,92120-2219
Aero Auto Repair San Carlos,TEK,3028,15837393,1025,101,3,,LISA,LUDWIN,5173 WARING RD # 23,,SAN DIEGO,CA,92120-2705
Aero Auto Repair San Carlos,TEK,3028,15843147,1025,101,3,,BOB,MORRIS,2022 ESTELA DR,,EL CAJON,CA,92020-1008
Aero Auto Repair San Carlos,TEK,3028,15844158,1025,101,3,,CAROL,HARRISON,6924 HYDE PARK DR UNIT 209,,SAN DIEGO,CA,92119-2259
Aero Auto Repair San Carlos,TEK,3028,15842450,1025,101,3,,TIM,WARREN,6828 COWLES MOUNTAIN BLVD,,SAN DIEGO,CA,92119-1831
Aero Auto Repair San Carlos,TEK,3028,15839925,1025,101,3,,COLIN,NUGENT,8635 VERLANE DR,,SAN DIEGO,CA,92119-2017
Aero Auto Repair San Carlos,TEK,3028,15835442,1025,101,3,,JESSICA,MATTSON,5700 BALTIMORE DR,,LA MESA,CA,91942-1616
Aero Auto Repair San Carlos,TEK,3028,15842215,1025,101,3,,BIJAN,MOSTAFAVI,8465 JUNE LAKE DR,,SAN DIEGO,CA,92119-3103
Aero Auto Repair San Carlos,TEK,3028,15839579,1025,101,3,,TINA,SUVANAKET,6643 RESERVOIR LN,,SAN DIEGO,CA,92115-1510
Aero Auto Repair San Carlos,TEK,3028,15838629,1025,101,3,,KRIS,ERICKSON,6610 SUNNY BRAE DR,,SAN DIEGO,CA,92119-2959
Aero Auto Repair San Carlos,TEK,3028,15843089,1025,101,03,,JOHN,GEORGE,8514 VERLANE DR,,SAN DIEGO,CA,92119-2016
Aero Auto Repair San Carlos,TEK,3028,15843856,1025,101,3,,MELINDA,TRITSCH,6951 BALLINGER AVE,,SAN DIEGO,CA,92119-1334
Aero Auto Repair San Carlos,TEK,3028,15840127,1025,101,3,,STEVE,BLOCK,8785 NAVAJO RD UNIT 12,,SAN DIEGO,CA,92119-2738
Aero Auto Repair San Carlos,TEK,3028,15835553,1025,101,3,,LISA,VANN,6921 OFRIA CT,,SAN DIEGO,CA,92120-1747
Aero Auto Repair San Carlos,TEK,3028,15839692,1025,101,3,,JANE,MC MANIS,6915 TURNBRIDGE WAY,,SAN DIEGO,CA,92119-2133
Aero Auto Repair San Carlos,TEK,3028,15844804,1025,101,3,,GARY,MANIS,3775 GEORGIA ST APT 401,,SAN DIEGO,CA,92103-7609
Aero Auto Repair San Carlos,TEK,3028,15841060,1025,101,3,,CHARLES,CARROLL,6233 LAKE ALAMOR AVE,,SAN DIEGO,CA,92119-3407
Aero Auto Repair San Carlos,TEK,3028,15840502,1025,101,3,,RICHARD,ROSE,5880 AMAYA DR,,LA MESA,CA,91942-4126
Aero Auto Repair San Carlos,TEK,3028,15843533,1025,101,3,,ED,FULLER,9168 PASEO CRESTA,,SANTEE,CA,92071-4066
Aero Auto Repair San Carlos,TEK,3028,15838057,1025,101,3,,JOSE,SEALY,3903 CONRAD DR,,SPRING VALLEY,CA,91977-1424
Aero Auto Repair San Carlos,TEK,3028,15836488,1025,101,3,,LAURA,PHILLIPS,2036 GRAND CANAL BLVD APT 436,,STOCKTON,CA,95207-6649
Aero Auto Repair San Carlos,TEK,3028,15844340,1025,101,3,,CARA,ROCCO,10130 AUSTIN DR,,SPRING VALLEY,CA,91977-6900
Aero Auto Repair San Carlos,TEK,3028,15839407,1025,101,3,,VICTOR,ZAMPA,7995 FORRESTAL RD,,SAN DIEGO,CA,92120-1711
Aero Auto Repair San Carlos,TEK,3028,15843922,1025,101,3,,BRENT,ZITSMAN,6878 NAVAJO RD UNIT 54,,SAN DIEGO,CA,92119-1550
Aero Auto Repair San Carlos,TEK,3028,15840135,1025,101,3,,LORETTA,HICZEWSKI,4836 TABARD PL,,ANNANDALE,VA,22003-4056
Aero Auto Repair San Carlos,TEK,3028,15836895,1025,101,3,,VICKI,MCARTHY,6859 TURNBRIDGE WAY,,SAN DIEGO,CA,92119-2131
Aero Auto Repair San Carlos,TEK,3028,15837289,1025,101,3,,STEVE,OMAHEN,5801 YORKSHIRE AVE,,LA MESA,CA,91942-2822
Aero Auto Repair San Carlos,TEK,3028,15838140,1025,101,3,,BRIAN,TARR,6220 PRIMROSE DR,,LA MESA,CA,91942-4029
Aero Auto Repair San Carlos,TEK,3028,15844022,1025,101,3,,MIKE,KOZLAREK,5811 BOUNTY ST,,SAN DIEGO,CA,92120-2918
Aero Auto Repair San Carlos,TEK,3028,15841081,1025,101,3,,JEFF,BENESCH,7655 BROMELIAD CT,,SAN DIEGO,CA,92119-1535
Aero Auto Repair San Carlos,TEK,3028,15837698,1025,101,3,,LARRY,TALBOTT,2920 CLARISSA CT,,LEMON GROVE,CA,91945-2700
Aero Auto Repair San Carlos,TEK,3028,15841586,1025,101,3,,LEIGHANN,CRAVENS,1634 HILTON HEAD CT,,EL CAJON,CA,92019-4599
Aero Auto Repair San Carlos,TEK,3028,15844766,1025,101,3,,JOSEPH,SHIELDS,7054 RENKRIB AVE,,SAN DIEGO,CA,92119-1312
Aero Auto Repair San Carlos,TEK,3028,15835760,1025,101,3,,GARY,KILLIAN,5240 MARIGOT PL,,SAN DIEGO,CA,92124-2120
Aero Auto Repair San Carlos,TEK,3028,15836698,1025,101,3,,ALIS,ANDERSON,13858 DEANLY WAY,,LAKESIDE,CA,92040-4850
Aero Auto Repair San Carlos,TEK,3028,15843684,1025,101,3,,ALISA,ORTIZ,510 CAMINO DE LA REINA,,SAN DIEGO,CA,92108-3127
Aero Auto Repair San Carlos,TEK,3028,15838174,1025,101,3,,SHEWANGIZAW,AGONAFIR,7727 TOMMY ST APT 23,,SAN DIEGO,CA,92119-1727
Aero Auto Repair San Carlos,TEK,3028,15837913,1025,101,3,,TERA,MASCARI,8729 GRAVES AVE,,SANTEE,CA,92071-5110
Aero Auto Repair San Carlos,TEK,3028,15844481,1025,101,3,,LEAH,HATHEWAY,8466 HARWELL DR,,SAN DIEGO,CA,92119-1925
Aero Auto Repair San Carlos,TEK,3028,15840920,1025,101,3,,CHAD,MARTIN,340 HART DR APT 33,,EL CAJON,CA,92021-4564
Aero Auto Repair San Carlos,TEK,3028,15835532,1025,101,3,,DIANTHA,MORLAN,1338 BERMUDA VW,,EL CAJON,CA,92021-3865
Aero Auto Repair San Carlos,TEK,3028,15838962,1025,101,3,,CHET,SNYDER,5980 ZORA ST,,LA MESA,CA,91942-2248
Aero Auto Repair San Carlos,TEK,3028,15843140,1025,101,3,,TYLER,BURKE,6363 CIBOLA RD,,SAN DIEGO,CA,92120-2123
Aero Auto Repair San Carlos,TEK,3028,15836871,1025,101,3,,PATRICK,CALVET,2714 ANJULI CT,,EL CAJON,CA,92020-1775
Aero Auto Repair San Carlos,TEK,3028,15839045,1025,101,3,,REBECCA,BRIEN,6442 COWLES MOUNTAIN BLVD,,SAN DIEGO,CA,92119-3112
Aero Auto Repair San Carlos,TEK,3028,15838410,1025,101,3,,MANUEL,MALLOIAN,568 E BARHAM DR APT 260,,SAN MARCOS,CA,92078-7409
Aero Auto Repair San Carlos,TEK,3028,15838722,1025,101,03,,IRINA,AXELROD,6257 COWLES MOUNTAIN BLVD,,SAN DIEGO,CA,92119-3328
Aero Auto Repair San Carlos,TEK,3028,15837336,1025,101,3,,PATRICK,ATCHISON,6386 CLAREMORE LN,,SAN DIEGO,CA,92120-3128
Aero Auto Repair San Carlos,TEK,3028,15836214,1025,101,3,,BRIANNA,CELIA,7350 GOLFCREST PL,,SAN DIEGO,CA,92119-2478
Aero Auto Repair San Carlos,TEK,3028,15843894,1025,101,3,,DIANA,VALLES,6452 LAKE KATHLEEN AVE,,SAN DIEGO,CA,92119-3133
Aero Auto Repair San Carlos,TEK,3028,15835388,1025,101,3,,DOUG,IRWIN,761 PLOWSON RD,,MOUNT JULIET,TN,37122-0609
Aero Auto Repair San Carlos,TEK,3028,15843452,1025,101,3,,GENE,HOAG,8898 NAVAJO RD STE C,,SAN DIEGO,CA,92119-2142
Aero Auto Repair San Carlos,TEK,3028,15837697,1025,101,03,,RON,CARPENTER,8851 TRAILRIDGE AVE,,SANTEE,CA,92071-2053
Aero Auto Repair San Carlos,TEK,3028,15844281,1025,101,03,,JOHN,HILL,9205 SOUTHERN RD,,LA MESA,CA,91942-3611
Aero Auto Repair San Carlos,TEK,3028,15839221,1025,101,3,,TOM,DE QUARDO,5555 LAKE MURRAY BLVD APT 60,,LA MESA,CA,91942-4262
Aero Auto Repair San Carlos,TEK,3028,15835668,1025,101,3,,CHRISTY,BERARDINO,1704 PLUMERIA DR,,EL CAJON,CA,92021-1141
Aero Auto Repair San Carlos,TEK,3028,15837608,1025,101,3,,AARON,GOLDMAN,4570 54TH ST UNIT 22,,SAN DIEGO,CA,92115-3533
Aero Auto Repair San Carlos,TEK,3028,15844868,1025,101,03,,MICHAEL,JACOBSON,5654 AMAYA DR UNIT 156,,LA MESA,CA,91942-3678
Aero Auto Repair San Carlos,TEK,3028,15843179,1025,101,03,,NICOLE,CABALLERO,5931 HOWELL DR UNIT 3,,LA MESA,CA,91942-3852
Aero Auto Repair San Carlos,TEK,3028,15844125,1025,101,3,,YVONNE,ROCHE,7520 MELOTTE ST,,SAN DIEGO,CA,92119-1232
Aero Auto Repair San Carlos,TEK,3028,15840371,1025,101,3,,REGINALD,COLEMAN,7384 LAURA CT,,SAN DIEGO,CA,92120-1323
Aero Auto Repair San Carlos,TEK,3028,15844550,1025,101,3,,CHRISTIAN,HAMILTON,6549 JAFFE CT APT 7,,SAN DIEGO,CA,92119-2151
Aero Auto Repair San Carlos,TEK,3028,15841007,1025,101,3,,STACY,MEDINA,7945 ALIDA ST,,LA MESA,CA,91942-2541
Aero Auto Repair San Carlos,TEK,3028,15838218,1025,101,3,,JACKIE,CHEHAB,8504 VERLANE DR,,SAN DIEGO,CA,92119-2016
Aero Auto Repair San Carlos,TEK,3028,15842549,1025,101,3,,HOWARD,GRIFFUS,7943 TOMMY DR,,SAN DIEGO,CA,92119-1833
Aero Auto Repair San Carlos,TEK,3028,15844719,1025,101,3,,DAN,CURTIS,8213 POINCIANA DR,,EL CAJON,CA,92021-1003
Aero Auto Repair San Carlos,TEK,3028,15841113,1025,101,3,,APRIL,CUSHMAN,7496 MELOTTE ST,,SAN DIEGO,CA,92119-1230
Aero Auto Repair San Carlos,TEK,3028,15842069,1025,101,3,,MARLA,HEALY,7725 LARCHWOOD WAY,,SAN DIEGO,CA,92120-1514
Aero Auto Repair San Carlos,TEK,3028,15840288,1025,101,3,,STEVE,MASI,7292 MELOTTE ST,,SAN DIEGO,CA,92119-1613
Aero Auto Repair San Carlos,TEK,3028,15839734,1025,101,3,,REY,MARTORELL,8170 WHELAN DR,,SAN DIEGO,CA,92119-1820
Aero Auto Repair San Carlos,TEK,3028,15840102,1025,101,3,,NICHOLAS,PATTON,5130 MOUNT HELIX DR,,LA MESA,CA,91941-4358
Aero Auto Repair San Carlos,TEK,3028,15844799,1025,101,3,,RALLE,KRENITZ,7970 PAT ST,,LA MESA,CA,91942-2548
Aero Auto Repair San Carlos,TEK,3028,15842250,1025,101,3,,THERESA,KRIST,6728 MINERAL DR,,SAN DIEGO,CA,92119-1814
Aero Auto Repair San Carlos,TEK,3028,15843317,1025,101,3,,LOUIS,REGAS,8131 DOE PT,,SAN DIEGO,CA,92120-1614
Aero Auto Repair San Carlos,TEK,3028,15843814,1025,101,3,,ERIKA,VASQUEZ,6310 LAKE ARAL DR,,SAN DIEGO,CA,92119-3431
Aero Auto Repair San Carlos,TEK,3028,15836857,1025,101,3,,STUART,SCHUMACHER,7159 CROWLEY CT,,SAN DIEGO,CA,92119-1601
Aero Auto Repair San Carlos,TEK,3028,15841164,1025,101,3,,MYLES,STRIVERS,1113 MARLINE AVE,,EL CAJON,CA,92021-4815
Aero Auto Repair San Carlos,TEK,3028,15843374,1025,101,3,,JESSICA,GUNTHER,8549 VERLANE DR,,SAN DIEGO,CA,92119-2015
Aero Auto Repair San Carlos,TEK,3028,15841518,1025,101,3,,ROBERT,MC NAMARA,7808 LAURELRIDGE RD,,SAN DIEGO,CA,92120-2213
Aero Auto Repair San Carlos,TEK,3028,15844108,1025,101,3,,DAN,DENHART,7071 BARKER WAY,,SAN DIEGO,CA,92119-1304
Aero Auto Repair San Carlos,TEK,3028,15842444,1025,101,3,,PETE,DOREMUS,7440 COLONY DR SPC 18,,LA MESA,CA,91942-7432
Aero Auto Repair San Carlos,TEK,3028,15837133,1025,101,3,,MARK,VON KAENEL,7624 JENNITE DR,,SAN DIEGO,CA,92119-1209
Aero Auto Repair San Carlos,TEK,3028,15840514,1025,101,3,,DREW,ADAMS,8494 MIDLAND ST,,LA MESA,CA,91942-2804
Aero Auto Repair San Carlos,TEK,3028,15838977,1025,101,3,,DONNA,DE YOUNG,6040 ZORA ST,,LA MESA,CA,91942-2246
Aero Auto Repair San Carlos,TEK,3028,15843427,1025,101,3,,ASTRID,BROWN,334 KENTUCKY AVE,,EL CAJON,CA,92020-3967
Aero Auto Repair San Carlos,TEK,3028,15836086,1025,101,3,,DENISE,GERSHWIN,8579 HARWELL DR,,SAN DIEGO,CA,92119-1916
Aero Auto Repair San Carlos,TEK,3028,15839070,1025,101,03,,JOSE,TOSCANO,4455 CYNTHIA PL,,SAN DIEGO,CA,92105-5220
Aero Auto Repair San Carlos,TEK,3028,15840770,1025,101,3,,FLOYD,HARRISON,8205 BLUE LAKE DR,,SAN DIEGO,CA,92119-3352
Aero Auto Repair San Carlos,TEK,3028,15837677,1025,101,3,,ALEX,DILLINGHAM,1900 AVOCADO RANCH RD,,EL CAJON,CA,92019-3682
Aero Auto Repair San Carlos,TEK,3028,15836686,1025,101,3,,KELSIE,SMITH,1064 RIPPEY ST,,EL CAJON,CA,92020-1738
Aero Auto Repair San Carlos,TEK,3028,15838245,1025,101,3,,JENNIFER,AMBLE,6922 LALLEY LN,,SAN DIEGO,CA,92119-1938
Aero Auto Repair San Carlos,TEK,3028,15841715,1025,101,3,,LEILANI,CASHMAN,923 ALTURAS RD APT 100,,FALLBROOK,CA,92028-2887
Aero Auto Repair San Carlos,TEK,3028,15838621,1025,101,3,,DAVID,HOUGH,8619 WARMWELL DR,,SAN DIEGO,CA,92119-1424
Aero Auto Repair San Carlos,TEK,3028,15836442,1025,101,3,,MARINNA,DUNN,3762 MEADE AVE,,SAN DIEGO,CA,92116-4621
Aero Auto Repair San Carlos,TEK,3028,15838885,1025,101,3,,JOSIE,CRISPEN,6951 HEMINGWAY CT,,SAN DIEGO,CA,92120-1718
Aero Auto Repair San Carlos,TEK,3028,15841945,1025,101,3,,SHIGEKO,LACHER,8349 LAKE BACA DR,,SAN DIEGO,CA,92119-3143
Aero Auto Repair San Carlos,TEK,3028,15844100,1025,101,3,,TOM,GREEN,8766 JACKIE DR,,SAN DIEGO,CA,92119-1417
Aero Auto Repair San Carlos,TEK,3028,15839750,1025,101,03,,GEORGE,COOPER,13217 AURORA DR SPC 112,,EL CAJON,CA,92021-1820
Aero Auto Repair San Carlos,TEK,3028,15844623,1025,101,3,,MAX,TARVER,8737 FLETCHER PKWY APT 571,,LA MESA,CA,91942-3238
Aero Auto Repair San Carlos,TEK,3028,15843804,1025,101,03,,THERESA,CRUME,6446 LAKE ATLIN AVE,,SAN DIEGO,CA,92119-3209
Aero Auto Repair San Carlos,TEK,3028,15835614,1025,101,3,,RANDAL,PHAIR,8170 CHAZ PL,,LA MESA,CA,91942-2325
Aero Auto Repair San Carlos,TEK,3028,15841254,1025,101,3,,JANEEN,JACKSON,8584 HARWELL DR,,SAN DIEGO,CA,92119-1917
Aero Auto Repair San Carlos,TEK,3028,15842657,1025,101,3,,JAMES,NORDBERG,6227 LAKE ARROWHEAD DR,,SAN DIEGO,CA,92119-3508
Aero Auto Repair San Carlos,TEK,3028,15843292,1025,101,3,,JILL,GELDMACHER,6987 SOUTHGATE DR,,SAN DIEGO,CA,92119-2128
Aero Auto Repair San Carlos,TEK,3028,15844695,1025,101,3,,SHARI,RESSEL,6630 BELLE GLADE AVE,,SAN DIEGO,CA,92119-2907
Aero Auto Repair San Carlos,TEK,3028,15844083,1025,101,3,,NANCY,SARDINA,8632 WARMWELL DR,,SAN DIEGO,CA,92119-1425
Aero Auto Repair San Carlos,TEK,3028,15843585,1025,101,3,,JEFF,ZUBIK,6260 CRESTHAVEN DR,,LA MESA,CA,91942-4003
Aero Auto Repair San Carlos,TEK,3028,15837272,1025,101,3,,MARNE,KITTEL,1720 VULCAN ST,,EL CAJON,CA,92021-1054
Aero Auto Repair San Carlos,TEK,3028,15843539,1025,101,3,,TAMARCIA,SHAFFER,8757 TOMMY DR,,SAN DIEGO,CA,92119-2013
Aero Auto Repair San Carlos,TEK,3028,15835982,1025,101,3,,KRISTA,MUSSEY,6361 CAMINO CORTO,,SAN DIEGO,CA,92120-3107
Aero Auto Repair San Carlos,TEK,3028,15839090,1025,101,3,,DUSTIN,TEEMSMA,5990 ELDERGARDENS ST,,SAN DIEGO,CA,92120-3710
Aero Auto Repair San Carlos,TEK,3028,15840423,1025,101,3,,KIMBERLY,VASQUEZ,10331 SAN VICENTE BLVD,,SPRING VALLEY,CA,91977-1921
Aero Auto Repair San Carlos,TEK,3028,15840236,1025,101,3,,CHARLA,HANNON,139 GARDEN GROVE LN,,EL CAJON,CA,92020-2638
Aero Auto Repair San Carlos,TEK,3028,15836819,1025,101,3,,MARY SUE,CARRILLO,8182 HUDSON DR,,SAN DIEGO,CA,92119-1809
Aero Auto Repair San Carlos,TEK,3028,15836314,1025,101,3,,GREG,ZAMORA,8175 LAIRD ST,,LA MESA,CA,91942-2605
Aero Auto Repair San Carlos,TEK,3028,15836635,1025,101,3,,CHUCK,CARTER,8082 LAKE ADLON DR,,SAN DIEGO,CA,92119-3119
Aero Auto Repair San Carlos,TEK,3028,15836972,1025,101,3,,SUZANNE,KASISCHKE,6605 SUNNY BRAE DR,,SAN DIEGO,CA,92119-2958
Aero Auto Repair San Carlos,TEK,3028,15843075,1025,101,3,,MATT,KEAR,7362 ROWENA ST,,SAN DIEGO,CA,92119-1239
Aero Auto Repair San Carlos,TEK,3028,15844021,1025,101,3,,BENNY,RODRIGUEZ,6455 LAKE ATHABASKA PL,,SAN DIEGO,CA,92119-2823
Aero Auto Repair San Carlos,TEK,3028,15837775,1025,101,3,,LORI,KENDRICK,8356 VIA SONOMA UNIT A,,LA JOLLA,CA,92037-2823
Aero Auto Repair San Carlos,TEK,3028,15843652,1025,101,3,,JOHN,ZUELZKE,7121 REGNER RD,,SAN DIEGO,CA,92119-1943
Aero Auto Repair San Carlos,TEK,3028,15838502,1025,101,3,,STEVE,HARRIS,6109 MADRA AVE,,SAN DIEGO,CA,92120-3905
Aero Auto Repair San Carlos,TEK,3028,15844319,1025,101,3,,JORDAN,TACKETT,7546 PARKWAY DR APT 2R,,LA MESA,CA,91942-1762
Aero Auto Repair San Carlos,TEK,3028,15842868,1025,101,3,,DAVID,WATSON,6284 LAKE LOMOND DR,,SAN DIEGO,CA,92119-3030
Aero Auto Repair San Carlos,TEK,3028,15841353,1025,101,3,,JOHN,MEYERS,8000 EL PASO ST,,LA MESA,CA,91942-2535
Aero Auto Repair San Carlos,TEK,3028,15840294,1025,101,3,,DAIM,STIDMAN,132 WILKIE WAY,,EL CAJON,CA,92021-4093
Aero Auto Repair San Carlos,TEK,3028,15835496,1025,101,3,,DEBRA,ROSEN,8785 ROBLES WAY,,SAN DIEGO,CA,92119-2125
Aero Auto Repair San Carlos,TEK,3028,15843329,1025,101,3,,DANA,GIUSTI,7510 CONESTOGA WAY,,SAN DIEGO,CA,92120-1317
Aero Auto Repair San Carlos,TEK,3028,15840594,1025,101,3,,PAM,GREEN,6281 LAKE ARAGO AVE,,SAN DIEGO,CA,92119-3504
Aero Auto Repair San Carlos,TEK,3028,15835711,1025,101,3,,TRAVIS,JOSEPH,7554 LAKE REE AVE,,SAN DIEGO,CA,92119-3038
Aero Auto Repair San Carlos,TEK,3028,15837665,1025,101,3,,SHARLYN,ROCHA,9249 RUFFIN RD,,SANTEE,CA,92071-2418
Aero Auto Repair San Carlos,TEK,3028,15843168,1025,101,3,,DILLAN,TAYLOR,8031 TOMMY DR,,SAN DIEGO,CA,92119-1835
Aero Auto Repair San Carlos,TEK,3028,15842455,1025,101,03,,JAMES,JOHNSON,7372 BIRCHCREEK RD,,SAN DIEGO,CA,92119-1622
Aero Auto Repair San Carlos,TEK,3028,15836398,1025,101,3,,ADRIANE,EDWARDS,6571 JAFFE CT APT 5,,SAN DIEGO,CA,92119-2183
Aero Auto Repair San Carlos,TEK,3028,15844738,1025,101,3,,DAN,REINHOLZ,8717 DENT CT,,SAN DIEGO,CA,92119-1406
Aero Auto Repair San Carlos,TEK,3028,15840158,1025,101,3,,SARA,DICKSON,13152 WILLOW RD,,LAKESIDE,CA,92040-1902
Aero Auto Repair San Carlos,TEK,3028,15841418,1025,101,3,,DARRIN,WILLIAMSON,7956 LAKE ADLON DR,,SAN DIEGO,CA,92119-3117
Aero Auto Repair San Carlos,TEK,3028,15837927,1025,101,3,,BRUCE,WILBAT,7497 GORGE VIEW TER,,SAN DIEGO,CA,92120-2026
Aero Auto Repair San Carlos,TEK,3028,15841100,1025,101,3,,BERNARD,MAURICIA,8922 ALLBILL WAY,,SAN DIEGO,CA,92119-2107
Aero Auto Repair San Carlos,TEK,3028,15843004,1025,101,03,,ANDREW,KINCARE,3221 CONNECTICUT AVE NW APT 403,,WASHINGTON,DC,20008-2545
Aero Auto Repair San Carlos,TEK,3028,15836055,1025,101,3,,JAKE,WALTON,7278 VIAR AVE,,SAN DIEGO,CA,92120-1926
Aero Auto Repair San Carlos,TEK,3028,15840827,1025,101,3,,TRAVIS,DAWSON,7151 NAVAJO RD APT 5105,,SAN DIEGO,CA,92119-4615
Aero Auto Repair San Carlos,TEK,3028,15844468,1025,101,03,,STEPHAN,FALLETTA,7455 RONDEL CT,,SAN DIEGO,CA,92119-1532
Aero Auto Repair San Carlos,TEK,3028,15843502,1025,101,3,,CAROLYN,SHAW,2934 ELM TREE CT,,SPRING VALLEY,CA,91978-1964
Aero Auto Repair San Carlos,TEK,3028,15836775,1025,101,3,,DAVE,SMITH,9434 CHESAPEAKE DR STE 1201,,SAN DIEGO,CA,92123-1390
Aero Auto Repair San Carlos,TEK,3028,15837756,1025,101,3,,KEVIN,BLAKE,8549 VERLANE DR,,SAN DIEGO,CA,92119-2015
Aero Auto Repair San Carlos,TEK,3028,15842409,1025,101,3,,JORGE,ESPINO,509 SACRAMENTO AVE,,SPRING VALLEY,CA,91977-5941
Aero Auto Repair San Carlos,TEK,3028,15843947,1025,101,3,,JUDY,GERALDI,8913 ALLBILL WAY,,SAN DIEGO,CA,92119-2107
Aero Auto Repair San Carlos,TEK,3028,15843079,1025,101,3,,Mike,Crume,6267 LAKE ARAL DR,,SAN DIEGO,CA,92119-3428
Aero Auto Repair San Carlos,TEK,3028,15836716,1025,101,3,,ANN,DICKINSON,8656 HIGHWOOD DR,,SAN DIEGO,CA,92119-1438
Aero Auto Repair San Carlos,TEK,3028,15843838,1025,101,3,,WALTER,HOTALING,6420 RICHARD ST,,SAN DIEGO,CA,92115-1539
Aero Auto Repair San Carlos,TEK,3028,15842393,1025,101,3,,URSULA,WESTON,347 COTTONPATCH WAY,,EL CAJON,CA,92020-2915
Aero Auto Repair San Carlos,TEK,3028,15840443,1025,101,3,,Alfred,Burstein,8360 SUNTREE PL,,SAN DIEGO,CA,92119-1352
Aero Auto Repair San Carlos,TEK,3028,15837191,1025,101,3,,PATRICK,TROVATO,6779 TUXEDO RD,,SAN DIEGO,CA,92119-1542
Aero Auto Repair San Carlos,TEK,3028,15837964,1025,101,3,,MARK,ANDERSON,6435 OAKRIDGE RD,,SAN DIEGO,CA,92120-2151
Aero Auto Repair San Carlos,TEK,3028,15838998,1025,101,3,,DON,BOGOTAY,7199 CROWLEY CT,,SAN DIEGO,CA,92119-1601
Aero Auto Repair San Carlos,TEK,3028,15842619,1025,101,3,,DANNY,MARTINEZ,7418 COWLES MOUNTAIN BLVD,,SAN DIEGO,CA,92119-1330
Aero Auto Repair San Carlos,TEK,3028,15842914,1025,101,03,,CORBIE,POLK,2127 SWAN ST,,SAN DIEGO,CA,92114-1415
Aero Auto Repair San Carlos,TEK,3028,15840342,1025,101,03,,CLAYTON,BOTKIN,8135 BINNEY PL,,LA MESA,CA,91942-2611
Aero Auto Repair San Carlos,TEK,3028,15844899,1025,101,3,,DAVE,KLEVEN,7644 FLAG LAKE ST,,SAN DIEGO,CA,92119-2511
Aero Auto Repair San Carlos,TEK,3028,15838695,1025,101,3,,KEVIN,FOSTER,8526 BRIAN PL,,SANTEE,CA,92071-3966
Aero Auto Repair San Carlos,TEK,3028,15840667,1025,101,3,,NORA,RENNER,7710 EL PASO ST,,LA MESA,CA,91942-4306
Aero Auto Repair San Carlos,TEK,3028,15838905,1025,101,3,,MICHAEL,BLACKWELL,8660 MISSION SAN CARLOS DR UNIT 37,,SANTEE,CA,92071-6339
Aero Auto Repair San Carlos,TEK,3028,15842972,1025,101,3,,WHITNEY,GHORAM,7174 REGNER RD,,SAN DIEGO,CA,92119-1944
Aero Auto Repair San Carlos,TEK,3028,15839451,1025,101,3,,JEFF,HARRIS,10851 LEN ST,,SANTEE,CA,92071-5034
Aero Auto Repair San Carlos,TEK,3028,15840508,1025,101,3,,Georgine,Parisi,8156 AEDAN CT,,SAN DIEGO,CA,92120-1601
Aero Auto Repair San Carlos,TEK,3028,15842420,1025,101,3,,LUIS,RODRIGUEZ,6824 HYDE PARK DR UNIT G,,SAN DIEGO,CA,92119-2295
Aero Auto Repair San Carlos,TEK,3028,15835994,1025,101,3,,KATE,SCHROEDER,6867 GOLFCREST DR APT 7,,SAN DIEGO,CA,92119-2450
Aero Auto Repair San Carlos,TEK,3028,15841301,1025,101,3,,HEATHER,BRANDEN,1343 HELIX VIEW DR,,EL CAJON,CA,92020-7220
Aero Auto Repair San Carlos,TEK,3028,15837983,1025,101,3,,BRIAN,MOORE,3784 33RD ST,,SAN DIEGO,CA,92104-3751
Aero Auto Repair San Carlos,TEK,3028,15839594,1025,101,3,,JULIA,BATHEN,8615 ROBLES DR UNIT G,,SAN DIEGO,CA,92119-1454
Aero Auto Repair San Carlos,TEK,3028,15840462,1025,101,3,,MATT,WILLIS,6209 BOULDER LAKE AVE,,SAN DIEGO,CA,92119-3301
Aero Auto Repair San Carlos,TEK,3028,15844783,1025,101,3,,VICTORIA,FREEMAN,8211 MEDILL AVE,,EL CAJON,CA,92021-1876
Aero Auto Repair San Carlos,TEK,3028,15836930,1025,101,3,,ACE,STIDMAN,7407 BARKER WAY,,SAN DIEGO,CA,92119-1323
Aero Auto Repair San Carlos,TEK,3028,15837321,1025,101,3,,SHERRIE,LASHLEE,8583 HIGHWOOD DR,,SAN DIEGO,CA,92119-1928
Aero Auto Repair San Carlos,TEK,3028,15840134,1025,101,3,,BOB,COLSKY,12725 ROCA GRANDE DR,,POWAY,CA,92064-5516
Aero Auto Repair San Carlos,TEK,3028,15840303,1025,101,3,,SCOTT,BILLION,9162 PARADISE PARK DR,,LAKESIDE,CA,92040-3615
Aero Auto Repair San Carlos,TEK,3028,15844431,1025,101,3,,SYLVIA,ANDERSON,5537 LONE STAR DR,,SAN DIEGO,CA,92120-1415
Aero Auto Repair San Carlos,TEK,3028,15844488,1025,101,3,,RYAN,GREMILLION,6428 JACKSON DR,,SAN DIEGO,CA,92119-3307
Aero Auto Repair San Carlos,TEK,3028,15840279,1025,101,3,,RANDY,LAWRENCE,6820 DEEP VALLEY RD,,SAN DIEGO,CA,92120-1604
Aero Auto Repair San Carlos,TEK,3028,15836383,1025,101,3,,JAN,TOBEY,23251 OLD RANCH RD,,ALPINE,CA,91901-2524
Aero Auto Repair San Carlos,TEK,3028,15838365,1025,101,3,,Judith,Barnes,8615 ROBLES DR UNIT D,,SAN DIEGO,CA,92119-1454
Aero Auto Repair San Carlos,TEK,3028,15837684,1025,101,3,,AMANDA,BONDS,6349 LAKE ARAL DR,,SAN DIEGO,CA,92119-3430
Aero Auto Repair San Carlos,TEK,3028,15844889,1025,101,3,,JEFF,HILKER,7227 NAVAJO RD UNIT 204,,SAN DIEGO,CA,92119-1639
Aero Auto Repair San Carlos,TEK,3028,15843344,1025,101,3,,ROSS,JOSE,7869 HIGHWOOD AVE,,LA MESA,CA,91941-6349
Aero Auto Repair San Carlos,TEK,3028,15844168,1025,101,3,,JENNIFER,MOHEDANO,2723 BIRDIE DR,,MUSCATINE,IA,52761-9711
Aero Auto Repair San Carlos,TEK,3028,18621714,1025,101,3,,PARILLA,HENIE,8745 LAKE MURRAY BLVD,,SAN DIEGO,CA,92119-2757
Aero Auto Repair San Carlos,TEK,3028,15839888,1025,101,3,,DONNA,MC MANUS,6469 LAKE MERE CT,,SAN DIEGO,CA,92119-2819
Aero Auto Repair San Carlos,TEK,3028,15835604,1025,101,3,,ERIC,HESTER,3811 BALSAMINA DR,,BONITA,CA,91902-1212
Aero Auto Repair San Carlos,TEK,3028,15839267,1025,101,3,,JOSEPHINE,RUSSO,2458 LITTLETON RD,,EL CAJON,CA,92020-2039
Aero Auto Repair San Carlos,TEK,3028,15843008,1025,101,3,,CHRISTOPHER,OLIVA,8633 LEMON AVE,,LA MESA,CA,91941-5376
Aero Auto Repair San Carlos,TEK,3028,19507538,1025,101,3,,Cody,Perron,6326 BALSAM LAKE AVE,,SAN DIEGO,CA,92119-3319
Aero Auto Repair San Carlos,TEK,3028,19738976,1025,101,3,,Michele,Finley,7013 COLESHILL DR,,SAN DIEGO,CA,92119-1340
Aero Auto Repair San Carlos,TEK,3028,15842434,1025,101,3,,HUNTER,LAMKE,6771 DICENZA WAY,,SAN DIEGO,CA,92119-1126
Aero Auto Repair San Carlos,TEK,3028,15843160,1025,101,3,,TOM,WADDELL,8382 MORNING MIST CT,,SAN DIEGO,CA,92119-1355
Aero Auto Repair San Carlos,TEK,3028,15843868,1025,101,3,,DEBBIE,PERKINS,8537 VERLANE DR,,SAN DIEGO,CA,92119-2015
Aero Auto Repair San Carlos,TEK,3028,15844250,1025,101,3,,WALTER,BECKFORD,140 FLORA AVE APT 148,,WALNUT CREEK,CA,94595-1242
Aero Auto Repair San Carlos,TEK,3028,20150063,1025,101,3,,Elise,Marinkovich,16186 NW RELIANCE LN,,PORTLAND,OR,97229-6997
Aero Auto Repair San Carlos,TEK,3028,20176120,1025,101,3,,Sam,Cripps,6430 LAKE ATLIN AVE,,SAN DIEGO,CA,92119-3209
Aero Auto Repair San Carlos,TEK,3028,15843562,1025,101,3,,JOE,SOBKOWIAK,8737 ROBLES DR,,SAN DIEGO,CA,92119-1429
Aero Auto Repair San Carlos,TEK,3028,18863572,1025,101,3,,Pat,Mcgegor,6777 WINDING CREEK DR,,SAN DIEGO,CA,92119-1154
Aero Auto Repair San Carlos,TEK,3028,15836310,1025,101,3,,LI,AN,8629 WARMWELL DR,,SAN DIEGO,CA,92119-1424
Aero Auto Repair San Carlos,TEK,3028,15844583,1025,101,3,,JENNIFER,KEARLEY,9429 FAIRGROVE LN UNIT 202,,SAN DIEGO,CA,92129-2638
Aero Auto Repair San Carlos,TEK,3028,20859175,1025,101,3,,William,Harris,8334 RUMSON DR,,SANTEE,CA,92071-2251
Aero Auto Repair San Carlos,TEK,3028,15840817,1025,101,3,,KATHLEEN,BLACK,3551 VIA PICANTE,,LA MESA,CA,91941-7321
Aero Auto Repair San Carlos,TEK,3028,15842412,1025,101,3,,NICK,COLO,6921 PARKWAY LN,,NAMPA,ID,83687-8931
Aero Auto Repair San Carlos,TEK,3028,18474287,1025,101,3,,Brad,Gioia,6588 JACKSON DR,,SAN DIEGO,CA,92119-3309
Aero Auto Repair San Carlos,TEK,3028,15836477,1025,101,3,,RACHEL,CARROLL,8150 BINNEY PL,,LA MESA,CA,91942-2621
Aero Auto Repair San Carlos,TEK,3028,15844105,1025,101,3,,ERIC,LALLANA,11145 AFFINITY CT UNIT 23,,SAN DIEGO,CA,92131-2741
Aero Auto Repair San Carlos,TEK,3028,19777089,1025,101,3,,Candace,Maczo,8316 LAKE BACA DR,,SAN DIEGO,CA,92119-3144
Aero Auto Repair San Carlos,TEK,3028,15837680,1025,101,3,,TODD,SOBOL,1549 HILLSBOROUGH ST,,CHULA VISTA,CA,91913-2910
Aero Auto Repair San Carlos,TEK,3028,15838535,1025,101,3,,TONY,GERALDI,8327 LAKE BACA DR,,SAN DIEGO,CA,92119-3143
Aero Auto Repair San Carlos,TEK,3028,15840010,1025,101,3,,HAYDEN,CAVE,1146 AUSTRALIA ST,,EL CAJON,CA,92020-8804
Aero Auto Repair San Carlos,TEK,3028,22034848,1025,101,3,,Kathy,Fazquez,6395 CRESTHAVEN DR,,LA MESA,CA,91942-4006
Aero Auto Repair San Carlos,TEK,3028,15841756,1025,101,3,,ANDREA,CARPENTER,8805 HIGHSMITH LN,,SAN DIEGO,CA,92119-2109
Aero Auto Repair San Carlos,TEK,3028,15843062,1025,101,3,,SHERLEY,STOCK,7737 TOMMY ST,,SAN DIEGO,CA,92119-1785
Aero Auto Repair San Carlos,TEK,3028,15840741,1025,101,3,,SHERYL,HUMPERT,1052 GLENWAY DR,,EL CAJON,CA,92020-7824
Aero Auto Repair San Carlos,TEK,3028,22212957,1025,101,3,,ANDREW,LOREI,6591 BANTAM LAKE AVE,,SAN DIEGO,CA,92119-2606
Aero Auto Repair San Carlos,TEK,3028,15840140,1025,101,3,,TRISH,LOMBARD,6706 RENKRIB AVE,,SAN DIEGO,CA,92119-1817
Aero Auto Repair San Carlos,TEK,3028,15841530,1025,101,3,,STEVE,NIOTTA,6738 BEDLOW CT,,SAN DIEGO,CA,92119-1536
Aero Auto Repair San Carlos,TEK,3028,15840097,1025,101,3,,MEGAN,DIMAGGIO,3211 GOVERNOR DR,,SAN DIEGO,CA,92122-2901
Aero Auto Repair San Carlos,TEK,3028,15842888,1025,101,03,,GAIL,KALKER,6323 ANVIL LAKE AVE,,SAN DIEGO,CA,92119-3420
Aero Auto Repair San Carlos,TEK,3028,15836174,1025,101,03,,AURELIO,PEREZ,3588 30TH ST,,SAN DIEGO,CA,92104-4143
Aero Auto Repair San Carlos,TEK,3028,15841971,1025,101,3,,DARLINE,SCHAUDER,7884 GLORIA LAKE AVE,,SAN DIEGO,CA,92119-3024
Aero Auto Repair San Carlos,TEK,3028,23346590,1025,101,3,,Andrea,Jarvis,6265 LAKE ARROWHEAD DR,,SAN DIEGO,CA,92119-3508
Aero Auto Repair San Carlos,TEK,3028,15844676,1025,101,3,,STEVE,GEITZ,8720 HIGHWOOD DR,,SAN DIEGO,CA,92119-1413
Aero Auto Repair San Carlos,TEK,3028,22927471,1025,101,3,,Lori,Ryan,8741 MULVANEY DR,,SAN DIEGO,CA,92119-2121
Aero Auto Repair San Carlos,TEK,3028,15837247,1025,101,03,,MATT,PALLARDY,156 GREENSHIRE CT,,O FALLON,MO,63368-8356
Aero Auto Repair San Carlos,TEK,3028,15842531,1025,101,3,,MICHAEL,SAWYER,8343 SAN CARLOS DR,,SAN DIEGO,CA,92119-2637
Aero Auto Repair San Carlos,TEK,3028,15843108,1025,101,3,,MARTIN,VILLANUEVA,490 S GEORGE WASHINGTON BLVD,,YUBA CITY,CA,95993-9154
Aero Auto Repair San Carlos,TEK,3028,15842504,1025,101,3,,ALEX,KOWALCZYK,7858 COWLES MOUNTAIN CT,,SAN DIEGO,CA,92119-2545
Aero Auto Repair San Carlos,TEK,3028,15835917,1025,101,03,,PIER,PAULO,6807 LAZY CLOUDS PT,,SAN DIEGO,CA,92120-1733
Aero Auto Repair San Carlos,TEK,3028,15836169,1025,101,3,,TINA,SOEBBING,6065 ZORA ST,,LA MESA,CA,91942-2245
Aero Auto Repair San Carlos,TEK,3028,15837097,1025,101,3,,BELINDA,STUTZ,8479 SCARF PL,,SAN DIEGO,CA,92119-1945
Aero Auto Repair San Carlos,TEK,3028,20234280,1025,101,3,,Deborah,Waggoner,7543 RAINSWEPT LN,,SAN DIEGO,CA,92119-1363
Aero Auto Repair San Carlos,TEK,3028,15842252,1025,101,3,,Joan,Hammond,8681 DENT DR,,SAN DIEGO,CA,92119-1436
Aero Auto Repair San Carlos,TEK,3028,15836650,1025,101,3,,DAVID,GOYETTE,7324 BALLINGER AVE,,SAN DIEGO,CA,92119-1316
Aero Auto Repair San Carlos,TEK,3028,15842951,1025,101,3,,MATHEW,SAMSON,10500 FLORA AZALEA CT,,SANTEE,CA,92071-5900
Aero Auto Repair San Carlos,TEK,3028,22203035,1025,101,3,,VAL,MENESES,7789 EAGLE RIDGE DR,,SAN DIEGO,CA,92119-1769
Aero Auto Repair San Carlos,TEK,3028,15840387,1025,101,03,,Michelle,Simmons,8452 HIGHWOOD DR,,SAN DIEGO,CA,92119-1927
Aero Auto Repair San Carlos,TEK,3028,15838765,1025,101,3,,DOUG,BAUMWIRT,7813 WING FLIGHT CT,,SAN DIEGO,CA,92119-1760
Aero Auto Repair San Carlos,TEK,3028,15836194,1025,101,3,,LUNA,MILLER,4870 CAPE MAY AVE,,SAN DIEGO,CA,92107-2542
Aero Auto Repair San Carlos,TEK,3028,15839024,1025,101,3,,PETER,BARRETT,6640 BLUEFIELD CT,,SAN DIEGO,CA,92120-3202
Aero Auto Repair San Carlos,TEK,3028,15842125,1025,101,03,,JON,FIATO,6206 COWLES MOUNTAIN BLVD,,SAN DIEGO,CA,92119-3329
Aero Auto Repair San Carlos,TEK,3028,15838733,1025,101,3,,ANDREW,EDWARDS,842 BROCKTON ST,,EL CAJON,CA,92020-2058
Aero Auto Repair San Carlos,TEK,3028,15842516,1025,101,3,,THOM,SMITH,6267 LORCA DR,,SAN DIEGO,CA,92115-5507
Aero Auto Repair San Carlos,TEK,3028,27841109,1025,101,03,,Jeanne,Steinman,6888 GOLFCREST DR APT 229,,SAN DIEGO,CA,92119-2401
Aero Auto Repair San Carlos,TEK,3028,15839182,1025,101,3,,KATHY,TRUBY,8866 JACKIE DR,,SAN DIEGO,CA,92119-1418
Aero Auto Repair San Carlos,TEK,3028,15842617,1025,101,3,,MIKE,GREEN,8138 HUDSON DR,,SAN DIEGO,CA,92119-1809
Aero Auto Repair San Carlos,TEK,3028,28453056,1025,101,03,,Braddy,Chung,8715 LAKE MURRAY BLVD UNIT 5,,SAN DIEGO,CA,92119-2717
Aero Auto Repair San Carlos,TEK,3028,15842459,1025,101,3,,EMILY,REED,10003 MAPLE TREE RD,,SANTEE,CA,92071-1107
Aero Auto Repair San Carlos,TEK,3028,15836743,1025,101,3,,CARL,SCHONFELD,7664 STEVENSON WAY,,SAN DIEGO,CA,92120-2229
Aero Auto Repair San Carlos,TEK,3028,25906799,1025,101,3,,Tessa,Castillo,6643 BALLINGER AVE,,SAN DIEGO,CA,92119-1822
Aero Auto Repair San Carlos,TEK,3028,16879460,1025,101,03,,Cameron,Griffin,6553 JAFFE CT APT 11,,SAN DIEGO,CA,92119-2156
Aero Auto Repair San Carlos,TEK,3028,15843756,1025,101,3,,MAZIN,TALIA,6086 CAMINO LARGO,,SAN DIEGO,CA,92120-3114
Aero Auto Repair San Carlos,TEK,3028,28907021,1025,101,03,,Martin,Maue,7664 JENNITE DR,,SAN DIEGO,CA,92119-1209
Aero Auto Repair San Carlos,TEK,3028,29652754,1025,101,03,,Matthew,Flood,5965 COWLES MOUNTAIN BLVD,,LA MESA,CA,91942-1805
Aero Auto Repair San Carlos,TEK,3028,15840715,1025,101,3,,KELLY,KO,2525 BROWN DR,,EL CAJON,CA,92020-1766
Aero Auto Repair San Carlos,TEK,3028,29995233,1025,101,03,,Isaac,acovera,6541 JAFFE CT APT 2,,SAN DIEGO,CA,92119-2147
Aero Auto Repair San Carlos,TEK,3028,15840293,1025,101,3,,JEFFERY,FISK,9432 LAVELL ST,,LA MESA,CA,91941-5642
Aero Auto Repair San Carlos,TEK,3028,15837162,1025,101,3,,MATTHEW,RHEA,6358 BADGER LAKE AVE,,SAN DIEGO,CA,92119-3317
Aero Auto Repair San Carlos,TEK,3028,26142647,1025,101,3,,Kelly,Stewart,8561 MELLMANOR DR APT 13,,LA MESA,CA,91942-3125
Aero Auto Repair San Carlos,TEK,3028,15836964,1025,101,3,,BARBARA,PERKINS,6234 ROSE LAKE AVE,,SAN DIEGO,CA,92119-3343
Aero Auto Repair San Carlos,TEK,3028,30298390,1025,101,03,,Natalie,Caldwell,6200 TWIN LAKE DR,,LA MESA,CA,91942-4315
Aero Auto Repair San Carlos,TEK,3028,30289767,1025,101,03,,Ronald,Garcia,6255 DIXIE DR,,LA MESA,CA,91942-3631
Aero Auto Repair San Carlos,TEK,3028,30293795,1025,101,03,,Destiny,Gallegos,3630 JASON AVE,,POCATELLO,ID,83204-2041
Aero Auto Repair San Carlos,TEK,3028,15835822,1025,101,3,,Laura,White,8844 VALENCIA ST,,SPRING VALLEY,CA,91977-3339
Aero Auto Repair San Carlos,TEK,3028,15836043,1025,101,3,,ELIZABETH,TAMAYO,7161 COWLES MOUNTAIN BLVD,,SAN DIEGO,CA,92119-1345
Aero Auto Repair San Carlos,TEK,3028,30321124,1025,101,03,,Leslie,Beck,4383 CANTERBURY DR,,LA MESA,CA,91941-7801
Aero Auto Repair San Carlos,TEK,3028,30601181,1025,101,03,,Mike,Donahue,10435 SIERRA VISTA AVE,,LA MESA,CA,91941-4385
Aero Auto Repair San Carlos,TEK,3028,15835569,1025,101,3,,ROSANNA,TEJA,6303 BUDLONG LAKE AVE,,SAN DIEGO,CA,92119-3320
Aero Auto Repair San Carlos,TEK,3028,15839537,1025,101,3,,GREG,MILLER,6483 DWANE AVE,,SAN DIEGO,CA,92120-3924
Aero Auto Repair San Carlos,TEK,3028,15835677,1025,101,03,,THOMAS,FARTHING,6962 RENKRIB AVE,,SAN DIEGO,CA,92119-1310
Aero Auto Repair San Carlos,TEK,3028,15836947,1025,101,3,,JIM,CLEMENTS,1553 AJAY ST,,EL CAJON,CA,92020-1301
Aero Auto Repair San Carlos,TEK,3028,15839641,1025,101,3,,JULIA,GILHAM,1038 S SUNSHINE AVE APT 18,,EL CAJON,CA,92020-7548
Aero Auto Repair San Carlos,TEK,3028,15838571,1025,101,3,,BARBARA,BROOKMAN,6378 LAKE ATHABASKA PL,,SAN DIEGO,CA,92119-3530
Aero Auto Repair San Carlos,TEK,3028,15836778,1025,101,3,,DALE,HAMILTON,6509 CASSELBERRY WAY,,SAN DIEGO,CA,92119-2922
Aero Auto Repair San Carlos,TEK,3028,15836245,1025,101,3,,PATRICIA,BEATTY,6772 JACKSON DR,,SAN DIEGO,CA,92119-3336
Aero Auto Repair San Carlos,TEK,3028,15838151,1025,101,3,,DANIEL,FITZGERALD,6928 GLENFLORA AVE,,SAN DIEGO,CA,92119-2946
Aero Auto Repair San Carlos,TEK,3028,32048065,1025,101,03,,majlinda,sejdija,334 SUNSET BLVD APT 2,,HAYWARD,CA,94541-5057
Aero Auto Repair San Carlos,TEK,3028,15841944,1025,101,3,,ZAMIRA,ABMAN,7021 BARKER WAY,,SAN DIEGO,CA,92119-1304
Aero Auto Repair San Carlos,TEK,3028,15837924,1025,101,3,,AUBREY,SALAS,7280 BARKER WAY,,SAN DIEGO,CA,92119-1320
Aero Auto Repair San Carlos,TEK,3028,32616301,1025,101,03,,Frank,Sprinkle,7181 BARKER WAY,,SAN DIEGO,CA,92119-1306
Aero Auto Repair San Carlos,TEK,3028,15835571,1025,101,3,,MARK,JARRET,6431 LAKE ATHABASKA PL,,SAN DIEGO,CA,92119-2823
Aero Auto Repair San Carlos,TEK,3028,15841016,1025,101,3,,DANIEL,VINTON,1789 JASMINE ST,,EL CAJON,CA,92021-3660
Aero Auto Repair San Carlos,TEK,3028,28903481,1025,101,03,,Daniel,Regan,7485 RONDEL CT,,SAN DIEGO,CA,92119-1532
Aero Auto Repair San Carlos,TEK,3028,33999390,1025,101,03,,Adriana,Johnson,9175 CAMPINA DR UNIT 21,,LA MESA,CA,91942-3535
Aero Auto Repair San Carlos,TEK,3028,34008228,1025,101,03,,Ruben,Zavala,763 GARFIELD AVE,,EL CAJON,CA,92020-2017
Aero Auto Repair San Carlos,TEK,3028,34000226,1025,101,03,,Lisa,Loeb,4363 CANTERBURY DR,,LA MESA,CA,91941-7801
Aero Auto Repair San Carlos,TEK,3028,15843466,1025,101,3,,RYAN,CLINE,10333 CADWELL RD,,SANTEE,CA,92071-1002
Aero Auto Repair San Carlos,TEK,3028,15837029,1025,101,03,,JOANNE,ANDERSON,12020 CALLE DE MEDIO,,EL CAJON,CA,92019-4968
Aero Auto Repair San Carlos,TEK,3028,15842438,1025,101,3,,JOHN,MOZERKA,7086 MEWALL DR,,SAN DIEGO,CA,92119-2120
Aero Auto Repair San Carlos,TEK,3028,15840022,1025,101,3,,SUMMER,GRONDONA,2378 GRAFTON ST,,EL CAJON,CA,92020-1318
Aero Auto Repair San Carlos,TEK,3028,15836508,1025,101,3,,GREGG,RUSSELL,5800 LAKE MURRAY BLVD UNIT 98,,LA MESA,CA,91942-2512
Aero Auto Repair San Carlos,TEK,3028,34672864,1025,101,03,,Jenna,Arenson,8552 RHONE RD,,SANTEE,CA,92071-4117
Aero Auto Repair San Carlos,TEK,3028,35009868,1025,101,03,,John,Schettig,6536 BELLE GLADE AVE,,SAN DIEGO,CA,92119-2906
Aero Auto Repair San Carlos,TEK,3028,35231024,1025,101,03,,Adam,Hug,6747 MONTE VERDE DR,,SAN DIEGO,CA,92119-1506
Aero Auto Repair San Carlos,TEK,3028,15844032,1025,101,03,,DANA,PERRIN,7470 RAINSWEPT LN,,SAN DIEGO,CA,92119-1359
Aero Auto Repair San Carlos,TEK,3028,34748100,1025,101,03,,Patricia,Abare,8285 TOMMY DR,,SAN DIEGO,CA,92119-1839
Aero Auto Repair San Carlos,TEK,3028,15839333,1025,101,3,,DAVID,PAUL,6366 BADGER LAKE AVE,,SAN DIEGO,CA,92119-3317
Aero Auto Repair San Carlos,TEK,3028,15836622,1025,101,3,,CHRIS,GUSTIN,7736 HIGHWOOD AVE,,LA MESA,CA,91941-6894
Aero Auto Repair San Carlos,TEK,3028,28896000,1025,101,03,,Mike,Dundovich,6787 TUXEDO RD,,SAN DIEGO,CA,92119-1542
Aero Auto Repair San Carlos,TEK,3028,15840653,1025,101,3,,DEBORAH,HENDERSON,8376 MONO LAKE DR,,SAN DIEGO,CA,92119-3108
Aero Auto Repair San Carlos,TEK,3028,15837713,1025,101,3,,BETH,WINTERS,8501 HUDSON DR,,SAN DIEGO,CA,92119-1932
Aero Auto Repair San Carlos,TEK,3028,15835954,1025,101,3,,DOUG,RANDALL,5983 MADRA AVE,,SAN DIEGO,CA,92120-3955
Aero Auto Repair San Carlos,TEK,3028,15843557,1025,101,3,,RYAN,MC ELVAIN,7632 LAKE REE AVE,,SAN DIEGO,CA,92119-3040
Aero Auto Repair San Carlos,TEK,3028,29212973,1025,101,03,,Cecilia,Ramirez,746 S ANZA ST,Unit A,EL CAJON,CA,92020-6604
Aero Auto Repair San Carlos,TEK,3028,15843338,1025,101,3,,CORBIN,SCHUPPERT,9951 KNOLLVIEW DR,,SPRING VALLEY,CA,91977-7035
Aero Auto Repair San Carlos,TEK,3028,15839639,1025,101,3,,LORI,RYAN,8741 MULVANEY DR,,SAN DIEGO,CA,92119-2121
Aero Auto Repair San Carlos,TEK,3028,15843519,1025,101,3,,STEVE,BORDEAN,6747 MAURY DR,,SAN DIEGO,CA,92119-2044
Aero Auto Repair San Carlos,TEK,3028,15841512,1025,101,03,,TERRY,GRIFFIN,6888 TOWN VIEW LN,,SAN DIEGO,CA,92120-1744
