Shop Name,Software,SID,CID,WSID,WCID,MBdayMo,TBdayMo,First,Last,Address,Address2,City,St,Zip
Aero Auto Repair San Carlos,TEK,3028,15840567,1025,101,9,,SIUFONG,EVANS,8926 HIGHWOOD DR,,SAN DIEGO,CA,92119-1426
Aero Auto Repair San Carlos,TEK,3028,15844788,1025,101,9,,MIKE,BASHORE,8030 WING SPAN DR,,SAN DIEGO,CA,92119-1775
Aero Auto Repair San Carlos,TEK,3028,15842578,1025,101,9,,GINA,BULLARD,6696 BELL BLUFF AVE,,SAN DIEGO,CA,92119-1123
Aero Auto Repair San Carlos,TEK,3028,15839185,1025,101,9,,MIKE,CORLETT,8315 TOMMY DR,,SAN DIEGO,CA,92119-1912
Aero Auto Repair San Carlos,TEK,3028,15839484,1025,101,09,,JUSTINE,POTTER,8210 ROYAL GORGE DR,,SAN DIEGO,CA,92119-1140
Aero Auto Repair San Carlos,TEK,3028,15838063,1025,101,9,,TERRY,AKERS,1429 NW ULRICH CT,,ROSEBURG,OR,97471-1901
Aero Auto Repair San Carlos,TEK,3028,15843687,1025,101,9,,RAYMOND,DAY,10392 NEW BEDFORD CT,,LAKESIDE,CA,92040-2357
Aero Auto Repair San Carlos,TEK,3028,15840848,1025,101,9,,KEVIN,TROMBLEY,4457 KAMLOOP AVE,,SAN DIEGO,CA,92117-3529
Aero Auto Repair San Carlos,TEK,3028,15842471,1025,101,9,,MARK,SILVER,39901 WILD CANARY LN,,MURRIETA,CA,92562-4674
Aero Auto Repair San Carlos,TEK,3028,15841195,1025,101,9,,KIM,STRATTON,7925 ALIDA ST,,LA MESA,CA,91942-2541
Aero Auto Repair San Carlos,TEK,3028,15837897,1025,101,9,,ERICA,HOUSH,1423 E WASHINGTON AVE APT 35,,EL CAJON,CA,92019-2541
Aero Auto Repair San Carlos,TEK,3028,15842980,1025,101,9,,COREY,MILAN,7322 MESA COLLEGE DR,,SAN DIEGO,CA,92111-4942
Aero Auto Repair San Carlos,TEK,3028,15839092,1025,101,9,,STEPHANIE,WILTGEN,9024 INVERNESS RD,,SANTEE,CA,92071-2217
Aero Auto Repair San Carlos,TEK,3028,15841798,1025,101,9,,LINY,CHIM,8041 ANZA DR,,SAN DIEGO,CA,92114-4704
Aero Auto Repair San Carlos,TEK,3028,15843071,1025,101,9,,RUSSEL,DEWOODY,2352 CHATHAM ST,,EL CAJON,CA,92020-2821
Aero Auto Repair San Carlos,TEK,3028,15835679,1025,101,9,,JAMIE,HILL,8567 DOBYNS DR,,SANTEE,CA,92071-3907
Aero Auto Repair San Carlos,TEK,3028,15842377,1025,101,9,,JULIE,DEMING,6717 BESTWOOD CT,,SAN DIEGO,CA,92119-1534
Aero Auto Repair San Carlos,TEK,3028,15840287,1025,101,9,,KIMBERLY,JOHNSON,8505 JACKIE DR,,SAN DIEGO,CA,92119-1936
Aero Auto Repair San Carlos,TEK,3028,15844824,1025,101,9,,GENNADY,SLAVIN,8341 MORNING MIST CT,,SAN DIEGO,CA,92119-1357
Aero Auto Repair San Carlos,TEK,3028,15840852,1025,101,9,,STEVEN,BURTON,6273 LAKE LOMOND DR,,SAN DIEGO,CA,92119-3029
Aero Auto Repair San Carlos,TEK,3028,15835841,1025,101,9,,SVEN,SWEATT,6804 BALLINGER AVE,,SAN DIEGO,CA,92119-1802
Aero Auto Repair San Carlos,TEK,3028,15837322,1025,101,9,,AERIEL,DALE,7415 BALLINGER AVE,,SAN DIEGO,CA,92119-1317
Aero Auto Repair San Carlos,TEK,3028,15842143,1025,101,9,,LEONARDO,MADRID,8773 WAHL ST,,SANTEE,CA,92071-3352
Aero Auto Repair San Carlos,TEK,3028,15836137,1025,101,9,,JUDY,ALVAREZ,9910 HIGHWAY 79,,DESCANSO,CA,91916-9773
Aero Auto Repair San Carlos,TEK,3028,15837121,1025,101,9,,WILLIAM,FLINT,8742 ROBLES DR,,SAN DIEGO,CA,92119-1430
Aero Auto Repair San Carlos,TEK,3028,15836421,1025,101,9,,ETHAN,BURNHAM,7756 FORRESTAL RD,,SAN DIEGO,CA,92120-2205
Aero Auto Repair San Carlos,TEK,3028,15844876,1025,101,9,,ALVIN,LOUANGRATH,6965 GOLFCREST DR,,SAN DIEGO,CA,92119-2472
Aero Auto Repair San Carlos,TEK,3028,15839784,1025,101,9,,T.J.,WESTERN,6326 COWLES MOUNTAIN BLVD,,SAN DIEGO,CA,92119-3135
Aero Auto Repair San Carlos,TEK,3028,15836531,1025,101,9,,FRANK,MORKUNAS,6186 COLLEGE AVE,,SAN DIEGO,CA,92120-3005
Aero Auto Repair San Carlos,TEK,3028,15843238,1025,101,9,,ALICE,BEASLEY,6534 BOON LAKE AVE,,SAN DIEGO,CA,92119-2614
Aero Auto Repair San Carlos,TEK,3028,15837115,1025,101,9,,THOMAS,CRAWFORD,8711 NAVAJO RD,,SAN DIEGO,CA,92119-2761
Aero Auto Repair San Carlos,TEK,3028,15836280,1025,101,9,,CONRAD,DANIELS,6768 MAURY DR,,SAN DIEGO,CA,92119-2027
Aero Auto Repair San Carlos,TEK,3028,15842537,1025,101,9,,MIKE,JACQUOT,843 GARFIELD AVE,,EL CAJON,CA,92020-2019
Aero Auto Repair San Carlos,TEK,3028,15837047,1025,101,9,,MARCELA,ALBERNI,8718 VERLANE DR,,SAN DIEGO,CA,92119-2034
Aero Auto Repair San Carlos,TEK,3028,15838519,1025,101,9,,ARDITH,FISCHEL,10726 ESMERALDAS DR,,SAN DIEGO,CA,92124-2010
Aero Auto Repair San Carlos,TEK,3028,15842592,1025,101,9,,STACEY,BEAVER,8962 IDYLLWILD LN,,SAN DIEGO,CA,92119-2111
Aero Auto Repair San Carlos,TEK,3028,15836718,1025,101,09,,MIKEY,COHEN,5974 OVERLAKE AVE,,SAN DIEGO,CA,92120-3916
Aero Auto Repair San Carlos,TEK,3028,15844241,1025,101,9,,JOHN,KELLY,8845 WHITEPORT LN,,SAN DIEGO,CA,92119-2135
Aero Auto Repair San Carlos,TEK,3028,15836980,1025,101,9,,MICHAEL,SANCHEZ,4044 TEXAS ST,,SAN DIEGO,CA,92104-2458
Aero Auto Repair San Carlos,TEK,3028,15843534,1025,101,9,,TONI,PALERMO,5440 KIOWA DR,,LA MESA,CA,91942-1311
Aero Auto Repair San Carlos,TEK,3028,15836218,1025,101,9,,TED,JONES,7535 HICKORY RIDGE LN,,FERNDALE,WA,98248-8532
Aero Auto Repair San Carlos,TEK,3028,15838598,1025,101,9,,ERMIAS,WONTAMO,7097 MEWALL DR,,SAN DIEGO,CA,92119-2119
Aero Auto Repair San Carlos,TEK,3028,15836485,1025,101,9,,HEATHER,GREENE,2305 GOLDEN AVE,,LEMON GROVE,CA,91945-3320
Aero Auto Repair San Carlos,TEK,3028,15844167,1025,101,9,,GLENN,REVERE,6746 CASSELBERRY WAY,,SAN DIEGO,CA,92119-2217
Aero Auto Repair San Carlos,TEK,3028,15843781,1025,101,9,,ALBERT,CHEN,6539 JAFFE CT APT 8,,SAN DIEGO,CA,92119-2138
Aero Auto Repair San Carlos,TEK,3028,15836700,1025,101,9,,KIMBERLEY,HUBBARD,4022 ASHFORD ST,,SAN DIEGO,CA,92111-3502
Aero Auto Repair San Carlos,TEK,3028,15840201,1025,101,9,,BRIAN,PARKER,1725 GARYWOOD ST,,EL CAJON,CA,92021-1120
Aero Auto Repair San Carlos,TEK,3028,15841873,1025,101,9,,LUIS,ESPARZA,8749 LAKE MURRAY BLVD UNIT 12,,SAN DIEGO,CA,92119-2733
Aero Auto Repair San Carlos,TEK,3028,15841070,1025,101,9,,MATHEW,DUNCAN,7501 COWLES MOUNTAIN BLVD,,SAN DIEGO,CA,92119-1331
Aero Auto Repair San Carlos,TEK,3028,15844801,1025,101,9,,DEREK,NGUYEN,6902 MISSION GORGE RD APT 4,,SAN DIEGO,CA,92120-2450
Aero Auto Repair San Carlos,TEK,3028,15840863,1025,101,9,,KRISTIN,COPELAND,8565 TOMMY DR,,SAN DIEGO,CA,92119-2009
Aero Auto Repair San Carlos,TEK,3028,15843701,1025,101,9,,CHAD,FISCHER,8859 LAKE ASHMERE DR,,SAN DIEGO,CA,92119-2817
Aero Auto Repair San Carlos,TEK,3028,15839819,1025,101,9,,CHRIS,TURNER,5534 ELGIN AVE,,SAN DIEGO,CA,92120-1839
Aero Auto Repair San Carlos,TEK,3028,15836424,1025,101,9,,KATHY,LORE,5628 ASHLAND AVE,,SAN DIEGO,CA,92120-4815
Aero Auto Repair San Carlos,TEK,3028,15836239,1025,101,9,,DOUG,WEBER,7365 RONDEL CT,,SAN DIEGO,CA,92119-1530
Aero Auto Repair San Carlos,TEK,3028,15835522,1025,101,9,,ROGER,GRIFFITHS,8717 DALLAS ST,,LA MESA,CA,91942-3202
Aero Auto Repair San Carlos,TEK,3028,15844688,1025,101,9,,DIANA,SLIEFF,7334 BALLINGER AVE,,SAN DIEGO,CA,92119-1316
Aero Auto Repair San Carlos,TEK,3028,15842411,1025,101,9,,FRANSICO,TRINIDAD,7648 TOPAZ LAKE AVE,,SAN DIEGO,CA,92119-3046
Aero Auto Repair San Carlos,TEK,3028,15836843,1025,101,9,,RAY,BELLO,1549 WHITSETT DR,,EL CAJON,CA,92020-1345
Aero Auto Repair San Carlos,TEK,3028,15840333,1025,101,9,,DORTHY,BACARTI,1598 HONEY HILL TER,,EL CAJON,CA,92020-1451
Aero Auto Repair San Carlos,TEK,3028,15837968,1025,101,09,,JACK,LEEDHAM,2483 BOYINGTON PL,,EL CAJON,CA,92020-1701
Aero Auto Repair San Carlos,TEK,3028,15844843,1025,101,9,,ANGELA,BAUER,7108 BOBHIRD DR,,SAN DIEGO,CA,92119-1404
Aero Auto Repair San Carlos,TEK,3028,15839320,1025,101,9,,DOLORES,MERIWETHER,6536 GREEN GABLES AVE,,SAN DIEGO,CA,92119-2928
Aero Auto Repair San Carlos,TEK,3028,15837346,1025,101,9,,KEVIN,DIAMOND,1031 S MOLLISON AVE UNIT B,,EL CAJON,CA,92020-7618
Aero Auto Repair San Carlos,TEK,3028,15844548,1025,101,9,,DANIEL,LAZARO,6285 LAKE ATHABASKA PL,,SAN DIEGO,CA,92119-3522
Aero Auto Repair San Carlos,TEK,3028,15836135,1025,101,9,,DENNIS,SHEA,5468 FORBES AVE,,SAN DIEGO,CA,92120-1802
Aero Auto Repair San Carlos,TEK,3028,15839680,1025,101,09,,DENISE,EVANS,9541 CECILWOOD DR,,SANTEE,CA,92071-1423
Aero Auto Repair San Carlos,TEK,3028,15840259,1025,101,9,,JERMAINE,JONES,8749 JACKIE DR,,SAN DIEGO,CA,92119-1416
Aero Auto Repair San Carlos,TEK,3028,15841439,1025,101,9,,VICTORIA,SANCHEZ,5025 COMANCHE DR,,LA MESA,CA,91942-8052
Aero Auto Repair San Carlos,TEK,3028,15839926,1025,101,9,,TOBY,TELTOE,2727 DE ANZA RD # L34,,SAN DIEGO,CA,92109-6808
Aero Auto Repair San Carlos,TEK,3028,15840890,1025,101,09,,RYAN,ELA,9731 DOMER RD,,SANTEE,CA,92071-1303
Aero Auto Repair San Carlos,TEK,3028,15842743,1025,101,9,,DONNA,KEMP,6502 E LAKE DR,,SAN DIEGO,CA,92119-2811
Aero Auto Repair San Carlos,TEK,3028,15839178,1025,101,9,,EDGAR,SAUCEDO,7923 LAKE CAYUGA DR,,SAN DIEGO,CA,92119-3138
Aero Auto Repair San Carlos,TEK,3028,15839498,1025,101,9,,MIKE,SCHROEDER,6383 CASSELBERRY WAY,,SAN DIEGO,CA,92119-2918
Aero Auto Repair San Carlos,TEK,3028,15843642,1025,101,9,,ALEX,DAYEH,10250 KEOKI ST,,SAN DIEGO,CA,92126-5145
Aero Auto Repair San Carlos,TEK,3028,15838428,1025,101,9,,MIGUEL,CATA,PO BOX 710312,,SANTEE,CA,92072-0312
Aero Auto Repair San Carlos,TEK,3028,15843264,1025,101,9,,WILLIAM,MC CULLOUGH,8030 LA MESA BLVD # 108,,LA MESA,CA,91942-0335
Aero Auto Repair San Carlos,TEK,3028,15836017,1025,101,9,,WENDY,KOZA,5520 GALA AVE,,SAN DIEGO,CA,92120-1808
Aero Auto Repair San Carlos,TEK,3028,15839966,1025,101,9,,HILARY,LACHMAN,413 EL MONTE RD,,EL CAJON,CA,92020-3023
Aero Auto Repair San Carlos,TEK,3028,15839051,1025,101,9,,MOLLY,ALFINO,6313 CABARET ST,,SAN DIEGO,CA,92120-2115
Aero Auto Repair San Carlos,TEK,3028,15843741,1025,101,9,,WENDY,KAVENEY,8479 SCARF PL,,SAN DIEGO,CA,92119-1945
Aero Auto Repair San Carlos,TEK,3028,15841422,1025,101,09,,STEVE,CARPENTER,5357 SAXON ST,,SAN DIEGO,CA,92115-1144
Aero Auto Repair San Carlos,TEK,3028,15836387,1025,101,9,,SYLVIA,SCAPARRO,2356 GRAFTON ST,,EL CAJON,CA,92020-1318
Aero Auto Repair San Carlos,TEK,3028,15838101,1025,101,9,,JESSICA,HARNED,4260 FRANCIS WAY,,LA MESA,CA,91942-5906
Aero Auto Repair San Carlos,TEK,3028,15839774,1025,101,9,,DAN,OWEN,5990 ELDERGARDENS ST,,SAN DIEGO,CA,92120-3710
Aero Auto Repair San Carlos,TEK,3028,15840520,1025,101,9,,LEN,JARMUSCH,2675 FLETCHER PKWY,,EL CAJON,CA,92020-2178
Aero Auto Repair San Carlos,TEK,3028,15843460,1025,101,9,,DOMINIC,SANDS,8160 LAIRD ST,,LA MESA,CA,91942-2603
Aero Auto Repair San Carlos,TEK,3028,15844500,1025,101,9,,MOHAMAD,NOORISTANI,6774 MINERAL DR,,SAN DIEGO,CA,92119-1814
Aero Auto Repair San Carlos,TEK,3028,15835947,1025,101,9,,KATIE,PAVIS,6455 LAKE ADLON CT,,SAN DIEGO,CA,92119-2516
Aero Auto Repair San Carlos,TEK,3028,15844172,1025,101,9,,MELODY,SADLER,9308 WESTHILL LN,,LAKESIDE,CA,92040-3633
Aero Auto Repair San Carlos,TEK,3028,15843818,1025,101,9,,JEREMY,FERRIGNO,8010 WINTER GARDENS BLVD,,EL CAJON,CA,92021-1461
Aero Auto Repair San Carlos,TEK,3028,15837389,1025,101,9,,DAN,FAUSSET,7071 BOBHIRD DR,,SAN DIEGO,CA,92119-1439
Aero Auto Repair San Carlos,TEK,3028,15841388,1025,101,9,,MELISSA,WILSON,5906 LAKE MURRAY BLVD,,LA MESA,CA,91942-2509
Aero Auto Repair San Carlos,TEK,3028,15835582,1025,101,9,,LINDA,MASLIAH,5715 BALTIMORE DR,,LA MESA,CA,91942-1690
Aero Auto Repair San Carlos,TEK,3028,15841327,1025,101,9,,CAROL,SCHMIDT,6185 COWLES MOUNTAIN BLVD,,LA MESA,CA,91942-1809
Aero Auto Repair San Carlos,TEK,3028,15835673,1025,101,09,,JEFF,SANDERS,8663 TOMMY DR,,SAN DIEGO,CA,92119-2011
Aero Auto Repair San Carlos,TEK,3028,15843406,1025,101,9,,TISH,GONSALVES,6626 DEL CERRO BLVD,,SAN DIEGO,CA,92120-4817
Aero Auto Repair San Carlos,TEK,3028,15840297,1025,101,9,,JASMINE,WHITE,9219 LAKE MURRAY BLVD UNIT A,,SAN DIEGO,CA,92119-1459
Aero Auto Repair San Carlos,TEK,3028,15840330,1025,101,09,,SKYLER,FOSTER,6247 EMERALD LAKE AVE,,SAN DIEGO,CA,92119-3332
Aero Auto Repair San Carlos,TEK,3028,15835555,1025,101,9,,PAT,MATTACHIONNE,6845 HARVALA ST,,SAN DIEGO,CA,92115-6846
Aero Auto Repair San Carlos,TEK,3028,15838467,1025,101,9,,STEVE,IRWIN,761 PLOWSON RD,,MOUNT JULIET,TN,37122-0609
Aero Auto Repair San Carlos,TEK,3028,15842686,1025,101,9,,SANDY,SANGIORGIO,7220 PARK RIDGE BLVD APT 104,,SAN DIEGO,CA,92120-2241
Aero Auto Repair San Carlos,TEK,3028,15839563,1025,101,9,,MONICA,WIGGINS,8718 WALKDEN LN,,SAN DIEGO,CA,92119-2036
Aero Auto Repair San Carlos,TEK,3028,15839924,1025,101,9,,RENEE,TEEMS,6653 MAURY DR,,SAN DIEGO,CA,92119-2025
Aero Auto Repair San Carlos,TEK,3028,15837729,1025,101,9,,EDSLE,MAGANA,5333 BALTIMORE DR APT 100,,LA MESA,CA,91942-2096
Aero Auto Repair San Carlos,TEK,3028,15844351,1025,101,09,,MELANIE,SIMPKINS,8765 LAKE MURRAY BLVD UNIT 11,,SAN DIEGO,CA,92119-2710
Aero Auto Repair San Carlos,TEK,3028,15835429,1025,101,9,,CHARLES,COLB,492 ROSALIE WAY,,EL CAJON,CA,92019-1451
Aero Auto Repair San Carlos,TEK,3028,15837082,1025,101,9,,JAROD,HOWARD,1187 TANGERINE ST,,EL CAJON,CA,92021-5010
Aero Auto Repair San Carlos,TEK,3028,15843435,1025,101,09,,ROBERT,WOODRUFF,8450 JUNE LAKE DR,,SAN DIEGO,CA,92119-3104
Aero Auto Repair San Carlos,TEK,3028,15838538,1025,101,9,,SCOTT,LYONS,8510 HIGHWOOD DR,,SAN DIEGO,CA,92119-1929
Aero Auto Repair San Carlos,TEK,3028,15844741,1025,101,9,,BRANDON,WALKER,4515 EDGEWARE RD,,SAN DIEGO,CA,92116-4724
Aero Auto Repair San Carlos,TEK,3028,15836437,1025,101,9,,KARLA,HALVORSON,6904 BALLINGER AVE,,SAN DIEGO,CA,92119-1335
Aero Auto Repair San Carlos,TEK,3028,15839524,1025,101,9,,CHARLES,SULLIVAN,9175 SOUTHERN RD,,LA MESA,CA,91942-3609
Aero Auto Repair San Carlos,TEK,3028,15844795,1025,101,9,,CONNIE,BELLATTI,6737 OAKRIDGE RD APT 205,,SAN DIEGO,CA,92120-2168
Aero Auto Repair San Carlos,TEK,3028,15835944,1025,101,9,,ANDREA,TOFTE,8671 LAKE MURRAY BLVD UNIT 2,,SAN DIEGO,CA,92119-2836
Aero Auto Repair San Carlos,TEK,3028,15841730,1025,101,9,,BETH,DOMBROSE,8515 CHLOE AVE,,LA MESA,CA,91942-2809
Aero Auto Repair San Carlos,TEK,3028,15842281,1025,101,9,,JOHN,BELOTE,7138 BOBHIRD DR,,SAN DIEGO,CA,92119-1404
Aero Auto Repair San Carlos,TEK,3028,15838677,1025,101,9,,DAVID,BURDETTE,6970 REGNER RD,,SAN DIEGO,CA,92119-1949
Aero Auto Repair San Carlos,TEK,3028,15841927,1025,101,9,,AHMED,KEMAL,9361 LEMON AVE,,LA MESA,CA,91941-4415
Aero Auto Repair San Carlos,TEK,3028,15836462,1025,101,9,,LORI,HAMMOND,1650 8TH AVE,,SAN DIEGO,CA,92101-2872
Aero Auto Repair San Carlos,TEK,3028,15844423,1025,101,9,,CATHY,WINNIE,2952 ELM TREE CT,,SPRING VALLEY,CA,91978-1964
Aero Auto Repair San Carlos,TEK,3028,15843243,1025,101,9,,MARVIN,HIATT,8818 TOMMY CT,,SAN DIEGO,CA,92119-2130
Aero Auto Repair San Carlos,TEK,3028,15836583,1025,101,9,,MATT,MASCARI,8030 LA MESA BLVD,,LA MESA,CA,91942-0335
Aero Auto Repair San Carlos,TEK,3028,15838389,1025,101,9,,LISA,BLOCKSOM,10479 CHASE CREEK LN,,LAKESIDE,CA,92040-1649
Aero Auto Repair San Carlos,TEK,3028,15835995,1025,101,9,,SEAN,CUMMINGS,8295 TOMMY DR,,SAN DIEGO,CA,92119-1839
Aero Auto Repair San Carlos,TEK,3028,15836376,1025,101,9,,DAN,FALLETTA,4598 68TH ST,,LA MESA,CA,91942-5839
Aero Auto Repair San Carlos,TEK,3028,15838496,1025,101,9,,MARK,DAGGETT,5245 GUESSMAN AVE,,LA MESA,CA,91942-1511
Aero Auto Repair San Carlos,TEK,3028,15837947,1025,101,9,,MICHAEL,FERRIGNO,612 N CUYAMACA ST,,EL CAJON,CA,92020-3016
Aero Auto Repair San Carlos,TEK,3028,15839674,1025,101,9,,BENNY,SUTANTO,7861 MISSION BONITA DR,,SAN DIEGO,CA,92120-1546
Aero Auto Repair San Carlos,TEK,3028,15839630,1025,101,9,,JUAN,OSEGUERA,15048 STEVENS VIS,,RAMONA,CA,92065-4401
Aero Auto Repair San Carlos,TEK,3028,15843234,1025,101,9,,ROSALYN,MC COMBS,6291 ANVIL LAKE AVE,,SAN DIEGO,CA,92119-3418
Aero Auto Repair San Carlos,TEK,3028,15841555,1025,101,9,,ROBIN,LEES,2496 VALLEY MILL RD,,EL CAJON,CA,92020-1040
Aero Auto Repair San Carlos,TEK,3028,15840628,1025,101,9,,WILL,CLARK,8980 FERGUSON WAY,,SAN DIEGO,CA,92119-2108
Aero Auto Repair San Carlos,TEK,3028,15844494,1025,101,9,,LARRY,JANUARY,7886 FORRESTAL RD,,SAN DIEGO,CA,92120-2207
Aero Auto Repair San Carlos,TEK,3028,15838744,1025,101,9,,NICHOLE,COOP,8410 LA ROUCHE DR,,SAN DIEGO,CA,92119-1907
Aero Auto Repair San Carlos,TEK,3028,15843132,1025,101,9,,JULIE,BROWN,6371 TWIN LAKE DR,,SAN DIEGO,CA,92119-2535
Aero Auto Repair San Carlos,TEK,3028,15844513,1025,101,9,,JULIE,HAZELTON,8846 JACKIE DR,,SAN DIEGO,CA,92119-1418
Aero Auto Repair San Carlos,TEK,3028,15839613,1025,101,9,,SUSAN,CLAUSEN,6228 CAPRI DR,,SAN DIEGO,CA,92120-4633
Aero Auto Repair San Carlos,TEK,3028,15835664,1025,101,9,,JAMES,BURNS,5215 LA JOLLA HERMOSA AVE,,LA JOLLA,CA,92037-8120
Aero Auto Repair San Carlos,TEK,3028,15840642,1025,101,9,,CAROLYN,GALLINGHOUSE,7305 MELOTTE ST,,SAN DIEGO,CA,92119-1614
Aero Auto Repair San Carlos,TEK,3028,15838573,1025,101,9,,DONALD,STEVENSON,12873 GLEN CIRCLE RD,,POWAY,CA,92064-2029
Aero Auto Repair San Carlos,TEK,3028,15841571,1025,101,9,,SARAH,RUEBEL,8580 RENOWN DR,,SAN DIEGO,CA,92119-2006
Aero Auto Repair San Carlos,TEK,3028,15837998,1025,101,9,,DAVID,SCHNOOR,6935 MAURY DR,,SAN DIEGO,CA,92119-2030
Aero Auto Repair San Carlos,TEK,3028,15843939,1025,101,9,,LANCE,PATTEN,7405 TURNFORD DR,,SAN DIEGO,CA,92119-1421
Aero Auto Repair San Carlos,TEK,3028,15836657,1025,101,9,,JOSHUA,HODGE,10062 VISTA PARQUE,,LAKESIDE,CA,92040-2511
Aero Auto Repair San Carlos,TEK,3028,15842000,1025,101,9,,DAVID,CAVANAUGH,3304 DEL CHARRO RD,,JAMUL,CA,91935-1909
Aero Auto Repair San Carlos,TEK,3028,15837807,1025,101,9,,AMY,VOIGHT,6888 BOULDER LAKE AVE,,SAN DIEGO,CA,92119-1904
Aero Auto Repair San Carlos,TEK,3028,15841533,1025,101,9,,TODD,LANDRESS,1831 LAWNDALE RD,,EL CAJON,CA,92019-3895
Aero Auto Repair San Carlos,TEK,3028,15844770,1025,101,9,,DENNIS,GILDEHAUS,4914 GREENBRIER AVE,,SAN DIEGO,CA,92120-1111
Aero Auto Repair San Carlos,TEK,3028,15843020,1025,101,9,,CLAUDIA,HILDRETH,7074 BALLINGER AVE,,SAN DIEGO,CA,92119-1347
Aero Auto Repair San Carlos,TEK,3028,15841536,1025,101,9,,HANS,HAMM,6451 CORAL LAKE AVE,,SAN DIEGO,CA,92119-2508
Aero Auto Repair San Carlos,TEK,3028,15841038,1025,101,9,,EARLENE,DOLBY,7737 TOMMY ST,,SAN DIEGO,CA,92119-1785
Aero Auto Repair San Carlos,TEK,3028,15837581,1025,101,9,,LUCIYA,FONTANILLA,930 FLORIDA ST,,IMPERIAL BEACH,CA,91932-2214
Aero Auto Repair San Carlos,TEK,3028,15837249,1025,101,9,,JAQUAN,PIZARRO,7230 GOLFCREST DR,,SAN DIEGO,CA,92119-1609
Aero Auto Repair San Carlos,TEK,3028,15844234,1025,101,9,,VANESSA,BRADY,7361 MISSION TRAILS DR UNIT 113,,SANTEE,CA,92071-3393
Aero Auto Repair San Carlos,TEK,3028,15840506,1025,101,9,,DARRYL,MILLER,6843 CASSELBERRY WAY,,SAN DIEGO,CA,92119-2218
Aero Auto Repair San Carlos,TEK,3028,15839216,1025,101,9,,JAMES,MACKELFRESH,6771 MAURY DR,,SAN DIEGO,CA,92119-2044
Aero Auto Repair San Carlos,TEK,3028,15838518,1025,101,9,,MARY LOU,ROBERTS,1869 WEDGEMERE RD,,EL CAJON,CA,92020-2239
Aero Auto Repair San Carlos,TEK,3028,15835448,1025,101,9,,DAVID,TRUBY,8866 JACKIE DR,,SAN DIEGO,CA,92119-1418
Aero Auto Repair San Carlos,TEK,3028,15836689,1025,101,9,,Joe,Flaherty,7197 BIRCHCREEK RD,,SAN DIEGO,CA,92119-1517
Aero Auto Repair San Carlos,TEK,3028,15893022,1025,101,9,,David,Gutff,6961 JACKSON DR,,SAN DIEGO,CA,92119-3004
Aero Auto Repair San Carlos,TEK,3028,15844740,1025,101,9,,KELLIE,HENRY,6228 VEEMAC AVE,,LA MESA,CA,91942-3644
Aero Auto Repair San Carlos,TEK,3028,15835693,1025,101,9,,CAROL,EDGIN,7560 RAINSWEPT LN,,SAN DIEGO,CA,92119-1362
Aero Auto Repair San Carlos,TEK,3028,15844497,1025,101,09,,ROBERT,WALSH,1824 PERRIN PL,,CHULA VISTA,CA,91913-4367
Aero Auto Repair San Carlos,TEK,3028,15837347,1025,101,9,,STEPHANY,MARROQUIN,6266 RUBY LAKE AVE,,SAN DIEGO,CA,92119-3344
Aero Auto Repair San Carlos,TEK,3028,16288898,1025,101,9,,Daniel,Borhanian,5844 RIDGEMOOR DR,,SAN DIEGO,CA,92120-3918
Aero Auto Repair San Carlos,TEK,3028,15838662,1025,101,9,,BRIAN,TURK,6248 CYPRESS POINT RD,,SAN DIEGO,CA,92120-3815
Aero Auto Repair San Carlos,TEK,3028,15841646,1025,101,9,,KOUROSH,BAGHERI,7855 CEDAR LAKE AVE,,SAN DIEGO,CA,92119-3020
Aero Auto Repair San Carlos,TEK,3028,15840249,1025,101,9,,BRENT,BUCCINE,4909 WICOMICO AVE,,BELTSVILLE,MD,20705-1914
Aero Auto Repair San Carlos,TEK,3028,15841390,1025,101,9,,KIM,TRACY,5810 AMAYA DR APT 12A,,LA MESA,CA,91942-4133
Aero Auto Repair San Carlos,TEK,3028,15836188,1025,101,9,,JEFF,GORGEN,6210 BROADMOOR DR,,LA MESA,CA,91942-4001
Aero Auto Repair San Carlos,TEK,3028,15842207,1025,101,9,,Christopher,Cauzza,8866 MULVANEY DR,,SAN DIEGO,CA,92119-2124
Aero Auto Repair San Carlos,TEK,3028,16713641,1025,101,9,,Joel,Adrian,415 BELHAVEN CT,,HOLLY RIDGE,NC,28445-7525
Aero Auto Repair San Carlos,TEK,3028,15836738,1025,101,9,,CHARLES,WEISS,6792 MEWALL DR,,SAN DIEGO,CA,92119-2114
Aero Auto Repair San Carlos,TEK,3028,15837487,1025,101,9,,PAM,MC INTOSH,8922 MEMIKE PL,,SAN DIEGO,CA,92119-2113
Aero Auto Repair San Carlos,TEK,3028,15836334,1025,101,9,,VANESSA,ALFARO,6827 MAURY DR,,SAN DIEGO,CA,92119-2028
Aero Auto Repair San Carlos,TEK,3028,15835525,1025,101,9,,YVONNE,SEARCY,7803 EAGLE RIDGE DR,,SAN DIEGO,CA,92119-1766
Aero Auto Repair San Carlos,TEK,3028,15842627,1025,101,9,,CHRIS,HILLIARD,2508 FRESH WATERS CT,,SPRING VALLEY,CA,91978-2009
Aero Auto Repair San Carlos,TEK,3028,15844923,1025,101,9,,STEVEN,CHU,6305 LAKE MELISSA DR,,SAN DIEGO,CA,92119-3539
Aero Auto Repair San Carlos,TEK,3028,15841678,1025,101,09,,DOUG,BARRY,7246 OCOTILLO ST,,SANTEE,CA,92071-5657
Aero Auto Repair San Carlos,TEK,3028,15841619,1025,101,9,,JENEFER,JACKSON,8653 TOMMY DR,,SAN DIEGO,CA,92119-2011
Aero Auto Repair San Carlos,TEK,3028,15840879,1025,101,9,,SUSANNA,MCGRATH,6954 MEWALL DR,,SAN DIEGO,CA,92119-2118
Aero Auto Repair San Carlos,TEK,3028,15842910,1025,101,9,,RAMON,SOSAYA,4558 TEXAS ST,,SAN DIEGO,CA,92116-2932
Aero Auto Repair San Carlos,TEK,3028,17043146,1025,101,9,,Matt,Read,6519 BISBY LAKE AVE,,SAN DIEGO,CA,92119-2625
Aero Auto Repair San Carlos,TEK,3028,15838283,1025,101,9,,NATHEN,SHENEBERGER,149 OLD HOSPITAL AREA APT A,,PENSACOLA,FL,32508-7004
Aero Auto Repair San Carlos,TEK,3028,15837089,1025,101,9,,STEVE,HIXON,7368 TUXFORD DR,,SAN DIEGO,CA,92119-1423
Aero Auto Repair San Carlos,TEK,3028,15837447,1025,101,9,,JACKSON,VENCILL,7172 RUANE ST,,SAN DIEGO,CA,92119-1211
Aero Auto Repair San Carlos,TEK,3028,15837306,1025,101,9,,KARL,SOUKUP,1343 HELIX VIEW DR,,EL CAJON,CA,92020-7220
Aero Auto Repair San Carlos,TEK,3028,15836319,1025,101,9,,RENATA,FREELAND,7597 MELOTTE ST,,SAN DIEGO,CA,92119-1231
Aero Auto Repair San Carlos,TEK,3028,15841595,1025,101,9,,GEORGE,DOUGLAS,3434 MISSION MESA WAY,,SAN DIEGO,CA,92120-1571
Aero Auto Repair San Carlos,TEK,3028,15843379,1025,101,9,,CHRIS,ANDERSON,6787 BALLINGER AVE,,SAN DIEGO,CA,92119-1824
Aero Auto Repair San Carlos,TEK,3028,15840197,1025,101,9,,HENRY,CUSTER,6960 CAMINITO PERICO,,SAN DIEGO,CA,92119-2426
Aero Auto Repair San Carlos,TEK,3028,15844667,1025,101,9,,KANEALII,GEAR,8866 MULVANEY DR,,SAN DIEGO,CA,92119-2124
Aero Auto Repair San Carlos,TEK,3028,15844633,1025,101,9,,JEFF,RABIN,5610 RAYMAR AVE,,SAN DIEGO,CA,92120-4716
Aero Auto Repair San Carlos,TEK,3028,15841915,1025,101,9,,TOM,SKIPPON,8684 JACKIE DR,,SAN DIEGO,CA,92119-1432
Aero Auto Repair San Carlos,TEK,3028,20150492,1025,101,9,,Jerett,Sigrist,6593 BRYNWOOD WAY,,SAN DIEGO,CA,92120-3807
Aero Auto Repair San Carlos,TEK,3028,15837296,1025,101,9,,SHIRLEY,HENAGAN,8653 TOMMY DR,,SAN DIEGO,CA,92119-2011
Aero Auto Repair San Carlos,TEK,3028,15844909,1025,101,9,,CHERYL,BOREN,6932 RENKRIB AVE,,SAN DIEGO,CA,92119-1310
Aero Auto Repair San Carlos,TEK,3028,15842968,1025,101,9,,JOHN,BERRY,8635 FRAZIER DR,,SAN DIEGO,CA,92119-1409
Aero Auto Repair San Carlos,TEK,3028,20853816,1025,101,9,,Ann,Barron,9459 MISSION GORGE RD,,SANTEE,CA,92071-3800
Aero Auto Repair San Carlos,TEK,3028,20773133,1025,101,9,,Don,Adams,1807 CLARE LN,,SANTEE,CA,92071-7301
Aero Auto Repair San Carlos,TEK,3028,20885539,1025,101,9,,KEIRA,RIVERA,8125 WHELAN DR,,SAN DIEGO,CA,92119-1819
Aero Auto Repair San Carlos,TEK,3028,15838526,1025,101,9,,RON,ZEICHICK,8628 MAURY CT,,SAN DIEGO,CA,92119-2024
Aero Auto Repair San Carlos,TEK,3028,15841321,1025,101,9,,BRIAN,QUIRK,7984 DEERFIELD ST,,SAN DIEGO,CA,92120-1610
Aero Auto Repair San Carlos,TEK,3028,15844687,1025,101,9,,EDWARD,LELEVIER,8386 LAKE BEN AVE,,SAN DIEGO,CA,92119-2628
Aero Auto Repair San Carlos,TEK,3028,21700729,1025,101,9,,Ingrid,Trogues,6220 LAKE ATHABASKA PL,,SAN DIEGO,CA,92119-3523
Aero Auto Repair San Carlos,TEK,3028,15842564,1025,101,9,,MAXWELL,PLUMB,8753 VERLANE DR,,SAN DIEGO,CA,92119-2033
Aero Auto Repair San Carlos,TEK,3028,22078083,1025,101,9,,EDEN,BEANE,3345 HERMAN AVE APT 1,,SAN DIEGO,CA,92104-4627
Aero Auto Repair San Carlos,TEK,3028,15836542,1025,101,9,,JOHN,AVALOS,7504 PARKWAY DR,,LA MESA,CA,91942-1792
Aero Auto Repair San Carlos,TEK,3028,22669656,1025,101,9,,Jerry,Pham,7230 BARKER WAY,,SAN DIEGO,CA,92119-1320
Aero Auto Repair San Carlos,TEK,3028,22803498,1025,101,9,,Blanca,Heredia,8703 LAKE MURRAY BLVD,,SAN DIEGO,CA,92119-2703
Aero Auto Repair San Carlos,TEK,3028,22832407,1025,101,9,,Marlen,Trent,7839 RANCHO FANITA DR,,SANTEE,CA,92071-6378
Aero Auto Repair San Carlos,TEK,3028,22840208,1025,101,9,,Shaivanjali,Sewak,7150 BOBHIRD DR,,SAN DIEGO,CA,92119-1404
Aero Auto Repair San Carlos,TEK,3028,22842167,1025,101,9,,Mary,Polan,1525 WHITSETT DR,,EL CAJON,CA,92020-1345
Aero Auto Repair San Carlos,TEK,3028,22897667,1025,101,9,,Shontay,Boxx,8654 LAKE ASHMERE DR,,SAN DIEGO,CA,92119-3275
Aero Auto Repair San Carlos,TEK,3028,15843983,1025,101,9,,RICHARD,KRUGER,8643 JACKIE DR,,SAN DIEGO,CA,92119-1414
Aero Auto Repair San Carlos,TEK,3028,15836800,1025,101,9,,JOAN,LOMBARD,6706 RENKRIB AVE,,SAN DIEGO,CA,92119-1817
Aero Auto Repair San Carlos,TEK,3028,15844186,1025,101,9,,SANDRA,HAMBLEN,6080 HOWELL DR,,LA MESA,CA,91942-3826
Aero Auto Repair San Carlos,TEK,3028,15838484,1025,101,9,,ADAM,KRAL,6035 ZORA ST,,LA MESA,CA,91942-2245
Aero Auto Repair San Carlos,TEK,3028,15841228,1025,101,9,,YANQUN,ZHOU,8629 WARMWELL DR,,SAN DIEGO,CA,92119-1424
Aero Auto Repair San Carlos,TEK,3028,15838520,1025,101,9,,ANGELA,CARTER,9273 LAKE MURRAY BLVD # 8,,SAN DIEGO,CA,92119-1458
Aero Auto Repair San Carlos,TEK,3028,15843662,1025,101,9,,MICHAEL,LAZARUS,8515 CHLOE AVE APT 143,,LA MESA,CA,91942-2862
Aero Auto Repair San Carlos,TEK,3028,15842842,1025,101,9,,DEBBIE,KEARNEY,5915 POPPY ST,,LA MESA,CA,91942-4103
Aero Auto Repair San Carlos,TEK,3028,15844438,1025,101,9,,MARK,PRESSNALL,8424 ACUFF DR,,SAN DIEGO,CA,92119-1351
Aero Auto Repair San Carlos,TEK,3028,15836094,1025,101,9,,NICK,PALLARDY,8908 BOSTON AVE,,SAINT LOUIS,MO,63121-3928
Aero Auto Repair San Carlos,TEK,3028,24157750,1025,101,9,,Mike,Radovich,1125 HACIENDA DR,,EL CAJON,CA,92020-1719
Aero Auto Repair San Carlos,TEK,3028,22932468,1025,101,9,,Mike,Kramer,6282 LAKE ATLIN AVE,,SAN DIEGO,CA,92119-3529
Aero Auto Repair San Carlos,TEK,3028,24408317,1025,101,9,,Jim,Bodack,295 SOUTHERN RD,,EL CAJON,CA,92020-2742
Aero Auto Repair San Carlos,TEK,3028,24417420,1025,101,09,,James,Whitlaw,8306 LAKE BACA DR,,SAN DIEGO,CA,92119-3144
Aero Auto Repair San Carlos,TEK,3028,22901154,1025,101,9,,Ramy,Judeh,8798 LAKE ASHMERE DR,,SAN DIEGO,CA,92119-2822
Aero Auto Repair San Carlos,TEK,3028,15881021,1025,101,9,,Schuyler,Kilbride,2663 CHATHAM ST,92020,EL CAJON,CA,92020-2711
Aero Auto Repair San Carlos,TEK,3028,15842379,1025,101,9,,MARIANNE,SMITH,6232 SPRUCE LAKE AVE,,SAN DIEGO,CA,92119-3346
Aero Auto Repair San Carlos,TEK,3028,17302387,1025,101,9,,Ada,Ayala,6981 BARKER WAY,,SAN DIEGO,CA,92119-1302
Aero Auto Repair San Carlos,TEK,3028,15844763,1025,101,9,,DEVAN,COPPESS,7735 LARCHWOOD WAY,,SAN DIEGO,CA,92120-1514
Aero Auto Repair San Carlos,TEK,3028,17283582,1025,101,9,,Dominic,Piscopo,6281 LAKE ARAL DR,,SAN DIEGO,CA,92119-3428
Aero Auto Repair San Carlos,TEK,3028,27303669,1025,101,09,,Indiana,Sabin,8609 LAKE MURRAY BLVD UNIT 9,,SAN DIEGO,CA,92119-2841
Aero Auto Repair San Carlos,TEK,3028,23869753,1025,101,9,,Amondo,Malvar,6451 LAKE APOPKA PL,,SAN DIEGO,CA,92119-2814
Aero Auto Repair San Carlos,TEK,3028,15842364,1025,101,9,,BRIAN,DICKEY,8143 SAN CARLOS DR,,SAN DIEGO,CA,92119-2618
Aero Auto Repair San Carlos,TEK,3028,27548426,1025,101,09,,Brenda,Brooke,6816 LAZY CLOUDS PT,,SAN DIEGO,CA,92120-1733
Aero Auto Repair San Carlos,TEK,3028,15838019,1025,101,9,,JEFF,HASLETT,9219 LAKE MURRAY BLVD,,SAN DIEGO,CA,92119-1459
Aero Auto Repair San Carlos,TEK,3028,15843813,1025,101,09,,SUSIE,SEO,6478 CIBOLA RD,,SAN DIEGO,CA,92120-2126
Aero Auto Repair San Carlos,TEK,3028,27620022,1025,101,09,,Robert,Tarantino,7423 STONEVIEW CT,,SAN DIEGO,CA,92119-1212
Aero Auto Repair San Carlos,TEK,3028,26189884,1025,101,9,,Brian,Fung,7383 MELOTTE ST,,SAN DIEGO,CA,92119-1614
Aero Auto Repair San Carlos,TEK,3028,27604113,1025,101,09,,Melissa,Gates,8548 RENOWN DR,,SAN DIEGO,CA,92119-2006
Aero Auto Repair San Carlos,TEK,3028,15843589,1025,101,9,,JIM,BLUST,7047 GAIN DR,,SAN DIEGO,CA,92119-1922
Aero Auto Repair San Carlos,TEK,3028,15840399,1025,101,9,,JOAN,STEPHEN,2362 NEEDHAM RD,,EL CAJON,CA,92020-2097
Aero Auto Repair San Carlos,TEK,3028,15839513,1025,101,9,,JENNIFER,SAEGERT,7869 LAKE TAHOE AVE,,SAN DIEGO,CA,92119-2538
Aero Auto Repair San Carlos,TEK,3028,15843957,1025,101,9,,DICK,ZNAMIROWSKI,6902 RENKRIB AVE,,SAN DIEGO,CA,92119-1310
Aero Auto Repair San Carlos,TEK,3028,15836114,1025,101,9,,LAURA,WILLIAMS,8844 WHITEPORT LN,,SAN DIEGO,CA,92119-2135
Aero Auto Repair San Carlos,TEK,3028,28925824,1025,101,09,,Patricia,Burns,7747 TOMMY ST APT 14,,SAN DIEGO,CA,92119-1736
Aero Auto Repair San Carlos,TEK,3028,15844625,1025,101,9,,JAVIER,MORALES,9828 HALBERNS BLVD,,SANTEE,CA,92071-1435
Aero Auto Repair San Carlos,TEK,3028,15844136,1025,101,9,,CANDICE,ARMITAGE,8784 ROBLES WAY,,SAN DIEGO,CA,92119-2125
Aero Auto Repair San Carlos,TEK,3028,15840332,1025,101,9,,LINNEA,ROSS,8423 HARWELL DR,,SAN DIEGO,CA,92119-1924
Aero Auto Repair San Carlos,TEK,3028,16408317,1025,101,9,,Diana,Vu,8661 LAKE MURRAY BLVD UNIT 10,,SAN DIEGO,CA,92119-2838
Aero Auto Repair San Carlos,TEK,3028,15835778,1025,101,9,,STEVE,LORENTZ,6289 LAKE ARROWHEAD DR,,SAN DIEGO,CA,92119-3508
Aero Auto Repair San Carlos,TEK,3028,15842853,1025,101,9,,ANDREA,SCHNEIDER,8734 ROBLES DR,,SAN DIEGO,CA,92119-1430
Aero Auto Repair San Carlos,TEK,3028,29667759,1025,101,09,,Nathan,Brassmassery,7424 BARKER WAY,,SAN DIEGO,CA,92119-1324
Aero Auto Repair San Carlos,TEK,3028,15838472,1025,101,9,,MICHAEL,COWEN,1044 ERIN DR,,EL CAJON,CA,92020-1770
Aero Auto Repair San Carlos,TEK,3028,15836916,1025,101,9,,MARTI,KILBY,864 BROCKTON ST,,EL CAJON,CA,92020-2058
Aero Auto Repair San Carlos,TEK,3028,30157994,1025,101,09,,Vadim,Avulov,7905 TOMMY DR,,SAN DIEGO,CA,92119-1833
Aero Auto Repair San Carlos,TEK,3028,30099089,1025,101,09,,Angela,Milner,5022 67TH ST,,SAN DIEGO,CA,92115-1612
Aero Auto Repair San Carlos,TEK,3028,15835371,1025,101,9,,TRACY,NEGUS,6864 SUMMIT RIDGE WAY,,SAN DIEGO,CA,92120-1741
Aero Auto Repair San Carlos,TEK,3028,15840090,1025,101,9,,DANIEL,PATTERSON,8765 VERLANE DR,,SAN DIEGO,CA,92119-2033
Aero Auto Repair San Carlos,TEK,3028,30293093,1025,101,09,,Larry,Pierce,1533 CLIFFDALE RD,,EL CAJON,CA,92020-1407
Aero Auto Repair San Carlos,TEK,3028,30318064,1025,101,09,,Kathrine,Fortaleza,1444 TICONDEROGA CT,,BEAVERCREEK,OH,45434-6960
Aero Auto Repair San Carlos,TEK,3028,15840749,1025,101,9,,RICHARD,WINN,6263 PRIMROSE DR,,LA MESA,CA,91942-4030
Aero Auto Repair San Carlos,TEK,3028,15838336,1025,101,09,,DAWN,GAROFALO,8465 BLUE LAKE DR,,SAN DIEGO,CA,92119-3403
Aero Auto Repair San Carlos,TEK,3028,21037499,1025,101,9,,Lisa,Santa Cruz,6280 LAKE ARROWHEAD DR,,SAN DIEGO,CA,92119-3509
Aero Auto Repair San Carlos,TEK,3028,15843571,1025,101,9,,TOM,WEEKS,8339 HIGH WINDS WAY,,SAN DIEGO,CA,92120-1720
Aero Auto Repair San Carlos,TEK,3028,15839418,1025,101,9,,GINGER,SALGADO,8615 ROBLES DR UNIT B,,SAN DIEGO,CA,92119-1454
Aero Auto Repair San Carlos,TEK,3028,30639665,1025,101,09,,Roxanne,Aguilera,8469 TOMMY DR,,SAN DIEGO,CA,92119-1914
Aero Auto Repair San Carlos,TEK,3028,30644385,1025,101,09,,Francesco,Basile,4453 SHELDON DR,,LA MESA,CA,91941-7805
Aero Auto Repair San Carlos,TEK,3028,24713539,1025,101,9,,Saadia,Khan,8912 FERGUSON WAY,,SAN DIEGO,CA,92119-2108
Aero Auto Repair San Carlos,TEK,3028,31183598,1025,101,09,,Nasteha,Qalib,9409 LAKE MURRAY BLVD UNIT B,,SAN DIEGO,CA,92119-1467
Aero Auto Repair San Carlos,TEK,3028,15839715,1025,101,9,,RUSS,GRAFF,6870 TURNBRIDGE WAY,,SAN DIEGO,CA,92119-2132
Aero Auto Repair San Carlos,TEK,3028,15836670,1025,101,9,,DARCIE,MC BETH,3518 MISSION MESA WAY,,SAN DIEGO,CA,92120-1556
Aero Auto Repair San Carlos,TEK,3028,31258047,1025,101,09,,Brianna,Cooper,5945 MANON ST,,LA MESA,CA,91942-2251
Aero Auto Repair San Carlos,TEK,3028,15842774,1025,101,9,,RICK,DOREMUS,8454 JACKIE DR,,SAN DIEGO,CA,92119-1935
Aero Auto Repair San Carlos,TEK,3028,15839510,1025,101,9,,JUDITH,WADDELL,13566 SOHAIL ST,,LAKESIDE,CA,92040-4761
Aero Auto Repair San Carlos,TEK,3028,15838173,1025,101,9,,MIKE,FEDOR,6880 MAURY DR,,SAN DIEGO,CA,92119-2029
Aero Auto Repair San Carlos,TEK,3028,15838774,1025,101,9,,JEREMY,HAZEL,8066 HIGH MEADOW CT,,SAN DIEGO,CA,92119-1135
Aero Auto Repair San Carlos,TEK,3028,15843248,1025,101,9,,KIM,REIS,6783 MINERAL DR,,SAN DIEGO,CA,92119-1813
Aero Auto Repair San Carlos,TEK,3028,15841257,1025,101,9,,JEAN,CARLTON,6867 GOLFCREST DR,,SAN DIEGO,CA,92119-2440
Aero Auto Repair San Carlos,TEK,3028,15837496,1025,101,9,,ANITA,WIKANDER,8334 RIDGE ROUTE RD,,SAN DIEGO,CA,92120-1737
Aero Auto Repair San Carlos,TEK,3028,31914184,1025,101,09,,Jasmine,Janecek,6685 COWLES MOUNTAIN BLVD,,SAN DIEGO,CA,92119-1843
Aero Auto Repair San Carlos,TEK,3028,31913462,1025,101,09,,Antonio,Owens,320 TOWN CENTER PKWY UNIT 2307,,SANTEE,CA,92071-5846
Aero Auto Repair San Carlos,TEK,3028,32620669,1025,101,09,,Habibatu,Mboka,5737 COLLEGE AVE APT 22,,SAN DIEGO,CA,92120-4743
Aero Auto Repair San Carlos,TEK,3028,15838449,1025,101,9,,CATRICE,BURNETT,9348 HORTON DR,,LA MESA,CA,91942-3720
Aero Auto Repair San Carlos,TEK,3028,15839179,1025,101,9,,JACK,ZILCH,6463 LAKE MERE CT,,SAN DIEGO,CA,92119-2819
Aero Auto Repair San Carlos,TEK,3028,15837865,1025,101,9,,JASON,CUSTEAU,10411 CADWELL RD,,SANTEE,CA,92071-1069
Aero Auto Repair San Carlos,TEK,3028,32857950,1025,101,09,,Albert,Suleymanov,2550 BROWN DR,,EL CAJON,CA,92020-1767
Aero Auto Repair San Carlos,TEK,3028,15839934,1025,101,9,,ADRIAN,OLIVARES,7930 MICHELLE DR,,LA MESA,CA,91942-2532
Aero Auto Repair San Carlos,TEK,3028,21159899,1025,101,09,,Yiftach,Levy,7567 LAKE REE AVE,,SAN DIEGO,CA,92119-3037
Aero Auto Repair San Carlos,TEK,3028,15844212,1025,101,9,,JAMES,ELMORE,7920 BLUE LAKE DR,,SAN DIEGO,CA,92119-3325
Aero Auto Repair San Carlos,TEK,3028,15837651,1025,101,9,,MELINDA,SAULS,2322 WINDMILL VIEW RD,,EL CAJON,CA,92020-1358
Aero Auto Repair San Carlos,TEK,3028,15836088,1025,101,9,,ROY,BUCHER,7552 RAINSWEPT LN,,SAN DIEGO,CA,92119-1362
Aero Auto Repair San Carlos,TEK,3028,33519033,1025,101,09,,Norma,Rubio,7067 COWLES MOUNTAIN BLVD,,SAN DIEGO,CA,92119-1343
Aero Auto Repair San Carlos,TEK,3028,24694050,1025,101,09,,Greg,Gisi,6881 WALLSEY DR,,SAN DIEGO,CA,92119-2045
Aero Auto Repair San Carlos,TEK,3028,33531303,1025,101,09,,Bonnie,Demers,6701 COWLES MOUNTAIN BLVD,,SAN DIEGO,CA,92119-1828
Aero Auto Repair San Carlos,TEK,3028,15844150,1025,101,9,,Adolfo,Osuna,433 SILVERY LN,,EL CAJON,CA,92020-2224
Aero Auto Repair San Carlos,TEK,3028,15839576,1025,101,9,,BORRIS,CHEBRUCH,8727 LAKE MURRAY BLVD,,SAN DIEGO,CA,92119-2746
Aero Auto Repair San Carlos,TEK,3028,18869765,1025,101,9,,Karen,Gauthier,6369 E LAKE DR,,SAN DIEGO,CA,92119-2807
Aero Auto Repair San Carlos,TEK,3028,20269643,1025,101,9,,Robert,LLoyd,8371 BASHAN LAKE AVE,,SAN DIEGO,CA,92119-2619
Aero Auto Repair San Carlos,TEK,3028,15842212,1025,101,9,,LARISA,DUMMER,7037 WANDERMERE DR,,SAN DIEGO,CA,92119-2968
Aero Auto Repair San Carlos,TEK,3028,15840378,1025,101,9,,TODD,NEWMAN,8211 BEAVER LAKE DR,,SAN DIEGO,CA,92119-2603
Aero Auto Repair San Carlos,TEK,3028,15843151,1025,101,9,,STEVEN,STEWARD,8655 LAKE ASHMERE DR,,SAN DIEGO,CA,92119-3267
Aero Auto Repair San Carlos,TEK,3028,34679572,1025,101,09,,Gary,Hoover,6383 LAKE APOPKA PL,,SAN DIEGO,CA,92119-2812
Aero Auto Repair San Carlos,TEK,3028,15835826,1025,101,9,,TOM,TICE,8442 JACKIE DR,,SAN DIEGO,CA,92119-1935
Aero Auto Repair San Carlos,TEK,3028,15835951,1025,101,9,,GARY,PRUNTY,6785 BARDONIA ST,,SAN DIEGO,CA,92119-1804
Aero Auto Repair San Carlos,TEK,3028,34996247,1025,101,09,,Alejandro,Lopez,8769 LAKE MURRAY BLVD UNIT 3,,SAN DIEGO,CA,92119-2714
Aero Auto Repair San Carlos,TEK,3028,15840395,1025,101,9,,DAVID,RIVERA,4343 CANTERBURY DR,,LA MESA,CA,91941-7801
Aero Auto Repair San Carlos,TEK,3028,15837463,1025,101,9,,ROSIE,IBARRA,804 DE LA TOBA RD,,CHULA VISTA,CA,91911-6942
Aero Auto Repair San Carlos,TEK,3028,15835657,1025,101,9,,Tom,Fernandez,8481 JUNE LAKE DR,,SAN DIEGO,CA,92119-3103
Aero Auto Repair San Carlos,TEK,3028,34875313,1025,101,09,,Decker,Nomura,7143 NAVAJO RD APT 6302,,SAN DIEGO,CA,92119-4609
Aero Auto Repair San Carlos,TEK,3028,35341728,1025,101,09,,John,Basar,6202 AMBER LAKE AVE,,SAN DIEGO,CA,92119-3415
Aero Auto Repair San Carlos,TEK,3028,32906493,1025,101,09,,Karen,Putnam,8487 LAKE BACA DR,,SAN DIEGO,CA,92119-3145
Aero Auto Repair San Carlos,TEK,3028,15835786,1025,101,9,,ANDREA,DURRETT,2098 VALLEY LAKE DR,,EL CAJON,CA,92020-1061
Aero Auto Repair San Carlos,TEK,3028,15837869,1025,101,9,,ROSEMARY,VERBICKAS,7365 COWLES MOUNTAIN BLVD,,SAN DIEGO,CA,92119-1327
Aero Auto Repair San Carlos,TEK,3028,15841393,1025,101,9,,EDITH,STANDLER,7454 RAINSWEPT LN,,SAN DIEGO,CA,92119-1359
Aero Auto Repair San Carlos,TEK,3028,15837292,1025,101,9,,LIN,HOMAN,5641 LARAMIE WAY,,SAN DIEGO,CA,92120-1423
Aero Auto Repair San Carlos,TEK,3028,35699408,1025,101,09,,Josh,Hunter,8656 DENT DR,,SAN DIEGO,CA,92119-1435
Aero Auto Repair San Carlos,TEK,3028,15836138,1025,101,09,,LAREY,HAUFFEN,6561 LAKE ASHMERE CT,,SAN DIEGO,CA,92119-2816
Aero Auto Repair San Carlos,TEK,3028,15836021,1025,101,9,,JOHN,ENGLISH,7203 REGNER RD,,SAN DIEGO,CA,92119-1332
Aero Auto Repair San Carlos,TEK,3028,15844914,1025,101,9,,BARBARA,CUMMINGS,8450 SCARF PL,,SAN DIEGO,CA,92119-1945
Aero Auto Repair San Carlos,TEK,3028,20397560,1025,101,9,,PAUL,JOHNSTON,1926 VENTANA WAY,,EL CAJON,CA,92020-1041
Aero Auto Repair San Carlos,TEK,3028,15838411,1025,101,9,,KELLI,GODFREY,5609 AMAYA DR,,LA MESA,CA,91942-3735
Aero Auto Repair San Carlos,TEK,3028,15841749,1025,101,9,,MEGAN,WALSH,1824 PERRIN PL,,CHULA VISTA,CA,91913-4367
Aero Auto Repair San Carlos,TEK,3028,15841819,1025,101,9,,CURTIS,IPPOLITO,8046 TOMMY DR,,SAN DIEGO,CA,92119-1836
Aero Auto Repair San Carlos,TEK,3028,15844412,1025,101,9,,REED,HAHN,8948 IDYLLWILD LN,,SAN DIEGO,CA,92119-2111
Aero Auto Repair San Carlos,TEK,3028,15835717,1025,101,9,,BRAD,ROMICH,8765 LAKE MURRAY BLVD UNIT 5,,SAN DIEGO,CA,92119-2767
Aero Auto Repair San Carlos,TEK,3028,34918314,1025,101,09,,Lisa,Gusky,6230 DIXIE DR,,LA MESA,CA,91942-3628
Aero Auto Repair San Carlos,TEK,3028,15838033,1025,101,9,,JACK,MILLER,5565 HEIDI ST,,LA MESA,CA,91942-2411
Aero Auto Repair San Carlos,TEK,3028,15840145,1025,101,9,,John,Quinata,8719 JACKIE DR,,SAN DIEGO,CA,92119-1416
Aero Auto Repair San Carlos,TEK,3028,15836252,1025,101,9,,STEPHEN,CRAIG,2324 CHARLES WAY,,EL CAJON,CA,92020-2815
Aero Auto Repair San Carlos,TEK,3028,23401411,1025,101,9,,Lorne,Beerman,7300 PARKWAY DR APT 310,,LA MESA,CA,91942-1812
