Shop Name,Software,SID,CID,WSID,WCID,MBdayMo,TBdayMo,First,Last,Address,Address2,City,St,Zip
California Autohaus,TEK,3472,17677398,1026,101,3,,JAMES,CHOE,957 ALYSSUM RD,,CARLSBAD,CA,92011-3913
California Autohaus,TEK,3472,17676956,1026,101,3,,MICHAEL,MIGDOL,257 DELPHINIUM ST,,ENCINITAS,CA,92024-3304
California Autohaus,TEK,3472,17679383,1026,101,3,,KENN,GARY,2051 LEE CT,,CARLSBAD,CA,92008-2763
California Autohaus,TEK,3472,17677522,1026,101,3,,DARIAN,BREGMAN,6548 CAMINO DEL PARQUE,,CARLSBAD,CA,92011-2465
California Autohaus,TEK,3472,17677631,1026,101,3,,STACIE,DAVIS,1711 KELLINGTON PL,,ENCINITAS,CA,92024-4218
California Autohaus,TEK,3472,17677404,1026,101,3,,PATRICIA,ARELLENES,1342 DUBUQUE ST,,OCEANSIDE,CA,92058-2611
California Autohaus,TEK,3472,17673262,1026,101,3,,CHRISTEN,FLANDERS,3235 SITIO TORTUGA,,CARLSBAD,CA,92009-2007
California Autohaus,TEK,3472,17674218,1026,101,3,,KIM,BONETTI,45519 GREEN HILLS CT,,INDIO,CA,92201-0940
California Autohaus,TEK,3472,17674980,1026,101,3,,JAMES,KORDUS,PO BOX 1027,,SOLANA BEACH,CA,92075-1027
California Autohaus,TEK,3472,17675986,1026,101,3,,ERIC,ANDERSON,6012 VILLAGE CENTER LOOP RD UNIT 34,,SAN DIEGO,CA,92130-1432
California Autohaus,TEK,3472,17675697,1026,101,3,,TIFFANY,SEYLER,3262 AVENIDA DE SUENO,,CARLSBAD,CA,92009-9539
California Autohaus,TEK,3472,17676843,1026,101,3,,KEVIN,COOPER,620 PALOMA CT,,ENCINITAS,CA,92024-2384
California Autohaus,TEK,3472,17677919,1026,101,3,,MARCELLO,DUARTE,531 CAMINO DEL MAR,,DEL MAR,CA,92014-3005
California Autohaus,TEK,3472,17678924,1026,101,3,,VICTOR,MUNOZ,3618 PRADERA PL,,BONITA,CA,91902-1111
California Autohaus,TEK,3472,17677504,1026,101,3,,LESLIE,KLEIMAN,1706 CAMASSIA LN,,CARLSBAD,CA,92011-3601
California Autohaus,TEK,3472,17674062,1026,101,3,,NICHOLAS,DEBEURRE,841 WARMLANDS AVE,,VISTA,CA,92084-5341
California Autohaus,TEK,3472,17674162,1026,101,3,,ERWIN,BOER,7945 AVENIDA KIRJAH,,LA JOLLA,CA,92037-3507
California Autohaus,TEK,3472,17677328,1026,101,3,,VIRGINIA,BACALSKI,PO BOX 9452,,RANCHO SANTA FE,CA,92067-4452
California Autohaus,TEK,3472,17678473,1026,101,3,,MARGE,DIMAGGIO,2003 COSTA DEL MAR RD,,CARLSBAD,CA,92009-6800
California Autohaus,TEK,3472,17677820,1026,101,3,,JACKSON,HERZBERG,141 GRANDVIEW ST,,ENCINITAS,CA,92024-1011
California Autohaus,TEK,3472,17679582,1026,101,3,,CHAD,MCDONALD,1405 CAMARA CT,,VISTA,CA,92081-5022
California Autohaus,TEK,3472,17673327,1026,101,3,,MARTIN,YOST,PO BOX 7067,,SAN DIEGO,CA,92167-0067
California Autohaus,TEK,3472,17676307,1026,101,3,,PHIL,SHEARD,PO BOX 1838,,RANCHO SANTA FE,CA,92067-1838
California Autohaus,TEK,3472,17674532,1026,101,3,,JENNA,SILVA,1475 ISLAND AVE UNIT 2105,,SAN DIEGO,CA,92101-8242
California Autohaus,TEK,3472,17679247,1026,101,3,,STEPHEN,WILSON,1932 NORTHSTAR WAY APT 163,,SAN MARCOS,CA,92078-0945
California Autohaus,TEK,3472,17677191,1026,101,3,,CHONA,SHUMATE,2284 ESPLENDIDO AVE,,VISTA,CA,92084-7922
California Autohaus,TEK,3472,17675623,1026,101,3,,CHRIS,GRODZICKI,12750 EASTRIDGE CT,,SAN DIEGO,CA,92131-3576
California Autohaus,TEK,3472,17679660,1026,101,3,,NICOLE,CHAVEZ,847 LAGUNA DR APT C,,CARLSBAD,CA,92008-1887
California Autohaus,TEK,3472,17673854,1026,101,3,,TIM,MURRIETA,PO BOX 2745,,RANCHO SANTA FE,CA,92067-2745
California Autohaus,TEK,3472,17678252,1026,101,3,,SIMON,JOHNSON,6655 THRASHER PL,,CARLSBAD,CA,92011-2639
California Autohaus,TEK,3472,17675524,1026,101,3,,LAURI,GAVIN,3107 QUEBRADA CIR,,CARLSBAD,CA,92009-8340
California Autohaus,TEK,3472,17677233,1026,101,3,,OLE,SNYDER,280 TORREY PINES TER,,DEL MAR,CA,92014-3334
California Autohaus,TEK,3472,17677230,1026,101,03,,ANDREW,SEXTON,14598 LUNA MEDIA,,SAN DIEGO,CA,92127-3605
California Autohaus,TEK,3472,17679149,1026,101,3,,LANY,ZIKAKIS,1646 LUGANO LN,,DEL MAR,CA,92014-4126
California Autohaus,TEK,3472,17679533,1026,101,3,,MARK,FIELDEN,6804 ESTRELLA DE MAR RD,,CARLSBAD,CA,92009-5207
California Autohaus,TEK,3472,17677307,1026,101,3,,DEREK,COWLING,5622 LADYBIRD LN,,LA JOLLA,CA,92037-7722
California Autohaus,TEK,3472,17673573,1026,101,3,,CASSANDRA,GREENE,9614 VISTA DEL SOL,,SPRING VALLEY,CA,91977-1336
California Autohaus,TEK,3472,17676575,1026,101,3,,TIMOTHY,RUSSO,116 MAPLE DR,,BERLIN,MD,21811-1118
California Autohaus,TEK,3472,17675692,1026,101,3,,BRUCE,MUNGIGUERRA,1492 SCHOOLHOUSE WAY,,SAN MARCOS,CA,92078-1015
California Autohaus,TEK,3472,17676879,1026,101,3,,MICHAEL,GUBEREK,426 JOLINA WAY,,ENCINITAS,CA,92024-2403
California Autohaus,TEK,3472,17679213,1026,101,3,,LISA,MOLNAR,4722 SUN VALLEY RD,,DEL MAR,CA,92014-4223
California Autohaus,TEK,3472,17677296,1026,101,3,,DAVID,WILSON,1626 LANDQUIST DR,,ENCINITAS,CA,92024-4755
California Autohaus,TEK,3472,17676308,1026,101,3,,LAURI,WRIGLEY,2940 SANDY LN # A,,DEL MAR,CA,92014-2041
California Autohaus,TEK,3472,17678161,1026,101,3,,SEAN,HAIGHT,1345 ENCINITAS BLVD # 526,,ENCINITAS,CA,92024-2845
California Autohaus,TEK,3472,17677739,1026,101,3,,TREY,DRISCOLL,7811 EADS AVE UNIT 111,,LA JOLLA,CA,92037-4215
California Autohaus,TEK,3472,17678887,1026,101,3,,MIKE,ARMSTRONG,7126 LEEWARD ST,,CARLSBAD,CA,92011-5432
California Autohaus,TEK,3472,17676779,1026,101,3,,CHRIS,FILIPPI,105 TENOR LN,,SUMMERVILLE,SC,29486-5433
California Autohaus,TEK,3472,17674637,1026,101,3,,ERIC,NIESLEN,2175 GLASGOW AVE,,CARDIFF BY THE SEA,CA,92007-1806
California Autohaus,TEK,3472,17675044,1026,101,03,,JUSTIN,GLASSER,1482 RANCHO ENCINITAS DR,,ENCINITAS,CA,92024-7032
California Autohaus,TEK,3472,17675359,1026,101,3,,PAT,MCCARROLL,2639 LANCELOT DR,,OCEANSIDE,CA,92054-4563
California Autohaus,TEK,3472,17677951,1026,101,3,,JOHN,LEITE,3562 CAMINO ARENA,,CARLSBAD,CA,92009-9507
California Autohaus,TEK,3472,17673857,1026,101,3,,KEN,TIMMONS,815 RANCHO TRL,,RAMONA,CA,92065-7630
California Autohaus,TEK,3472,17674161,1026,101,3,,ANNE MARIE,URRUTIA,1111 QUAIL GARDENS CT,,ENCINITAS,CA,92024-2783
California Autohaus,TEK,3472,17675533,1026,101,3,,CHRIS,LAGERSON,991-C LOMAS SANTA FE DR # 234C,,SOLANA BEACH,CA,92075-2141
California Autohaus,TEK,3472,17676376,1026,101,3,,JORDAN,JACKSON,8676 HYDRA LN,,SAN DIEGO,CA,92126-1825
California Autohaus,TEK,3472,17675982,1026,101,3,,CYNTHIA,RODRIGUEZ,5268 HILLTOP DR,,SAN DIEGO,CA,92114-1032
California Autohaus,TEK,3472,17673508,1026,101,3,,DAWNETTE,ANDREWS,17073 SILVER CREST DR,,SAN DIEGO,CA,92127-2820
California Autohaus,TEK,3472,17679056,1026,101,3,,TOM,VISKANTA,515 N CEDROS AVE,,SOLANA BEACH,CA,92075-4205
California Autohaus,TEK,3472,17675036,1026,101,3,,TOM,COOKE,632 CANYON DR,,SOLANA BEACH,CA,92075-1405
California Autohaus,TEK,3472,18475386,1026,101,3,,Benjamin,Regnier,1239 CREST DR,,ENCINITAS,CA,92024-5205
California Autohaus,TEK,3472,18445893,1026,101,3,,BEN,HALDEMAN,2011 PALOMAR AIRPORT RD STE 101,,CARLSBAD,CA,92011-1431
California Autohaus,TEK,3472,17676099,1026,101,3,,GORDON,COSTA,1207 ELFIN FOREST RD E,,SAN MARCOS,CA,92078-1071
California Autohaus,TEK,3472,19291362,1026,101,3,,Paul,Reinhardt,301 CHOPIN WAY,,CARDIFF,CA,92007-2300
California Autohaus,TEK,3472,17675206,1026,101,3,,RALPH,LAIRD,14850 VISTA DEL OCEANO,,DEL MAR,CA,92014-4146
California Autohaus,TEK,3472,17677954,1026,101,3,,ANGELYN,SCARVACI,PO BOX 2488,,RANCHO SANTA FE,CA,92067-2488
California Autohaus,TEK,3472,19513521,1026,101,3,,MICHAEL,NEIDERMAN,1970 SILVERLEAF CIR UNIT 201,,CARLSBAD,CA,92009-8420
California Autohaus,TEK,3472,17679080,1026,101,3,,STEPHANIE,DIETRICH,440 LA VETA AVE,,ENCINITAS,CA,92024-2013
California Autohaus,TEK,3472,17679510,1026,101,3,,KOLBY,GIBSON,815 WOOD DR,,ENCINITAS,CA,92024-1839
California Autohaus,TEK,3472,17676484,1026,101,3,,RON,SOSNOWSKI,1013 ADELLA AVE,,CORONADO,CA,92118-2907
California Autohaus,TEK,3472,17676022,1026,101,3,,JANET,SUTRO,1155 CAMINO DEL MAR # 448,,DEL MAR,CA,92014-2605
California Autohaus,TEK,3472,17674191,1026,101,3,,VAN,CHEUNG,545 QUAIL POINTE LN,,ENCINITAS,CA,92024-2701
California Autohaus,TEK,3472,21679741,1026,101,3,,LAURA,SCHRAGER,241 PACIFIC AVE,,SOLANA BEACH,CA,92075-1145
California Autohaus,TEK,3472,17675303,1026,101,3,,SCOTT,LEBEL,1729 TARA WAY,,SAN MARCOS,CA,92078-1081
California Autohaus,TEK,3472,22032675,1026,101,03,,Armando,Pena,570 UNION ST,,ENCINITAS,CA,92024-2730
California Autohaus,TEK,3472,17673716,1026,101,3,,PETER,FOTHERINGHAM,1156 WALES PL,,CARDIFF BY THE SEA,CA,92007-1512
California Autohaus,TEK,3472,21869994,1026,101,03,,JUSTIN,RANDEL,4864 PARK DR,,CARLSBAD,CA,92008-3811
California Autohaus,TEK,3472,17679192,1026,101,3,,CHUCK,ELGHOROURY,1765 HILL TOP LN,,ENCINITAS,CA,92024-1971
California Autohaus,TEK,3472,17674783,1026,101,3,,ERIC,ABADIR,4160 VIA CANDIDIZ UNIT 199,,SAN DIEGO,CA,92130-2197
California Autohaus,TEK,3472,22812976,1026,101,3,,Parth,Chowdhuri,809 BRACERO RD,,ENCINITAS,CA,92024-3813
California Autohaus,TEK,3472,18631746,1026,101,3,,TAEDRA,KOGAN,908 CREST DR,,ENCINITAS,CA,92024-4040
California Autohaus,TEK,3472,17676233,1026,101,3,,MIKI,KELLER,652 CYPRESS HILLS DR,,ENCINITAS,CA,92024-2394
California Autohaus,TEK,3472,24702599,1026,101,3,,Kristin,Snider,2717 FLOWER FIELDS WAY,,CARLSBAD,CA,92010-8335
California Autohaus,TEK,3472,17677229,1026,101,3,,DEBBI,HOUSHAR,3452 BUMANN RD,,ENCINITAS,CA,92024-5715
California Autohaus,TEK,3472,17676901,1026,101,3,,OKSANA,NILOVA,515 N WILLOWSPRING DR,,ENCINITAS,CA,92024-1915
California Autohaus,TEK,3472,24718288,1026,101,3,,Bill,Rucker,263 CASSOU RD,,SAN MARCOS,CA,92069-9705
California Autohaus,TEK,3472,28892320,1026,101,03,,John,Paysse,7840 FARGO PL,,HANFORD,CA,93230-9426
California Autohaus,TEK,3472,17677783,1026,101,03,,MIKE,TUTROW,630 S CEDROS AVE,,SOLANA BEACH,CA,92075-1933
California Autohaus,TEK,3472,17679558,1026,101,3,,COLTON,SCHROPP,1541 MARTINGALE CT,,CARLSBAD,CA,92011-4034
California Autohaus,TEK,3472,17673267,1026,101,3,,COURTNEY,DOWNS,2342 MANCHESTER AVE,,CARDIFF BY THE SEA,CA,92007-2010
California Autohaus,TEK,3472,29184124,1026,101,03,,Jeff,Ament,641 ORPHEUS AVE,,ENCINITAS,CA,92024-2613
California Autohaus,TEK,3472,17674170,1026,101,3,,STACEY,GARCIA,6167 PASEO JAQUITA,,CARLSBAD,CA,92009-2208
California Autohaus,TEK,3472,29353986,1026,101,03,,Matt,Carragher,605 S MYERS ST UNIT 5,$5,OCEANSIDE,CA,92054-3963
California Autohaus,TEK,3472,17677972,1026,101,3,,CAREY,LAWRENCE,PO BOX 191,,RANCHO SANTA FE,CA,92067-0191
California Autohaus,TEK,3472,29996240,1026,101,03,,Mark,Carter,232 N RIOS AVE,,SOLANA BEACH,CA,92075-1240
California Autohaus,TEK,3472,30213498,1026,101,03,,Gary,Brown,7854 SITIO COCO,,CARLSBAD,CA,92009-8714
California Autohaus,TEK,3472,17677791,1026,101,3,,MARGO,JOLLEY,412 E CLIFF ST,,SOLANA BEACH,CA,92075-1336
California Autohaus,TEK,3472,30159887,1026,101,03,,Casey,Hughes,946 HERMES AVE,,ENCINITAS,CA,92024-1701
California Autohaus,TEK,3472,17678476,1026,101,03,,KATELYN,DE SPAIN,1919 VILLAGE WOOD RD,,ENCINITAS,CA,92024-3127
California Autohaus,TEK,3472,17678122,1026,101,3,,VICTORIA,KANE,1631 EDILEE DR,,CARDIFF BY THE SEA,CA,92007-1103
California Autohaus,TEK,3472,20146576,1026,101,3,,MICHAEL,MICHAIL,11363 MUSTANG RIDGE DR,,SAN DIEGO,CA,92130-6968
California Autohaus,TEK,3472,17675520,1026,101,03,,MARK,SHKOLNIK,1572 ELON LN,,ENCINITAS,CA,92024-2401
California Autohaus,TEK,3472,17679103,1026,101,3,,LYNN,WALLER,100 COAST BLVD UNIT 404,,LA JOLLA,CA,92037-4664
California Autohaus,TEK,3472,30597924,1026,101,03,,Bob,Matson,1444 PORTOFINO DR,,VISTA,CA,92081-5306
California Autohaus,TEK,3472,17679588,1026,101,3,,JESSICA,SERRANO,162 ANDREW AVE,,ENCINITAS,CA,92024-1101
California Autohaus,TEK,3472,32904840,1026,101,03,,Kyle,Van Buskirk,613 BROOKSIDE CT,,CARLSBAD,CA,92011-3263
California Autohaus,TEK,3472,17675126,1026,101,3,,DAVID,OATIS,515 OCEAN VIEW AVE,,ENCINITAS,CA,92024-2629
California Autohaus,TEK,3472,17676606,1026,101,3,,JED,WEINBERG,1115 SOLANA DR,,DEL MAR,CA,92014-3907
California Autohaus,TEK,3472,33497544,1026,101,03,,Grania,Edgar,7602 CIRCULO SEQUOIA,,CARLSBAD,CA,92009-8472
California Autohaus,TEK,3472,17673738,1026,101,3,,MATTHEW,MCCORD,1242 HERMES AVE,,ENCINITAS,CA,92024-1608
California Autohaus,TEK,3472,34126748,1026,101,03,,Winston,Smith,1970 SILVERLEAF CIR UNIT 105,,CARLSBAD,CA,92009-8418
California Autohaus,TEK,3472,30291271,1026,101,03,,Antonio,Perez,926 AVENIDA DE SAN CLEMENTE,,ENCINITAS,CA,92024-3935
California Autohaus,TEK,3472,34372521,1026,101,03,,Richard,Plat,7328 SAN BARTOLO ST,,CARLSBAD,CA,92011-4609
California Autohaus,TEK,3472,17676921,1026,101,3,,DEBBIE,BLANCHARD,1873 SIENNA CANYON DR,,ENCINITAS,CA,92024-5537
California Autohaus,TEK,3472,34995986,1026,101,03,,Samantha,Solis,358 PLEASANT WAY STE 232,,SAN MARCOS,CA,92069-1631
California Autohaus,TEK,3472,17679437,1026,101,03,,THOMAS,MERRITT,3033 PALM ST,,SAN DIEGO,CA,92104-5004
California Autohaus,TEK,3472,17674047,1026,101,3,,ROCHELLE,PUTNAM,PO BOX 675968,,RANCHO SANTA FE,CA,92067-5968
California Autohaus,TEK,3472,22932715,1026,101,3,,WILL,HICKS,3525 DEL MAR HEIGHTS RD,,SAN DIEGO,CA,92130-2199
California Autohaus,TEK,3472,17678415,1026,101,3,,CHARLES,MOORE,4233 TAOS DR,,SAN DIEGO,CA,92117-4536
California Autohaus,TEK,3472,31246369,1026,101,03,,Steven,Dietlin,2440 JEFFERSON ST,,CARLSBAD,CA,92008-1410
California Autohaus,TEK,3472,17677608,1026,101,03,,DAVID,HEES,6552 VIA ALCAZAR,,CARLSBAD,CA,92009-4548
California Autohaus,TEK,3472,17674511,1026,101,3,,NATALIE,NEWMAN,1833 OXFORD AVE,,CARDIFF BY THE SEA,CA,92007-1634
California Autohaus,TEK,3472,17678771,1026,101,3,,LEE,BROWN,12914 CARMEL CREEK RD UNIT 15,,SAN DIEGO,CA,92130-2139
California Autohaus,TEK,3472,30015566,1026,101,03,,Chris,Powers,1635 PEGASUS WAY,,SAN MARCOS,CA,92069-4204
California Autohaus,TEK,3472,17677199,1026,101,3,,STEPHEN,MARTI,852 MELBA RD,,ENCINITAS,CA,92024-3826
