Shop Name,Software,SID,CID,WSID,WCID,MBdayMo,TBdayMo,First,Last,Address,Address2,City,St,Zip
O'Bryan Auto Repair,TEK,331,1038538,1027,102,3,,Ren,Westhoff,23004 KIOWA RD,,PARSONS,KS,67357-8204
O'Bryan Auto Repair,TEK,331,1040449,1027,102,3,,STEVEN,LINDSEY,3140 CRAWFORD AVE,,PARSONS,KS,67357-2448
O'Bryan Auto Repair,TEK,331,1040474,1027,102,3,,Jack,Inglasbe,1409 N 26TH ST,,PARSONS,KS,67357-2009
O'Bryan Auto Repair,TEK,331,1040529,1027,102,3,,JERRY,SCOTT,111 N HUSTON ST,,ALTAMONT,KS,67330-9717
O'Bryan Auto Repair,TEK,331,1040523,1027,102,3,,Justin,Hopper,5857 SW 30TH ST,,EL DORADO,KS,67042-8961
O'Bryan Auto Repair,TEK,331,1040560,1027,102,3,,Lou,Nadore,18 MICHAEL DR,,PARSONS,KS,67357-5262
O'Bryan Auto Repair,TEK,331,1039134,1027,102,3,,Heather,Wilkes,1130 MORGAN AVE,,PARSONS,KS,67357-4332
O'Bryan Auto Repair,TEK,331,1040568,1027,102,3,,AARON,REHMERT,1116 85TH RD,,THAYER,KS,66776-5197
O'Bryan Auto Repair,TEK,331,1038754,1027,102,3,,Jim,Lubbers,14635 20TH RD,,PARSONS,KS,67357-7449
O'Bryan Auto Repair,TEK,331,1040626,1027,102,3,,NIYESHA,NATT,201 MCKNIGHT DR APT 112,,PARSONS,KS,67357-3552
O'Bryan Auto Repair,TEK,331,1013880,1027,102,3,,Alan,Parker,16022 US HIGHWAY 59,,ALTAMONT,KS,67330-9314
O'Bryan Auto Repair,TEK,331,836732,1027,102,3,,CHRIS,WHITAKER,21042 PRATT RD,,PARSONS,KS,67357-8456
O'Bryan Auto Repair,TEK,331,1244918,1027,102,3,,Dustin,OGLE,570 BOB WHITE LN,,BENTON,LA,71006-8697
O'Bryan Auto Repair,TEK,331,1278618,1027,102,3,,Ken,Glover,2840 NORMAN BERRY DR,,EAST POINT,GA,30344-3523
O'Bryan Auto Repair,TEK,331,1451857,1027,102,3,,Libby,Hizey,1007 FALL MEADOW LN,,BELTON,MO,64012-7829
O'Bryan Auto Repair,TEK,331,1451797,1027,102,3,,Matthew,Green,800 E 7TH ST,,ALTAMONT,KS,67330-9273
O'Bryan Auto Repair,TEK,331,1038717,1027,102,3,,Chuck,Hucke,5104 CR 5200,,CHERRYVALE,KS,67335-8898
O'Bryan Auto Repair,TEK,331,2127063,1027,102,3,,Connie,Burks,3435 GABRIEL AVE,,PARSONS,KS,67357-2127
O'Bryan Auto Repair,TEK,331,2273851,1027,102,3,,Craig,Bowen,843 E 1259 RD,,LAWRENCE,KS,66047-9201
O'Bryan Auto Repair,TEK,331,1398784,1027,102,3,,Haylee,Rutledge,1011 N WASHINGTON AVE,,CHANUTE,KS,66720-1150
O'Bryan Auto Repair,TEK,331,2550190,1027,102,3,,Darren,Wiley,23011 ELK RD,,DENNIS,KS,67341-9018
O'Bryan Auto Repair,TEK,331,2429476,1027,102,3,,Jason,Clark,PO BOX 297,,FORT WHITE,FL,32038-0297
O'Bryan Auto Repair,TEK,331,1039282,1027,102,3,,Merry,Barley,1067 4000 RD,,EDNA,KS,67342-9326
O'Bryan Auto Repair,TEK,331,2047939,1027,102,3,,Marcelo,Hernandez,14825 S LAKEWOOD AVE,,BIXBY,OK,74008-4464
O'Bryan Auto Repair,TEK,331,2836305,1027,102,3,,David,Burmingham,9425 E 39TH ST S,,DERBY,KS,67037-8309
O'Bryan Auto Repair,TEK,331,2836116,1027,102,3,,Emily,Morris,617 S 15TH ST,,PARSONS,KS,67357-4310
O'Bryan Auto Repair,TEK,331,3018295,1027,102,3,,Caitlyn,McClure,1703 LIBERTY ST,,OSWEGO,KS,67356-8784
O'Bryan Auto Repair,TEK,331,1412156,1027,102,3,,Garth,Ince,918 LINCOLN ST,,PARSONS,KS,67357-2952
O'Bryan Auto Repair,TEK,331,3135746,1027,102,3,,Steve,Schaich,111 LEWIS AVE,,PARSONS,KS,67357-8263
O'Bryan Auto Repair,TEK,331,3299714,1027,102,3,,Brad,Hand,10050 CHENIER PT,,SHREVEPORT,LA,71106-9317
O'Bryan Auto Repair,TEK,331,3302758,1027,102,03,,KIM,Thompson,900 ALICE AVE APT 26,,PARSONS,KS,67357-2181
O'Bryan Auto Repair,TEK,331,3304372,1027,102,3,,Cassandra,Fountain,2323 10000 RD,,OSWEGO,KS,67356-8731
O'Bryan Auto Repair,TEK,331,3387650,1027,102,3,,Sharol,Hall,111 N HUSTON ST,,ALTAMONT,KS,67330-9717
O'Bryan Auto Repair,TEK,331,3466286,1027,102,3,,Ryan,Bowen,108 WOODHILL RD,,CHERRYVALE,KS,67335-8534
O'Bryan Auto Repair,TEK,331,3681520,1027,102,3,,Craig,Steven,3321 N WILD THICKET CT,,WICHITA,KS,67205-1987
O'Bryan Auto Repair,TEK,331,1039212,1027,102,3,,Les,Stringer,214 N 30TH ST,,PARSONS,KS,67357-2640
O'Bryan Auto Repair,TEK,331,3746929,1027,102,3,,Jerry,Kelsey,712 S 33RD ST,,PARSONS,KS,67357-3841
O'Bryan Auto Repair,TEK,331,3743159,1027,102,3,,Sean,Frye,1001 MAIN ST APT 1,,PARSONS,KS,67357-3359
O'Bryan Auto Repair,TEK,331,3907678,1027,102,3,,Cindy,Overman,1232 S RYAN RD,,CALDWELL,KS,67022-8040
O'Bryan Auto Repair,TEK,331,3742407,1027,102,3,,Charlotte,McQuarie,706 N 29TH ST,,PARSONS,KS,67357-2354
O'Bryan Auto Repair,TEK,331,4151965,1027,102,3,,Jason,Clark,2501 CRAWFORD AVE,,PARSONS,KS,67357-2528
O'Bryan Auto Repair,TEK,331,4161037,1027,102,3,,Trenton,Banning,611 ILLINOIS ST,,OSWEGO,KS,67356-2326
O'Bryan Auto Repair,TEK,331,4166003,1027,102,3,,David,Reel,224 N 26TH ST,,PARSONS,KS,67357-2714
O'Bryan Auto Repair,TEK,331,4161338,1027,102,03,,James,Grzesik,2234 ELAND DR,,SAN ANTONIO,TX,78213-4032
O'Bryan Auto Repair,TEK,331,4448672,1027,102,3,,Micheal,Stalford,2635 CHESS AVE,,PARSONS,KS,67357-2316
O'Bryan Auto Repair,TEK,331,4550138,1027,102,03,,Chuck,Bryant,7604 BOGEY DR,,MISSION,TX,78572-8698
O'Bryan Auto Repair,TEK,331,4548896,1027,102,3,,Charity,Frazier,1810 YOUNG ST,Apt 3,CINCINNATI,OH,45202-6838
O'Bryan Auto Repair,TEK,331,4562003,1027,102,3,,Sandra,Stuart,2031 ASH AVE,,PARSONS,KS,67357-2825
O'Bryan Auto Repair,TEK,331,1039284,1027,102,03,,Dennis,Han,1211 S 30TH ST,,MC CUNE,KS,66753-4045
O'Bryan Auto Repair,TEK,331,4790509,1027,102,3,,Mary,Hake,23525 TAYLOR LN,,SAINT ROBERT,MO,65584-3347
O'Bryan Auto Repair,TEK,331,5494155,1027,102,03,,Jalyn,Kendrick,2601 PARTRIDGE AVE,,PARSONS,KS,67357-4455
O'Bryan Auto Repair,TEK,331,5924473,1027,102,3,,Carlos,Bonilla,1402 S 15TH ST,,OZARK,MO,65721-7878
O'Bryan Auto Repair,TEK,331,6001674,1027,102,3,,Fred,Strathe,2710 THORNTON AVE,,PARSONS,KS,67357-4446
O'Bryan Auto Repair,TEK,331,6055833,1027,102,3,,Brenda,Whitt,17233 SE 115TH TERRACE RD,,SUMMERFIELD,FL,34491-7828
O'Bryan Auto Repair,TEK,331,6656500,1027,102,3,,Wayne,Jones,4821 CR 5500,,CHERRYVALE,KS,67335-8561
O'Bryan Auto Repair,TEK,331,4787932,1027,102,3,,Mary,Russell,7095 ROOKS RD,,OSWEGO,KS,67356-8747
O'Bryan Auto Repair,TEK,331,7981686,1027,102,3,,David,Cosby,111 HICKORY ST,,MOUND VALLEY,KS,67354-9305
O'Bryan Auto Repair,TEK,331,7988386,1027,102,3,,Chris,Wyan,1231 CRAWFORD AVE,,PARSONS,KS,67357-3236
O'Bryan Auto Repair,TEK,331,8169902,1027,102,3,,Bryan,Todd,28006 RED OAK CT,,HUFFMAN,TX,77336-2934
O'Bryan Auto Repair,TEK,331,8649270,1027,102,3,,Greg,Nutt,1138 S 40TH ST,,MC CUNE,KS,66753-6177
O'Bryan Auto Repair,TEK,331,1039458,1027,102,3,,Jan,Showalter,12300 S PFLUMM RD APT 23103,,OLATHE,KS,66062-9670
O'Bryan Auto Repair,TEK,331,8812159,1027,102,3,,Tyler,Gordon,3600 DIRR AVE,,PARSONS,KS,67357-2240
O'Bryan Auto Repair,TEK,331,8370291,1027,102,3,,Colbie,Sanders,3610 GABRIEL AVE APT 137,,PARSONS,KS,67357-2173
O'Bryan Auto Repair,TEK,331,4426798,1027,102,3,,Miranda,Fowler,2930 WASHINGTON AVE,,PARSONS,KS,67357-2654
O'Bryan Auto Repair,TEK,331,9155712,1027,102,3,,Paul,Webber,18685 MCKINNLEY LAKE RD,,PARSONS,KS,67357-7843
O'Bryan Auto Repair,TEK,331,9226578,1027,102,3,,Julia,Beard,3322 S COTTAGE AVE,,SPRINGFIELD,MO,65807-7462
O'Bryan Auto Repair,TEK,331,9234112,1027,102,3,,Harry,Canady,1346 LAND GROVE DR,,KERNERSVILLE,NC,27284-0186
O'Bryan Auto Repair,TEK,331,8920624,1027,102,3,,Eva,Bozarth,920 COUNTRYSIDE LN,,OSWEGO,KS,67356-9465
O'Bryan Auto Repair,TEK,331,3387987,1027,102,3,,Sharon,Bentz,1329 GRAND AVE,,PARSONS,KS,67357-4256
O'Bryan Auto Repair,TEK,331,10218358,1027,102,03,,Deborah,Dowd,1100 S 13TH ST APT 118,,PARSONS,KS,67357-5164
O'Bryan Auto Repair,TEK,331,10783886,1027,102,3,,Lou,Madore,18 MICHAEL DR,,PARSONS,KS,67357-5262
O'Bryan Auto Repair,TEK,331,5927412,1027,102,3,,Sandy,Dyke,26055 ELK RD,,THAYER,KS,66776-5148
O'Bryan Auto Repair,TEK,331,4362860,1027,102,3,,Jim,Strickland,2555 22000TH RD,,MC CUNE,KS,66753-4050
O'Bryan Auto Repair,TEK,331,11230185,1027,102,3,,Wade,Jones,6256 CR 5100,,CHERRYVALE,KS,67335-8549
O'Bryan Auto Repair,TEK,331,11433214,1027,102,3,,Wayne,Goettel,679 BRUSHCREEK LN,,JOPLIN,MO,64804-8086
O'Bryan Auto Repair,TEK,331,1040583,1027,102,3,,Michelle,Wolgamott,2507 KENNEDY AVE,,PARSONS,KS,67357-2345
O'Bryan Auto Repair,TEK,331,12030118,1027,102,3,,Larry,Overman,6874 NW 70TH ST,,MC CUNE,KS,66753-9201
O'Bryan Auto Repair,TEK,331,3135116,1027,102,3,,Cheryl,Garretson,3014 ROSEWOOD AVE,,PARSONS,KS,67357-4648
O'Bryan Auto Repair,TEK,331,10011379,1027,102,3,,Isaac,Stark,116 MAIN ST,,GALESBURG,KS,66740-9197
O'Bryan Auto Repair,TEK,331,9705229,1027,102,3,,Dennis,Nevin,16270 40TH RD,,PARSONS,KS,67357-7431
O'Bryan Auto Repair,TEK,331,13718852,1027,102,3,,Keith,Meech,1897 TOMAHAWK RD,,FORT SCOTT,KS,66701-8253
O'Bryan Auto Repair,TEK,331,16156817,1027,102,3,,Leon,Steeby,24039 KIOWA RD,,PARSONS,KS,67357-8241
O'Bryan Auto Repair,TEK,331,16279857,1027,102,3,,preston,nelson,1719 GABRIEL AVE,,PARSONS,KS,67357-3032
O'Bryan Auto Repair,TEK,331,1039420,1027,102,3,,Jack,Ingalsbe,1409 N 26TH ST,,PARSONS,KS,67357-2009
O'Bryan Auto Repair,TEK,331,4425394,1027,102,3,,Frank,Vogel,1310 MUSTANG TRL,,KINGWOOD,TX,77339-3210
O'Bryan Auto Repair,TEK,331,17612376,1027,102,3,,Corie,Brown,1104 SUNSET DR,,OSWEGO,KS,67356-9347
O'Bryan Auto Repair,TEK,331,17621531,1027,102,3,,Dwayne,Cole,3030 APPLETON AVE,,PARSONS,KS,67357-3928
O'Bryan Auto Repair,TEK,331,13195969,1027,102,3,,Vicki,Morris,1946 26000 RD,,PARSONS,KS,67357-8465
O'Bryan Auto Repair,TEK,331,18624419,1027,102,3,,Patrick,Murphy,1210 180TH ST,,FORT SCOTT,KS,66701-8368
O'Bryan Auto Repair,TEK,331,1039885,1027,102,3,,Melvia,Shields,1510 PARTRIDGE AVE,,PARSONS,KS,67357-5022
O'Bryan Auto Repair,TEK,331,19287625,1027,102,3,,Cindy,Eden,12 S WILSON AVE,,CHANUTE,KS,66720-2152
O'Bryan Auto Repair,TEK,331,4364367,1027,102,3,,Hagen,Hanzlick,808 WABASH ST,,ALTAMONT,KS,67330-9252
O'Bryan Auto Repair,TEK,331,6237075,1027,102,3,,Frances,Wolgamott,2507 KENNEDY AVE,,PARSONS,KS,67357-2345
O'Bryan Auto Repair,TEK,331,20415737,1027,102,3,,Levi,Henry,10807 E KINKAID AVE,,WICHITA,KS,67207-5915
O'Bryan Auto Repair,TEK,331,3592374,1027,102,3,,Jennifer,Bin,21078 US HIGHWAY 59,,PARSONS,KS,67357-8459
O'Bryan Auto Repair,TEK,331,20858500,1027,102,03,,ken,dobrinski,126 TAYLOR RD,,INDEPENDENCE,KS,67301-1827
O'Bryan Auto Repair,TEK,331,21007716,1027,102,3,,Kaitlin,Campbell,3006 ROSEWOOD AVE,,PARSONS,KS,67357-4648
O'Bryan Auto Repair,TEK,331,1040066,1027,102,3,,Ronnie,Hickles,22062 QUEENS RD,,PARSONS,KS,67357-8470
O'Bryan Auto Repair,TEK,331,21894065,1027,102,3,,Floyd,Guinn,2779 W 8TH ST,,YUMA,AZ,85364-2621
O'Bryan Auto Repair,TEK,331,22030641,1027,102,3,,JONATHAN,BETH,420 E 6TH ST,,CHERRYVALE,KS,67335-2211
O'Bryan Auto Repair,TEK,331,22179690,1027,102,3,,Nick,Rutledge,603 S SHAWNEE ST,,SKIATOOK,OK,74070-1886
O'Bryan Auto Repair,TEK,331,22684751,1027,102,3,,Robert,Scholes,626 DOUGLAS ST,,FRONTENAC,KS,66763-4002
O'Bryan Auto Repair,TEK,331,833094,1027,102,3,,PATRICK,BLACKBURN,700 N CENTRAL AVE,,PARSONS,KS,67357-3019
O'Bryan Auto Repair,TEK,331,24401503,1027,102,03,,Kelsea,Glass,2312 BELMONT AVE,,PARSONS,KS,67357-4038
O'Bryan Auto Repair,TEK,331,25979969,1027,102,03,,Robert,Underwood,26052 UDALL RD,,PARSONS,KS,67357-8463
O'Bryan Auto Repair,TEK,331,2139531,1027,102,03,,Lance,Smith,2307 10000 RD,,OSWEGO,KS,67356-8731
O'Bryan Auto Repair,TEK,331,28451413,1027,102,03,,Harold,Westhoff,8350 XAVIER RD,,SAINT PAUL,KS,66771-3120
O'Bryan Auto Repair,TEK,331,1038924,1027,102,3,,Shelly,Craven,610 N LINCOLN ST,,ERIE,KS,66733-1016
O'Bryan Auto Repair,TEK,331,28902322,1027,102,03,,Areli,Rodriguez,322 LUCIAN LN,,SPRINGDALE,AR,72764-5004
O'Bryan Auto Repair,TEK,331,2514440,1027,102,3,,Kathy,Waddell,601 S MAIN ST,,WALNUT,KS,66780-4513
O'Bryan Auto Repair,TEK,331,29946452,1027,102,03,,Johnny,Sanchez,7400 E 32ND ST N,,WICHITA,KS,67226-1220
O'Bryan Auto Repair,TEK,331,30427302,1027,102,03,,Michelle,Edwards,17660 COUNTY ROAD 29.5,,BRUSH,CO,80723-9632
O'Bryan Auto Repair,TEK,331,24251523,1027,102,03,,JAMAURIAN,GREEN,508 S 31ST ST,,PARSONS,KS,67357-3913
O'Bryan Auto Repair,TEK,331,30632187,1027,102,03,,Bryan,Amor,404 S LOCUST ST,,PITTSBURG,KS,66762-5214
O'Bryan Auto Repair,TEK,331,13718916,1027,102,3,,Lyn,Kirk,1004 OREGON DR,,OSWEGO,KS,67356-1825
O'Bryan Auto Repair,TEK,331,31632034,1027,102,03,,Richard,Smith,580 BROOKS RD,,ERIN,TN,37061-5549
O'Bryan Auto Repair,TEK,331,22700024,1027,102,3,,Caressa,Main,1520 US HIGHWAY 59,,PARSONS,KS,67357-7401
O'Bryan Auto Repair,TEK,331,32053494,1027,102,03,,William,Webb,2000 KATY DR APT 204,,PARSONS,KS,67357-3352
O'Bryan Auto Repair,TEK,331,31433228,1027,102,03,,Dwayne,Crellin,602 W MAIN ST,,CHANUTE,KS,66720-1505
O'Bryan Auto Repair,TEK,331,32091541,1027,102,03,,James,Grandstaff,201 S DEXTER AVE,,VALLEY CENTER,KS,67147-2026
O'Bryan Auto Repair,TEK,331,1039432,1027,102,03,,Caleb,Fabrycky,100 COUNTRY CLUB LN,,PARSONS,KS,67357-9474
O'Bryan Auto Repair,TEK,331,32676306,1027,102,03,,Robert,Busman,23480 ELK RD,,CHANUTE,KS,66720-5383
O'Bryan Auto Repair,TEK,331,1039645,1027,102,03,,Darold,Coomes,14595 HIGHWAY 59,,ERIE,KS,66733-5074
O'Bryan Auto Repair,TEK,331,33168255,1027,102,03,,Christy,Gross,602 7TH ST,,MC CUNE,KS,66753-8107
O'Bryan Auto Repair,TEK,331,33167689,1027,102,03,,Danny,Martin,13509 E 655 RD,,HULBERT,OK,74441-3440
O'Bryan Auto Repair,TEK,331,33516128,1027,102,03,,Susan,Stolte,730 E 36TH ST,,BAXTER SPRINGS,KS,66713-2942
O'Bryan Auto Repair,TEK,331,33525313,1027,102,03,,Andre,Thompson,3010 ROSEWOOD AVE,,PARSONS,KS,67357-4648
O'Bryan Auto Repair,TEK,331,12797070,1027,102,3,,Brenda,Block,1035 S 20TH ST,,MC CUNE,KS,66753-6183
O'Bryan Auto Repair,TEK,331,33550399,1027,102,03,,Bernadette,Greggory,3639 MAIN ST,,PARSONS,KS,67357-3638
O'Bryan Auto Repair,TEK,331,1039802,1027,102,3,,Kathy,Wofford,509 HIDDEN LN,,PARSONS,KS,67357-8005
O'Bryan Auto Repair,TEK,331,34704873,1027,102,03,,Annette,Martin,3510 GABRIEL AVE,,PARSONS,KS,67357-2177
O'Bryan Auto Repair,TEK,331,11569962,1027,102,3,,Mike,Gulley,5633 WICHITA RD,,THAYER,KS,66776-8125
O'Bryan Auto Repair,TEK,331,21071923,1027,102,3,,Gary,Branch,7100 LOST LAKE CIR,,THAYER,KS,66776-5106
O'Bryan Auto Repair,TEK,331,35009402,1027,102,03,,Louis,Lloyd,601 E CATALPA ST,,WEIR,KS,66781-4208
O'Bryan Auto Repair,TEK,331,1040199,1027,102,3,,Rickey,Audiss,18455 WESTSIDE DR,,ERIE,KS,66733-4142
