Shop Name,Software,SID,CID,WSID,WCID,MBdayMo,TBdayMo,First,Last,Address,Address2,City,St,Zip
O'Bryan Auto Repair,TEK,331,1040434,1027,102,9,,Zachary,Carpenter,754 WILLIS RD,,DALLAS,NC,28034-8571
O'Bryan Auto Repair,TEK,331,1040447,1027,102,9,,Tyler,Sparks,117 RIVERVIEW DR,,OSWEGO,KS,67356-1023
O'Bryan Auto Repair,TEK,331,1040455,1027,102,9,,DEB,TAYLOR,1631 STEVENS AVE,,PARSONS,KS,67357-3151
O'Bryan Auto Repair,TEK,331,1040438,1027,102,9,,Jacob,Daffron,116 N 12TH ST,,FREDONIA,KS,66736-1602
O'Bryan Auto Repair,TEK,331,1040299,1027,102,9,,Emerald,Davis,2703 KIMBALL AVE,,PARSONS,KS,67357-4752
O'Bryan Auto Repair,TEK,331,1040514,1027,102,9,,SCOTT,ROSENSTILL,3124 CLARK AVE,,PARSONS,KS,67357-2436
O'Bryan Auto Repair,TEK,331,1040080,1027,102,9,,Travis,Myers,214 S 29TH ST,,PARSONS,KS,67357-2622
O'Bryan Auto Repair,TEK,331,1040596,1027,102,9,,Gina,Armstrong,14051 NESS RD,,ALTAMONT,KS,67330-9374
O'Bryan Auto Repair,TEK,331,1039962,1027,102,9,,Rick,Fosnight,1090 DEPOT ST,,THAYER,KS,66776-5080
O'Bryan Auto Repair,TEK,331,763597,1027,102,9,,ANGELA,COMER,226 N PINE ST,,HOWARD,KS,67349-9406
O'Bryan Auto Repair,TEK,331,895813,1027,102,9,,ED,SPILLBUSH,16375 40TH RD,,PARSONS,KS,67357-7428
O'Bryan Auto Repair,TEK,331,895858,1027,102,9,,ALLISON,BREWER,1419 MORGAN AVE,,PARSONS,KS,67357-4337
O'Bryan Auto Repair,TEK,331,1037972,1027,102,9,,LINDA,HAMBLETON,922 CRESCENT DR,,INDEPENDENCE,KS,67301-2335
O'Bryan Auto Repair,TEK,331,1039864,1027,102,9,,Keith,Rather,7630 220TH RD,,CHANUTE,KS,66720-6411
O'Bryan Auto Repair,TEK,331,1154355,1027,102,9,,Michael,Linthicum,1327 CHESS AVE,,PARSONS,KS,67357-3046
O'Bryan Auto Repair,TEK,331,1188525,1027,102,9,,Charles,Winkler,2101 N 21ST ST,,PARSONS,KS,67357-8092
O'Bryan Auto Repair,TEK,331,1192099,1027,102,9,,Rod,Landrum,307 PINE RIDGE RD,,PARSONS,KS,67357-8467
O'Bryan Auto Repair,TEK,331,1144066,1027,102,9,,Kayla,Timmerman,313 N 11TH ST,,INDEPENDENCE,KS,67301-3327
O'Bryan Auto Repair,TEK,331,835728,1027,102,9,,John,Fuentez,1704 GRAND AVE,,PARSONS,KS,67357-4241
O'Bryan Auto Repair,TEK,331,1376562,1027,102,9,,Jeff,Elseman,818 PELICAN LN,,COPPELL,TX,75019-5929
O'Bryan Auto Repair,TEK,331,1411738,1027,102,9,,Bob,Emery,8181 127TH ST,,BLUE GRASS,IA,52726-9391
O'Bryan Auto Repair,TEK,331,1039571,1027,102,09,,Mick,Pond,1525 N 8TH ST,,NEODESHA,KS,66757-1236
O'Bryan Auto Repair,TEK,331,763668,1027,102,9,,RONALD,PAULIE,648 N MAIN ST,,SAINT PAUL,KS,66771-3095
O'Bryan Auto Repair,TEK,331,1435959,1027,102,9,,Mae,Ramey,22087 IRVING RD,,PARSONS,KS,67357-8284
O'Bryan Auto Repair,TEK,331,1040334,1027,102,9,,Mellisa,Petty,627 5TH ST,,SAINT PAUL,KS,66771-4013
O'Bryan Auto Repair,TEK,331,896819,1027,102,9,,Kyla,Lawson,22064 KIOWA RD,,PARSONS,KS,67357-8205
O'Bryan Auto Repair,TEK,331,2033899,1027,102,9,,Nolan,Proehl,2616 STEVENS AVE,,PARSONS,KS,67357-2409
O'Bryan Auto Repair,TEK,331,822081,1027,102,9,,CYNTHIA,CROWN,3126 DIRR AVE,,PARSONS,KS,67357-2352
O'Bryan Auto Repair,TEK,331,937778,1027,102,9,,Piyushkumar,Bhakta,700 W CANVILLE ST,,ERIE,KS,66733-5079
O'Bryan Auto Repair,TEK,331,2140987,1027,102,9,,David,Shaw,714 S 15TH ST,,PARSONS,KS,67357-5004
O'Bryan Auto Repair,TEK,331,2364206,1027,102,9,,Janet,Brewer,1316 CORNING AVE,,PARSONS,KS,67357-4248
O'Bryan Auto Repair,TEK,331,2365565,1027,102,9,,Becky,Dickinson,505 BRUNETTI DR,,MC CUNE,KS,66753-4104
O'Bryan Auto Repair,TEK,331,2549785,1027,102,9,,Carl,Ed Martin,4965 NW LIBERTY RD,,MC CUNE,KS,66753-4080
O'Bryan Auto Repair,TEK,331,2616815,1027,102,9,,Jeff,Smith,1858 80TH,,PEABODY,KS,66866-9838
O'Bryan Auto Repair,TEK,331,3019392,1027,102,9,,Thomas,Nelson,3102 MOSHER RD,,PARSONS,KS,67357-4433
O'Bryan Auto Repair,TEK,331,3244520,1027,102,9,,Matthew,Knapp,3214 HUGHES AVE,,PARSONS,KS,67357-3809
O'Bryan Auto Repair,TEK,331,3304394,1027,102,9,,Crystal,Finley,1417 THORNTON AVE,,PARSONS,KS,67357-5063
O'Bryan Auto Repair,TEK,331,3325919,1027,102,9,,Steven,Walker,215 N GRANT ST,,ERIE,KS,66733-1231
O'Bryan Auto Repair,TEK,331,859017,1027,102,9,,APRIL,DICK,1080 DOUGLAS RD,,THAYER,KS,66776-5082
O'Bryan Auto Repair,TEK,331,3459774,1027,102,9,,Tyrone,Olson,2207 APRICOT GLEN DR,,ARLINGTON,TX,76006-5805
O'Bryan Auto Repair,TEK,331,3542624,1027,102,9,,Lisa,Cramer,7250 60TH RD,,GALESBURG,KS,66740-9148
O'Bryan Auto Repair,TEK,331,3544790,1027,102,9,,Chris,Perez,208 E 17TH ST,,LARNED,KS,67550-1725
O'Bryan Auto Repair,TEK,331,3551439,1027,102,9,,Arlene,Boeken,107 ELM ST,,ALTAMONT,KS,67330-9237
O'Bryan Auto Repair,TEK,331,3552275,1027,102,9,,Patrick,Martin,601 SHERIDAN ST,,SAINT PAUL,KS,66771-4031
O'Bryan Auto Repair,TEK,331,3672827,1027,102,9,,David,Wachs,305 LEAWOOD DR,,PARSONS,KS,67357-3456
O'Bryan Auto Repair,TEK,331,3673923,1027,102,9,,Molly,Ybarra,PO BOX 86,,MOUND VALLEY,KS,67354-0086
O'Bryan Auto Repair,TEK,331,3681333,1027,102,9,,Kenneth,Wilson,1930 MORTON AVE,,PARSONS,KS,67357-4552
O'Bryan Auto Repair,TEK,331,3748015,1027,102,9,,Taylor,Mitchell,410 E LINCOLN AVE,,BLACKWELL,OK,74631-3336
O'Bryan Auto Repair,TEK,331,3979774,1027,102,9,,Sierra,Eason,3137 STEVENS AVE,,PARSONS,KS,67357-2458
O'Bryan Auto Repair,TEK,331,1039925,1027,102,09,,Glen,Sutton,PO BOX 124,,SHIDLER,OK,74652-0124
O'Bryan Auto Repair,TEK,331,1354626,1027,102,9,,Adrian,Knapper,1305 STEVENS AVE,,PARSONS,KS,67357-3145
O'Bryan Auto Repair,TEK,331,4212487,1027,102,9,,Joy,Fracier,402 W STATE ST,,ERIE,KS,66733-1053
O'Bryan Auto Repair,TEK,331,3905136,1027,102,9,,Matthew,Smith,808 ELM ST,,MC CUNE,KS,66753-8101
O'Bryan Auto Repair,TEK,331,1038824,1027,102,9,,John,Spriggs,201 S 27TH ST,,PARSONS,KS,67357-2606
O'Bryan Auto Repair,TEK,331,3545931,1027,102,9,,David,Powers,11185 ELK RD,,THAYER,KS,66776-4043
O'Bryan Auto Repair,TEK,331,4413950,1027,102,9,,Ashley,Duncan,827 W RAILROAD ST,,INDEPENDENCE,KS,67301-2614
O'Bryan Auto Repair,TEK,331,937090,1027,102,09,,TABITHA,OLDENBURG,2524 BELMONT AVE,,PARSONS,KS,67357-4042
O'Bryan Auto Repair,TEK,331,4637197,1027,102,9,,Ty,Brewer,6649 COUNTY ROAD 1143,,TYLER,TX,75704-8420
O'Bryan Auto Repair,TEK,331,4788689,1027,102,9,,Jeff,Ball,410 E 6TH LABETTE CITY ST,,OSWEGO,KS,67356-8580
O'Bryan Auto Repair,TEK,331,5486174,1027,102,09,,Jerry,Cordell,9001 S ANDERSON RD,,SEDGWICK,KS,67135-8811
O'Bryan Auto Repair,TEK,331,1485484,1027,102,09,,Dawn,Byers,2630 MORTON AVE,,PARSONS,KS,67357-4441
O'Bryan Auto Repair,TEK,331,6057298,1027,102,9,,Dwight,BOHNSTEDT,1916 S 4TH ST,,SALINA,KS,67401-6508
O'Bryan Auto Repair,TEK,331,6166920,1027,102,9,,Randy,Hugo,4075 85TH RD,,THAYER,KS,66776-4081
O'Bryan Auto Repair,TEK,331,7109721,1027,102,9,,Deavis,Holman,1410 APPLETON AVE,,PARSONS,KS,67357-4324
O'Bryan Auto Repair,TEK,331,7650935,1027,102,9,,David,McCarty,201 MCKNIGHT DR APT 209,,PARSONS,KS,67357-3553
O'Bryan Auto Repair,TEK,331,5490638,1027,102,9,,Margie,Watkins,900 ALICE AVE APT 20,,PARSONS,KS,67357-2181
O'Bryan Auto Repair,TEK,331,6057822,1027,102,9,,Ryan,Robertson,2925 85TH RD,,THAYER,KS,66776-5004
O'Bryan Auto Repair,TEK,331,7737309,1027,102,9,,Sandy,Clark,2708 MORGAN AVE,,PARSONS,KS,67357-3948
O'Bryan Auto Repair,TEK,331,7813081,1027,102,9,,James,Whimp,421 1ST ST,,OSWEGO,KS,67356-1312
O'Bryan Auto Repair,TEK,331,7737527,1027,102,9,,Aric,Kelly,414 E 4TH ST,,COFFEYVILLE,KS,67337-6213
O'Bryan Auto Repair,TEK,331,7981844,1027,102,9,,Jaime,Mitchell,1013 CIRCLE DR,,CLINTON,OK,73601-4339
O'Bryan Auto Repair,TEK,331,8169305,1027,102,9,,Travis,Herley,19026 GRAY RD,,MOUND VALLEY,KS,67354-9261
O'Bryan Auto Repair,TEK,331,1040628,1027,102,9,,Ed,O'Brien,1401 W 11TH ST,,GALENA,KS,66739-1202
O'Bryan Auto Repair,TEK,331,8290844,1027,102,9,,Ronald,Pierce,1016 S 29TH ST,,PARSONS,KS,67357-4404
O'Bryan Auto Repair,TEK,331,1039695,1027,102,9,,Kenneth,Jones,513 DEER TRAIL ST,,PARSONS,KS,67357-2122
O'Bryan Auto Repair,TEK,331,8740674,1027,102,9,,Adam,Lenmaster,10073 FORD RD,,MOUND VALLEY,KS,67354-9274
O'Bryan Auto Repair,TEK,331,8814384,1027,102,9,,Doug,Vanderslice,10630 N WALNUT ST,,KANSAS CITY,MO,64155-1660
O'Bryan Auto Repair,TEK,331,8848528,1027,102,09,,Roy,Jobe,21525 E 32ND ST S,,BROKEN ARROW,OK,74014-1114
O'Bryan Auto Repair,TEK,331,9098485,1027,102,9,,Courtney,Carrier,232 N CLEMATIS CT,,FRANKLIN,TN,37067-5618
O'Bryan Auto Repair,TEK,331,8955851,1027,102,9,,Daiquarris,Higgins,2428 GRAND AVE,,PARSONS,KS,67357-4164
O'Bryan Auto Repair,TEK,331,9585953,1027,102,9,,Adam,Nading,409 N 29TH ST,,PARSONS,KS,67357-2416
O'Bryan Auto Repair,TEK,331,9687997,1027,102,9,,Necole,Jennings,1100 S 13TH ST,,PARSONS,KS,67357-5100
O'Bryan Auto Repair,TEK,331,10223243,1027,102,9,,Leticia,Meeks,4837 CR 5300,,CHERRYVALE,KS,67335-8942
O'Bryan Auto Repair,TEK,331,10228020,1027,102,9,,Mike,Roberts,1941 INDIAN RD,,SEDAN,KS,67361-8569
O'Bryan Auto Repair,TEK,331,10293469,1027,102,9,,Marion,Miller,2206 S IRONSTONE ST,,WICHITA,KS,67230-7706
O'Bryan Auto Repair,TEK,331,10582166,1027,102,9,,Benjamin,Hellen,786 NE GALILEA CT,,BLUE SPRINGS,MO,64014-1806
O'Bryan Auto Repair,TEK,331,1038915,1027,102,9,,Jesse,Scoggins,412 MURDOCK DR,,PARSONS,KS,67357-3532
O'Bryan Auto Repair,TEK,331,10789260,1027,102,9,,rusty,hillbrent,1106 S FOREST AVE,,CHANUTE,KS,66720-2827
O'Bryan Auto Repair,TEK,331,10803139,1027,102,9,,jaremiah,johnson,1330 DIRR AVE,,PARSONS,KS,67357-3055
O'Bryan Auto Repair,TEK,331,10894021,1027,102,9,,ernest,rhaewski,118 NW KENDALL AVE,,TOPEKA,KS,66606-1276
O'Bryan Auto Repair,TEK,331,10969142,1027,102,9,,justin,lange,313 N 5TH ST,,INDEPENDENCE,KS,67301-3125
O'Bryan Auto Repair,TEK,331,11576730,1027,102,9,,Steven,Smith,309 HIGHWAY 224 E,,SWIFTON,AR,72471-9001
O'Bryan Auto Repair,TEK,331,11615581,1027,102,9,,Brad,Sullivan,22096 WALLACE RD,,PARSONS,KS,67357-8415
O'Bryan Auto Repair,TEK,331,9490740,1027,102,9,,David,Berdan,1633 A ST,,NEODESHA,KS,66757-1154
O'Bryan Auto Repair,TEK,331,12129746,1027,102,9,,Joshua,Smithson,2115 LADELLE AVE,,LOWELL,AR,72745-8630
O'Bryan Auto Repair,TEK,331,1072155,1027,102,9,,Keaton,Lieffraing,3116 MORTON AVE,,PARSONS,KS,67357-4431
O'Bryan Auto Repair,TEK,331,1038696,1027,102,9,,Lonnie,Drake,1101 LINCOLN ST,,PARSONS,KS,67357-2828
O'Bryan Auto Repair,TEK,331,2282627,1027,102,9,,Lindsey,Cox,11505 ELK RD,,THAYER,KS,66776-4042
O'Bryan Auto Repair,TEK,331,12656035,1027,102,9,,Travis,Crouch,15096 IRVING RD,,MOUND VALLEY,KS,67354-9270
O'Bryan Auto Repair,TEK,331,12670448,1027,102,9,,Dustin,Rice,112 6TH ST,,SAINT PAUL,KS,66771-3090
O'Bryan Auto Repair,TEK,331,12796874,1027,102,9,,Kevin,Crooks,1429 MORGAN AVE,,PARSONS,KS,67357-4337
O'Bryan Auto Repair,TEK,331,11235363,1027,102,9,,Connor,Eichinger,123 LEWIS AVE,,PARSONS,KS,67357-8263
O'Bryan Auto Repair,TEK,331,5930078,1027,102,09,,Logan,Johnson,484 12000 RD,,MOUND VALLEY,KS,67354-9226
O'Bryan Auto Repair,TEK,331,14080779,1027,102,9,,Danny,Fisher,309 N MAIN ST,,ERIE,KS,66733-1127
O'Bryan Auto Repair,TEK,331,14951140,1027,102,9,,Scott,Hale,1013 E MAPLE ST,,COLUMBUS,KS,66725-1927
O'Bryan Auto Repair,TEK,331,1040385,1027,102,9,,John,Fuentez,1724A MAIN ST,,PARSONS,KS,67357-3339
O'Bryan Auto Repair,TEK,331,10104828,1027,102,9,,Tim,Pool,24091 ROOKS RD,,PARSONS,KS,67357-8445
O'Bryan Auto Repair,TEK,331,10894195,1027,102,9,,jay,brantley,2706 MAIN ST,,PARSONS,KS,67357-2610
O'Bryan Auto Repair,TEK,331,1038684,1027,102,9,,Trent,McGown,2109 SKYLINE DR,,BARTLESVILLE,OK,74006-6128
O'Bryan Auto Repair,TEK,331,12027740,1027,102,9,,Mike,Wallis,112 S 50TH ST,,PARSONS,KS,67357-8832
O'Bryan Auto Repair,TEK,331,16389703,1027,102,9,,William,Harris,201 ELM ST,,ALTAMONT,KS,67330-9243
O'Bryan Auto Repair,TEK,331,16727920,1027,102,9,,Taylor,LaCrone,901 S ASHBY AVE,,CHANUTE,KS,66720-2914
O'Bryan Auto Repair,TEK,331,16280222,1027,102,9,,Virginia,Hall,328 E 5TH ST,,CHERRYVALE,KS,67335-2109
O'Bryan Auto Repair,TEK,331,16731192,1027,102,9,,Richard,Norton,451 11000 RD,,MOUND VALLEY,KS,67354-9231
O'Bryan Auto Repair,TEK,331,1071990,1027,102,9,,David,Mink,1900 BELMONT AVE APT 305,,PARSONS,KS,67357-4269
O'Bryan Auto Repair,TEK,331,17283061,1027,102,9,,Doug,Duncan,3005 APPLETON AVE,,PARSONS,KS,67357-3973
O'Bryan Auto Repair,TEK,331,9121338,1027,102,9,,Bre,Burry,1717 CEDAR RIDGE RD,,PARSONS,KS,67357-8462
O'Bryan Auto Repair,TEK,331,19552781,1027,102,9,,Lamar,Beaver,512 CUSTER RD,,PARSONS,KS,67357-2232
O'Bryan Auto Repair,TEK,331,20149102,1027,102,9,,Darren,Babcock,1345 OTTAWA RD,,PARSONS,KS,67357-7400
O'Bryan Auto Repair,TEK,331,16874487,1027,102,9,,Dennis,Grissom,9423 NE 50TH ST,,WEIR,KS,66781-4121
O'Bryan Auto Repair,TEK,331,19329927,1027,102,9,,Michelle,Grissom,9423 NE 50TH ST,,WEIR,KS,66781-4121
O'Bryan Auto Repair,TEK,331,20266458,1027,102,9,,Zoe,Jones,712 S 33RD ST,,PARSONS,KS,67357-3841
O'Bryan Auto Repair,TEK,331,1040503,1027,102,9,,Austin,Beeman,14140 90TH RD,,ERIE,KS,66733-5129
O'Bryan Auto Repair,TEK,331,15936114,1027,102,9,,Doug,Miller,1020 S LARSON AVE,,CHANUTE,KS,66720-2648
O'Bryan Auto Repair,TEK,331,1040567,1027,102,9,,LERISA,SWINK,215 W 4TH ST,,ERIE,KS,66733-1423
O'Bryan Auto Repair,TEK,331,20417314,1027,102,9,,Logan,Flores,917 19000 RD,,MOUND VALLEY,KS,67354-9254
O'Bryan Auto Repair,TEK,331,21069675,1027,102,9,,Tommy,Johnson,2122 MORGAN AVE,,PARSONS,KS,67357-4141
O'Bryan Auto Repair,TEK,331,21164928,1027,102,9,,tanner,stewart,9325 NW 120TH ST,,MC CUNE,KS,66753-9607
O'Bryan Auto Repair,TEK,331,1038839,1027,102,9,,Irene,Buchannan,1405 MAIN ST,,ALTOONA,KS,66710-8746
O'Bryan Auto Repair,TEK,331,22094116,1027,102,9,,John,Pasquarelli,414 N LINCOLN ST,,ERIE,KS,66733-1126
O'Bryan Auto Repair,TEK,331,22487221,1027,102,9,,Gregory,Turner,1207 2ND ST,,OSWEGO,KS,67356-1125
O'Bryan Auto Repair,TEK,331,8395392,1027,102,9,,Jessica,Webster,613 S BUTLER ST,,ERIE,KS,66733-1623
O'Bryan Auto Repair,TEK,331,22673281,1027,102,9,,Timothy,Rogers,611 E LINCOLN ST,,IOLA,KS,66749-2417
O'Bryan Auto Repair,TEK,331,22633121,1027,102,9,,Jaden,Winter,1625 STEVENS AVE,,PARSONS,KS,67357-3151
O'Bryan Auto Repair,TEK,331,22901169,1027,102,9,,Kenny,Noyes,7645 MAJESTIC SPRINGS DR,,LAS VEGAS,NV,89131-2182
O'Bryan Auto Repair,TEK,331,23490832,1027,102,09,,Tammara,Rinehart,205 W WASHINGTON ST,,YATES CENTER,KS,66783-1769
O'Bryan Auto Repair,TEK,331,23909236,1027,102,09,,Rachel,Haslett,3600 MORGAN AVE,,PARSONS,KS,67357-3829
O'Bryan Auto Repair,TEK,331,23869415,1027,102,09,,Kenny,Ellis,PO BOX 1083,,PARSONS,KS,67357-1083
O'Bryan Auto Repair,TEK,331,24469629,1027,102,09,,Eboni,Caldwell,2507 THORNTON AVE,,PARSONS,KS,67357-4562
O'Bryan Auto Repair,TEK,331,1038690,1027,102,9,,Bill,Wadino,204 OHIO ST,,OSWEGO,KS,67356-1542
O'Bryan Auto Repair,TEK,331,763204,1027,102,9,,Kawligan,Vyhlidal,7570 HARPER RD,,THAYER,KS,66776-4062
O'Bryan Auto Repair,TEK,331,25959247,1027,102,09,,David,Fenton,946 26000 RD,,PARSONS,KS,67357-8239
O'Bryan Auto Repair,TEK,331,28592405,1027,102,09,,Regina,McCormick,5511 CR 2400,,COFFEYVILLE,KS,67337-8403
O'Bryan Auto Repair,TEK,331,31502285,1027,102,09,,Chase,Evans,213 WILLOW DR,,PARSONS,KS,67357-5252
O'Bryan Auto Repair,TEK,331,31376221,1027,102,09,,Jason,Burress,1501 W 4TH ST,,COFFEYVILLE,KS,67337-3307
O'Bryan Auto Repair,TEK,331,22904194,1027,102,9,,Dina,Clark,3104 PARTRIDGE AVE,,PARSONS,KS,67357-4423
O'Bryan Auto Repair,TEK,331,31910095,1027,102,09,,George,Stump,1310 25000 RD,,PARSONS,KS,67357-8260
O'Bryan Auto Repair,TEK,331,32648511,1027,102,09,,Dakota,Grady,1908 MAPLE AVE,,PARSONS,KS,67357-2837
O'Bryan Auto Repair,TEK,331,32647116,1027,102,09,,Katrina,Seaton,409 3RD ST,,OSWEGO,KS,67356-1715
O'Bryan Auto Repair,TEK,331,8740299,1027,102,9,,Cruz,Smith,415 E 6TH LABETTE CITY ST,,OSWEGO,KS,67356-8580
O'Bryan Auto Repair,TEK,331,24396674,1027,102,09,,Levi,Spilman,PO BOX 414,,ALTAMONT,KS,67330-0414
O'Bryan Auto Repair,TEK,331,20853889,1027,102,9,,Dalton,Stringer,2701 GRAND AVE,,PARSONS,KS,67357-2659
O'Bryan Auto Repair,TEK,331,15104970,1027,102,09,,Steve,Hermen,1204 S 24TH ST,,PARSONS,KS,67357-4812
O'Bryan Auto Repair,TEK,331,2433373,1027,102,9,,Scott,Piva,330 KAY LN,,PARSONS,KS,67357-3551
O'Bryan Auto Repair,TEK,331,19984498,1027,102,09,,Abigail,Tosh,305 GLENWOOD ST,,COFFEYVILLE,KS,67337-1505
O'Bryan Auto Repair,TEK,331,27616231,1027,102,09,,Carol,Frye,3410 CLARK AVE,,PARSONS,KS,67357-2235
O'Bryan Auto Repair,TEK,331,34408299,1027,102,09,,jUANITA,COLLINS,2118 GRAND AVE,,PARSONS,KS,67357-4104
O'Bryan Auto Repair,TEK,331,33951480,1027,102,09,,Marion,Baranske,302 N WASHINGTON ST,,STARK,KS,66775-4049
O'Bryan Auto Repair,TEK,331,35311273,1027,102,09,,Nancy,Barnes,17422 COCKLEBUR DR,,TONGANOXIE,KS,66086-5221
O'Bryan Auto Repair,TEK,331,4446131,1027,102,9,,Scott,Sands,1363 25000 RD,,PARSONS,KS,67357-8260
