Shop Name,Software,SID,CID,WSID,WCID,MBdayMo,TBdayMo,First,Last,Address,Address2,City,St,Zip
O'Bryan Auto Repair - Pitt,TEK,1692,9155624,1028,102,,3,TIMOTHY,ZELLNER,5021 E NEW JERSEY DR,,WICHITA,KS,67210-1526
O'Bryan Auto Repair - Pitt,TEK,1692,9586352,1028,102,,3,Ed's,Drilling,2809 HIGHWAY A STE B,,WASHINGTON,MO,63090-6427
O'Bryan Auto Repair - Pitt,TEK,1692,9663247,1028,102,,3,Cebrail,Karayigit,607 DENALI DR,,ARLINGTON,TX,76002-3073
O'Bryan Auto Repair - Pitt,TEK,1692,10300030,1028,102,,9,GUSTAVO,ROJO,302 S WALNUT ST,,PITTSBURG,KS,66762-5128
O'Bryan Auto Repair - Pitt,TEK,1692,10787511,1028,102,,9,Skip,Allen,301 FERN ST,,CENTERTON,AR,72719-9608
O'Bryan Auto Repair - Pitt,TEK,1692,10882311,1028,102,,9,Elmer,Lara,711 W 8TH ST,,PITTSBURG,KS,66762-3619
O'Bryan Auto Repair - Pitt,TEK,1692,9158873,1028,102,,3,NICO,WEST,310 W 10TH ST,,PITTSBURG,KS,66762-3739
O'Bryan Auto Repair - Pitt,TEK,1692,11228025,1028,102,,3,LOUISA,BORN,2601 S STILWELL ST,,PITTSBURG,KS,66762-6538
O'Bryan Auto Repair - Pitt,TEK,1692,11974249,1028,102,,3,Chrissy,Hall,204 E LINDBURG ST,,PITTSBURG,KS,66762-6209
O'Bryan Auto Repair - Pitt,TEK,1692,11852360,1028,102,,3,BO,MCCORKLE,2105 COLONIAL DR,,PITTSBURG,KS,66762-3517
O'Bryan Auto Repair - Pitt,TEK,1692,12476444,1028,102,,9,Ben,Rushian,132 WESTFIELD RD,,PITTSBURG,KS,66762-8624
O'Bryan Auto Repair - Pitt,TEK,1692,13715406,1028,102,,9,Eric,Cameron,1128 S CONNOR AVE,,JOPLIN,MO,64801-4216
O'Bryan Auto Repair - Pitt,TEK,1692,14058999,1028,102,,9,Justin,Finnigan,804 S SMELTER ST,,PITTSBURG,KS,66762-5452
O'Bryan Auto Repair - Pitt,TEK,1692,14335682,1028,102,,3,McKenzie,Russian,410 N ROUSE ST,,PITTSBURG,KS,66762-4342
O'Bryan Auto Repair - Pitt,TEK,1692,14336273,1028,102,,9,Sharon,Allen,1514 WOODLAND TER,,PITTSBURG,KS,66762-5551
O'Bryan Auto Repair - Pitt,TEK,1692,15542188,1028,102,,9,Damon,Beaman,411 S BROADWAY ST,,PITTSBURG,KS,66762-5207
O'Bryan Auto Repair - Pitt,TEK,1692,15551107,1028,102,,3,Alejandro,Perez,1914 J F KENNEDY ST,,PITTSBURG,KS,66762-5730
O'Bryan Auto Repair - Pitt,TEK,1692,15974252,1028,102,,9,Venessa,Pineza,2102 S BROADWAY ST,,PITTSBURG,KS,66762-6218
O'Bryan Auto Repair - Pitt,TEK,1692,16012123,1028,102,,3,James,Donald,132 WESTFIELD RD,,PITTSBURG,KS,66762-8624
O'Bryan Auto Repair - Pitt,TEK,1692,16137679,1028,102,,3,Brandon,Carter,3000 N JOPLIN ST APT 36,,PITTSBURG,KS,66762-2560
O'Bryan Auto Repair - Pitt,TEK,1692,13136461,1028,102,,3,Fatimah,Bader,1803 HERITAGE RD,,PITTSBURG,KS,66762-3556
O'Bryan Auto Repair - Pitt,TEK,1692,16276251,1028,102,,3,Allyson,Snodgrass,360 N HIGHWAY 43,,LIBERAL,MO,64762-9207
O'Bryan Auto Repair - Pitt,TEK,1692,16407357,1028,102,,3,Jsoni,Madison,1906 S ROUSE ST,,PITTSBURG,KS,66762-6730
O'Bryan Auto Repair - Pitt,TEK,1692,15877864,1028,102,,3,Jesse,Conley,1916 J F KENNEDY ST APT B,,PITTSBURG,KS,66762-5795
O'Bryan Auto Repair - Pitt,TEK,1692,16610439,1028,102,,9,Dean,Bell,2104 S BROADWAY ST APT 3C,,PITTSBURG,KS,66762-6266
O'Bryan Auto Repair - Pitt,TEK,1692,16406608,1028,102,,3,Kalie,Hendrix,1915 S LOCUST ST,,PITTSBURG,KS,66762-6227
O'Bryan Auto Repair - Pitt,TEK,1692,17135753,1028,102,,9,Hector,Torres,207 W 20TH ST,,PITTSBURG,KS,66762-2818
O'Bryan Auto Repair - Pitt,TEK,1692,17154739,1028,102,,9,Greg,Simpson,1315 E 8TH ST,,PITTSBURG,KS,66762-4506
O'Bryan Auto Repair - Pitt,TEK,1692,16592354,1028,102,,9,Mayra,Garcia,113 W 24TH ST,,PITTSBURG,KS,66762-2604
O'Bryan Auto Repair - Pitt,TEK,1692,17586893,1028,102,,3,Pedro,Garcia,503 E 8TH ST,,PITTSBURG,KS,66762-4128
O'Bryan Auto Repair - Pitt,TEK,1692,19288196,1028,102,,9,Jenell,Delapena,111 W 4TH ST,,PITTSBURG,KS,66762-4801
O'Bryan Auto Repair - Pitt,TEK,1692,10135253,1028,102,,3,Carmen,Pena,1017 E 5TH ST,,PITTSBURG,KS,66762-4313
O'Bryan Auto Repair - Pitt,TEK,1692,14361901,1028,102,,3,Gloria,Montes,105 W 7TH ST,,PITTSBURG,KS,66762-3807
O'Bryan Auto Repair - Pitt,TEK,1692,20142144,1028,102,,3,Racheal,Vowell,404 E ADAMS ST APT A,,PITTSBURG,KS,66762-5401
O'Bryan Auto Repair - Pitt,TEK,1692,9663573,1028,102,,9,Cinder,Foster,1402 N GRAND ST,,PITTSBURG,KS,66762-3213
O'Bryan Auto Repair - Pitt,TEK,1692,20863513,1028,102,,9,LeAnn,Cruz,120 E CARLTON ST,,PITTSBURG,KS,66762-5820
O'Bryan Auto Repair - Pitt,TEK,1692,20874087,1028,102,,3,Manan,Koradiya,300 E EUCLID ST,,PITTSBURG,KS,66762-5233
O'Bryan Auto Repair - Pitt,TEK,1692,20766524,1028,102,,3,William,Barns,132 PARTRIDGE LN,,PITTSBURG,KS,66762-4542
O'Bryan Auto Repair - Pitt,TEK,1692,21035010,1028,102,,9,William,Holliday,109 S CLEMENS ST,,MULBERRY,KS,66756-4219
O'Bryan Auto Repair - Pitt,TEK,1692,11707742,1028,102,,9,Aravind,Salpala,2017 S ELM ST,,PITTSBURG,KS,66762-6206
O'Bryan Auto Repair - Pitt,TEK,1692,22094170,1028,102,,9,Jesse,Duran,272 MIDWEST LN,,STRAFFORD,MO,65757-8925
O'Bryan Auto Repair - Pitt,TEK,1692,20243486,1028,102,,9,Leo,Chavez,712 W 6TH ST,,PITTSBURG,KS,66762-3604
O'Bryan Auto Repair - Pitt,TEK,1692,22495419,1028,102,,9,Robert,Gomez,308 W 6TH ST,,PITTSBURG,KS,66762-3707
O'Bryan Auto Repair - Pitt,TEK,1692,23523590,1028,102,,3,Kade,Dunlap,529 HOBSON PL,,PITTSBURG,KS,66762-6318
O'Bryan Auto Repair - Pitt,TEK,1692,13422142,1028,102,,9,Nicholas,Cardin,2711 S SPRINGDALE ST,,PITTSBURG,KS,66762-7313
O'Bryan Auto Repair - Pitt,TEK,1692,15908832,1028,102,,9,Sundeep,Aleti,429 FIELDCREST DR,,PITTSBURG,KS,66762-6307
O'Bryan Auto Repair - Pitt,TEK,1692,19074575,1028,102,,3,Jamaca,Edwards,711 S CHEROKEE ST,,GIRARD,KS,66743-1707
O'Bryan Auto Repair - Pitt,TEK,1692,27545868,1028,102,,3,Takoda,Leach,110 W SOUTH ST,,ARMA,KS,66712-4021
O'Bryan Auto Repair - Pitt,TEK,1692,27906696,1028,102,,3,Mid America,Pest Control,1004 E 9TH ST,,PITTSBURG,KS,66762-4326
O'Bryan Auto Repair - Pitt,TEK,1692,28553781,1028,102,,9,Mattea,Kettler,1409 S BROADWAY ST,,PITTSBURG,KS,66762-5858
O'Bryan Auto Repair - Pitt,TEK,1692,17610085,1028,102,,3,Manideep,Sonnathi,1506 S JOPLIN ST,,PITTSBURG,KS,66762-5946
O'Bryan Auto Repair - Pitt,TEK,1692,28596591,1028,102,,3,Ellie,Bail,112 W POTLITZER ST,,PITTSBURG,KS,66762-5748
O'Bryan Auto Repair - Pitt,TEK,1692,27604779,1028,102,,9,Sterling,Martin,301 E PARK ST,,PITTSBURG,KS,66762-5477
O'Bryan Auto Repair - Pitt,TEK,1692,22849307,1028,102,,3,Willam,Roane,1712 S BROADWAY ST,,PITTSBURG,KS,66762-5841
O'Bryan Auto Repair - Pitt,TEK,1692,20870722,1028,102,,9,Noah,Taylor,409 W 9TH ST,,PITTSBURG,KS,66762-3734
O'Bryan Auto Repair - Pitt,TEK,1692,29579100,1028,102,,3,Gary,Patel,2701 N BROADWAY ST,,PITTSBURG,KS,66762-2624
O'Bryan Auto Repair - Pitt,TEK,1692,28449041,1028,102,,9,Keelah,Griffith,303 E HUDSON ST,,PITTSBURG,KS,66762-6344
O'Bryan Auto Repair - Pitt,TEK,1692,29652607,1028,102,,9,Ella,Williams,518 E MADISON ST,,PITTSBURG,KS,66762-5927
O'Bryan Auto Repair - Pitt,TEK,1692,29978155,1028,102,,3,Adrian,Liggins,1387 CENTRAL AVE,,MEMPHIS,TN,38104-4889
O'Bryan Auto Repair - Pitt,TEK,1692,29988908,1028,102,,3,Josh,Frost,1625 S MARION AVE APT B103,,SPRINGFIELD,MO,65807-1259
O'Bryan Auto Repair - Pitt,TEK,1692,22181692,1028,102,,3,Tanner,Noonan,121 JOHNNY ST,,BURLINGTON,KS,66839-8970
O'Bryan Auto Repair - Pitt,TEK,1692,30302785,1028,102,,3,Cole,Vlach,2007 S ELM ST,,PITTSBURG,KS,66762-6206
O'Bryan Auto Repair - Pitt,TEK,1692,30612190,1028,102,,3,Alicia,Torres,411 S BROADWAY ST,,PITTSBURG,KS,66762-5207
O'Bryan Auto Repair - Pitt,TEK,1692,30615010,1028,102,,9,Brayden,Greek,1906 S ROUSE ST,,PITTSBURG,KS,66762-6730
O'Bryan Auto Repair - Pitt,TEK,1692,31186159,1028,102,,9,COOPER,MARSH,521 E PARK ST APT A,,PITTSBURG,KS,66762-5386
O'Bryan Auto Repair - Pitt,TEK,1692,31259517,1028,102,,3,Alexander,Juarez,110 W MADISON ST,,PITTSBURG,KS,66762-5602
O'Bryan Auto Repair - Pitt,TEK,1692,16141303,1028,102,,3,Emma,Stachowiak,1911 S BROADWAY ST,,PITTSBURG,KS,66762-6214
O'Bryan Auto Repair - Pitt,TEK,1692,31512339,1028,102,,3,Tammy,Johnson,1188 S 220TH ST,,PITTSBURG,KS,66762-6851
O'Bryan Auto Repair - Pitt,TEK,1692,31621497,1028,102,,9,Travis,Myrick,204 S HIGH ST,,ARMA,KS,66712-4029
O'Bryan Auto Repair - Pitt,TEK,1692,31523546,1028,102,,3,Kenneth,Thompson,108 W FOREST ST,,PITTSBURG,KS,66762-5170
O'Bryan Auto Repair - Pitt,TEK,1692,32084184,1028,102,,3,Evan,Peters,2006 S ROUSE ST,,PITTSBURG,KS,66762-6629
O'Bryan Auto Repair - Pitt,TEK,1692,9672026,1028,102,,9,Majestic,Jarrett,402 W 9TH ST,,PITTSBURG,KS,66762-3735
O'Bryan Auto Repair - Pitt,TEK,1692,33248578,1028,102,,3,ASIA,FARRINGTON,307 W CENTER RD,,FRONTENAC,KS,66763-8123
O'Bryan Auto Repair - Pitt,TEK,1692,33557107,1028,102,,9,Patty,menizes,422 W 8TH ST,,PITTSBURG,KS,66762-3729
O'Bryan Auto Repair - Pitt,TEK,1692,33274431,1028,102,,9,Orion,Davis,205 E CARLTON ST,,PITTSBURG,KS,66762-5821
O'Bryan Auto Repair - Pitt,TEK,1692,31267146,1028,102,,9,Bo,Pendergrass,204 S MAPLE ST,,MULBERRY,KS,66756-4169
O'Bryan Auto Repair - Pitt,TEK,1692,34369961,1028,102,,9,FERNADO,PASILLAS,2996 ADRIAN AVE,,SPRINGDALE,AR,72764-5851
O'Bryan Auto Repair - Pitt,TEK,1692,34384626,1028,102,,9,Tarynn,Brenner,1708 S BROADWAY ST,,PITTSBURG,KS,66762-5841
O'Bryan Auto Repair - Pitt,TEK,1692,24716623,1028,102,,3,Kristine,Beard,PO BOX 478,,SALIDA,CO,81201-0478
O'Bryan Auto Repair - Pitt,TEK,1692,35278135,1028,102,,9,Randy,Held,819 190TH ST,,FORT SCOTT,KS,66701-8787
O'Bryan Auto Repair - Pitt,TEK,1692,32906247,1028,102,,3,Tate,Phillips,1302 E 11TH ST,,PITTSBURG,KS,66762-4512
