Shop Name,Software,SID,CID,WSID,WCID,MBdayMo,TBdayMo,First,Last,Address,Address2,City,St,Zip
O'Bryan Auto Repair - Pitt,TEK,1692,9142452,1028,102,9,,William,Pryor,1122 S ELM ST,,PITTSBURG,KS,66762-5805
O'Bryan Auto Repair - Pitt,TEK,1692,9158871,1028,102,9,,Billiejo,Bentz,1910 S PINE ST APT D24,,PITTSBURG,KS,66762-5766
O'Bryan Auto Repair - Pitt,TEK,1692,9490561,1028,102,9,,Travis,Allen,108 S WRIGHT ST,,FRONTENAC,KS,66763-2268
O'Bryan Auto Repair - Pitt,TEK,1692,9501242,1028,102,9,,George,Townsend,406 N GRAND ST,,PITTSBURG,KS,66762-4115
O'Bryan Auto Repair - Pitt,TEK,1692,9582439,1028,102,9,,Dallas,Partridge,120 W 24TH ST,,PITTSBURG,KS,66762-2605
O'Bryan Auto Repair - Pitt,TEK,1692,9664019,1028,102,9,,Corey,Webb,118 W MEAD ST,,PITTSBURG,KS,66762-6232
O'Bryan Auto Repair - Pitt,TEK,1692,9678421,1028,102,09,,Connie,Kraner,1413 SW CALEDON ST,,TOPEKA,KS,66611-2413
O'Bryan Auto Repair - Pitt,TEK,1692,10024737,1028,102,9,,Terry,Bradshaw,1718 S WALNUT ST,,PITTSBURG,KS,66762-5752
O'Bryan Auto Repair - Pitt,TEK,1692,10103378,1028,102,9,,Lisa,Leverenz,103 W 23RD ST,,PITTSBURG,KS,66762-2832
O'Bryan Auto Repair - Pitt,TEK,1692,10026403,1028,102,9,,Pat,Taylor,2608 N WALNUT ST APT 18,,PITTSBURG,KS,66762-2686
O'Bryan Auto Repair - Pitt,TEK,1692,10121766,1028,102,9,,Martin,Dickinson,2201 S TUCKER ST,,PITTSBURG,KS,66762-6468
O'Bryan Auto Repair - Pitt,TEK,1692,10135352,1028,102,9,,KAY,JOHNSON,806 N ELM ST,,PITTSBURG,KS,66762-4034
O'Bryan Auto Repair - Pitt,TEK,1692,10281639,1028,102,9,,Jordan,Woods,803 TWIN LAKES DR,,PITTSBURG,KS,66762-6139
O'Bryan Auto Repair - Pitt,TEK,1692,10229923,1028,102,9,,Blake,Birdsong,3876 S BLACKBERRY LN,,ATOKA,OK,74525-5446
O'Bryan Auto Repair - Pitt,TEK,1692,10022512,1028,102,9,,Chuck,Munsell,2411 N WALNUT ST,,PITTSBURG,KS,66762-2638
O'Bryan Auto Repair - Pitt,TEK,1692,10889001,1028,102,9,,Baily,Browning,1910 S PINE ST APT B,,PITTSBURG,KS,66762-5746
O'Bryan Auto Repair - Pitt,TEK,1692,11288041,1028,102,9,,TOM,SPENCE,309 W PARK ST,,PITTSBURG,KS,66762-5054
O'Bryan Auto Repair - Pitt,TEK,1692,11424193,1028,102,9,,Richard,Schartz,501 E QUINCY ST,,PITTSBURG,KS,66762-5934
O'Bryan Auto Repair - Pitt,TEK,1692,11557662,1028,102,9,,Janice,mertz,104 ELMWOOD DR,,PITTSBURG,KS,66762-5516
O'Bryan Auto Repair - Pitt,TEK,1692,11701658,1028,102,9,,Jeanine,Blessant,206 E BELLEVILLE ST,,PITTSBURG,KS,66762-5817
O'Bryan Auto Repair - Pitt,TEK,1692,9705188,1028,102,9,,Kayla,Collier,203 W 10TH ST,,PITTSBURG,KS,66762-3831
O'Bryan Auto Repair - Pitt,TEK,1692,11985250,1028,102,9,,James,Castagno,316 W MCKAY ST,,FRONTENAC,KS,66763-2294
O'Bryan Auto Repair - Pitt,TEK,1692,10300753,1028,102,9,,CHENEKA,FORT,3104 W LEXINGTON ST # 2,,CHICAGO,IL,60612-3318
O'Bryan Auto Repair - Pitt,TEK,1692,9122020,1028,102,9,,Lisa,Castro,815 W KANSAS ST,,PITTSBURG,KS,66762-4927
O'Bryan Auto Repair - Pitt,TEK,1692,12147753,1028,102,9,,Chieko,Okeke,405 W FORD ST APT F,,PITTSBURG,KS,66762-5677
O'Bryan Auto Repair - Pitt,TEK,1692,12147025,1028,102,9,,Darlene,Bloomer,1313 CEDAR CREST DR,,PITTSBURG,KS,66762-7603
O'Bryan Auto Repair - Pitt,TEK,1692,12491271,1028,102,9,,HUNTER,CHRISTESON,206 N MILES ST,,PITTSBURG,KS,66762-4720
O'Bryan Auto Repair - Pitt,TEK,1692,12470738,1028,102,9,,Craig,Cicero,713 W EUCLID ST,,PITTSBURG,KS,66762-4905
O'Bryan Auto Repair - Pitt,TEK,1692,12655871,1028,102,9,,MERCEDES,FORD,607 W 8TH ST,,PITTSBURG,KS,66762-3617
O'Bryan Auto Repair - Pitt,TEK,1692,12663169,1028,102,9,,DEBRA,GREEN,1380 SW 90TH RD,,ASBURY,MO,64832-9104
O'Bryan Auto Repair - Pitt,TEK,1692,12664189,1028,102,9,,DELPHIA,GOMEZ,806 W 8TH ST,,PITTSBURG,KS,66762-3622
O'Bryan Auto Repair - Pitt,TEK,1692,13137449,1028,102,9,,Kathy,Southard,301 N LABETTE ST,,FRONTENAC,KS,66763-2003
O'Bryan Auto Repair - Pitt,TEK,1692,12822611,1028,102,9,,Kenny,Myrick,8520 NW TOPEKA BLVD,,TOPEKA,KS,66617-1903
O'Bryan Auto Repair - Pitt,TEK,1692,13298192,1028,102,9,,CHRISTOPHER,SIPES,2404 N JOPLIN ST,,PITTSBURG,KS,66762-2636
O'Bryan Auto Repair - Pitt,TEK,1692,13319384,1028,102,9,,Virgil,Hammer,714 E ADAMS ST,,HOWARD,KS,67349-9402
O'Bryan Auto Repair - Pitt,TEK,1692,13829330,1028,102,9,,Aaron,Stross,405 W FORD ST,,PITTSBURG,KS,66762-5665
O'Bryan Auto Repair - Pitt,TEK,1692,13833669,1028,102,9,,Scott,Schroder,2507 RANDOM ACRES CT,,PITTSBURG,KS,66762-6521
O'Bryan Auto Repair - Pitt,TEK,1692,9241232,1028,102,9,,Lynzi,Pepera,505 W FORD ST,,PITTSBURG,KS,66762-5672
O'Bryan Auto Repair - Pitt,TEK,1692,14337301,1028,102,9,,Debbie,Harper,1307 E 10TH ST,,PITTSBURG,KS,66762-4510
O'Bryan Auto Repair - Pitt,TEK,1692,14457038,1028,102,9,,Christine,Keith,171 N 160TH ST,,GIRARD,KS,66743-9402
O'Bryan Auto Repair - Pitt,TEK,1692,14525591,1028,102,9,,Tristan,Gegg,1104 22000 RD,,PARSONS,KS,67357-8221
O'Bryan Auto Repair - Pitt,TEK,1692,11281755,1028,102,9,,PHYLLIS,TRUSTER,2302 S TUCKER ST,,PITTSBURG,KS,66762-6553
O'Bryan Auto Repair - Pitt,TEK,1692,11708273,1028,102,9,,Davyen,Lunday,350 E 520TH AVE,,PITTSBURG,KS,66762-6831
O'Bryan Auto Repair - Pitt,TEK,1692,13177174,1028,102,9,,Bryan,Hanson,111 CRESTWOOD EST,,PITTSBURG,KS,66762-5298
O'Bryan Auto Repair - Pitt,TEK,1692,15309255,1028,102,9,,Melissa,Ware,604 E 28TH ST,,PITTSBURG,KS,66762-2504
O'Bryan Auto Repair - Pitt,TEK,1692,15561225,1028,102,9,,Kyle,Kobold,323 N 13TH ST,,HUMBOLDT,KS,66748-1140
O'Bryan Auto Repair - Pitt,TEK,1692,15913238,1028,102,9,,Emily,Brown,312 W 8TH ST,,PITTSBURG,KS,66762-3727
O'Bryan Auto Repair - Pitt,TEK,1692,15975594,1028,102,9,,Janet,Bolin,505 S GEORGIA ST,,PITTSBURG,KS,66762-4938
O'Bryan Auto Repair - Pitt,TEK,1692,10975646,1028,102,9,,Stephen,Witkowski,2601 N JOPLIN ST APT 1311,,PITTSBURG,KS,66762-2649
O'Bryan Auto Repair - Pitt,TEK,1692,16501544,1028,102,9,,Jason,Harris,302 WEBSTER ST,,PITTSBURG,KS,66762-5646
O'Bryan Auto Repair - Pitt,TEK,1692,12132155,1028,102,9,,Dustin,Fincher,2008 COUNTRYSIDE DR,,PITTSBURG,KS,66762-3526
O'Bryan Auto Repair - Pitt,TEK,1692,17025117,1028,102,09,,Connie,Bright,109 W 3RD ST,,MULBERRY,KS,66756-4139
O'Bryan Auto Repair - Pitt,TEK,1692,17049640,1028,102,9,,Melissa,Macias,2601 N JOPLIN ST,,PITTSBURG,KS,66762-2642
O'Bryan Auto Repair - Pitt,TEK,1692,16721163,1028,102,9,,Alice,Martin,1029 E 8TH ST,,PITTSBURG,KS,66762-4323
O'Bryan Auto Repair - Pitt,TEK,1692,16512587,1028,102,9,,Colter,Steffens,507 W BUFFALO ST,,GIRARD,KS,66743-1409
O'Bryan Auto Repair - Pitt,TEK,1692,16877644,1028,102,9,,Randy,Tomhave,910 E WASHINGTON ST,,ARMA,KS,66712-4054
O'Bryan Auto Repair - Pitt,TEK,1692,16737362,1028,102,9,,Hyum,Cho,3106 PINNACLE LN,,PITTSBURG,KS,66762-6109
O'Bryan Auto Repair - Pitt,TEK,1692,18637835,1028,102,9,,Christina,Fox,612 W CRAIG RD,,PITTSBURG,KS,66762-5271
O'Bryan Auto Repair - Pitt,TEK,1692,19075118,1028,102,9,,Aubri,Stahl,1605 S OLIVE ST,,PITTSBURG,KS,66762-5707
O'Bryan Auto Repair - Pitt,TEK,1692,19719179,1028,102,9,,Kyle,Busse,3106 WILD RED RD,,PITTSBURG,KS,66762-8754
O'Bryan Auto Repair - Pitt,TEK,1692,9159708,1028,102,9,,Carol,Hand,106 S CHEROKEE ST,,FRONTENAC,KS,66763-2414
O'Bryan Auto Repair - Pitt,TEK,1692,20016307,1028,102,9,,Donald,Wolf,818 NW 80TH RD,,LIBERAL,MO,64762-9224
O'Bryan Auto Repair - Pitt,TEK,1692,20149411,1028,102,9,,Ryan,Edwards,803 N TUCKER ST,,PITTSBURG,KS,66762-4367
O'Bryan Auto Repair - Pitt,TEK,1692,9577558,1028,102,9,,Kinsey,Laird,452 FIELDCREST DR,,PITTSBURG,KS,66762-6368
O'Bryan Auto Repair - Pitt,TEK,1692,10798794,1028,102,9,,Maryum,Tahirakheli,711 N CHESTNUT ST,,PITTSBURG,KS,66762-3627
O'Bryan Auto Repair - Pitt,TEK,1692,21199559,1028,102,09,,Gayla,Wells,2501 N WALNUT ST,,PITTSBURG,KS,66762-2680
O'Bryan Auto Repair - Pitt,TEK,1692,15977418,1028,102,9,,Steve,Newman,1907 W 4TH ST,,PITTSBURG,KS,66762-8620
O'Bryan Auto Repair - Pitt,TEK,1692,20768025,1028,102,9,,Dennis,Hoag,2608 N WALNUT ST APT 11,,PITTSBURG,KS,66762-2686
O'Bryan Auto Repair - Pitt,TEK,1692,22175239,1028,102,9,,Glenna,Lovell,812 S ELM ST,,PITTSBURG,KS,66762-5418
O'Bryan Auto Repair - Pitt,TEK,1692,20859901,1028,102,9,,Tramaine,Reiers,2611 S SPRINGDALE ST APT 201,,PITTSBURG,KS,66762-7324
O'Bryan Auto Repair - Pitt,TEK,1692,22081332,1028,102,9,,Heather,Kernel,219 W HUDSON ST,,PITTSBURG,KS,66762-5723
O'Bryan Auto Repair - Pitt,TEK,1692,22627984,1028,102,09,,Billy,Holland,108 W SOUTH ST,Arma,ARMA,KS,66712-4021
O'Bryan Auto Repair - Pitt,TEK,1692,22629454,1028,102,9,,Christy,Strukel,1310 E 10TH ST,,PITTSBURG,KS,66762-4511
O'Bryan Auto Repair - Pitt,TEK,1692,22897782,1028,102,9,,Beth,Bowman,1911 WINDSOR DR,,PITTSBURG,KS,66762-3568
O'Bryan Auto Repair - Pitt,TEK,1692,11838637,1028,102,9,,CHRISTY,STRUKEL,1310 E 10TH ST,,PITTSBURG,KS,66762-4511
O'Bryan Auto Repair - Pitt,TEK,1692,23404675,1028,102,9,,Sheila,Burrous,431 E 27TH ST,,PITTSBURG,KS,66762-2729
O'Bryan Auto Repair - Pitt,TEK,1692,13431055,1028,102,9,,Jolene,Batalia,203 E MAIN ST,,ARMA,KS,66712-4002
O'Bryan Auto Repair - Pitt,TEK,1692,23914343,1028,102,9,,Renato,Pinto,513 NORRIS DR,,PITTSBURG,KS,66762-6424
O'Bryan Auto Repair - Pitt,TEK,1692,23907768,1028,102,09,,Dillon,Campbell,403 W QUINCY ST,,PITTSBURG,KS,66762-5687
O'Bryan Auto Repair - Pitt,TEK,1692,24251028,1028,102,9,,Dana,Allen,1014 W 3RD ST,,PITTSBURG,KS,66762-4632
O'Bryan Auto Repair - Pitt,TEK,1692,24408885,1028,102,09,,James,Patrick,10046 GREEN VALLEY LN,,HOUSTON,TX,77064-5330
O'Bryan Auto Repair - Pitt,TEK,1692,20747341,1028,102,9,,Alyssa,Davis,1705 N SMELTER ST,,PITTSBURG,KS,66762-3336
O'Bryan Auto Repair - Pitt,TEK,1692,24718914,1028,102,09,,Brian,Patten,33441 MOUNT HOPE RD,,CALIFORNIA,MO,65018-4104
O'Bryan Auto Repair - Pitt,TEK,1692,15758760,1028,102,9,,Jennifer,Duncan,950 MILITARY RD APT 318,,JACKSONVILLE,AR,72076-5389
O'Bryan Auto Repair - Pitt,TEK,1692,15164111,1028,102,9,,Lori,Holt,508 CEDAR CREST ST,,FRONTENAC,KS,66763-2345
O'Bryan Auto Repair - Pitt,TEK,1692,12933435,1028,102,9,,Travis,Eichhorn,1507 N GRAND ST,,PITTSBURG,KS,66762-3225
O'Bryan Auto Repair - Pitt,TEK,1692,28932278,1028,102,09,,Dustin,Bailey,241 E 530TH AVE,,PITTSBURG,KS,66762-6843
O'Bryan Auto Repair - Pitt,TEK,1692,29196869,1028,102,09,,Steve,Mohamed,419 E JACKSON ST,,PITTSBURG,KS,66762-5908
O'Bryan Auto Repair - Pitt,TEK,1692,29217920,1028,102,09,,Karen,Spielbusch,9413 WHITE AVE,,KANSAS CITY,MO,64138-3755
O'Bryan Auto Repair - Pitt,TEK,1692,29219184,1028,102,09,,Rachel,Haslett,1604 LINWOOD DR,,PARSONS,KS,67357-4640
O'Bryan Auto Repair - Pitt,TEK,1692,29982441,1028,102,09,,Dave,Jacobson,3460 S BROADWAY AVE,,SPRINGFIELD,MO,65807-4502
O'Bryan Auto Repair - Pitt,TEK,1692,29956193,1028,102,09,,Gail,Fletcher,906 S WALNUT ST,,PITTSBURG,KS,66762-5640
O'Bryan Auto Repair - Pitt,TEK,1692,19763381,1028,102,9,,Jamie,Coppage,508 E 9TH ST,,PITTSBURG,KS,66762-4133
O'Bryan Auto Repair - Pitt,TEK,1692,30095325,1028,102,09,,Ron,Venus,209 S DITTMAN ST,,FRONTENAC,KS,66763-2254
O'Bryan Auto Repair - Pitt,TEK,1692,9140128,1028,102,9,,Eric,Dumler,209 N OZARK ST,,GIRARD,KS,66743-1322
O'Bryan Auto Repair - Pitt,TEK,1692,24699675,1028,102,9,,Gregory,Bonnot,918 E 7TH ST,Apt 4,GALENA,KS,66739-1804
O'Bryan Auto Repair - Pitt,TEK,1692,31367501,1028,102,09,,Donald,Lapreze,PO BOX 486,,LEXINGTON,MO,64067-0486
O'Bryan Auto Repair - Pitt,TEK,1692,31244366,1028,102,09,,Bob,Rinker,112 W 18TH ST,,PITTSBURG,KS,66762-3012
O'Bryan Auto Repair - Pitt,TEK,1692,32048967,1028,102,09,,Jada,Burgess,719 W 2ND ST,,PITTSBURG,KS,66762-4613
O'Bryan Auto Repair - Pitt,TEK,1692,32046404,1028,102,09,,Garrett,Hanson,111 CRESTWOOD EST,,PITTSBURG,KS,66762-5298
O'Bryan Auto Repair - Pitt,TEK,1692,32831179,1028,102,09,,Joseph,Davied,404 N LABETTE ST,,FRONTENAC,KS,66763-2004
O'Bryan Auto Repair - Pitt,TEK,1692,32901200,1028,102,09,,Micheal,Darr,PO BOX 408,,WEIR,KS,66781-0408
O'Bryan Auto Repair - Pitt,TEK,1692,11139065,1028,102,9,,Khamis,Siam,1005 MILL RD,,PITTSBURG,KS,66762-6667
O'Bryan Auto Repair - Pitt,TEK,1692,32045894,1028,102,09,,David,Heidrick,1720 J F KENNEDY ST,,PITTSBURG,KS,66762-5726
O'Bryan Auto Repair - Pitt,TEK,1692,14583218,1028,102,9,,Dylan,Clay,2302 S TUCKER ST,,PITTSBURG,KS,66762-6553
O'Bryan Auto Repair - Pitt,TEK,1692,25958286,1028,102,9,,Leslie,Haynes,521 E WASHINGTON ST,,PITTSBURG,KS,66762-5344
O'Bryan Auto Repair - Pitt,TEK,1692,34332864,1028,102,09,,ANGELA,ALEXANDER,1025 S 190TH ST,,PITTSBURG,KS,66762-6844
O'Bryan Auto Repair - Pitt,TEK,1692,12453086,1028,102,9,,Mark,Manriquez,509 W QUINCY ST,,PITTSBURG,KS,66762-5689
O'Bryan Auto Repair - Pitt,TEK,1692,30642113,1028,102,09,,Johnnie,Cassett,118 BEAVER RD,,RADLEY,KS,66762-8646
