Shop Name,Software,SID,CID,WSID,WCID,MBdayMo,TBdayMo,First,Last,Address,Address2,City,St,Zip
Matt's Automotive Service Center Fargo,TEK,3540,17805936,1031,104,,9,Zach,Bruns,1701 UNIVERSITY DR N APT 320,,FARGO,ND,58102-2432
Matt's Automotive Service Center Fargo,TEK,3540,17788166,1031,104,,9,Alan,Rask,6815 SUNNYSIDE ST,,HORACE,ND,58047-4804
Matt's Automotive Service Center Fargo,TEK,3540,17777852,1031,104,,9,Katelyn,Meyer,3719 BELL BLVD E,,WEST FARGO,ND,58078-8503
Matt's Automotive Service Center Fargo,TEK,3540,17791721,1031,104,,3,Richard,Hoffman,4955 28TH AVE S APT 112,,FARGO,ND,58104-8470
Matt's Automotive Service Center Fargo,TEK,3540,17852099,1031,104,,9,Tony,Luchsinger,4949 16TH AVE S,,FARGO,ND,58103-8929
Matt's Automotive Service Center Fargo,TEK,3540,17837462,1031,104,,9,Max,Cutshall,1333 6TH AVE N,,MOORHEAD,MN,56560-2118
Matt's Automotive Service Center Fargo,TEK,3540,17775061,1031,104,,9,Alyssa,Otto,2938 7TH ST W APT 307,,WEST FARGO,ND,58078-7789
Matt's Automotive Service Center Fargo,TEK,3540,17824179,1031,104,,3,Guo,Chen,2904 35TH AVE S,,FARGO,ND,58104-8837
Matt's Automotive Service Center Fargo,TEK,3540,17790304,1031,104,,9,Amanda,McCarty,3101 34TH AVE S APT 117,,FARGO,ND,58104-5104
Matt's Automotive Service Center Fargo,TEK,3540,17870041,1031,104,,3,Rose,Halvorson,2525 14TH ST S APT 104,,FARGO,ND,58103-5610
Matt's Automotive Service Center Fargo,TEK,3540,17833715,1031,104,,9,Michael,Berg,5545 8TH ST W,,WEST FARGO,ND,58078-4078
Matt's Automotive Service Center Fargo,TEK,3540,17828841,1031,104,,9,Savoy,Furniture,300 HOWARD ST,,MONTOURSVILLE,PA,17754-2412
Matt's Automotive Service Center Fargo,TEK,3540,17795491,1031,104,,9,Jenna,Jackson,1120 17TH ST N UNIT F,,FARGO,ND,58102-3362
Matt's Automotive Service Center Fargo,TEK,3540,17825913,1031,104,,3,John,Taylor,906 8TH ST S APT 8,,MOORHEAD,MN,56560-3554
Matt's Automotive Service Center Fargo,TEK,3540,17811716,1031,104,,3,Nathalie,Nkurayija,4002 18TH AVE S APT 202,,FARGO,ND,58103-7110
Matt's Automotive Service Center Fargo,TEK,3540,17776334,1031,104,,9,Amber,Schwartz,4590 16TH ST S,,MOORHEAD,MN,56560-3966
Matt's Automotive Service Center Fargo,TEK,3540,17830426,1031,104,,3,Jacob,Ostlie,675 PARKWAY LN W,,NORTHWOOD,ND,58267-4510
Matt's Automotive Service Center Fargo,TEK,3540,17821681,1031,104,,9,Dane,Johansen,1117 26TH ST N,,FARGO,ND,58102-3128
Matt's Automotive Service Center Fargo,TEK,3540,17887950,1031,104,,9,Rosie,Flor,1730 40TH ST S APT 124,,FARGO,ND,58103-4480
Matt's Automotive Service Center Fargo,TEK,3540,17837007,1031,104,,9,Nikki,Wolfe,4854 AMBER VALLEY PKWY S APT 206,,FARGO,ND,58104-8629
Matt's Automotive Service Center Fargo,TEK,3540,17884393,1031,104,,9,Kaitlyn,Jorgenson,1820 39TH ST S APT 216,,FARGO,ND,58103-7190
Matt's Automotive Service Center Fargo,TEK,3540,17890156,1031,104,,9,Zach,O'brien,3707 GLEN OAKS AVE,,SAINT PAUL,MN,55110-4930
Matt's Automotive Service Center Fargo,TEK,3540,17818944,1031,104,,3,Ayanna,Doll,2430 36TH ST S,,MOORHEAD,MN,56560-7131
Matt's Automotive Service Center Fargo,TEK,3540,17898422,1031,104,,3,David,Hubbard,1533 69TH AVE S,,FARGO,ND,58104-3004
Matt's Automotive Service Center Fargo,TEK,3540,17826467,1031,104,,9,Tammy,Sletten,841 12TH AVE W,,WEST FARGO,ND,58078-2410
Matt's Automotive Service Center Fargo,TEK,3540,17870525,1031,104,,3,Kipp,Krueger,105 E INTERSTATE AVE,,BISMARCK,ND,58503-1147
Matt's Automotive Service Center Fargo,TEK,3540,17798134,1031,104,,3,Mike,Block,3026 21ST ST S,,FARGO,ND,58103-6751
Matt's Automotive Service Center Fargo,TEK,3540,17846979,1031,104,,9,Kara,Kannegiesser,36752 320TH ST,,CLONTARF,MN,56226-3005
Matt's Automotive Service Center Fargo,TEK,3540,17839017,1031,104,,9,Marguerite,Nelson,4955 17TH AVE S APT 235,,FARGO,ND,58103-3566
Matt's Automotive Service Center Fargo,TEK,3540,17840233,1031,104,,9,Jaqulyn,Knaub,2751 36TH AVE S,,FARGO,ND,58104-8825
Matt's Automotive Service Center Fargo,TEK,3540,17784556,1031,104,,3,Jamie,Miller,1006 18 1/2 ST S APT 3,,MOORHEAD,MN,56560-3192
Matt's Automotive Service Center Fargo,TEK,3540,17891869,1031,104,,3,Michael,Ritchie,150 N EAST RIVER RD APT 202,,DES PLAINES,IL,60016-1284
Matt's Automotive Service Center Fargo,TEK,3540,17861936,1031,104,,9,Tori,Justinger,3570 HARRISON ST S,,FARGO,ND,58104-6997
Matt's Automotive Service Center Fargo,TEK,3540,17844910,1031,104,,3,Terri,Peschong,1309 17TH ST S,,FARGO,ND,58103-3934
Matt's Automotive Service Center Fargo,TEK,3540,17865785,1031,104,,3,Seth,Carlson,1325 23RD ST S,,MOORHEAD,MN,56560-3816
Matt's Automotive Service Center Fargo,TEK,3540,17885364,1031,104,,3,Kylee,Hansen,543 E 4TH ST,,MORRIS,MN,56267-2107
Matt's Automotive Service Center Fargo,TEK,3540,17809836,1031,104,,3,Bernita,Marlin,3141 32ND ST S APT 13,,FARGO,ND,58103-7859
Matt's Automotive Service Center Fargo,TEK,3540,17847460,1031,104,,3,Amy,Holywing,1820 40TH ST S APT 22,,FARGO,ND,58103-4464
Matt's Automotive Service Center Fargo,TEK,3540,17785515,1031,104,,3,Brandon,Clark,1211 43 1/2 ST S APT 304,,FARGO,ND,58103-7342
Matt's Automotive Service Center Fargo,TEK,3540,17890008,1031,104,,3,Mason,Wikstrom,325 DAKOTA AVE,,HORACE,ND,58047-4314
Matt's Automotive Service Center Fargo,TEK,3540,17835051,1031,104,,9,Faith,Durham,5401 RIVER DR,,FARGO,ND,58102-7004
Matt's Automotive Service Center Fargo,TEK,3540,17789295,1031,104,,9,Gabriel,Kuac,319 9TH ST S APT 6,,FARGO,ND,58103-1871
Matt's Automotive Service Center Fargo,TEK,3540,17860481,1031,104,,9,Jeanette,Kayanie,PO BOX 4016,,WINDOW ROCK,AZ,86515-4016
Matt's Automotive Service Center Fargo,TEK,3540,17852623,1031,104,,9,Brandon,Bauman,204 24TH ST S,,FARGO,ND,58103-1350
Matt's Automotive Service Center Fargo,TEK,3540,17777887,1031,104,,3,Stephanie,Larson,711 UNIVERSITY DR S APT 3,,FARGO,ND,58103-2690
Matt's Automotive Service Center Fargo,TEK,3540,17894525,1031,104,,3,Ismeta,Beganovic,5245 28TH AVE S APT 104,,FARGO,ND,58104-9080
Matt's Automotive Service Center Fargo,TEK,3540,17850040,1031,104,,9,Maza,Oldrock,1120 16TH ST N APT 15,,FARGO,ND,58102-3369
Matt's Automotive Service Center Fargo,TEK,3540,17775551,1031,104,,3,Richard,Moreson,4417 LA CASA WAY S,,FARGO,ND,58103-1061
Matt's Automotive Service Center Fargo,TEK,3540,17795026,1031,104,,3,Amanda,Swenson,1500 N BROADWAY APT W208,,CROOKSTON,MN,56716-1362
Matt's Automotive Service Center Fargo,TEK,3540,17807156,1031,104,,9,Arienne,Haffey,25395 DUCK KEY RD,,DETROIT LAKES,MN,56501-7983
Matt's Automotive Service Center Fargo,TEK,3540,17876639,1031,104,,3,Chris,Anderson,438 2ND ST SW APT A,,JAMESTOWN,ND,58401-4053
Matt's Automotive Service Center Fargo,TEK,3540,17793229,1031,104,,3,Hannah,Miertschin,6484 COLLEGE LN,,JAMESTOWN,ND,58405-1004
Matt's Automotive Service Center Fargo,TEK,3540,17856148,1031,104,,3,Spencer,Dockham,838 36TH AVE E APT 308,,WEST FARGO,ND,58078-7946
Matt's Automotive Service Center Fargo,TEK,3540,17866980,1031,104,,9,Reanna,Rudd,1111 32ND AVE N APT 319,,FARGO,ND,58102-1282
Matt's Automotive Service Center Fargo,TEK,3540,17801985,1031,104,,3,Tosha,Privette,500 CHARLOTTE ST SE,,WILLMAR,MN,56201-4344
Matt's Automotive Service Center Fargo,TEK,3540,17779997,1031,104,,3,Collin,Cahill,3305 4TH ST E APT 8,,WEST FARGO,ND,58078-3076
Matt's Automotive Service Center Fargo,TEK,3540,17792227,1031,104,,9,Landen,Nordick,3842 10TH ST N,,FARGO,ND,58102-1044
Matt's Automotive Service Center Fargo,TEK,3540,17811335,1031,104,,3,Rasheed,Hawadle,2551 36TH AVE S APT 304,,FARGO,ND,58104-8818
Matt's Automotive Service Center Fargo,TEK,3540,17806815,1031,104,,9,Andrew,Wegscheid,36473 530TH AVE,,NEW YORK MILLS,MN,56567-8939
Matt's Automotive Service Center Fargo,TEK,3540,17838403,1031,104,,9,Ismael,Silva,3036 9 1/2 ST N,,FARGO,ND,58102-1356
Matt's Automotive Service Center Fargo,TEK,3540,17889674,1031,104,,3,Jordan,Ramshome,664 SANTA CRUZ DR S,,FARGO,ND,58103-1079
Matt's Automotive Service Center Fargo,TEK,3540,17859310,1031,104,,3,Andrew,Morgan,8519 425TH AVE,,JANESVILLE,MN,56048-1205
Matt's Automotive Service Center Fargo,TEK,3540,17867863,1031,104,,9,Zach,Gappa,4021 18TH AVE S UNIT 3,,FARGO,ND,58103-7422
Matt's Automotive Service Center Fargo,TEK,3540,17824319,1031,104,,9,Mark,DeMoss,566 42ND ST S APT 251,,FARGO,ND,58103-1178
Matt's Automotive Service Center Fargo,TEK,3540,17838588,1031,104,,3,Aliza,Hochhalter,1027 COLLEGE ST N,,FARGO,ND,58102-3431
Matt's Automotive Service Center Fargo,TEK,3540,17834285,1031,104,,9,Edow,Jiru,4570 49TH AVE S APT 213,,FARGO,ND,58104-4581
Matt's Automotive Service Center Fargo,TEK,3540,17801301,1031,104,,9,Anthony,Blankenship,815 34TH AVE E,,WEST FARGO,ND,58078-7992
Matt's Automotive Service Center Fargo,TEK,3540,17875269,1031,104,,3,Zach,Angen,1414 9TH ST N,,FARGO,ND,58102-2620
Matt's Automotive Service Center Fargo,TEK,3540,17837328,1031,104,,3,Nischal,Koirala,1002 43 1/2 ST S APT 214,,FARGO,ND,58103-7322
Matt's Automotive Service Center Fargo,TEK,3540,17829768,1031,104,,9,Adrian,Madsen,1837 UNIVERSITY DR N,,FARGO,ND,58105-2504
Matt's Automotive Service Center Fargo,TEK,3540,17899026,1031,104,,9,Lindsey,Broda,2819 HELEN ST N,,SAINT PAUL,MN,55109-1609
Matt's Automotive Service Center Fargo,TEK,3540,17808481,1031,104,,3,Isabelle,WIlliams,1026 27TH AVE W,,WEST FARGO,ND,58078-8465
Matt's Automotive Service Center Fargo,TEK,3540,17822769,1031,104,,9,Robert,Sims,1321 20TH ST S APT 4,,MOORHEAD,MN,56560-3151
Matt's Automotive Service Center Fargo,TEK,3540,17847810,1031,104,,9,Matt,Fulks,3101 6TH ST E,,WEST FARGO,ND,58078-5433
Matt's Automotive Service Center Fargo,TEK,3540,17815891,1031,104,,9,Halle,Girtz,29019 83RD ST,,PIERZ,MN,56364-7707
Matt's Automotive Service Center Fargo,TEK,3540,17864180,1031,104,,3,Abby,Van der Swaagh,433 FABYAN RD,,NORTH GROSVENORDALE,CT,06255-1507
Matt's Automotive Service Center Fargo,TEK,3540,17812302,1031,104,,9,James,Christlieb,911 COLLEGE ST N,,FARGO,ND,58102-3429
Matt's Automotive Service Center Fargo,TEK,3540,17803942,1031,104,,9,Matthew,Branstad,4235 9TH AVENUE CIR S APT 301,,FARGO,ND,58103-7092
Matt's Automotive Service Center Fargo,TEK,3540,17878761,1031,104,,9,Andrew,Dohn,4400 CALICO DR S,,FARGO,ND,58104-8925
Matt's Automotive Service Center Fargo,TEK,3540,17795346,1031,104,,9,Tim,Judd,1119 11TH AVE N,,FARGO,ND,58102-3525
Matt's Automotive Service Center Fargo,TEK,3540,17809522,1031,104,,3,Sage,Tremaine,725 42ND ST S,,FARGO,ND,58103-1153
Matt's Automotive Service Center Fargo,TEK,3540,17886136,1031,104,,9,Nicole,Philippot,1045 39TH ST S,,MOORHEAD,MN,56560-8201
Matt's Automotive Service Center Fargo,TEK,3540,17813849,1031,104,,3,Josh,Johnson,1810 49TH ST S APT 203,,FARGO,ND,58103-7705
Matt's Automotive Service Center Fargo,TEK,3540,17781288,1031,104,,3,Bobby,Demolee,4535 URBAN PLAINS DR APT 110,,FARGO,ND,58104-3506
Matt's Automotive Service Center Fargo,TEK,3540,17863241,1031,104,,9,Mike,Halas,PO BOX 212,,FARGO,ND,58107-0212
Matt's Automotive Service Center Fargo,TEK,3540,17777590,1031,104,,3,Joe,Larson,3435 CRYSTAL CIR NW,,PRIOR LAKE,MN,55372-1636
Matt's Automotive Service Center Fargo,TEK,3540,17870845,1031,104,,9,Enrique,Cortina,4355 10TH AVE S,,FARGO,ND,58103-7067
Matt's Automotive Service Center Fargo,TEK,3540,17791140,1031,104,,9,Alene,Spear,240 CHESTNUT DR,,HORACE,ND,58047-4005
Matt's Automotive Service Center Fargo,TEK,3540,17796386,1031,104,,9,Abigail,Sobol,1632 51ST ST S,,FARGO,ND,58103-8963
Matt's Automotive Service Center Fargo,TEK,3540,17828187,1031,104,,9,Legendary,Builders,1803 16TH ST S,,MOORHEAD,MN,56560-5804
Matt's Automotive Service Center Fargo,TEK,3540,17892381,1031,104,,3,Dylan,Brandell,8131 INLAND LN N,,MAPLE GROVE,MN,55311-1772
Matt's Automotive Service Center Fargo,TEK,3540,17896724,1031,104,,3,Juliann,Stark,1940 DAKOTA DR N,,FARGO,ND,58102-3275
Matt's Automotive Service Center Fargo,TEK,3540,17887959,1031,104,,3,Micah,King,1900 21ST AVE S,,FARGO,ND,58103-5191
Matt's Automotive Service Center Fargo,TEK,3540,18472679,1031,104,,3,Mitch,Olson,4482 47TH ST S APT 209,,FARGO,ND,58104-4328
Matt's Automotive Service Center Fargo,TEK,3540,17864293,1031,104,,9,Matthew,Stancil,3256 9TH ST W APT A,,WEST FARGO,ND,58078-7825
Matt's Automotive Service Center Fargo,TEK,3540,19738857,1031,104,,3,Rita,Odegard,1342 167TH AVE NE,,BUXTON,ND,58218-9255
Matt's Automotive Service Center Fargo,TEK,3540,19317468,1031,104,,9,Sam,Krause,1861 39TH ST S APT 204,,FARGO,ND,58103-7163
Matt's Automotive Service Center Fargo,TEK,3540,20288039,1031,104,,9,Mason,Longtin,1033 43 1/2 ST S APT 104,,FARGO,ND,58103-7323
Matt's Automotive Service Center Fargo,TEK,3540,17847743,1031,104,,3,Jalen,May,4920 39TH AVE S,,FARGO,ND,58104-4484
Matt's Automotive Service Center Fargo,TEK,3540,20880970,1031,104,,3,David,Sastaneda,4227 9TH AVE S,104,FARGO,ND,58103-2018
Matt's Automotive Service Center Fargo,TEK,3540,17814657,1031,104,,3,Nikki,Nelson,448 22ND ST E,,WEST FARGO,ND,58078-2331
Matt's Automotive Service Center Fargo,TEK,3540,21047815,1031,104,,9,Linneah,Hanson,2207 18TH ST S,,MOORHEAD,MN,56560-5830
Matt's Automotive Service Center Fargo,TEK,3540,20856186,1031,104,,9,Jordan,Herseth,2571 VILLA DR S,,FARGO,ND,58103-3698
Matt's Automotive Service Center Fargo,TEK,3540,17839956,1031,104,,3,David,Huebner,3769 NORMAN CT S,,FARGO,ND,58104-8503
Matt's Automotive Service Center Fargo,TEK,3540,20880060,1031,104,,9,Matt,Gatzke,1807 PARK BLVD S,,FARGO,ND,58103-4735
Matt's Automotive Service Center Fargo,TEK,3540,18340916,1031,104,,3,Isaac,Kirkeby,323 5TH ST,,MAPLETON,ND,58059-4111
Matt's Automotive Service Center Fargo,TEK,3540,21886758,1031,104,,3,Lucas,Schwan,15502 E MUNSON DR,,DETROIT LAKES,MN,56501-7128
Matt's Automotive Service Center Fargo,TEK,3540,17830393,1031,104,,3,Gretchen,Barker,402 7TH AVE S APT 5,,FARGO,ND,58103-2842
Matt's Automotive Service Center Fargo,TEK,3540,22845781,1031,104,,9,Johnson,Jacques,5245 28TH AVE S APT 211,,FARGO,ND,58104-9081
Matt's Automotive Service Center Fargo,TEK,3540,23503252,1031,104,,3,Spencer,Junkin,4022 18TH AVE S APT 210,,FARGO,ND,58103-7113
Matt's Automotive Service Center Fargo,TEK,3540,17898572,1031,104,,9,Karen,Barry,4530 16TH AVE S APT 202,,FARGO,ND,58103-3270
Matt's Automotive Service Center Fargo,TEK,3540,17891582,1031,104,,3,Taryn,Pallen,738 30TH TER E,,WEST FARGO,ND,58078-7981
Matt's Automotive Service Center Fargo,TEK,3540,17820229,1031,104,,9,Elise,Demarais,1534 7TH ST N,,FARGO,ND,58102-2231
Matt's Automotive Service Center Fargo,TEK,3540,24658497,1031,104,,3,Dominic,Larocco,3025 18TH ST S,,FARGO,ND,58103-6715
Matt's Automotive Service Center Fargo,TEK,3540,24697356,1031,104,,3,Anthony,Vetter,1625 10TH AVE E,,WEST FARGO,ND,58078-5215
Matt's Automotive Service Center Fargo,TEK,3540,24455056,1031,104,,3,Crystal,Dunham,1111 10TH ST S,,FARGO,ND,58103-3105
Matt's Automotive Service Center Fargo,TEK,3540,24701345,1031,104,,9,Victor,Zaval,4281 33RD AVE S APT 304,,FARGO,ND,58104-7538
Matt's Automotive Service Center Fargo,TEK,3540,26166950,1031,104,,9,Alexander,Pittenger,727 14TH ST N,,FARGO,ND,58102-3416
Matt's Automotive Service Center Fargo,TEK,3540,24714698,1031,104,,9,Joseph,Heiser,732 JUNIPER DR,,BISMARCK,ND,58503-0117
Matt's Automotive Service Center Fargo,TEK,3540,17776227,1031,104,,9,Christine,McMakin,3521 30TH AVE S APT 14,,FARGO,ND,58103-6255
Matt's Automotive Service Center Fargo,TEK,3540,17868423,1031,104,,9,Macy,Senn,630 1ST AVE N APT 425,,FARGO,ND,58102-5263
Matt's Automotive Service Center Fargo,TEK,3540,29213850,1031,104,,3,Steven,Bruner,1864 39TH ST S,,FARGO,ND,58103-4507
Matt's Automotive Service Center Fargo,TEK,3540,29367934,1031,104,,3,Sydney,Bravek,312 11TH ST N APT 410,,FARGO,ND,58102-5531
Matt's Automotive Service Center Fargo,TEK,3540,29132080,1031,104,,3,Kaylee,Ridler,2211 17TH ST S APT 5,,FARGO,ND,58103-5257
Matt's Automotive Service Center Fargo,TEK,3540,29642207,1031,104,,3,Jordan,Olson,4462 BLUE STEM WAY,,MOORHEAD,MN,56560-7078
Matt's Automotive Service Center Fargo,TEK,3540,22177991,1031,104,,3,Michael,Richter,4060 58TH AVE S UNIT C,,FARGO,ND,58104-7946
Matt's Automotive Service Center Fargo,TEK,3540,17808360,1031,104,,9,Peyton,Bradley,2119 ROSE CREEK DR S,,FARGO,ND,58104-6805
Matt's Automotive Service Center Fargo,TEK,3540,30087848,1031,104,,9,Katelyn,Jensen,630 1ST AVE N APT 414,,FARGO,ND,58102-5262
Matt's Automotive Service Center Fargo,TEK,3540,26196310,1031,104,,9,Bella,Lien,1035 38 1/2 AVE W,,WEST FARGO,ND,58078-8150
Matt's Automotive Service Center Fargo,TEK,3540,23485828,1031,104,,9,Nick,Fulks,1719 10TH ST S,,FARGO,ND,58103-4911
Matt's Automotive Service Center Fargo,TEK,3540,27863549,1031,104,,9,Shakyra,Johnson,3043 33RD ST S UNIT 5,,FARGO,ND,58103-7881
Matt's Automotive Service Center Fargo,TEK,3540,31187759,1031,104,,3,Sara,Simonette,22555 DODD BLVD,,LAKEVILLE,MN,55044-8556
Matt's Automotive Service Center Fargo,TEK,3540,31189938,1031,104,,3,Jon,Richards,320 32ND AVE W APT 305,,WEST FARGO,ND,58078-8415
Matt's Automotive Service Center Fargo,TEK,3540,31239066,1031,104,,9,Miranda,Griechen,5497 28TH AVE S,,FARGO,ND,58104-9045
Matt's Automotive Service Center Fargo,TEK,3540,31239874,1031,104,,9,Katie,Kahn,1844 10TH ST N,,FARGO,ND,58105-5780
Matt's Automotive Service Center Fargo,TEK,3540,31371136,1031,104,,3,Myron,Grindheim,2620 41ST ST S APT 416,,FARGO,ND,58104-9162
Matt's Automotive Service Center Fargo,TEK,3540,17784875,1031,104,,9,Cheney,Korianitis,1541 35TH ST S APT 202,,FARGO,ND,58103-8455
Matt's Automotive Service Center Fargo,TEK,3540,31633396,1031,104,,3,Jamie,Lee,9899 51ST ST NE,,SAINT MICHAEL,MN,55376-7506
Matt's Automotive Service Center Fargo,TEK,3540,30096665,1031,104,,3,Jordan,Frethem,3548 17TH ST S,,MOORHEAD,MN,56560-7047
Matt's Automotive Service Center Fargo,TEK,3540,17866207,1031,104,,3,Kassandra,Raasch,1908 BURLINGTON DR,,WEST FARGO,ND,58078-4337
Matt's Automotive Service Center Fargo,TEK,3540,20857633,1031,104,,3,Michelle,Vincent,5170 AMBER VALLEY PKWY S APT 335,,FARGO,ND,58104-8663
Matt's Automotive Service Center Fargo,TEK,3540,32855226,1031,104,,3,Aidan,Shay,35 MEADOWBROOK DR,,SELINSGROVE,PA,17870-9114
Matt's Automotive Service Center Fargo,TEK,3540,32920631,1031,104,,9,Jeremy,Skager,1102 10TH AVE S,,FARGO,ND,58103-3113
Matt's Automotive Service Center Fargo,TEK,3540,33504024,1031,104,,9,Valerie,Gonzales,909 WESTERN RD APT 9,,WAHPETON,ND,58075-3756
Matt's Automotive Service Center Fargo,TEK,3540,33527210,1031,104,,3,Mason,Miller,1195 35TH ST N APT 116,,FARGO,ND,58102-3174
Matt's Automotive Service Center Fargo,TEK,3540,33517820,1031,104,,9,Jack,Nugent,1920 DAKOTA DR N APT 101,,FARGO,ND,58102-3277
Matt's Automotive Service Center Fargo,TEK,3540,33252638,1031,104,,3,Mathew,Bitrus,3538 5TH ST W APT 206,,WEST FARGO,ND,58078-7708
Matt's Automotive Service Center Fargo,TEK,3540,34377367,1031,104,,3,Ian,Broxmeyer,1334 9TH AVE N APT 17,,FARGO,ND,58102-3443
Matt's Automotive Service Center Fargo,TEK,3540,17822076,1031,104,,9,Madelyn,Bridgeman,1420 BOLLEY DR,,FARGO,ND,58105-5710
Matt's Automotive Service Center Fargo,TEK,3540,34669010,1031,104,,3,Stephanie,Mondragon,1430 SUNTREE DR,,WEST FARGO,ND,58078-4509
Matt's Automotive Service Center Fargo,TEK,3540,34384556,1031,104,,9,Daryl,Boettcher,2760 47TH ST S,,FARGO,ND,58104-9150
Matt's Automotive Service Center Fargo,TEK,3540,34714005,1031,104,,3,Joseph,Hager,2850 UPTOWN WAY S,,FARGO,ND,58104-2806
Matt's Automotive Service Center Fargo,TEK,3540,24150191,1031,104,,3,Autumn,Jensen,847 CENTER ST,,ENDERLIN,ND,58027-1418
Matt's Automotive Service Center Fargo,TEK,3540,35352592,1031,104,,3,Kadee,Schlinker,815 34TH AVE E,,WEST FARGO,ND,58078-7992
Matt's Automotive Service Center Fargo,TEK,3540,35316806,1031,104,,9,Aaron,Wold,4811 36TH AVE N,,REILES ACRES,ND,58102-5445
Matt's Automotive Service Center Fargo,TEK,3540,35698867,1031,104,,3,Chlejel,Gabrido,1414 12TH AVE N APT 213,,FARGO,ND,58102-3787
Matt's Automotive Service Center Fargo,TEK,3540,34909246,1031,104,,9,Phillis Ann,Bergeson,1349 E ROSE CREEK PKWY S,,FARGO,ND,58104-6373
Matt's Automotive Service Center Fargo,TEK,3540,35339791,1031,104,,3,Alexander,Sommer,1502 DAKOTA DR N APT 35,,FARGO,ND,58102-3371
Matt's Automotive Service Center Fargo,TEK,3540,36009406,1031,104,,9,Kody,Huisman,508 COLUMBUS ST,,PELLA,IA,50219-1423
Matt's Automotive Service Center Fargo,TEK,3540,36197820,1031,104,,3,Korbin,Peterson,4593 STATE HIGHWAY 72 SE,,BAUDETTE,MN,56623-2692
Matt's Automotive Service Center Fargo,TEK,3540,17811222,1031,104,,9,David,Kerzman,4379 35TH AVE S,,FARGO,ND,58104-7515
Matt's Automotive Service Center Fargo,TEK,3540,36206153,1031,104,,9,Jake,Hanson,2733 47TH ST S APT 305,,FARGO,ND,58104-8450
Matt's Automotive Service Center Fargo,TEK,3540,36360149,1031,104,,3,Barbara,Schrupp,5660 33RD AVE S APT 209,,FARGO,ND,58104-7491
Matt's Automotive Service Center Fargo,TEK,3540,17839841,1031,104,,9,DJ,Colter,241 CHESTNUT DR,,HORACE,ND,58047-4006
Matt's Automotive Service Center Fargo,TEK,3540,32669170,1031,104,,9,Ijla,Kovacevic,1761 39TH ST S APT 202,,FARGO,ND,58103-7181
Matt's Automotive Service Center Fargo,TEK,3540,36192876,1031,104,,3,Kyra,Baker,2145 2ND AVE E,,WEST FARGO,ND,58078-2303
Matt's Automotive Service Center Fargo,TEK,3540,36750982,1031,104,,3,Seth,Mossenthin,601 BARNES ST,,LONOKE,AR,72086-2537
Matt's Automotive Service Center Fargo,TEK,3540,36712449,1031,104,,3,Jadin,Stromme,1140 5TH ST N,,FARGO,ND,58102-3713
