Shop Name,Software,SID,CID,WSID,WCID,MBdayMo,TBdayMo,First,Last,Address,Address2,City,St,Zip
Matt's Automotive Service Center SOMO,TEK,3541,17947055,1032,104,9,,Matt,Harford,33 S 3RD ST,,GRAND FORKS,ND,58201-4789
Matt's Automotive Service Center SOMO,TEK,3541,17912788,1032,104,9,,Dan,Johnson,4114 41ST AVE S,,MOORHEAD,MN,56560-7510
Matt's Automotive Service Center SOMO,TEK,3541,17951560,1032,104,9,,Ehrin,Mckaig,1720 3RD ST S,,MOORHEAD,MN,56560-4116
Matt's Automotive Service Center SOMO,TEK,3541,17930056,1032,104,09,,Nick,Mertens,1603 16TH ST S,,MOORHEAD,MN,56560-5713
Matt's Automotive Service Center SOMO,TEK,3541,17899860,1032,104,9,,James,Mac Farlane,500 35TH AVE S,,MOORHEAD,MN,56560-5533
Matt's Automotive Service Center SOMO,TEK,3541,17916313,1032,104,9,,Devin,Nitzkorski,1902 24TH AVE S,,MOORHEAD,MN,56560-4828
Matt's Automotive Service Center SOMO,TEK,3541,17952748,1032,104,9,,Scott,Blattenbauer,1801 27TH ST S,,MOORHEAD,MN,56560-3835
Matt's Automotive Service Center SOMO,TEK,3541,17916688,1032,104,9,,Steve,Busse,PO BOX 24,,SABIN,MN,56580-0024
Matt's Automotive Service Center SOMO,TEK,3541,17921438,1032,104,9,,Ginny,Hennemann,212 6TH ST S APT 101,,MOORHEAD,MN,56560-2760
Matt's Automotive Service Center SOMO,TEK,3541,17952135,1032,104,9,,Charles,Chapman,39 QUEEN ST,,MOORHEAD,MN,56560-2455
Matt's Automotive Service Center SOMO,TEK,3541,17935584,1032,104,9,,Josh,Koth,1516 13TH ST S,,MOORHEAD,MN,56560-3733
Matt's Automotive Service Center SOMO,TEK,3541,17911478,1032,104,9,,Larry,Hauger,4130 S RIVERSHORE DR,,MOORHEAD,MN,56560-5627
Matt's Automotive Service Center SOMO,TEK,3541,17912888,1032,104,9,,Cory,Hengel,3533 10TH ST S,,MOORHEAD,MN,56560-6137
Matt's Automotive Service Center SOMO,TEK,3541,17951030,1032,104,9,,Steve,Suchla,13750 HIGHWAY 75 S,,MOORHEAD,MN,56560-7829
Matt's Automotive Service Center SOMO,TEK,3541,17955754,1032,104,9,,Roger,Lipetzky,3604 WESTMOOR BLVD,,MOORHEAD,MN,56560-6912
Matt's Automotive Service Center SOMO,TEK,3541,17914015,1032,104,9,,Bryn,Woodside,2733 47TH ST S APT 208,,FARGO,ND,58104-8539
Matt's Automotive Service Center SOMO,TEK,3541,17931963,1032,104,9,,Pat,Murray,110 39TH AVE S,,MOORHEAD,MN,56560-5615
Matt's Automotive Service Center SOMO,TEK,3541,17909724,1032,104,9,,Tim,Sanden,4008 2 1/2 ST S,,MOORHEAD,MN,56560-6702
Matt's Automotive Service Center SOMO,TEK,3541,17958957,1032,104,9,,Fern,Olsen,2752 32ND ST S,,MOORHEAD,MN,56560-5458
Matt's Automotive Service Center SOMO,TEK,3541,17948497,1032,104,9,,Tennille,Witte,3228 36TH AVE S,,FARGO,ND,58104-8898
Matt's Automotive Service Center SOMO,TEK,3541,17926982,1032,104,9,,Daren,Portner,1001 N PAYNE ST,,NEW ULM,MN,56073-1458
Matt's Automotive Service Center SOMO,TEK,3541,17928155,1032,104,09,,Judy,Newbrey,14 BARLEY CT,,FORT MITCHELL,AL,36856-5419
Matt's Automotive Service Center SOMO,TEK,3541,17943381,1032,104,9,,Kelsey,Fehl,1010 39TH ST S,,MOORHEAD,MN,56560-8202
Matt's Automotive Service Center SOMO,TEK,3541,17953275,1032,104,9,,Gregg,Anderson,6121 23RD ST S,,FARGO,ND,58104-7622
Matt's Automotive Service Center SOMO,TEK,3541,17932688,1032,104,9,,Candi,Dunham,45321 COUNTY HIGHWAY 21,,BARNESVILLE,MN,56514-9316
Matt's Automotive Service Center SOMO,TEK,3541,17917677,1032,104,9,,Aaron,Knutson,1626 41ST AVE S,,MOORHEAD,MN,56560-7426
Matt's Automotive Service Center SOMO,TEK,3541,17925213,1032,104,9,,Tania,Molden,3152 19TH AVE N,,FARGO,ND,58102-7111
Matt's Automotive Service Center SOMO,TEK,3541,17948558,1032,104,9,,Mike,Hagstrom,1346 4TH ST N,,FARGO,ND,58102-2713
Matt's Automotive Service Center SOMO,TEK,3541,17927189,1032,104,9,,Samantha,Frankl,3947 30TH AVE S,,FARGO,ND,58104-7799
Matt's Automotive Service Center SOMO,TEK,3541,17902340,1032,104,9,,Bethany,Friendshuh,1502 BELSLY BLVD APT 104,,MOORHEAD,MN,56560-5193
Matt's Automotive Service Center SOMO,TEK,3541,17908863,1032,104,9,,Michelle,Rosenfeldt,1018 35TH AVE S,,MOORHEAD,MN,56560-6124
Matt's Automotive Service Center SOMO,TEK,3541,17952710,1032,104,9,,Matt,Dawson,505 13TH ST NE,,DILWORTH,MN,56529-1520
Matt's Automotive Service Center SOMO,TEK,3541,17961415,1032,104,9,,Mark,Albertson,1304 58TH AVE N,,MOORHEAD,MN,56560-6569
Matt's Automotive Service Center SOMO,TEK,3541,17940531,1032,104,9,,Dori,Laymon,3508 11TH ST S,,MOORHEAD,MN,56560-6120
Matt's Automotive Service Center SOMO,TEK,3541,17910890,1032,104,9,,Lisa,Nicholas,2202 18TH AVE S,,FARGO,ND,58103-4712
Matt's Automotive Service Center SOMO,TEK,3541,17933028,1032,104,9,,Mary,Davidow,260 BALLARD HALL,,MOORHEAD,MN,56563-1044
Matt's Automotive Service Center SOMO,TEK,3541,17960779,1032,104,9,,Tara,Krebsbach,1708 23RD ST S,,FARGO,ND,58103-4726
Matt's Automotive Service Center SOMO,TEK,3541,17925053,1032,104,9,,Holly,Warren,33099 355TH ST,,OGEMA,MN,56569-9573
Matt's Automotive Service Center SOMO,TEK,3541,17932998,1032,104,9,,Jerry,Daub,5521 15TH ST S,,FARGO,ND,58104-6395
Matt's Automotive Service Center SOMO,TEK,3541,17930153,1032,104,9,,Alberta,Nelson,1423 5TH AVE S,,FARGO,ND,58103-1637
Matt's Automotive Service Center SOMO,TEK,3541,17905402,1032,104,9,,Matt,Weis,1631 BELSLY BLVD APT 311,,MOORHEAD,MN,56560-6136
Matt's Automotive Service Center SOMO,TEK,3541,17916513,1032,104,9,,Davante,Barron,102 5TH ST NW APT 12,,DILWORTH,MN,56529-1083
Matt's Automotive Service Center SOMO,TEK,3541,17927536,1032,104,9,,Steve,Trowbridge,2922 HEATHERWOOD CIR S,,MOORHEAD,MN,56560-5328
Matt's Automotive Service Center SOMO,TEK,3541,17937414,1032,104,9,,Todd,Randall,1101 7TH ST S,,FARGO,ND,58103-2711
Matt's Automotive Service Center SOMO,TEK,3541,17915270,1032,104,9,,Weiwei,Fellman,4809 MEADOW CREEK DR S,,FARGO,ND,58104-7114
Matt's Automotive Service Center SOMO,TEK,3541,17918945,1032,104,09,,Zaundra,Bina,3679 RIVER DR S,,FARGO,ND,58104-6254
Matt's Automotive Service Center SOMO,TEK,3541,17904031,1032,104,9,,Drew,Hagen,1481 41ST AVE S,,MOORHEAD,MN,56560-7421
Matt's Automotive Service Center SOMO,TEK,3541,17940335,1032,104,9,,Gabe,Foltz,23383 COUNTY ROAD 104,,DETROIT LAKES,MN,56501-7740
Matt's Automotive Service Center SOMO,TEK,3541,17943756,1032,104,9,,Jim,Powell,1435 S 18TH ST,,GRAND FORKS,ND,58201-5358
Matt's Automotive Service Center SOMO,TEK,3541,17901831,1032,104,9,,Jacob,Ell,2919 38TH AVE S,,MOORHEAD,MN,56560-6036
Matt's Automotive Service Center SOMO,TEK,3541,17899939,1032,104,9,,Steve,Dinnel,2866 26TH STREET CIR S,,MOORHEAD,MN,56560-5354
Matt's Automotive Service Center SOMO,TEK,3541,17936780,1032,104,9,,Jared,Nelson,7701 UNIVERSITY DR S,,FARGO,ND,58104-8025
Matt's Automotive Service Center SOMO,TEK,3541,17899821,1032,104,9,,Fern,Haiby,10 40TH AVE S,,MOORHEAD,MN,56560-5667
Matt's Automotive Service Center SOMO,TEK,3541,17901919,1032,104,09,,Tim,Erpelding,4919 VERDE LN,,BILLINGS,MT,59106-2739
Matt's Automotive Service Center SOMO,TEK,3541,17914885,1032,104,9,,Eric,Dobervich,1625 23RD ST S,,FARGO,ND,58103-3722
Matt's Automotive Service Center SOMO,TEK,3541,17960325,1032,104,9,,Zach,Staples,4389 CALICO DR S APT 100,,FARGO,ND,58104-8799
Matt's Automotive Service Center SOMO,TEK,3541,17901223,1032,104,9,,Ryan,Clark,1548 34TH AVE S,,MOORHEAD,MN,56560-6965
Matt's Automotive Service Center SOMO,TEK,3541,17933358,1032,104,9,,Ron,Goodman,1117 LILAC AVE,,OAKES,ND,58474-1816
Matt's Automotive Service Center SOMO,TEK,3541,17917867,1032,104,9,,Denise,Larson,3923 6TH ST S,,MOORHEAD,MN,56560-5639
Matt's Automotive Service Center SOMO,TEK,3541,17950403,1032,104,9,,Lora,Rogness,3953 11TH ST S,,MOORHEAD,MN,56560-6158
Matt's Automotive Service Center SOMO,TEK,3541,17903146,1032,104,9,,Mike,Reinert,4102 9TH ST S,,MOORHEAD,MN,56560-7422
Matt's Automotive Service Center SOMO,TEK,3541,17901663,1032,104,9,,Amy,Anderson,8890 170TH AVE N,,BORUP,MN,56519-9677
Matt's Automotive Service Center SOMO,TEK,3541,17931990,1032,104,9,,Scott,Matheson,403 6TH ST S,,MOORHEAD,MN,56560-2734
Matt's Automotive Service Center SOMO,TEK,3541,17922471,1032,104,9,,Michael,Dailey,355 W 9TH ST,,WAHOO,NE,68066-1623
Matt's Automotive Service Center SOMO,TEK,3541,17945944,1032,104,9,,Jesse,Differding,4423 3RD ST S,,MOORHEAD,MN,56560-6730
Matt's Automotive Service Center SOMO,TEK,3541,17931980,1032,104,9,,Tony,Haneca,548 HUNTERS DR S,,MOORHEAD,MN,56560-7720
Matt's Automotive Service Center SOMO,TEK,3541,17955499,1032,104,9,,Anatael,Derestile,1210 34TH AVE S APT 108,,MOORHEAD,MN,56560-5118
Matt's Automotive Service Center SOMO,TEK,3541,17904291,1032,104,9,,Thomas,Muesing,1426 45TH AVE S,,MOORHEAD,MN,56560-6977
Matt's Automotive Service Center SOMO,TEK,3541,17949254,1032,104,9,,Andrew,Reinert,4102 9TH ST S,,MOORHEAD,MN,56560-7422
Matt's Automotive Service Center SOMO,TEK,3541,17920185,1032,104,9,,Mike,Falkner,13596 E BIG CORMORANT RD,,AUDUBON,MN,56511-9460
Matt's Automotive Service Center SOMO,TEK,3541,17944299,1032,104,9,,Shelby,Olson,1009 RICHLAND ST,,WAHPETON,ND,58075-3707
Matt's Automotive Service Center SOMO,TEK,3541,17915439,1032,104,9,,Alex,Upton,3411 17TH ST S,,MOORHEAD,MN,56560-7046
Matt's Automotive Service Center SOMO,TEK,3541,17900411,1032,104,9,,Richard,Bjorndahl,2708 29TH AVE S,,MOORHEAD,MN,56560-5360
Matt's Automotive Service Center SOMO,TEK,3541,17929898,1032,104,9,,Tabitha,Sansburn,1440 DAKOTA DR N APT 14,,FARGO,ND,58102-3482
Matt's Automotive Service Center SOMO,TEK,3541,17933169,1032,104,9,,Bruce,Anderson,105 BURT CT NE,,LEESBURG,VA,20176-4970
Matt's Automotive Service Center SOMO,TEK,3541,17920555,1032,104,9,,Nicole,Boedigheimer,3212 18TH ST S,,MOORHEAD,MN,56560-5220
Matt's Automotive Service Center SOMO,TEK,3541,17921115,1032,104,9,,Bob,Wheeler,622 42ND AVE S,,MOORHEAD,MN,56560-6716
Matt's Automotive Service Center SOMO,TEK,3541,18321947,1032,104,9,,James,McKinstra,2936 HANOVER AVE S,,MOORHEAD,MN,56560-5366
Matt's Automotive Service Center SOMO,TEK,3541,18607110,1032,104,9,,Elonzo,Rangel,3132 TEX BLVD,,FORT WORTH,TX,76116-4224
Matt's Automotive Service Center SOMO,TEK,3541,23378899,1032,104,9,,Ryan,Bakken,2134 8TH AVE NW,,EAST GRAND FORKS,MN,56721-2951
Matt's Automotive Service Center SOMO,TEK,3541,17900132,1032,104,9,,Maryann,Manney,3433 28TH ST S UNIT 604,,MOORHEAD,MN,56560-5483
Matt's Automotive Service Center SOMO,TEK,3541,23910848,1032,104,9,,Mike,Mohs,611 EGLON AVE S,,GLYNDON,MN,56547-4305
Matt's Automotive Service Center SOMO,TEK,3541,17923486,1032,104,9,,Mike,Carlson,2916 VILLAGE GREEN DRIVE W LOOP,,MOORHEAD,MN,56560-5338
Matt's Automotive Service Center SOMO,TEK,3541,29216400,1032,104,09,,Jim,Rud,4544 3RD ST S,,MOORHEAD,MN,56560-6728
Matt's Automotive Service Center SOMO,TEK,3541,29356144,1032,104,09,,Marshall,Johnson,1349 2ND ST N,,FARGO,ND,58102-2724
Matt's Automotive Service Center SOMO,TEK,3541,30091880,1032,104,09,,Mason,Clark,4906 28TH AVE S,,FARGO,ND,58104-9017
Matt's Automotive Service Center SOMO,TEK,3541,17916855,1032,104,9,,Molly,Ferguson,307 DALE AVE,,MOORHEAD,MN,56560-4907
Matt's Automotive Service Center SOMO,TEK,3541,17960706,1032,104,09,,Jamie,Hamblin,3037 32ND AVE S,,MOORHEAD,MN,56560-6989
Matt's Automotive Service Center SOMO,TEK,3541,17920975,1032,104,9,,Vanessa,Swanson,1139 46TH AVE S,,MOORHEAD,MN,56560-7088
Matt's Automotive Service Center SOMO,TEK,3541,17906533,1032,104,09,,Kathie,Kvalvog,323 48TH AVE SW,,MOORHEAD,MN,56560-6752
Matt's Automotive Service Center SOMO,TEK,3541,17954838,1032,104,9,,Matthew,Schumacher,506 TESSA DR,,MOORHEAD,MN,56560-5631
Matt's Automotive Service Center SOMO,TEK,3541,17940604,1032,104,9,,Wyatt,Johnson,3830 41ST AVE S,,MOORHEAD,MN,56560-7436
Matt's Automotive Service Center SOMO,TEK,3541,17921306,1032,104,9,,Francis,Gran,3117 27TH ST S,,MOORHEAD,MN,56560-5453
Matt's Automotive Service Center SOMO,TEK,3541,17918384,1032,104,9,,Kevin,Keogh,213 38TH AVENUE CIR S,,MOORHEAD,MN,56560-5668
Matt's Automotive Service Center SOMO,TEK,3541,17961366,1032,104,9,,Travis,Olson,1342 WESTPORT BEACH WAY,,WEST FARGO,ND,58078-8860
