Shop Name,Software,SID,CID,WSID,WCID,MBdayMo,TBdayMo,First,Last,Address,Address2,City,St,Zip
Matt's Automotive Service Center SOMO,TEK,3541,17958143,1032,104,3,,Jeff,Flatland,1722 6TH AVE S,,FARGO,ND,58103-2402
Matt's Automotive Service Center SOMO,TEK,3541,17900581,1032,104,3,,Trevor,Mara,1998 30TH AVE S APT 102,,GRAND FORKS,ND,58201-8914
Matt's Automotive Service Center SOMO,TEK,3541,17908080,1032,104,3,,Julie,Dispirito,13759 DEER POINT RD,,AUDUBON,MN,56511-9458
Matt's Automotive Service Center SOMO,TEK,3541,17930107,1032,104,3,,Nancy,Cline,5605 17TH ST N,,MOORHEAD,MN,56560-6670
Matt's Automotive Service Center SOMO,TEK,3541,17945305,1032,104,3,,Marshall,Johnson,42305 LIDA VIEW LN,,VERGAS,MN,56587-9326
Matt's Automotive Service Center SOMO,TEK,3541,17944389,1032,104,3,,Chuck,Backes,1004 SOUTHCREEK AVE,,GLYNDON,MN,56547-4429
Matt's Automotive Service Center SOMO,TEK,3541,17944236,1032,104,3,,Chris,Vanhal,16558 31ST ST SE,,HARWOOD,ND,58042-9721
Matt's Automotive Service Center SOMO,TEK,3541,17948431,1032,104,3,,Dave,Carlson,1111 22ND AVE S,,MOORHEAD,MN,56560-4515
Matt's Automotive Service Center SOMO,TEK,3541,17900960,1032,104,3,,Brad,Vesta,3037 41ST AVENUE CT S,,MOORHEAD,MN,56560-7473
Matt's Automotive Service Center SOMO,TEK,3541,17940681,1032,104,3,,Jake,Thompson,907 11TH AVE SE,,BARNESVILLE,MN,56514-4021
Matt's Automotive Service Center SOMO,TEK,3541,17920047,1032,104,3,,Lisa,Martin,1303 3RD ST S,,MOORHEAD,MN,56560-4019
Matt's Automotive Service Center SOMO,TEK,3541,17932491,1032,104,3,,James,Weber,625 20TH ST E,,WEST FARGO,ND,58078-2327
Matt's Automotive Service Center SOMO,TEK,3541,17929547,1032,104,3,,Gary,Landsem,17851 SAYLERS LAKEVIEW RD,,LAKE PARK,MN,56554-9605
Matt's Automotive Service Center SOMO,TEK,3541,17931662,1032,104,3,,Tom,Schwieger,952 44TH AVE W,,WEST FARGO,ND,58078-8834
Matt's Automotive Service Center SOMO,TEK,3541,17935811,1032,104,3,,Kimberly,Mcdonald,106 2ND ST NE,,DILWORTH,MN,56529-1236
Matt's Automotive Service Center SOMO,TEK,3541,17949778,1032,104,3,,Mary,Johnson,1411 23RD AVE S,,MOORHEAD,MN,56560-5859
Matt's Automotive Service Center SOMO,TEK,3541,17931766,1032,104,3,,Sarah,Morberg,1020 ELM ST S,,MOORHEAD,MN,56560-3366
Matt's Automotive Service Center SOMO,TEK,3541,17954752,1032,104,3,,Lisa,Kieselbach,1708 15TH ST S,,MOORHEAD,MN,56560-5708
Matt's Automotive Service Center SOMO,TEK,3541,17957970,1032,104,3,,Kent,Hodges,1116 44TH AVE S,,MOORHEAD,MN,56560-6870
Matt's Automotive Service Center SOMO,TEK,3541,17952561,1032,104,3,,Jerry,Krabbenhoft,1125 OAKVIEW DR # 215,,DILWORTH,MN,56529-1827
Matt's Automotive Service Center SOMO,TEK,3541,17900963,1032,104,3,,Tylise,Graff,15034 90TH AVE S,,BARNESVILLE,MN,56514-9173
Matt's Automotive Service Center SOMO,TEK,3541,17904538,1032,104,3,,Ron,Nelson,3005 10TH AVE N,,FARGO,ND,58102-3014
Matt's Automotive Service Center SOMO,TEK,3541,17914922,1032,104,3,,Cecily,Vanderwalker,3016 38TH AVE S,,MOORHEAD,MN,56560-6038
Matt's Automotive Service Center SOMO,TEK,3541,17928922,1032,104,3,,Ben,Woodside,714 VILLA PARK WAY,,WEST FARGO,ND,58078-4366
Matt's Automotive Service Center SOMO,TEK,3541,17950937,1032,104,3,,Don,Nicklay,305 3RD ST NW,,DILWORTH,MN,56529-1029
Matt's Automotive Service Center SOMO,TEK,3541,17914895,1032,104,3,,Bassim,Alsalehy,916 18TH ST S APT 9,,MOORHEAD,MN,56560-6206
Matt's Automotive Service Center SOMO,TEK,3541,17920615,1032,104,3,,Matt,Brunsvold,1420 3RD ST N,,FARGO,ND,58102-2744
Matt's Automotive Service Center SOMO,TEK,3541,17911673,1032,104,3,,Larry,Altenbernd,4053 S RIVERSHORE DR,,MOORHEAD,MN,56560-5624
Matt's Automotive Service Center SOMO,TEK,3541,17917826,1032,104,3,,Jordan,Smart,2008 17TH ST S,,MOORHEAD,MN,56560-5819
Matt's Automotive Service Center SOMO,TEK,3541,17907651,1032,104,3,,Tim,Simdorn,2207 11TH ST S,,MOORHEAD,MN,56560-4305
Matt's Automotive Service Center SOMO,TEK,3541,17958675,1032,104,3,,John,Kelly,4808 2ND ST SW,,MOORHEAD,MN,56560-6759
Matt's Automotive Service Center SOMO,TEK,3541,17953322,1032,104,3,,Darin,Eisinger,PO BOX 65,,COMSTOCK,MN,56525-0065
Matt's Automotive Service Center SOMO,TEK,3541,17941958,1032,104,3,,Ann,Tiegs,4104 S RIVERSHORE DR,,MOORHEAD,MN,56560-5627
Matt's Automotive Service Center SOMO,TEK,3541,17938966,1032,104,3,,Mike,Seaberg,5812 2ND ST N,,MOORHEAD,MN,56560-6559
Matt's Automotive Service Center SOMO,TEK,3541,17921888,1032,104,3,,Kaiya,Sundeen,310 ELM ST,,HUDSON,WI,54016-1671
Matt's Automotive Service Center SOMO,TEK,3541,17932200,1032,104,3,,Kasey,Stokes,6535 KINGFISHER LN NE,,BEMIDJI,MN,56601-7436
Matt's Automotive Service Center SOMO,TEK,3541,17931995,1032,104,3,,Rob,Remark,3916 RIVER OAK CIR,,MOORHEAD,MN,56560-5611
Matt's Automotive Service Center SOMO,TEK,3541,17926591,1032,104,3,,Tracy,Carpenter,1813 8TH AVE S,,FARGO,ND,58103-2416
Matt's Automotive Service Center SOMO,TEK,3541,17902864,1032,104,3,,Richard,Jordahl,405 32ND AVE S,,MOORHEAD,MN,56560-4903
Matt's Automotive Service Center SOMO,TEK,3541,17922408,1032,104,3,,Alex,Kellenberger,516 32ND AVE S,,MOORHEAD,MN,56560-4939
Matt's Automotive Service Center SOMO,TEK,3541,17943299,1032,104,3,,Cameron,Haaland,4014 S RIVERSHORE DR,,MOORHEAD,MN,56560-5625
Matt's Automotive Service Center SOMO,TEK,3541,17934555,1032,104,3,,Susan,Foster,404 CLEARVIEW CT,,MOORHEAD,MN,56560-6800
Matt's Automotive Service Center SOMO,TEK,3541,17901746,1032,104,3,,Adam,Christians,3240 9TH ST W,,WEST FARGO,ND,58078-7745
Matt's Automotive Service Center SOMO,TEK,3541,17919374,1032,104,3,,Ryan,Belen,115 1ST AVE SW,,DILWORTH,MN,56529-1326
Matt's Automotive Service Center SOMO,TEK,3541,17920964,1032,104,3,,Marlys,Gordon,3455 5TH ST W APT 109,,WEST FARGO,ND,58078-8174
Matt's Automotive Service Center SOMO,TEK,3541,17910755,1032,104,3,,Kevin,Krogen,2523 33RD AVE S,,MOORHEAD,MN,56560-5357
Matt's Automotive Service Center SOMO,TEK,3541,17939362,1032,104,3,,Greg,Mueller,621 11TH AVE N,,MOORHEAD,MN,56560-1572
Matt's Automotive Service Center SOMO,TEK,3541,17903540,1032,104,3,,Jerome,Walker,505 32ND AVE S APT 3,,MOORHEAD,MN,56560-4934
Matt's Automotive Service Center SOMO,TEK,3541,17922353,1032,104,03,,Melody,Mcconnell,109 22ND AVE N,,FARGO,ND,58102-2020
Matt's Automotive Service Center SOMO,TEK,3541,17913844,1032,104,3,,Brian,Rahman,444 SHEYENNE ST APT 415,,WEST FARGO,ND,58078-1758
Matt's Automotive Service Center SOMO,TEK,3541,17904656,1032,104,3,,Sidney,Mcgowan,1027 UNIVERSITY DR N,,FARGO,ND,58102-3548
Matt's Automotive Service Center SOMO,TEK,3541,17927357,1032,104,3,,Jacob,Schmiess,1320 10TH AVE S,,MOORHEAD,MN,56560-3771
Matt's Automotive Service Center SOMO,TEK,3541,17909361,1032,104,3,,Kevin,Gedde,1550 BELSLY BLVD APT 304,,MOORHEAD,MN,56560-5233
Matt's Automotive Service Center SOMO,TEK,3541,17959329,1032,104,3,,Paige,Moran,1115 12TH ST S,,MOORHEAD,MN,56560-3705
Matt's Automotive Service Center SOMO,TEK,3541,17929211,1032,104,3,,Kuldip,Lumb,2606 14TH ST S,,MOORHEAD,MN,56560-4627
Matt's Automotive Service Center SOMO,TEK,3541,17930993,1032,104,3,,Andrew,Brackett,2217 6TH ST S,,MOORHEAD,MN,56560-4102
Matt's Automotive Service Center SOMO,TEK,3541,17947145,1032,104,3,,Nick,Tschosik,1709 35TH ST S APT 412,,FARGO,ND,58103-4883
Matt's Automotive Service Center SOMO,TEK,3541,17955725,1032,104,3,,Dan,Huotari,1951 29TH STREET CIR S,,MOORHEAD,MN,56560-3918
Matt's Automotive Service Center SOMO,TEK,3541,17906612,1032,104,3,,Andrea,Foss,2001 23RD ST S APT 306,,FARGO,ND,58103-4786
Matt's Automotive Service Center SOMO,TEK,3541,17921966,1032,104,3,,Kristin,Frank,483 32ND ST N,,MOORHEAD,MN,56560-1302
Matt's Automotive Service Center SOMO,TEK,3541,17910934,1032,104,3,,Desirea,Barzey,2401 36TH ST S APT 308,,MOORHEAD,MN,56560-8409
Matt's Automotive Service Center SOMO,TEK,3541,17921247,1032,104,3,,Dan,Grout,2526 31ST AVE S,,MOORHEAD,MN,56560-5342
Matt's Automotive Service Center SOMO,TEK,3541,17915251,1032,104,3,,Tim,Magnusson,2102 14TH ST S,,MOORHEAD,MN,56560-4509
Matt's Automotive Service Center SOMO,TEK,3541,17957948,1032,104,3,,Daniel,Huseby,88 MAYFAIR DR,,MOORHEAD,MN,56560-2450
Matt's Automotive Service Center SOMO,TEK,3541,17925792,1032,104,3,,Colby,Kleinsasser,1225 11 1/2 ST N APT 3,,FARGO,ND,58102-2576
Matt's Automotive Service Center SOMO,TEK,3541,17954592,1032,104,3,,Dominic,Carr,1741 42ND ST S APT 15,,FARGO,ND,58103-4460
Matt's Automotive Service Center SOMO,TEK,3541,17931260,1032,104,3,,John,Lesch,2882 26TH STREET CIR S,,MOORHEAD,MN,56560-5354
Matt's Automotive Service Center SOMO,TEK,3541,17941931,1032,104,3,,Julie,Portillo,2919 HANOVER AVE S,,MOORHEAD,MN,56560-5325
Matt's Automotive Service Center SOMO,TEK,3541,17949539,1032,104,3,,Jessie,Simdorn,2630 29TH AVE S,,MOORHEAD,MN,56560-5363
Matt's Automotive Service Center SOMO,TEK,3541,17947740,1032,104,3,,Keith,Nordick,606 PINE LANE DR APT 205,,PERHAM,MN,56573-2027
Matt's Automotive Service Center SOMO,TEK,3541,17913584,1032,104,3,,Tim,Zoerner,4404 5TH ST S,,MOORHEAD,MN,56560-6767
Matt's Automotive Service Center SOMO,TEK,3541,17928032,1032,104,3,,Erik,Hatch,807 HARWOOD DR S,,FARGO,ND,58104-6267
Matt's Automotive Service Center SOMO,TEK,3541,17911081,1032,104,3,,John,Maduko,70 CARSON WAY,,SOUTH WINDSOR,CT,06074-1847
Matt's Automotive Service Center SOMO,TEK,3541,17922539,1032,104,3,,Nick,Kukowski,206 38TH AVENUE CIR S,,MOORHEAD,MN,56560-5669
Matt's Automotive Service Center SOMO,TEK,3541,17944701,1032,104,3,,Eric,Bridges,94 CHASE AVE # 12,,MEXICO,ME,04257-1167
Matt's Automotive Service Center SOMO,TEK,3541,17907681,1032,104,3,,David,Cortez,3401 12TH ST S,,MOORHEAD,MN,56560-5114
Matt's Automotive Service Center SOMO,TEK,3541,17928255,1032,104,3,,Ryan,Jacobson,3904 3RD ST S,,MOORHEAD,MN,56560-5602
Matt's Automotive Service Center SOMO,TEK,3541,17917556,1032,104,3,,Sara,Schmidt,1225 2ND ST N,,FARGO,ND,58102-2722
Matt's Automotive Service Center SOMO,TEK,3541,17900774,1032,104,3,,Mark,Anderson,4495 160TH AVE S,,MOORHEAD,MN,56560-7810
Matt's Automotive Service Center SOMO,TEK,3541,17942278,1032,104,3,,Doug,Schmidt,18 RIVER OAKS PT,,MOORHEAD,MN,56560-5662
Matt's Automotive Service Center SOMO,TEK,3541,17908650,1032,104,3,,Cheryl,Larson,850 44TH AVE S APT 114,,MOORHEAD,MN,56560-6774
Matt's Automotive Service Center SOMO,TEK,3541,17942637,1032,104,3,,Rebecca,Holm,301 8TH AVE S,,CASSELTON,ND,58012-3604
Matt's Automotive Service Center SOMO,TEK,3541,17923137,1032,104,3,,Matt,Kinzler,842 13TH ST SE,,EAST GRAND FORKS,MN,56721-3410
Matt's Automotive Service Center SOMO,TEK,3541,17951653,1032,104,3,,Lawrence,Kruger,1501 BELSLY BLVD APT 112,,MOORHEAD,MN,56560-5199
Matt's Automotive Service Center SOMO,TEK,3541,17958469,1032,104,3,,Lana,Shaikho,910 41ST AVE S,,MOORHEAD,MN,56560-7438
Matt's Automotive Service Center SOMO,TEK,3541,17915858,1032,104,3,,Brooklyn,Garnett,1480 41ST AVE S,,MOORHEAD,MN,56560-7420
Matt's Automotive Service Center SOMO,TEK,3541,23375411,1032,104,3,,Kurt,Sandman,3858 43RD AVE S,,MOORHEAD,MN,56560-7463
Matt's Automotive Service Center SOMO,TEK,3541,17931859,1032,104,3,,Kyle,Ostapina,1123 8TH AVE W,,WEST FARGO,ND,58078-2465
Matt's Automotive Service Center SOMO,TEK,3541,23913148,1032,104,3,,Emily,Gomer,4915 28TH AVE S APT 310,,FARGO,ND,58104-8466
Matt's Automotive Service Center SOMO,TEK,3541,17902325,1032,104,3,,Ethan,Bauer,1138 LILAC LN S,,MOORHEAD,MN,56560-7177
Matt's Automotive Service Center SOMO,TEK,3541,17899573,1032,104,3,,Sara,Tungseth,514 TESSA DR,,MOORHEAD,MN,56560-5631
Matt's Automotive Service Center SOMO,TEK,3541,17923330,1032,104,3,,Eric,Steckling,1728 33RD ST S,,MOORHEAD,MN,56560-3944
Matt's Automotive Service Center SOMO,TEK,3541,17914138,1032,104,3,,Tim,Hauglid,1208 27TH AVE S,,MOORHEAD,MN,56560-4640
Matt's Automotive Service Center SOMO,TEK,3541,17926066,1032,104,3,,Kara,Barber,4109 9TH ST S,,MOORHEAD,MN,56560-7423
Matt's Automotive Service Center SOMO,TEK,3541,17947809,1032,104,3,,Scott,Barber,4109 9TH ST S,,MOORHEAD,MN,56560-7423
Matt's Automotive Service Center SOMO,TEK,3541,27851065,1032,104,3,,Alexander,Simon,PO BOX 1776,,FARGO,ND,58107-1776
Matt's Automotive Service Center SOMO,TEK,3541,28557413,1032,104,3,,Tom,Reburn,1440 41ST AVE S,,MOORHEAD,MN,56560-7420
Matt's Automotive Service Center SOMO,TEK,3541,24709041,1032,104,3,,Bailee,Dierks,1354 11TH ST N,,FARGO,ND,58102-2512
Matt's Automotive Service Center SOMO,TEK,3541,28930670,1032,104,03,,Rick,Abel,4228 S RIVERSHORE DR,,MOORHEAD,MN,56560-5629
Matt's Automotive Service Center SOMO,TEK,3541,17920098,1032,104,3,,Dan,Edwards,1303 34TH AVE S,,MOORHEAD,MN,56560-5153
Matt's Automotive Service Center SOMO,TEK,3541,17914544,1032,104,03,,Ray,Ehlers,1704 18TH AVE S,,MOORHEAD,MN,56560-4718
Matt's Automotive Service Center SOMO,TEK,3541,31491058,1032,104,03,,Amber,Fleming,3403 10TH ST S APT 109,,MOORHEAD,MN,56560-6116
Matt's Automotive Service Center SOMO,TEK,3541,32934675,1032,104,03,,Chris,Wolla,1615 18TH AVE NW,,NEW BRIGHTON,MN,55112-5545
Matt's Automotive Service Center SOMO,TEK,3541,17947031,1032,104,3,,Samantha,Hanson,1731 JOHNSON DR,,MOORHEAD,MN,56560-7415
Matt's Automotive Service Center SOMO,TEK,3541,17915107,1032,104,3,,Bob,Brammer,623 42ND AVE S,,MOORHEAD,MN,56560-6722
Matt's Automotive Service Center SOMO,TEK,3541,17927660,1032,104,03,,Jared,Grommesh,8484 180TH ST S,,BARNESVILLE,MN,56514-9604
Matt's Automotive Service Center SOMO,TEK,3541,17938515,1032,104,3,,Peggy,Morken,1450 60TH AVE S,,MOORHEAD,MN,56560-7412
Matt's Automotive Service Center SOMO,TEK,3541,32006877,1032,104,03,,Douglas,Kremer,517 32ND AVE S,,MOORHEAD,MN,56560-4936
Matt's Automotive Service Center SOMO,TEK,3541,17956972,1032,104,3,,Kody,Brown,2638 29TH AVE S,,MOORHEAD,MN,56560-5363
Matt's Automotive Service Center SOMO,TEK,3541,34376954,1032,104,03,,Josh,Tommerdahl,7682 40TH ST N,,MOORHEAD,MN,56560-7260
Matt's Automotive Service Center SOMO,TEK,3541,34695496,1032,104,03,,Stacy,Olson,2876 35TH ST S,,MOORHEAD,MN,56560-5447
Matt's Automotive Service Center SOMO,TEK,3541,23401480,1032,104,3,,Daniel,Grout,2526 31ST AVE S,,MOORHEAD,MN,56560-5342
