Shop Name,Software,SID,CID,WSID,WCID,MBdayMo,TBdayMo,First,Last,Address,Address2,City,St,Zip
Matt's Automotive Service Center SOMO,TEK,3541,17910254,1032,104,,9,Keegan,Johnson,4924 AMBER VALLEY PKWY S APT 208,,FARGO,ND,58104-8638
Matt's Automotive Service Center SOMO,TEK,3541,17942318,1032,104,,3,Dalton,Holden,4242 9TH AVENUE CIR S APT 12,,FARGO,ND,58103-7000
Matt's Automotive Service Center SOMO,TEK,3541,17905559,1032,104,,3,Kyle,Ambroise,1763 CYPRESS WAY,,WEST FARGO,ND,58078-4283
Matt's Automotive Service Center SOMO,TEK,3541,17935299,1032,104,,9,Heidi,Christofferson,1602 BELSLY BLVD,,MOORHEAD,MN,56560-5285
Matt's Automotive Service Center SOMO,TEK,3541,17921031,1032,104,,9,Brady,Robertson,2210 41ST ST S,,MOORHEAD,MN,56560-6058
Matt's Automotive Service Center SOMO,TEK,3541,17920984,1032,104,,9,Tim,Noteboom,3744 10TH AVE S,,MOORHEAD,MN,56560-6863
Matt's Automotive Service Center SOMO,TEK,3541,17956891,1032,104,,3,Dalton,Honer,1203 17TH ST S,,MOORHEAD,MN,56560-5753
Matt's Automotive Service Center SOMO,TEK,3541,17927045,1032,104,,9,Omed,Mustafa,3216 17TH ST S,,MOORHEAD,MN,56560-5216
Matt's Automotive Service Center SOMO,TEK,3541,17933014,1032,104,,3,Allison,Bergman,374 5TH ST N APT 504,,FARGO,ND,58102-4852
Matt's Automotive Service Center SOMO,TEK,3541,17952244,1032,104,,3,Mary,Ogdahl,4010 14TH AVE S,,MOORHEAD,MN,56560-7171
Matt's Automotive Service Center SOMO,TEK,3541,17931073,1032,104,,9,Corina,Larson,1602 BELSLY BLVD APT 207,,MOORHEAD,MN,56560-5286
Matt's Automotive Service Center SOMO,TEK,3541,17934226,1032,104,,3,Emily,Spinler,1837 UNIVERSITY DR N # 204,,FARGO,ND,58105-2504
Matt's Automotive Service Center SOMO,TEK,3541,17940452,1032,104,,3,Ranjan,Maskey,1212 2ND AVE S APT 24,,MOORHEAD,MN,56560-2967
Matt's Automotive Service Center SOMO,TEK,3541,17956243,1032,104,,9,Jeremy,Henderson,1320 19 1/2 ST S APT 12,,MOORHEAD,MN,56560-3147
Matt's Automotive Service Center SOMO,TEK,3541,17918505,1032,104,,9,Will,Jawadi,1001 42ND ST S APT 318,,FARGO,ND,58103-2133
Matt's Automotive Service Center SOMO,TEK,3541,17960833,1032,104,,3,Mike,Lien,1402 BELSLY BLVD APT 103,,MOORHEAD,MN,56560-5278
Matt's Automotive Service Center SOMO,TEK,3541,17926254,1032,104,,3,Becca,Barry,1550 BELSLY BLVD APT 105,,MOORHEAD,MN,56560-5214
Matt's Automotive Service Center SOMO,TEK,3541,17951286,1032,104,,9,Destiny,Wawryk,4041 50TH AVE S,,FARGO,ND,58104-4626
Matt's Automotive Service Center SOMO,TEK,3541,17934737,1032,104,,9,Elias,Pribbenow,2915 BLUESTEM DR APT 1149,,WEST FARGO,ND,58078-8025
Matt's Automotive Service Center SOMO,TEK,3541,17942603,1032,104,,9,Blake,Tobey,116 12TH ST,,GLYNDON,MN,56547-4438
Matt's Automotive Service Center SOMO,TEK,3541,17907113,1032,104,,9,Madeline,Riebel,1730 40TH AVE S APT 204,,MOORHEAD,MN,56560-7914
Matt's Automotive Service Center SOMO,TEK,3541,17906795,1032,104,,3,Sameer,Habeeb,1308 37TH AVE S,,MOORHEAD,MN,56560-6147
Matt's Automotive Service Center SOMO,TEK,3541,17931202,1032,104,,3,Kayla,Schultz,304 31ST AVE N,,FARGO,ND,58102-1548
Matt's Automotive Service Center SOMO,TEK,3541,17937229,1032,104,,3,Shelby,Gunderson,1641 BELSLY BLVD,,MOORHEAD,MN,56560-6151
Matt's Automotive Service Center SOMO,TEK,3541,17918459,1032,104,,3,Travis,Pearson,2950 17TH ST S APT 206,,MOORHEAD,MN,56560-5267
Matt's Automotive Service Center SOMO,TEK,3541,17930516,1032,104,,3,Michael,Olson,1103 24TH AVE S,,MOORHEAD,MN,56560-4525
Matt's Automotive Service Center SOMO,TEK,3541,17927425,1032,104,,9,Kaylee,Bauer,3268 9TH ST W APT A,,WEST FARGO,ND,58078-7831
Matt's Automotive Service Center SOMO,TEK,3541,17919059,1032,104,,3,Leeroy,Solis,116 14TH AVE S,,MOORHEAD,MN,56560-4041
Matt's Automotive Service Center SOMO,TEK,3541,17899579,1032,104,,3,Jesse,McIntosh,3480 38TH AVE S,,FARGO,ND,58104-7840
Matt's Automotive Service Center SOMO,TEK,3541,17954006,1032,104,,3,Elissa,Stevens,3420 18TH ST S APT 214,,MOORHEAD,MN,56560-7115
Matt's Automotive Service Center SOMO,TEK,3541,17915535,1032,104,,9,Fayleigh,Hausken,3880 16TH ST S APT 311,,MOORHEAD,MN,56560-6877
Matt's Automotive Service Center SOMO,TEK,3541,17929803,1032,104,,9,Zach,Foss,1002 10TH ST N,,FARGO,ND,58102-3691
Matt's Automotive Service Center SOMO,TEK,3541,17908098,1032,104,,9,Mikala,Peterson,1102 22ND ST S,,FARGO,ND,58103-2978
Matt's Automotive Service Center SOMO,TEK,3541,17943213,1032,104,,9,Doug,Jones,756 45TH AVE W,,WEST FARGO,ND,58078-8300
Matt's Automotive Service Center SOMO,TEK,3541,17956813,1032,104,,3,Jeff,Stangelend,3918 37TH AVE S,,FARGO,ND,58104-7380
Matt's Automotive Service Center SOMO,TEK,3541,17957571,1032,104,,9,Amber,Taylor,1402 BELSLY BLVD,,MOORHEAD,MN,56560-5277
Matt's Automotive Service Center SOMO,TEK,3541,17958011,1032,104,,3,Kaitlyn,Rooney,911 3RD ST S,,MOORHEAD,MN,56560-3315
Matt's Automotive Service Center SOMO,TEK,3541,17904822,1032,104,,3,Evan,Purrington,2709 COUNTY HIGHWAY 18,,ADA,MN,56510-9296
Matt's Automotive Service Center SOMO,TEK,3541,17902227,1032,104,,9,Dawson,Honer,1203 17TH ST S,,MOORHEAD,MN,56560-5753
Matt's Automotive Service Center SOMO,TEK,3541,24039713,1032,104,,9,Dakota,Cochran,810 14TH ST S,,MOORHEAD,MN,56563-1002
Matt's Automotive Service Center SOMO,TEK,3541,17914081,1032,104,,9,Steena,Larsen,850 44TH AVE S APT 101,,MOORHEAD,MN,56560-6774
Matt's Automotive Service Center SOMO,TEK,3541,25956232,1032,104,,9,Rachel,Thomsen,884 37TH AVE S,,MOORHEAD,MN,56560-5545
Matt's Automotive Service Center SOMO,TEK,3541,17914462,1032,104,,9,Derek,Wiseman,7634 HIGHWAY 75 S,,MOORHEAD,MN,56560-7605
Matt's Automotive Service Center SOMO,TEK,3541,30013441,1032,104,,3,Marcus,Dickelman,19599 MORTON OAKS RD,,AUDUBON,MN,56511-9619
Matt's Automotive Service Center SOMO,TEK,3541,29375519,1032,104,,3,Christian,Pratt,625 2ND AVE N UNIT 32,,FARGO,ND,58102-6125
Matt's Automotive Service Center SOMO,TEK,3541,17901854,1032,104,,3,Rina,Singh,3111 26TH ST S,,MOORHEAD,MN,56560-5315
Matt's Automotive Service Center SOMO,TEK,3541,29180184,1032,104,,3,Zach,Behrens,1208 27TH AVE S,,MOORHEAD,MN,56560-4640
Matt's Automotive Service Center SOMO,TEK,3541,17945675,1032,104,,3,Dorris,Krueger,2007 19 1/2 ST S,,MOORHEAD,MN,56560-5834
Matt's Automotive Service Center SOMO,TEK,3541,36048759,1032,104,,3,April,Qualley,2319 STATE HIGHWAY 9,,ADA,MN,56510-9286
Matt's Automotive Service Center SOMO,TEK,3541,35852386,1032,104,,9,Marvin,Schroeder,1626 41ST AVE S,,MOORHEAD,MN,56560-7426
Matt's Automotive Service Center SOMO,TEK,3541,33296440,1032,104,,3,Jacob,Kugel,1402 BELSLY BLVD,,MOORHEAD,MN,56560-5277
Matt's Automotive Service Center SOMO,TEK,3541,36570762,1032,104,,3,Mike,Podolak,445 TRENT JONES DR,,OXBOW,ND,58047-7203
Matt's Automotive Service Center SOMO,TEK,3541,36249804,1032,104,,3,Nicole,Danks,1026 9TH ST N,,FARGO,ND,58102-3624
Matt's Automotive Service Center SOMO,TEK,3541,34378359,1032,104,,3,Mike,Warzecha,5012 40TH ST N,,MOORHEAD,MN,56560-7007
Matt's Automotive Service Center SOMO,TEK,3541,36745277,1032,104,,9,Vince,Lee,3801 22ND AVE S,,MOORHEAD,MN,56560-8145
