Shop Name,Software,SID,CID,WSID,WCID,MBdayMo,TBdayMo,First,Last,Address,Address2,City,St,Zip
Matt's Automotive & Collision Center Collision,TEK,3543,18030754,1034,104,,9,Jared,Schwanke,5360 28TH AVE S APT 213,,FARGO,ND,58104-5935
Matt's Automotive & Collision Center Collision,TEK,3543,18032350,1034,104,,3,Danielle,Herrold,36680 275TH ST,,PLATTE,SD,57369-6357
Matt's Automotive & Collision Center Collision,TEK,3543,18071604,1034,104,,3,Maddie,Morris,249 DAHL HALL,,MOORHEAD,MN,56563-1042
Matt's Automotive & Collision Center Collision,TEK,3543,18068868,1034,104,,3,Ashley,Dahl,5945 63RD AVE S,,FARGO,ND,58104-5748
Matt's Automotive & Collision Center Collision,TEK,3543,18062593,1034,104,,9,Ronald,Mark,9402 MAMIES WAY,,HORACE,ND,58047-4000
Matt's Automotive & Collision Center Collision,TEK,3543,18046020,1034,104,,3,Charles,Nordby,1217 3RD ST N,,FARGO,ND,58102-2726
Matt's Automotive & Collision Center Collision,TEK,3543,18074424,1034,104,,3,Rachel,Hofmann,1610 34TH ST S APT 303,,FARGO,ND,58103-8437
Matt's Automotive & Collision Center Collision,TEK,3543,18025101,1034,104,,9,Lauren,Hutton,1105 9TH AVE N,,FARGO,ND,58102-3509
Matt's Automotive & Collision Center Collision,TEK,3543,18066915,1034,104,,3,Josh,Lawrence,6641 54TH AVE S,,FARGO,ND,58104-4578
Matt's Automotive & Collision Center Collision,TEK,3543,18064736,1034,104,,9,Devon,Carter,1111 32ND AVE N APT B325,,FARGO,ND,58102-1282
Matt's Automotive & Collision Center Collision,TEK,3543,18051458,1034,104,,9,Michael,Orth,9856 21ST ST S,,HORACE,ND,58047-9700
Matt's Automotive & Collision Center Collision,TEK,3543,18029613,1034,104,,3,Peyton,Gale,4535 URBAN PLAINS DR,,FARGO,ND,58104-3505
Matt's Automotive & Collision Center Collision,TEK,3543,18033383,1034,104,,3,Tracy,Landis,870 HOMESTEAD CT,,WEST FARGO,ND,58078-4803
Matt's Automotive & Collision Center Collision,TEK,3543,18069625,1034,104,,3,D Kotimah,Dowahlone,1507 11TH AVE NE APT 15,,JAMESTOWN,ND,58401-2825
Matt's Automotive & Collision Center Collision,TEK,3543,18057054,1034,104,,3,MJ,Stumpf,5819 67TH ST S,,FARGO,ND,58104-5787
Matt's Automotive & Collision Center Collision,TEK,3543,18345012,1034,104,,3,Kelsey,Engebose,1601 UNIVERSITY DR N,Apt 200,FARGO,ND,58102-2229
Matt's Automotive & Collision Center Collision,TEK,3543,19997877,1034,104,,9,Alex,Alfson,137A PRAIRIEWOOD DR S APT 202,,FARGO,ND,58103-4671
Matt's Automotive & Collision Center Collision,TEK,3543,21195812,1034,104,,9,Katy,Peltier,PO BOX 1029,,HAWLEY,MN,56549-1029
Matt's Automotive & Collision Center Collision,TEK,3543,24731681,1034,104,,9,Nancy,Castillo,1402 32ND ST S,,FARGO,ND,58103-3421
Matt's Automotive & Collision Center Collision,TEK,3543,27109541,1034,104,,3,Taniel,Kleppen,4677 49TH AVE S APT 14,,FARGO,ND,58104-4477
Matt's Automotive & Collision Center Collision,TEK,3543,29376494,1034,104,,9,Danielle,Richey,6667 21ST ST S,,FARGO,ND,58104-6819
Matt's Automotive & Collision Center Collision,TEK,3543,18067980,1034,104,,3,Caleb,Dahl,5302 51ST AVE S,,FARGO,ND,58104-5008
Matt's Automotive & Collision Center Collision,TEK,3543,18881040,1034,104,,3,David,Huebner,3769 NORMAN CT S,,FARGO,ND,58104-8503
Matt's Automotive & Collision Center Collision,TEK,3543,31634998,1034,104,,9,Abby,Tang,4738 LILAC DR,,WEST FARGO,ND,58078-4813
Matt's Automotive & Collision Center Collision,TEK,3543,33494251,1034,104,,3,Janet,Thorpe,3873 2ND ST E,,WEST FARGO,ND,58078-7917
Matt's Automotive & Collision Center Collision,TEK,3543,36062686,1034,104,,9,Chris,Cartegena,1027 PARKWAY DR,,WEST FARGO,ND,58078-8179
Matt's Automotive & Collision Center Collision,TEK,3543,36652699,1034,104,,9,Hanim,Mohammed,5000 28TH AVE S,,FARGO,ND,58104-8994
Matt's Automotive & Collision Center Collision,TEK,3543,36707298,1034,104,,3,John,Chelmo,4730 TIMBER PKWY S,,FARGO,ND,58104-4816
Matt's Automotive & Collision Center Collision,TEK,3543,36651775,1034,104,,3,Peter,Johnson,1122 10TH ST S,,FARGO,ND,58103-3106
