Shop Name,Software,SID,CID,WSID,WCID,MBdayMo,TBdayMo,First,Last,Address,Address2,City,St,Zip
Matt's Automotive & Collision Center Collision,TEK,3543,18055544,1034,104,9,,Nate,Stamness,5281 50TH AVE S,,FARGO,ND,58104-6001
Matt's Automotive & Collision Center Collision,TEK,3543,18052796,1034,104,9,,Tony,Paper,6112 16TH ST S,,FARGO,ND,58104-7224
Matt's Automotive & Collision Center Collision,TEK,3543,18042015,1034,104,9,,Matt,Albin,6115 63RD AVE S,,FARGO,ND,58104-5752
Matt's Automotive & Collision Center Collision,TEK,3543,18034404,1034,104,9,,Travis,Osowski,2442 VALLEY VW,,HAWLEY,MN,56549-4438
Matt's Automotive & Collision Center Collision,TEK,3543,18029688,1034,104,9,,Chris,Bolf,936 SUMMER PINES CIR,,HUDSON,WI,54016-1875
Matt's Automotive & Collision Center Collision,TEK,3543,18037150,1034,104,9,,Laura,Hermanson,601 3RD ST E,,HORACE,ND,58047-4632
Matt's Automotive & Collision Center Collision,TEK,3543,18039990,1034,104,9,,Matt,Coykendall,3903 S SEDONA DR,,WEST FARGO,ND,58078-8139
Matt's Automotive & Collision Center Collision,TEK,3543,18083005,1034,104,9,,Jennifer,Coles,610 3RD ST E,,HORACE,ND,58047-4628
Matt's Automotive & Collision Center Collision,TEK,3543,18074018,1034,104,09,,Travis,DeVries,508 32ND AVE S APT 32,,MOORHEAD,MN,56560-4972
Matt's Automotive & Collision Center Collision,TEK,3543,18053107,1034,104,9,,Marcy,Mcnichols,5911 63RD AVE S,,FARGO,ND,58104-5748
Matt's Automotive & Collision Center Collision,TEK,3543,18071336,1034,104,9,,Michael,Culloton,1128 23RD AVE S,,MOORHEAD,MN,56560-4534
Matt's Automotive & Collision Center Collision,TEK,3543,18062940,1034,104,9,,Megan,Krantz,3817 AMITY CIR SE,,MANDAN,ND,58554-6499
Matt's Automotive & Collision Center Collision,TEK,3543,18045709,1034,104,9,,Jim,Huseman,843 MAIN AVE,,HICKSON,ND,58047-5105
Matt's Automotive & Collision Center Collision,TEK,3543,18057315,1034,104,9,,Michael,Pick,4310 EL TORA BLVD S,,FARGO,ND,58103-1083
Matt's Automotive & Collision Center Collision,TEK,3543,18065479,1034,104,9,,Kathy,Sletmoe,1932 19TH ST S,,FARGO,ND,58103-4717
Matt's Automotive & Collision Center Collision,TEK,3543,18025011,1034,104,9,,Madison,Portner,1001 N PAYNE ST,,NEW ULM,MN,56073-1458
Matt's Automotive & Collision Center Collision,TEK,3543,18053290,1034,104,9,,Colin,Hett,6576 59TH AVE S,,FARGO,ND,58104-5644
Matt's Automotive & Collision Center Collision,TEK,3543,18033143,1034,104,9,,Sarah,Hanson,4551 47TH AVE S APT 205,,FARGO,ND,58104-6195
Matt's Automotive & Collision Center Collision,TEK,3543,18029161,1034,104,9,,Jackie,Johnson,3518 POLK ST S,,FARGO,ND,58104-6999
Matt's Automotive & Collision Center Collision,TEK,3543,18061289,1034,104,9,,Stephanie,Johnson,PO BOX 1094,,LISBON,ND,58054-1094
Matt's Automotive & Collision Center Collision,TEK,3543,18032598,1034,104,9,,Nichole,Berend,4535 URBAN PLAINS DR APT 308,,FARGO,ND,58104-3508
Matt's Automotive & Collision Center Collision,TEK,3543,18048495,1034,104,09,,Lori,Arneson,PO BOX 2488,,APPLETON,WI,54912-2488
Matt's Automotive & Collision Center Collision,TEK,3543,18080249,1034,104,9,,Tony,Jensen,3654 POLK ST S,,FARGO,ND,58104-7592
Matt's Automotive & Collision Center Collision,TEK,3543,18068627,1034,104,9,,Kelly,Kraft,6076 78TH AVE S,,HORACE,ND,58047-5521
Matt's Automotive & Collision Center Collision,TEK,3543,18056799,1034,104,9,,Eric,Dahl,7165 WOODLAND CIR,,HORACE,ND,58047-4812
Matt's Automotive & Collision Center Collision,TEK,3543,18058969,1034,104,9,,Trent,Hickey,806 OAK ST N APT 1,,FARGO,ND,58102-3873
Matt's Automotive & Collision Center Collision,TEK,3543,18057537,1034,104,9,,Kelsea,Schwab,2901 34TH AVE S,,FARGO,ND,58104-5134
Matt's Automotive & Collision Center Collision,TEK,3543,18068519,1034,104,9,,Cyd,Sanchez,3721 4TH ST E,,WEST FARGO,ND,58078-4818
Matt's Automotive & Collision Center Collision,TEK,3543,18075465,1034,104,9,,Jason,Mell,5533 8TH ST W,,WEST FARGO,ND,58078-4078
Matt's Automotive & Collision Center Collision,TEK,3543,18060625,1034,104,9,,Andrea,Jefferson,5765 DEB DR W,,WEST FARGO,ND,58078-4074
Matt's Automotive & Collision Center Collision,TEK,3543,18052225,1034,104,09,,Daren,Bakke,5631 20TH STREET CIR S,,FARGO,ND,58104-7266
Matt's Automotive & Collision Center Collision,TEK,3543,18075910,1034,104,9,,Nick,Kirsch,4815 47TH AVE S,,FARGO,ND,58104-6037
Matt's Automotive & Collision Center Collision,TEK,3543,18076651,1034,104,9,,Brady,Roehl,84 16TH AVE N,,FARGO,ND,58102-2338
Matt's Automotive & Collision Center Collision,TEK,3543,18044656,1034,104,9,,Ben,Smith,4302 13 1/2 AVE S APT F,,FARGO,ND,58103-3370
Matt's Automotive & Collision Center Collision,TEK,3543,18075058,1034,104,9,,Todd,Metzger,4906 MEADOW CREEK DR S,,FARGO,ND,58104-7116
Matt's Automotive & Collision Center Collision,TEK,3543,18066075,1034,104,9,,Clarissa,Miller,748 ALBERT DR W,,WEST FARGO,ND,58078-8525
Matt's Automotive & Collision Center Collision,TEK,3543,18024634,1034,104,9,,Tiffany,English,4110 CLUBHOUSE DR S,,FARGO,ND,58104-3331
Matt's Automotive & Collision Center Collision,TEK,3543,18077561,1034,104,9,,Becky,Vedder,4960 47TH ST S,,FARGO,ND,58104-4437
Matt's Automotive & Collision Center Collision,TEK,3543,18082702,1034,104,9,,Thomas,Heilman,556 LIZZIE PL E,,WEST FARGO,ND,58078-8500
Matt's Automotive & Collision Center Collision,TEK,3543,18076150,1034,104,9,,Brian,Owen,5509 44TH AVE S,,FARGO,ND,58104-4396
Matt's Automotive & Collision Center Collision,TEK,3543,18032168,1034,104,9,,Mary Lou,Orth,507 SHEYENNE DR,,HORACE,ND,58047-4426
Matt's Automotive & Collision Center Collision,TEK,3543,18057137,1034,104,9,,Sheila,Ochoa,3632 47TH ST N,,REILES ACRES,ND,58102-5435
Matt's Automotive & Collision Center Collision,TEK,3543,18042129,1034,104,9,,Katrina,Gregor,4570 49TH AVE S APT 206,,FARGO,ND,58104-4581
Matt's Automotive & Collision Center Collision,TEK,3543,18065637,1034,104,9,,Justin,Zulauf,4357 13TH AVE S STE 206B,,FARGO,ND,58103-7505
Matt's Automotive & Collision Center Collision,TEK,3543,18023995,1034,104,9,,Sara,Anderson,180 MAPLE ST,,KINDRED,ND,58051-4306
Matt's Automotive & Collision Center Collision,TEK,3543,18053635,1034,104,9,,Maria,Dendinger,7883 BUCKTHORN AVE,,HORACE,ND,58047-3713
Matt's Automotive & Collision Center Collision,TEK,3543,18048453,1034,104,9,,Brady,Schmoll,3462 EAGLE RUN LN,,WEST FARGO,ND,58078-7704
Matt's Automotive & Collision Center Collision,TEK,3543,18070349,1034,104,9,,Jill,Safranski,4915 28TH AVE S APT 203,,FARGO,ND,58104-8465
Matt's Automotive & Collision Center Collision,TEK,3543,18079145,1034,104,9,,Mike,Keeran,907 EAGLEWOOD AVE,,WEST FARGO,ND,58078-8449
Matt's Automotive & Collision Center Collision,TEK,3543,18031483,1034,104,9,,Bri,Srnsky,1510 44TH AVE S,,MOORHEAD,MN,56560-6866
Matt's Automotive & Collision Center Collision,TEK,3543,18064688,1034,104,9,,Joshua,Schroetter,1234 8TH ST N,,FARGO,ND,58102-2610
Matt's Automotive & Collision Center Collision,TEK,3543,18039193,1034,104,9,,Jody,Nadeau,4226 9TH AVENUE CIR S APT 303,,FARGO,ND,58103-7085
Matt's Automotive & Collision Center Collision,TEK,3543,18027484,1034,104,9,,Liz,Mautz,1103 43 1/2 ST S APT 103,,FARGO,ND,58103-7335
Matt's Automotive & Collision Center Collision,TEK,3543,18028290,1034,104,9,,Lenae,Frolek,6184 WILDFLOWER DR S,,FARGO,ND,58104-4516
Matt's Automotive & Collision Center Collision,TEK,3543,18051830,1034,104,9,,David,Blais,4920 11TH ST W,,WEST FARGO,ND,58078-8385
Matt's Automotive & Collision Center Collision,TEK,3543,18029138,1034,104,9,,Caleb,Laney,6050 36TH ST S,,FARGO,ND,58104-6899
Matt's Automotive & Collision Center Collision,TEK,3543,18080608,1034,104,9,,Jana,Rosenkranz,3213 17TH AVE S,,FARGO,ND,58103-4505
Matt's Automotive & Collision Center Collision,TEK,3543,18068316,1034,104,9,,Jared,Odegaard,5828 58TH AVE S,,FARGO,ND,58104-5678
Matt's Automotive & Collision Center Collision,TEK,3543,18062370,1034,104,9,,Andrew,Holland,5452 66TH ST S,,FARGO,ND,58104-5727
Matt's Automotive & Collision Center Collision,TEK,3543,22203440,1034,104,9,,Dan,Mclaughlin,432 43RD AVE S,,MOORHEAD,MN,56560-6740
Matt's Automotive & Collision Center Collision,TEK,3543,18037617,1034,104,9,,Travis,Wehrenberg,4561 URBAN PLAINS DR APT 310,,FARGO,ND,58104-3504
Matt's Automotive & Collision Center Collision,TEK,3543,23387594,1034,104,9,,Wendline,Berger,4284 31ST AVE S,,FARGO,ND,58104-8725
Matt's Automotive & Collision Center Collision,TEK,3543,23341975,1034,104,9,,Rochelle,Roesler,3902 6TH ST S,,MOORHEAD,MN,56560-5637
Matt's Automotive & Collision Center Collision,TEK,3543,25981512,1034,104,9,,William,Edmonds,1462 12TH ST N,,FARGO,ND,58102-2530
Matt's Automotive & Collision Center Collision,TEK,3543,23870639,1034,104,9,,Danielle,Nygaard,1442 8TH AVE S,,FARGO,ND,58103-2532
Matt's Automotive & Collision Center Collision,TEK,3543,28908624,1034,104,09,,Josh,Mueller,5898 36TH ST S,,FARGO,ND,58104-7385
Matt's Automotive & Collision Center Collision,TEK,3543,18028361,1034,104,9,,Michael,Kiefat,1021 16TH ST N APT C,,FARGO,ND,58102-3792
Matt's Automotive & Collision Center Collision,TEK,3543,29638415,1034,104,09,,Tim,Nadgwick,PO BOX 284,,ULEN,MN,56585-0284
Matt's Automotive & Collision Center Collision,TEK,3543,29989663,1034,104,09,,Diane,Garten,28139 COUNTY ROAD 3,,BADGER,MN,56714-9172
Matt's Automotive & Collision Center Collision,TEK,3543,18052088,1034,104,9,,Sara,Daggett,4762 TALL GRASS CV S,,FARGO,ND,58104-5406
Matt's Automotive & Collision Center Collision,TEK,3543,33265104,1034,104,09,,Kelsey,Holm,606 7TH ST N APT 2,,FARGO,ND,58102-4499
Matt's Automotive & Collision Center Collision,TEK,3543,18056987,1034,104,9,,Rachel,Carlson,2610 PYLE LN E,,WEST FARGO,ND,58078-5442
Matt's Automotive & Collision Center Collision,TEK,3543,33527005,1034,104,09,,Scott,Boerger,419 W RIVER RD,,HORACE,ND,58047-4403
Matt's Automotive & Collision Center Collision,TEK,3543,33552421,1034,104,09,,Andy,Horning,402 3RD AVE S,,CASSELTON,ND,58012-3528
Matt's Automotive & Collision Center Collision,TEK,3543,34212448,1034,104,09,,Noah,Oien,4336 53RD ST S,,FARGO,ND,58104-4233
Matt's Automotive & Collision Center Collision,TEK,3543,34395869,1034,104,09,,Allie,Lott,2815 32ND ST S,,MOORHEAD,MN,56560-5401
Matt's Automotive & Collision Center Collision,TEK,3543,18067401,1034,104,9,,Brad,Dockter,4902 39TH AVE S,,FARGO,ND,58104-4484
Matt's Automotive & Collision Center Collision,TEK,3543,22178152,1034,104,9,,Logan,Ryan,6102 BENNETT CT S,,FARGO,ND,58104-7638
Matt's Automotive & Collision Center Collision,TEK,3543,20004266,1034,104,09,,Adam,Jones,3724 BELL BLVD E,,WEST FARGO,ND,58078-8502
Matt's Automotive & Collision Center Collision,TEK,3543,18060721,1034,104,9,,Beth,Allen,1251 54TH AVE S APT 126,,FARGO,ND,58104-6476
Matt's Automotive & Collision Center Collision,TEK,3543,18607545,1034,104,9,,Cameron,Battagler,904 41ST AVE W,,WEST FARGO,ND,58078-8839
