Shop Name,Software,SID,CID,WSID,WCID,MBdayMo,TBdayMo,First,Last,Address,Address2,City,St,Zip
Matt's Automotive Service Center Bloomington,TEK,3547,18374019,1035,104,,9,JAROME,ZEMKE,1920 E 86TH ST APT 139,,BLOOMINGTON,MN,55425-2127
Matt's Automotive Service Center Bloomington,TEK,3547,18368522,1035,104,,3,MIKE,REID,4240 VALLEY VIEW RD APT 3,,EDINA,MN,55424-1953
Matt's Automotive Service Center Bloomington,TEK,3547,18368419,1035,104,,9,KAY,OBRIEN,14050 GRANITE AVE,,APPLE VALLEY,MN,55124-6869
Matt's Automotive Service Center Bloomington,TEK,3547,18369890,1035,104,,3,DIANA,INTHANSONE,1580 E 96TH ST,,BLOOMINGTON,MN,55425-2537
Matt's Automotive Service Center Bloomington,TEK,3547,18380848,1035,104,,3,PETER,CHRISTENSON,14917 CROWN DR,,MINNETONKA,MN,55345-3604
Matt's Automotive Service Center Bloomington,TEK,3547,18376483,1035,104,,9,GREG,ANDERSON,PO BOX 20433,,BLOOMINGTON,MN,55420-0433
Matt's Automotive Service Center Bloomington,TEK,3547,18373396,1035,104,,3,ADAM,NYUYEN,7214 PORTLAND AVE,,RICHFIELD,MN,55423-3217
Matt's Automotive Service Center Bloomington,TEK,3547,18377768,1035,104,,9,ALEX,SHAKER,2837 DUPONT AVE S,,MINNEAPOLIS,MN,55408-3288
Matt's Automotive Service Center Bloomington,TEK,3547,18377030,1035,104,,3,ELISA,GOODSELL,920 FELTL CT APT 345,,HOPKINS,MN,55343-7989
Matt's Automotive Service Center Bloomington,TEK,3547,18370852,1035,104,,3,HECTOR,MORALES,8200 STANLEY RD,APPT 2,BLOOMINGTON,MN,55437-1279
Matt's Automotive Service Center Bloomington,TEK,3547,18370098,1035,104,,9,ELLIOT,MAYER,5100 NEWTON AVE S,,MINNEAPOLIS,MN,55419-1029
Matt's Automotive Service Center Bloomington,TEK,3547,18381815,1035,104,,3,CARMEN,TORRES,7412 OLIVER AVE S,,RICHFIELD,MN,55423-3607
Matt's Automotive Service Center Bloomington,TEK,3547,18376923,1035,104,,9,PETER,FENTER,N3987 150TH ST,,PLUM CITY,WI,54761-8306
Matt's Automotive Service Center Bloomington,TEK,3547,18381610,1035,104,,3,JIM,KIMLINGER,10253 PLEASANT AVE S,,BLOOMINGTON,MN,55420-5242
Matt's Automotive Service Center Bloomington,TEK,3547,18380017,1035,104,,9,AHMED,ILMI,801 W 106TH ST,,BLOOMINGTON,MN,55420-5639
Matt's Automotive Service Center Bloomington,TEK,3547,18383736,1035,104,,9,JASON,LUHM,10753 HOPKINS CIR S,,BLOOMINGTON,MN,55420-5513
Matt's Automotive Service Center Bloomington,TEK,3547,18370753,1035,104,,9,ROB,GOOGS,8510 PARK AVE S,,BLOOMINGTON,MN,55420-2475
Matt's Automotive Service Center Bloomington,TEK,3547,18374634,1035,104,,3,VANESSA,BUSSE,5334 HIGHPOINTE DR,,BLOOMINGTON,MN,55437-1964
Matt's Automotive Service Center Bloomington,TEK,3547,18380890,1035,104,,3,ROBERT,COURSOLLE,312 W 65TH ST,,RICHFIELD,MN,55423-1560
Matt's Automotive Service Center Bloomington,TEK,3547,18380647,1035,104,,9,LOREN,RIGGS,1205 E 86TH ST,,BLOOMINGTON,MN,55425-1945
Matt's Automotive Service Center Bloomington,TEK,3547,18375752,1035,104,,9,JACOB R,WATSON,13871 UTICA AVE,,SAVAGE,MN,55378-1926
Matt's Automotive Service Center Bloomington,TEK,3547,18371883,1035,104,,3,SHAYLA,FRANZMEIER,8851 GOODRICH RD,,BLOOMINGTON,MN,55437-1650
Matt's Automotive Service Center Bloomington,TEK,3547,18373796,1035,104,,3,DESHAUN,PETTIS,5610 HALIFAX AVE N,,BROOKLYN CENTER,MN,55429-3039
Matt's Automotive Service Center Bloomington,TEK,3547,18367746,1035,104,,3,ZESERINE,STANBACK,1008 GOULD AVE NE,,MINNEAPOLIS,MN,55421-3907
Matt's Automotive Service Center Bloomington,TEK,3547,18376271,1035,104,,3,BILL,MOLINE,8200 NEVADA CIR,,BLOOMINGTON,MN,55438-1125
Matt's Automotive Service Center Bloomington,TEK,3547,18385014,1035,104,,9,BRADY,FOLVEN,8727 DUPONT AVE S,,BLOOMINGTON,MN,55420-2625
Matt's Automotive Service Center Bloomington,TEK,3547,18379188,1035,104,,9,JACK,PFEIFER,5508 NEWTON AVE S,,MINNEAPOLIS,MN,55419-1529
Matt's Automotive Service Center Bloomington,TEK,3547,18370571,1035,104,,3,EDDIE,MOUSEL,9231 NICOLLET AVE S,,BLOOMINGTON,MN,55420-3772
Matt's Automotive Service Center Bloomington,TEK,3547,18375448,1035,104,,3,PAT,MILLER,6500 WOODLAKE DR,,RICHFIELD,MN,55423-1385
Matt's Automotive Service Center Bloomington,TEK,3547,18380466,1035,104,,3,ARGUSTA,PIERSON,1318 E 78TH ST APT 304,,RICHFIELD,MN,55423-4599
Matt's Automotive Service Center Bloomington,TEK,3547,18373509,1035,104,,9,QUINN,FITZGERALD,2503 WALNUT ST,,ROSEVILLE,MN,55113-2522
Matt's Automotive Service Center Bloomington,TEK,3547,18380002,1035,104,,3,LEAH,GRAY,3317 FREMONT AVE S APT 3,,MINNEAPOLIS,MN,55408-3548
Matt's Automotive Service Center Bloomington,TEK,3547,18379556,1035,104,,9,ALEISHA,COOLEY,1356 EDGERTON ST,,SAINT PAUL,MN,55130-3430
Matt's Automotive Service Center Bloomington,TEK,3547,18379624,1035,104,,3,JOE,DREWS,15185 CARROUSEL WAY,,ROSEMOUNT,MN,55068-1761
Matt's Automotive Service Center Bloomington,TEK,3547,18374165,1035,104,,9,PETER,WARNER,5501 DEWEY HILL RD,,EDINA,MN,55439-1906
Matt's Automotive Service Center Bloomington,TEK,3547,18368849,1035,104,,3,MARIAH,PROPES,10539 DUPONT RD S,,BLOOMINGTON,MN,55431-3106
Matt's Automotive Service Center Bloomington,TEK,3547,18377057,1035,104,,3,CONNOR,MILLER,5277 W 82ND ST,,BLOOMINGTON,MN,55437-1278
Matt's Automotive Service Center Bloomington,TEK,3547,18372058,1035,104,,3,JAMAL,MAHDI,5151 AMERICAN BLVD W,,BLOOMINGTON,MN,55437-1257
Matt's Automotive Service Center Bloomington,TEK,3547,18370737,1035,104,,9,KOSAL,VIN,9232 WOODHALL BAY N,,BROOKLYN PARK,MN,55443-1625
Matt's Automotive Service Center Bloomington,TEK,3547,18369583,1035,104,,3,JACOB,SILVA,8445 10TH AVE S,,BLOOMINGTON,MN,55420-2417
Matt's Automotive Service Center Bloomington,TEK,3547,18383947,1035,104,,9,HAYLEY,STRUNGE,1707 E 88TH ST,,BLOOMINGTON,MN,55425-1968
Matt's Automotive Service Center Bloomington,TEK,3547,18372131,1035,104,,3,ALE,ALVAREZ,249 230TH ST,,BALDWIN,WI,54002-2836
Matt's Automotive Service Center Bloomington,TEK,3547,18382310,1035,104,,9,PAT,MOORE,6712 2ND AVE S,,MINNEAPOLIS,MN,55423-2411
Matt's Automotive Service Center Bloomington,TEK,3547,18384818,1035,104,,3,JOSE,GONZALEZ,12567 GAVOTTE CT,,APPLE VALLEY,MN,55124-8328
Matt's Automotive Service Center Bloomington,TEK,3547,18374300,1035,104,,3,EVELYN,WENDLANDT,8447 STEVENS AVE S,,BLOOMINGTON,MN,55420-2364
Matt's Automotive Service Center Bloomington,TEK,3547,18375524,1035,104,,9,LEIF,HAUGLAND,6036 14TH AVE S,,MINNEAPOLIS,MN,55417-3224
Matt's Automotive Service Center Bloomington,TEK,3547,18384443,1035,104,,9,ARNETTA,HALL,5860 WENTWORTH AVE,,MINNEAPOLIS,MN,55419-2309
Matt's Automotive Service Center Bloomington,TEK,3547,18381592,1035,104,,9,RACHAEL,KRECKOW,6117 CONCORD HILL LN,,MINNETONKA,MN,55345-6093
Matt's Automotive Service Center Bloomington,TEK,3547,18371717,1035,104,,9,DUFFY,BROGAN,9912 NICOLLET AVE S APT 2,,BLOOMINGTON,MN,55420-4463
Matt's Automotive Service Center Bloomington,TEK,3547,18376727,1035,104,,3,JAKE,MARLOW,1506 ROCKBEND PKWY,,SAINT PETER,MN,56082-1347
Matt's Automotive Service Center Bloomington,TEK,3547,18379998,1035,104,,3,SARAH,KRECKOW,6117 CONCORD HILL LN,,MINNETONKA,MN,55345-6093
Matt's Automotive Service Center Bloomington,TEK,3547,18368105,1035,104,,9,JORGE,HUACHICHULLCA,6908 BLAISDELL AVE,,RICHFIELD,MN,55423-2329
Matt's Automotive Service Center Bloomington,TEK,3547,18385137,1035,104,,9,REBEKAH,WIFF,9851 HARRISON RD APT 112,,BLOOMINGTON,MN,55437-2177
Matt's Automotive Service Center Bloomington,TEK,3547,18384967,1035,104,,3,DREW,PEDERSEN,3649 REGENT AVE N,,MINNEAPOLIS,MN,55422-2031
Matt's Automotive Service Center Bloomington,TEK,3547,18372168,1035,104,,3,TAYLOR,TRANBY,150 W 107TH ST,,BLOOMINGTON,MN,55420-5504
Matt's Automotive Service Center Bloomington,TEK,3547,18372014,1035,104,,3,EFREN,AGUILAR,10847 46TH AVE,,CORONA,NY,11368-2933
Matt's Automotive Service Center Bloomington,TEK,3547,18382166,1035,104,,3,CURTIS,MCCAIN JR,8131 BLOOMINGTON AVE,,BLOOMINGTON,MN,55425-1109
Matt's Automotive Service Center Bloomington,TEK,3547,18375154,1035,104,,9,NUR,ABDI,1551 E 80TH ST,,BLOOMINGTON,MN,55425-1159
Matt's Automotive Service Center Bloomington,TEK,3547,18375122,1035,104,,3,DREW,MATHEWS,5544 EMERSON AVE S,,MINNEAPOLIS,MN,55419-1621
Matt's Automotive Service Center Bloomington,TEK,3547,18379665,1035,104,,3,PIERRE,DE LEON,6511 12TH AVE S,,RICHFIELD,MN,55423-1715
Matt's Automotive Service Center Bloomington,TEK,3547,18368304,1035,104,,9,SASHA,ZAGOLOFF,7201 YORK AVE S APT 1212,,EDINA,MN,55435-4447
Matt's Automotive Service Center Bloomington,TEK,3547,18373778,1035,104,,3,TANYA,MEYER,8900 PENN AVE S STE 109,,BLOOMINGTON,MN,55431-2068
Matt's Automotive Service Center Bloomington,TEK,3547,18371089,1035,104,,9,BILL,NEUENSCHWANDER,10610 MORGAN AVE S,,BLOOMINGTON,MN,55431-3437
Matt's Automotive Service Center Bloomington,TEK,3547,30289060,1035,104,,9,Dustin,Ledford,1383 W POINT RD,,SPOONER,WI,54801-9013
Matt's Automotive Service Center Bloomington,TEK,3547,30622898,1035,104,,3,Jaime,Reyes,10940 SHERIDAN AVE S,,MINNEAPOLIS,MN,55431-4022
Matt's Automotive Service Center Bloomington,TEK,3547,30629212,1035,104,,9,Claire,Nichols,3250 W 66TH ST,,EDINA,MN,55435-2522
Matt's Automotive Service Center Bloomington,TEK,3547,31514073,1035,104,,9,Linda,Wallace,9741 GRAND AVE S # 13,,MINNEAPOLIS,MN,55420-4247
Matt's Automotive Service Center Bloomington,TEK,3547,32870504,1035,104,,3,Cinthia,Espinosa,11185 ANDERSON LAKES PKWY,,EDEN PRAIRIE,MN,55344-4179
Matt's Automotive Service Center Bloomington,TEK,3547,32930066,1035,104,,3,Luis,Zuniga,3646 GIRARD AVE N,,MINNEAPOLIS,MN,55412-2021
Matt's Automotive Service Center Bloomington,TEK,3547,34945537,1035,104,,3,Henry,Kennedy,10116 2ND AVE S,,BLOOMINGTON,MN,55420-4916
Matt's Automotive Service Center Bloomington,TEK,3547,34711526,1035,104,,3,Sloane,Brown,5753 BOSSEN TER,# 3,MINNEAPOLIS,MN,55417-2810
Matt's Automotive Service Center Bloomington,TEK,3547,34985951,1035,104,,9,Bob,Rueff,9300 COLLEGEVIEW RD,,MINNEAPOLIS,MN,55437-2165
Matt's Automotive Service Center Bloomington,TEK,3547,34997318,1035,104,,3,Andrew,Egerega,11588 LEONA RD,,EDEN PRAIRIE,MN,55344-3820
Matt's Automotive Service Center Bloomington,TEK,3547,32924410,1035,104,,9,Grant,Weinberger,7538 LOGAN AVE S,,RICHFIELD,MN,55423-3729
Matt's Automotive Service Center Bloomington,TEK,3547,18380248,1035,104,,3,Peter,Cartwright,8324 16TH AVE S,,BLOOMINGTON,MN,55425-1742
Matt's Automotive Service Center Bloomington,TEK,3547,35883280,1035,104,,3,Jossilyn,Stephens,6020 CAHILL AVE UNIT 206,,INVER GROVE HEIGHTS,MN,55076-1244
Matt's Automotive Service Center Bloomington,TEK,3547,36085104,1035,104,,9,Gary,Larson,8848 NICOLLET AVE S APT 110,,MINNEAPOLIS,MN,55420-2850
Matt's Automotive Service Center Bloomington,TEK,3547,36004372,1035,104,,9,Twila,Deahl,6621 EMERSON AVE S,,MINNEAPOLIS,MN,55423-2214
