Shop Name,Software,SID,CID,WSID,WCID,MBdayMo,TBdayMo,First,Last,Address,Address2,City,St,Zip
Matt's Automotive Service Center Columbia Heights,TEK,3758,19542464,1036,104,3,,Laurie,Rush,3134 MCKINLEY ST NE,,MINNEAPOLIS,MN,55418-2334
Matt's Automotive Service Center Columbia Heights,TEK,3758,19756167,1036,104,3,,Luis,Carranza,7362 SYMPHONY ST NE,,FRIDLEY,MN,55432-3221
Matt's Automotive Service Center Columbia Heights,TEK,3758,19762586,1036,104,3,,Kevin,Moore,5016 ALDRICH AVE N,,MINNEAPOLIS,MN,55430-3551
Matt's Automotive Service Center Columbia Heights,TEK,3758,20400544,1036,104,3,,Tricia,Ayers,9595 8TH ST N,,LAKE ELMO,MN,55042-2306
Matt's Automotive Service Center Columbia Heights,TEK,3758,20740783,1036,104,3,,Camille,Hempel,4122 QUEEN AVE N,,MINNEAPOLIS,MN,55412-1542
Matt's Automotive Service Center Columbia Heights,TEK,3758,20361180,1036,104,03,,Darryl,Smith,3421 DUPONT AVE S,,MINNEAPOLIS,MN,55408-4090
Matt's Automotive Service Center Columbia Heights,TEK,3758,22442432,1036,104,03,,Gwendolyn,Brown,5517 BROOKDALE DR N,,BROOKLYN PARK,MN,55443-3084
Matt's Automotive Service Center Columbia Heights,TEK,3758,20747468,1036,104,3,,Dontae,Tart,730 66TH AVE N,,BROOKLYN CENTER,MN,55430-1611
Matt's Automotive Service Center Columbia Heights,TEK,3758,28316520,1036,104,3,,Kofi,Otchere,5961 3RD ST NE,,FRIDLEY,MN,55432-5455
Matt's Automotive Service Center Columbia Heights,TEK,3758,29336096,1036,104,03,,Mark,Perkins,4614 DUPONT AVE N,,MINNEAPOLIS,MN,55412-1330
Matt's Automotive Service Center Columbia Heights,TEK,3758,29545213,1036,104,03,,Lisa,Scott,4106 MADISON ST NE,,FRIDLEY,MN,55421-2811
Matt's Automotive Service Center Columbia Heights,TEK,3758,30003222,1036,104,03,,Lee,Ickler,10709 WREN ST NW,,COON RAPIDS,MN,55433-4028
Matt's Automotive Service Center Columbia Heights,TEK,3758,30298388,1036,104,03,,Justin,Grisco,6191 6TH ST NE,,FRIDLEY,MN,55432-5073
Matt's Automotive Service Center Columbia Heights,TEK,3758,22849986,1036,104,3,,Ron,Gentes,4550 CENTRAL AVE NE,,MINNEAPOLIS,MN,55421-2482
Matt's Automotive Service Center Columbia Heights,TEK,3758,31273586,1036,104,03,,Earl,Hendricks,1611 61ST AVE NE,,FRIDLEY,MN,55432-5804
Matt's Automotive Service Center Columbia Heights,TEK,3758,31650198,1036,104,03,,Chris,Celis,7749 SUGARLOAF TRL,,MINNEAPOLIS,MN,55444-1992
Matt's Automotive Service Center Columbia Heights,TEK,3758,32011972,1036,104,03,,Kala,Williams,4654 TYLER ST NE APT 7,,MINNEAPOLIS,MN,55421-2261
Matt's Automotive Service Center Columbia Heights,TEK,3758,32900361,1036,104,03,,Stefanie,Jensen,2658 CLEVELAND ST NE,,MINNEAPOLIS,MN,55418-3133
Matt's Automotive Service Center Columbia Heights,TEK,3758,33550604,1036,104,03,,Monica,Whitney,6413 16TH AVE S,,RICHFIELD,MN,55423-1749
Matt's Automotive Service Center Columbia Heights,TEK,3758,33954479,1036,104,03,,Katie,Muehlen,6170 KERRY LN NE,,FRIDLEY,MN,55432-5221
Matt's Automotive Service Center Columbia Heights,TEK,3758,19504479,1036,104,03,,Tim,Smith,6220 CAMDEN CT,,MINNEAPOLIS,MN,55430-2222
Matt's Automotive Service Center Columbia Heights,TEK,3758,21200634,1036,104,3,,Cindy,Roerig,608 RICE CREEK TER NE,,FRIDLEY,MN,55432-4441
Matt's Automotive Service Center Columbia Heights,TEK,3758,33252904,1036,104,03,,Sidney,Cottew,3930 RESERVOIR BLVD,,MINNEAPOLIS,MN,55421-4068
