Shop Name,Software,SID,CID,WSID,WCID,MBdayMo,TBdayMo,First,Last,Address,Address2,City,St,Zip
Matt's Automotive Service Center Columbia Heights,TEK,3758,19750879,1036,104,9,,Roberto,Arellano,4908 JEFFERSON ST NE,,COLUMBIA HEIGHTS,MN,55421-1768
Matt's Automotive Service Center Columbia Heights,TEK,3758,19752913,1036,104,9,,Samuel,Spencer,4240 MONROE ST NE,,COLUMBIA HEIGHTS,MN,55421-2821
Matt's Automotive Service Center Columbia Heights,TEK,3758,19757976,1036,104,9,,Anthony,Grant,2307 ISALONA LN,,SOUTH SAINT PAUL,MN,55075-1721
Matt's Automotive Service Center Columbia Heights,TEK,3758,20393474,1036,104,09,,Eric,Hopkins,2723 UPTON AVE N,,MINNEAPOLIS,MN,55411-1038
Matt's Automotive Service Center Columbia Heights,TEK,3758,20408176,1036,104,9,,Miki,Danke,4420 17TH AVE S,,MINNEAPOLIS,MN,55407-3609
Matt's Automotive Service Center Columbia Heights,TEK,3758,20756516,1036,104,9,,Jeff,Gandhi,7100 65TH AVE N,,BROOKLYN PARK,MN,55428-2320
Matt's Automotive Service Center Columbia Heights,TEK,3758,20767789,1036,104,9,,Robert,Pace,7201 YORK AVE S,,EDINA,MN,55435-4403
Matt's Automotive Service Center Columbia Heights,TEK,3758,20769013,1036,104,9,,Peggy,Bowman,4050 MAUREEN DR NE UNIT 103,,COLUMBIA HEIGHTS,MN,55421-4709
Matt's Automotive Service Center Columbia Heights,TEK,3758,22209993,1036,104,9,,Joe,Schulz,1017 GOULD AVE NE,,MINNEAPOLIS,MN,55421-3908
Matt's Automotive Service Center Columbia Heights,TEK,3758,22505161,1036,104,9,,Remy,Ali,88 108TH AVE NW,,COON RAPIDS,MN,55448-4409
Matt's Automotive Service Center Columbia Heights,TEK,3758,23384137,1036,104,9,,Amon,Manning,4219 DUPONT AVE N,,MINNEAPOLIS,MN,55412-1600
Matt's Automotive Service Center Columbia Heights,TEK,3758,24465747,1036,104,9,,Matt,Himrichs,4312 BENJAMIN ST NE,,MINNEAPOLIS,MN,55421-3312
Matt's Automotive Service Center Columbia Heights,TEK,3758,22679966,1036,104,9,,ron,ernst,902 47TH AVE NE,,HILLTOP,MN,55421-2373
Matt's Automotive Service Center Columbia Heights,TEK,3758,31620842,1036,104,09,,Denashia,Bostick,8901 MONTEGUE TER,,MINNEAPOLIS,MN,55443-3706
Matt's Automotive Service Center Columbia Heights,TEK,3758,31634401,1036,104,09,,Joyce,Switzenberg,2551 38TH AVE NE,,SAINT ANTHONY,MN,55421-5005
Matt's Automotive Service Center Columbia Heights,TEK,3758,32679286,1036,104,09,,Anita,Williams,5550 69TH AVE N APT 304,,BROOKLYN PARK,MN,55429-4535
Matt's Automotive Service Center Columbia Heights,TEK,3758,33158356,1036,104,09,,Nicole,Lesieur,3606 THOMAS AVE N,,MINNEAPOLIS,MN,55412-1839
Matt's Automotive Service Center Columbia Heights,TEK,3758,24695833,1036,104,9,,Kevin,Leto,1808 BRYANT AVE N,,MINNEAPOLIS,MN,55411-3213
Matt's Automotive Service Center Columbia Heights,TEK,3758,20849980,1036,104,9,,Rick,Erickson,4335 TYLER ST NE,,COLUMBIA HEIGHTS,MN,55421-3244
Matt's Automotive Service Center Columbia Heights,TEK,3758,35310209,1036,104,09,,David,Briley,3931 TYLER ST NE,,MINNEAPOLIS,MN,55421-4040
Matt's Automotive Service Center Columbia Heights,TEK,3758,23533499,1036,104,09,,Tim,Crawford,3743 MORGAN AVE N,,MINNEAPOLIS,MN,55412-1955
Matt's Automotive Service Center Columbia Heights,TEK,3758,20761048,1036,104,9,,Joe,Garland,1717 WASHINGTON ST NE APT 004,,MINNEAPOLIS,MN,55413-1363
Matt's Automotive Service Center Columbia Heights,TEK,3758,33166563,1036,104,09,,Conner,Bohne,1130 44 1/2 AVE NE,,COLUMBIA HEIGHTS,MN,55421-3004
