Shop Name,Software,SID,CID,WSID,WCID,MBdayMo,TBdayMo,First,Last,Address,Address2,City,St,Zip
Matt's Automotive Service Center North Branch,TEK,3761,19976605,1038,104,3,,JOSEPH,KANE,44906 JESS AVE,,HARRIS,MN,55032-3040
Matt's Automotive Service Center North Branch,TEK,3761,19976419,1038,104,3,,BECKY,DAVIES,22750 E MARTIN LAKE DR NE,,STACY,MN,55079-8815
Matt's Automotive Service Center North Branch,TEK,3761,19976626,1038,104,3,,NICK,KAUFFMAN,2393 RIVER RD,,SAINT CROIX FALLS,WI,54024-7840
Matt's Automotive Service Center North Branch,TEK,3761,19976634,1038,104,3,,TOM,HALS,6265 GLACIER DR,,NORTH BRANCH,MN,55056-3302
Matt's Automotive Service Center North Branch,TEK,3761,19975646,1038,104,3,,JAMIE,BRETT,4514 374TH CT,,NORTH BRANCH,MN,55056-5417
Matt's Automotive Service Center North Branch,TEK,3761,19976642,1038,104,03,,ELIZABETH,MCMANN,1004 ARMSTRONG AVE,,SAINT PAUL,MN,55102-3741
Matt's Automotive Service Center North Branch,TEK,3761,19976305,1038,104,03,,DESARIE,SOUTHWICK,50705 BASSWOOD RD W,,STANCHFIELD,MN,55080-5147
Matt's Automotive Service Center North Branch,TEK,3761,19980748,1038,104,3,,MIKE,VONDERHARR,42295 JOYWOOD AVE,,HARRIS,MN,55032-3279
Matt's Automotive Service Center North Branch,TEK,3761,19970682,1038,104,03,,ROBERT,THOMPSON,7535 400TH ST,,NORTH BRANCH,MN,55056-6101
Matt's Automotive Service Center North Branch,TEK,3761,19975564,1038,104,3,,GENE,FASCIANA,41551 FOREST BLVD,,HARRIS,MN,55032-3211
Matt's Automotive Service Center North Branch,TEK,3761,19976693,1038,104,03,,AMY,WAANANEN,2200 GIRARD AVE S APT 3,,MINNEAPOLIS,MN,55405-2584
Matt's Automotive Service Center North Branch,TEK,3761,19976692,1038,104,03,,WAYNE,LENANDER,1367 TIMBERWOLF TRL,,LINO LAKES,MN,55038-9610
Matt's Automotive Service Center North Branch,TEK,3761,19976719,1038,104,03,,JESSE,ANDERSON,814 GRAND AVE,,SAINT PAUL,MN,55105-3310
Matt's Automotive Service Center North Branch,TEK,3761,19976610,1038,104,3,,DANIEL,CONNETT,15015 RIVER RD,,NORTH BRANCH,MN,55056-6890
Matt's Automotive Service Center North Branch,TEK,3761,19976738,1038,104,3,,DON,WAVRA,15250 410TH ST,,NORTH BRANCH,MN,55056-6891
Matt's Automotive Service Center North Branch,TEK,3761,19974458,1038,104,3,,LINDA,NELSON,6430 BIRCH ST APT 11,,NORTH BRANCH,MN,55056-6990
Matt's Automotive Service Center North Branch,TEK,3761,19976214,1038,104,3,,STEVEN,SCHMIDT,3256 430TH ST,,HARRIS,MN,55032-3416
Matt's Automotive Service Center North Branch,TEK,3761,19975298,1038,104,3,,CAROL,HEDIN,8679 290TH LN NE,,NORTH BRANCH,MN,55056-6435
Matt's Automotive Service Center North Branch,TEK,3761,19976785,1038,104,3,,REBECCA,BARBER,5327 NOTTINGHAM RD,,NORTH BRANCH,MN,55056-5245
Matt's Automotive Service Center North Branch,TEK,3761,19980801,1038,104,03,,WILLIAM,KOSKI,39634 HEMINGWAY AVE,,NORTH BRANCH,MN,55056-5329
Matt's Automotive Service Center North Branch,TEK,3761,19976804,1038,104,3,,JASON,HOERTER,6270 RED FOX RUN,,NORTH BRANCH,MN,55056-5086
Matt's Automotive Service Center North Branch,TEK,3761,19972019,1038,104,3,,JOHN,MOCK,37456 HALLMARK DR,,NORTH BRANCH,MN,55056-5942
Matt's Automotive Service Center North Branch,TEK,3761,19980152,1038,104,3,,BILL,BALDWIN,5046 392ND ST,,NORTH BRANCH,MN,55056-5210
Matt's Automotive Service Center North Branch,TEK,3761,19976817,1038,104,3,,HECTOR,RODRIGUEZ,25643 FOREST BOULEVARD CT,,WYOMING,MN,55092-8436
Matt's Automotive Service Center North Branch,TEK,3761,19979003,1038,104,03,,RANDY,BARTLETT,40347 GRIZZLY LN,,NORTH BRANCH,MN,55056-6050
Matt's Automotive Service Center North Branch,TEK,3761,19974631,1038,104,3,,TERRY,HAGSTROM,9710 234TH LN NE,,STACY,MN,55079-5013
Matt's Automotive Service Center North Branch,TEK,3761,19976868,1038,104,03,,MADISON,CARROLL,852 8TH LN APT 2,,ANOKA,MN,55303-2890
Matt's Automotive Service Center North Branch,TEK,3761,19974341,1038,104,3,,BROOKE,FOX,39454 OAKRIDGE DR,,NORTH BRANCH,MN,55056-5051
Matt's Automotive Service Center North Branch,TEK,3761,19975517,1038,104,3,,JIM,SANDEY,44780 JESS AVE,,HARRIS,MN,55032-3038
Matt's Automotive Service Center North Branch,TEK,3761,19976871,1038,104,3,,TOM,TOLLEFSON,39793 FAWN AVE,,NORTH BRANCH,MN,55056-6164
Matt's Automotive Service Center North Branch,TEK,3761,19976937,1038,104,3,,JONATHAN,FLYNN,2231 BRIDGEWATER BLVD S,,CAMBRIDGE,MN,55008-2552
Matt's Automotive Service Center North Branch,TEK,3761,19976939,1038,104,3,,LORI,TACHENY,6470 BIRCH ST,,NORTH BRANCH,MN,55056-6034
Matt's Automotive Service Center North Branch,TEK,3761,19978375,1038,104,3,,LYLE,WARD,8996 SAINT CROIX TRL,,NORTH BRANCH,MN,55056-5390
Matt's Automotive Service Center North Branch,TEK,3761,19972451,1038,104,03,,TIM,LEE,27726 VASSAR ST NE,,STACY,MN,55079-6124
Matt's Automotive Service Center North Branch,TEK,3761,19976994,1038,104,3,,KYLE,LUNDEEN,6100 375TH ST,,NORTH BRANCH,MN,55056-5642
Matt's Automotive Service Center North Branch,TEK,3761,19977003,1038,104,3,,DAVE,SINDT,6736 401ST ST,,NORTH BRANCH,MN,55056-3312
Matt's Automotive Service Center North Branch,TEK,3761,19977006,1038,104,3,,ELI,CHOUINARD,7588 392ND ST,,NORTH BRANCH,MN,55056-5098
Matt's Automotive Service Center North Branch,TEK,3761,19977008,1038,104,03,,DANIEL,DUFFY,208 PROCO CT,,DULUTH,MN,55808-2155
Matt's Automotive Service Center North Branch,TEK,3761,19975709,1038,104,3,,PHILIP,MARDAUS,360 ANDREW ST,,RUSH CITY,MN,55069-2276
Matt's Automotive Service Center North Branch,TEK,3761,19976863,1038,104,03,,CARL,EKSTEDT,13931 410TH ST,,NORTH BRANCH,MN,55056-6849
Matt's Automotive Service Center North Branch,TEK,3761,19976794,1038,104,03,,ARIC,BAUER,7569 WELLINGTON CIR,,NORTH BRANCH,MN,55056-5863
Matt's Automotive Service Center North Branch,TEK,3761,19976722,1038,104,3,,DAVID,HAGSTROM,23661 FONTANA ST NE,,STACY,MN,55079-8803
Matt's Automotive Service Center North Branch,TEK,3761,19972651,1038,104,3,,CHAD,TRIGGS,27452 LYONS ST NE,,NORTH BRANCH,MN,55056-4907
Matt's Automotive Service Center North Branch,TEK,3761,19971953,1038,104,3,,TRAVIS,OKSTAD,5360 FERNWOOD TRL,,NORTH BRANCH,MN,55056-5280
Matt's Automotive Service Center North Branch,TEK,3761,19972691,1038,104,03,,JOE,MOULTON,6554 CEDAR ST,,NORTH BRANCH,MN,55056-5785
Matt's Automotive Service Center North Branch,TEK,3761,19977138,1038,104,3,,CHARLIE,COOK,4892 TAMARACK LN APT A,,DULUTH,MN,55811-1440
Matt's Automotive Service Center North Branch,TEK,3761,19977188,1038,104,03,,DENNIS,MOEN,224 LAKEVIEW ST,,AVINGER,TX,75630-7679
Matt's Automotive Service Center North Branch,TEK,3761,19977210,1038,104,3,,KAYLIN,FORLITI,4437 399TH ST,,NORTH BRANCH,MN,55056-7072
Matt's Automotive Service Center North Branch,TEK,3761,19975538,1038,104,3,,CARRIE,SHEA,6581 RIVERCREST DR,,NORTH BRANCH,MN,55056-5766
Matt's Automotive Service Center North Branch,TEK,3761,19977254,1038,104,3,,JIM,PAYNTER,6645 381ST ST,,NORTH BRANCH,MN,55056-5866
Matt's Automotive Service Center North Branch,TEK,3761,19977270,1038,104,3,,DAN,PAYNE,37731 HAWTHORNE AVE,,NORTH BRANCH,MN,55056-5963
Matt's Automotive Service Center North Branch,TEK,3761,19971643,1038,104,3,,RICK,PINAMONTI,39661 HORUS AVE,,NORTH BRANCH,MN,55056-5306
Matt's Automotive Service Center North Branch,TEK,3761,19975959,1038,104,3,,KIRSTEN,VAUGHAN,1155 DELLWOOD ST S APT 253,,CAMBRIDGE,MN,55008-2216
Matt's Automotive Service Center North Branch,TEK,3761,19973764,1038,104,3,,NEIL,LADD,492 N PINE LAKE RD,,HARRIS,MN,55032-3513
Matt's Automotive Service Center North Branch,TEK,3761,19977320,1038,104,03,,LISA,IZARNOTEGUI,813 223RD ST,,OSCEOLA,WI,54020-4554
Matt's Automotive Service Center North Branch,TEK,3761,19980565,1038,104,3,,AMY,ROBILLARD,40200 GREENLAWN AVE,,NORTH BRANCH,MN,55056-6027
Matt's Automotive Service Center North Branch,TEK,3761,19977055,1038,104,3,,KATHERINE,PELL,6133 ALBERT LN,,NORTH BRANCH,MN,55056-3303
Matt's Automotive Service Center North Branch,TEK,3761,19977355,1038,104,3,,MITCHELL,TORKELSON,163 401ST AVE NE,,STANCHFIELD,MN,55080-3312
Matt's Automotive Service Center North Branch,TEK,3761,19976550,1038,104,3,,MARK,WATKINS,37820 GREENWAY AVE,,NORTH BRANCH,MN,55056-5782
Matt's Automotive Service Center North Branch,TEK,3761,19977382,1038,104,3,,MICHAEL,ANDERSON,PO BOX 23,,HARRIS,MN,55032-0023
Matt's Automotive Service Center North Branch,TEK,3761,19970935,1038,104,3,,ROBERT,MAKI,9799 285TH AVE NE,,NORTH BRANCH,MN,55056-6424
Matt's Automotive Service Center North Branch,TEK,3761,19977393,1038,104,3,,KRISTINE,DONAHUE,6581 CEDAR ST,,NORTH BRANCH,MN,55056-5785
Matt's Automotive Service Center North Branch,TEK,3761,19977961,1038,104,3,,JEFF,NELSON,37780 GRAND AVE,,NORTH BRANCH,MN,55056-6090
Matt's Automotive Service Center North Branch,TEK,3761,19972550,1038,104,03,,HELEN,WHITE,38558 GRAND AVE,,NORTH BRANCH,MN,55056-5747
Matt's Automotive Service Center North Branch,TEK,3761,19973137,1038,104,3,,JOHN,KANE,38951 2ND AVE,,NORTH BRANCH,MN,55056-5781
Matt's Automotive Service Center North Branch,TEK,3761,19778162,1038,104,3,,Jessica,Thelander,37745 HAWTHORNE AVE,,NORTH BRANCH,MN,55056-5963
Matt's Automotive Service Center North Branch,TEK,3761,19979492,1038,104,3,,JEFF,FERTIG,12180 SAINT CROIX TRL,,NORTH BRANCH,MN,55056-6780
Matt's Automotive Service Center North Branch,TEK,3761,19977684,1038,104,3,,ED,GAGNE,38895 KOST TRL,,NORTH BRANCH,MN,55056-6723
Matt's Automotive Service Center North Branch,TEK,3761,19975123,1038,104,03,,JERRY,KASLOW,40872 FAHRION RD,,NORTH BRANCH,MN,55056-4926
Matt's Automotive Service Center North Branch,TEK,3761,19973975,1038,104,3,,JERRY,YOUNGQUIST,38150 EGRET TRL,,NORTH BRANCH,MN,55056-5438
Matt's Automotive Service Center North Branch,TEK,3761,19976916,1038,104,3,,KRISTEN,LAKE,42936 GINGER AVE,,HARRIS,MN,55032-3684
Matt's Automotive Service Center North Branch,TEK,3761,19974001,1038,104,3,,JESSICA,THELANDER,37745 HAWTHORNE AVE,,NORTH BRANCH,MN,55056-5963
Matt's Automotive Service Center North Branch,TEK,3761,19976239,1038,104,3,,STEVE,KES,9588 475TH ST,,HARRIS,MN,55032-3050
Matt's Automotive Service Center North Branch,TEK,3761,19973537,1038,104,03,,KATHY,HAUAN,38506 JULY AVE,,NORTH BRANCH,MN,55056-5900
Matt's Automotive Service Center North Branch,TEK,3761,19980566,1038,104,3,,Doug,Berg,6754 313TH AVE NE,,NORTH BRANCH,MN,55056-6651
Matt's Automotive Service Center North Branch,TEK,3761,19976673,1038,104,3,,JOE,KEOCHER,48257 GULL AVE,,RUSH CITY,MN,55069-1903
Matt's Automotive Service Center North Branch,TEK,3761,29661066,1038,104,03,,Tony,Watters,6731 MAPLE ST,,NORTH BRANCH,MN,55056-5752
Matt's Automotive Service Center North Branch,TEK,3761,19974355,1038,104,3,,ROGER,PALMER,49307 CLOVER TRL,,RUSH CITY,MN,55069-2602
Matt's Automotive Service Center North Branch,TEK,3761,19980153,1038,104,3,,ARLAN,SCHLIPP,29502 REGULUS ST NE,,CAMBRIDGE,MN,55008-6310
Matt's Automotive Service Center North Branch,TEK,3761,19976666,1038,104,3,,SARAH,GORANSON,PO BOX 581,,NORTH BRANCH,MN,55056-0581
Matt's Automotive Service Center North Branch,TEK,3761,19976148,1038,104,3,,DESARAY,ST. JULIANA,45641 IRIS AVE,,HARRIS,MN,55032-3066
Matt's Automotive Service Center North Branch,TEK,3761,19976322,1038,104,3,,JONATHAN,KASPER,37430 FILL AVE,,NORTH BRANCH,MN,55056-5658
Matt's Automotive Service Center North Branch,TEK,3761,34373742,1038,104,03,,Mark,Rangitsch,4293 WESTON WAY,,SAINT PAUL,MN,55126-1400
Matt's Automotive Service Center North Branch,TEK,3761,19979978,1038,104,3,,JUDITH,JOHNSON,39737 CHEROKEE AVE,,NORTH BRANCH,MN,55056-6971
Matt's Automotive Service Center North Branch,TEK,3761,19970620,1038,104,3,,RON,PERRAULT,36328 JULY AVE,,NORTH BRANCH,MN,55056-5741
Matt's Automotive Service Center North Branch,TEK,3761,19977262,1038,104,3,,Samuel,Srock,38326 TIMBER LN,,NORTH BRANCH,MN,55056-5824
Matt's Automotive Service Center North Branch,TEK,3761,19972011,1038,104,3,,MELISSA,DUPRE,7801 277TH AVE NE,,NORTH BRANCH,MN,55056-4902
