Shop Name,Software,SID,CID,WSID,WCID,MBdayMo,TBdayMo,First,Last,Address,Address2,City,St,Zip
Matt's Automotive Service Center North Branch,TEK,3761,19976222,1038,104,,9,CAROL,SPLITTSTOSER,9625 310TH AVE NE,,NORTH BRANCH,MN,55056-6556
Matt's Automotive Service Center North Branch,TEK,3761,19976636,1038,104,,3,MICHAEL,LAFONTAINE,4843 AVONDALE ST,,DULUTH,MN,55804-1200
Matt's Automotive Service Center North Branch,TEK,3761,19976665,1038,104,,3,MASON,DAVIS,10825 50TH PL N,,PLYMOUTH,MN,55442-2243
Matt's Automotive Service Center North Branch,TEK,3761,19976721,1038,104,,9,CATHY,MACKENZIE,114 W WARREN ST,,DRESSER,WI,54009-9033
Matt's Automotive Service Center North Branch,TEK,3761,19976822,1038,104,,3,REBECCA,LANGERUD,27118 LYONS ST NE,,NORTH BRANCH,MN,55056-4909
Matt's Automotive Service Center North Branch,TEK,3761,19976372,1038,104,,9,TREY,WIDHOLM,37871 GERALD AVE,,NORTH BRANCH,MN,55056-5977
Matt's Automotive Service Center North Branch,TEK,3761,19970781,1038,104,,3,COOP,MEMBER,PO BOX 161527,,DULUTH,MN,55816-1527
Matt's Automotive Service Center North Branch,TEK,3761,19976867,1038,104,,9,NICK,BENICK,31711 FRONTIER AVE,,STACY,MN,55079-9573
Matt's Automotive Service Center North Branch,TEK,3761,19976936,1038,104,,9,CAMERON,DEZIEL,20006 HERITAGE DR,,LAKEVILLE,MN,55044-6863
Matt's Automotive Service Center North Branch,TEK,3761,19976946,1038,104,,3,JERRY,DE MARRE,4926 SHADY LN,,NORTH BRANCH,MN,55056-5505
Matt's Automotive Service Center North Branch,TEK,3761,19976963,1038,104,,3,CHRISTAL,BROWN,6522 403RD ST,,NORTH BRANCH,MN,55056-5758
Matt's Automotive Service Center North Branch,TEK,3761,19976505,1038,104,,3,BEN,MILLER,36388 ELK AVE,,NORTH BRANCH,MN,55056-5504
Matt's Automotive Service Center North Branch,TEK,3761,19977037,1038,104,,3,MICHAEL,PEKAR,PO BOX 638,,BUCKMAN,MN,56317-0638
Matt's Automotive Service Center North Branch,TEK,3761,19977065,1038,104,,3,MARK,SPC ENGINEERIN,13369 PARTRIDGE ST NW,,ANDOVER,MN,55304-3987
Matt's Automotive Service Center North Branch,TEK,3761,19977072,1038,104,,9,JORDAN,BRUNSON,39486 ASH CT,,NORTH BRANCH,MN,55056-5072
Matt's Automotive Service Center North Branch,TEK,3761,19977241,1038,104,,3,ROBERT,RANDOE,31076 JULLIARD ST NE,,NORTH BRANCH,MN,55056-6568
Matt's Automotive Service Center North Branch,TEK,3761,19977312,1038,104,,3,ELISE,LAGARD,40549 FENIAN WAY,,NORTH BRANCH,MN,55056-4949
Matt's Automotive Service Center North Branch,TEK,3761,19977323,1038,104,,9,JUSTICE,CHAFFEE,201 6TH ST S,,VIRGINIA,MN,55792-2717
Matt's Automotive Service Center North Branch,TEK,3761,19977329,1038,104,,3,ANDREW,GRICE,59643 STATE HIGHWAY 48,,HINCKLEY,MN,55037-8432
Matt's Automotive Service Center North Branch,TEK,3761,19977337,1038,104,,9,FAITH,CANNON,5385 STACY TRL TRLR 257,,STACY,MN,55079-9480
Matt's Automotive Service Center North Branch,TEK,3761,19976951,1038,104,,9,BONNIE,LUNDSTROM,115 EAST AVE APT 114,,MAHTOMEDI,MN,55115-2274
Matt's Automotive Service Center North Branch,TEK,3761,19977379,1038,104,,3,JACOB,CARROLL,15259 400TH ST,,NORTH BRANCH,MN,55056-6834
Matt's Automotive Service Center North Branch,TEK,3761,19976714,1038,104,,9,ELIZABETH,PREDA,5890 302ND ST,,STACY,MN,55079-9641
Matt's Automotive Service Center North Branch,TEK,3761,19980525,1038,104,,9,TRUDY,LUNDEEN,PO BOX 923,,NORTH BRANCH,MN,55056-0923
Matt's Automotive Service Center North Branch,TEK,3761,19977227,1038,104,,9,KENNETH,PELL,6133 ALBERT LN,,NORTH BRANCH,MN,55056-3303
Matt's Automotive Service Center North Branch,TEK,3761,19776731,1038,104,,3,Terry,Foi,57501 GOVERNMENT RD,,PINE CITY,MN,55063-9053
Matt's Automotive Service Center North Branch,TEK,3761,20281230,1038,104,,9,Cesil,Campos,41292 HARDER AVE,,HARRIS,MN,55032-3161
Matt's Automotive Service Center North Branch,TEK,3761,22027221,1038,104,,9,Irelyn,Lunzer,39207 GRAND AVE,,NORTH BRANCH,MN,55056-5064
Matt's Automotive Service Center North Branch,TEK,3761,24418931,1038,104,,9,Victoria,Allen,30135 REDFIELD CIR,,SHAFER,MN,55074-9684
Matt's Automotive Service Center North Branch,TEK,3761,25966174,1038,104,,3,Marke,Huntley,20587 MISHAWAKA SHORES CIR,,GRAND RAPIDS,MN,55744-4527
Matt's Automotive Service Center North Branch,TEK,3761,26137569,1038,104,,3,Bijit,Khadka,701 EAGLE HTS,,MADISON,WI,53705-1586
Matt's Automotive Service Center North Branch,TEK,3761,31389710,1038,104,,9,Jennifer,Johnston,1283 BUR OAK LN,,SAINT CROIX FALLS,WI,54024-8162
Matt's Automotive Service Center North Branch,TEK,3761,31654921,1038,104,,3,Crystal,Paulson,6470 BIRCH ST,,NORTH BRANCH,MN,55056-6034
Matt's Automotive Service Center North Branch,TEK,3761,34677732,1038,104,,3,Karyn,Thompson,49507 GOVERNMENT RD,,RUSH CITY,MN,55069-2162
Matt's Automotive Service Center North Branch,TEK,3761,19973410,1038,104,,9,JAY,LINDEN,38560 GRAND AVE,,NORTH BRANCH,MN,55056-5747
Matt's Automotive Service Center North Branch,TEK,3761,36062870,1038,104,,3,Rachael,Villagomez,39477 8TH AVE,,NORTH BRANCH,MN,55056-5097
Matt's Automotive Service Center North Branch,TEK,3761,36571369,1038,104,,3,richard,anderson,5933 TIMBER WOLF TRL,,NORTH BRANCH,MN,55056-5082
Matt's Automotive Service Center North Branch,TEK,3761,19974695,1038,104,,9,DAVID,FLOHR,32327 VIRGO ST NE,,NORTH BRANCH,MN,55056-6609
