Shop Name,Software,SID,CID,WSID,WCID,MBdayMo,TBdayMo,First,Last,Address,Address2,City,St,Zip
Matt's Automotive Service Center North Branch,TEK,3761,19971236,1038,104,09,,PAUL,LEVESQUE,4867 379TH ST,,NORTH BRANCH,MN,55056-5416
Matt's Automotive Service Center North Branch,TEK,3761,19976652,1038,104,09,,MATT,CANTLEY,2544 CONCORD WAY,,MENDOTA HEIGHTS,MN,55120-1701
Matt's Automotive Service Center North Branch,TEK,3761,19976643,1038,104,9,,CURT,ZELLMER,8082 242ND AVE NE,,STACY,MN,55079-9310
Matt's Automotive Service Center North Branch,TEK,3761,19976674,1038,104,9,,RYAN,FREDLUND,31465 CEDAR CREST TRL,,NORTH BRANCH,MN,55056-6540
Matt's Automotive Service Center North Branch,TEK,3761,19971821,1038,104,09,,CRYSTAL,RODRIGUEZ,7188 360TH ST,,NORTH BRANCH,MN,55056-5604
Matt's Automotive Service Center North Branch,TEK,3761,19971747,1038,104,9,,CHUE,MOUA,35931 FALCON AVE,,NORTH BRANCH,MN,55056-4933
Matt's Automotive Service Center North Branch,TEK,3761,19976234,1038,104,9,,JOE,LEWIS,5127 424TH ST,,HARRIS,MN,55032-3310
Matt's Automotive Service Center North Branch,TEK,3761,19976712,1038,104,09,,ERIC,GROEBNER,6271 163RD LN NW,,RAMSEY,MN,55303-3742
Matt's Automotive Service Center North Branch,TEK,3761,19975849,1038,104,09,,KOU,XIONG,6235 MAPLE ST,,NORTH BRANCH,MN,55056-5469
Matt's Automotive Service Center North Branch,TEK,3761,19976729,1038,104,09,,ROBERT,KRON,7010 W 113TH ST,,BLOOMINGTON,MN,55438-2446
Matt's Automotive Service Center North Branch,TEK,3761,19976518,1038,104,9,,LISA,DAMIANI,5235 ENCHANTMENT LN,,STACY,MN,55079-4568
Matt's Automotive Service Center North Branch,TEK,3761,19976441,1038,104,9,,DICK,SANDSTROM,240 MOONLITE DR,,CIRCLE PINES,MN,55014-1636
Matt's Automotive Service Center North Branch,TEK,3761,19976125,1038,104,9,,DARWIN,LONG,38149 EVERTON AVE,,NORTH BRANCH,MN,55056-5982
Matt's Automotive Service Center North Branch,TEK,3761,19976725,1038,104,9,,AMY,BLACK,6038 RED FOX RUN,,NORTH BRANCH,MN,55056-5084
Matt's Automotive Service Center North Branch,TEK,3761,19976383,1038,104,9,,JERRY,NIEHAUS,5318 417TH ST,,NORTH BRANCH,MN,55056-5242
Matt's Automotive Service Center North Branch,TEK,3761,19974077,1038,104,9,,MICHAEL,HANSON,30712 454TH AVE,,AITKIN,MN,56431-6147
Matt's Automotive Service Center North Branch,TEK,3761,19976826,1038,104,9,,JIM,NIEMAN,44811 BENDING AVE,,HARRIS,MN,55032-3834
Matt's Automotive Service Center North Branch,TEK,3761,19976833,1038,104,9,,ANDREW,SYLVESTER,46320 STATE HIGHWAY 48,,HINCKLEY,MN,55037-8425
Matt's Automotive Service Center North Branch,TEK,3761,19976417,1038,104,09,,RICHARD,LOVE,21045 347TH ST,,TAYLORS FALLS,MN,55084-1827
Matt's Automotive Service Center North Branch,TEK,3761,19976838,1038,104,9,,DEREK,SODERQUIST,30278 ABBY RD NE,,NORTH BRANCH,MN,55056-7165
Matt's Automotive Service Center North Branch,TEK,3761,19976630,1038,104,09,,TONY,PAONE,11941 64TH AVE N,,MAPLE GROVE,MN,55369-6050
Matt's Automotive Service Center North Branch,TEK,3761,19975399,1038,104,09,,KIM,HOUSE,6538 NORMANDALE CIR,,NORTH BRANCH,MN,55056-5677
Matt's Automotive Service Center North Branch,TEK,3761,19974715,1038,104,9,,ZACH,MATTSON,7649 TAMWORTH LN,,NORTH BRANCH,MN,55056-5873
Matt's Automotive Service Center North Branch,TEK,3761,19976551,1038,104,9,,LAWRENCE,FREDRICKSON,2230 CEDARCREST CT,,HARRIS,MN,55032-3752
Matt's Automotive Service Center North Branch,TEK,3761,19976324,1038,104,9,,SARA,RUNDLE,6199 OAK ST,,NORTH BRANCH,MN,55056-5441
Matt's Automotive Service Center North Branch,TEK,3761,19975521,1038,104,9,,BOB,KONEN,6236 384TH LN,,NORTH BRANCH,MN,55056-3318
Matt's Automotive Service Center North Branch,TEK,3761,19976899,1038,104,09,,CHET,SCHWARTZ,800 EVERGREEN DR APT 314,,BURNSVILLE,MN,55337-6656
Matt's Automotive Service Center North Branch,TEK,3761,19976909,1038,104,9,,ALLISON,MULLER,38205 CASSELBERRY DR,,NORTH BRANCH,MN,55056-5925
Matt's Automotive Service Center North Branch,TEK,3761,19976932,1038,104,09,,KAREN,FILOON,1510 THOMAS LAKE POINTE RD,,EAGAN,MN,55122-2565
Matt's Automotive Service Center North Branch,TEK,3761,19975739,1038,104,9,,JOHN,MARTY,6662 540TH ST,,RUSH CITY,MN,55069-2769
Matt's Automotive Service Center North Branch,TEK,3761,19976890,1038,104,9,,RICHARD,ANDERSON,4312 392ND ST,,NORTH BRANCH,MN,55056-5425
Matt's Automotive Service Center North Branch,TEK,3761,19976608,1038,104,9,,FRED,MARSH,5341 367TH CT,,NORTH BRANCH,MN,55056-5543
Matt's Automotive Service Center North Branch,TEK,3761,19976631,1038,104,9,,REBECCA,CROWELL,42130 AFTON AVE,,HARRIS,MN,55032-2002
Matt's Automotive Service Center North Branch,TEK,3761,19976671,1038,104,9,,CRAIG,SCHWARTEN,34570 IVAN AVE,,STACY,MN,55079-9587
Matt's Automotive Service Center North Branch,TEK,3761,19977002,1038,104,9,,LEAH,ELLSWORTH,2256 457TH ST,,HARRIS,MN,55032-3776
Matt's Automotive Service Center North Branch,TEK,3761,19977017,1038,104,09,,RON,ANDERSON,PO BOX 132,,HERBSTER,WI,54844-0132
Matt's Automotive Service Center North Branch,TEK,3761,19977020,1038,104,9,,SARAH,MURRAY,1000 OPPORTUNITY BLVD S,,CAMBRIDGE,MN,55008-2801
Matt's Automotive Service Center North Branch,TEK,3761,19976609,1038,104,9,,MARK,LONG,38787 5TH AVE,,NORTH BRANCH,MN,55056-5132
Matt's Automotive Service Center North Branch,TEK,3761,19974390,1038,104,09,,JOHN,JESKE,5982 RED FOX RUN,,NORTH BRANCH,MN,55056-5087
Matt's Automotive Service Center North Branch,TEK,3761,19975984,1038,104,9,,LINDSEY,WILCOX,5902 RED FOX RUN,,NORTH BRANCH,MN,55056-5087
Matt's Automotive Service Center North Branch,TEK,3761,19972552,1038,104,9,,JERRY,TYLEE,46335 GOOSE CREEK RD,,HARRIS,MN,55032-3602
Matt's Automotive Service Center North Branch,TEK,3761,19977089,1038,104,09,,JOHN,ADKINS,2344 LAC LABELLE RD,,CARLTON,MN,55718-8225
Matt's Automotive Service Center North Branch,TEK,3761,19971956,1038,104,09,,MIKE,CARPENTER,5356 570TH ST,,PINE CITY,MN,55063-5012
Matt's Automotive Service Center North Branch,TEK,3761,19976520,1038,104,9,,JARED,OLDENBURG,43858 BALSAM AVE,,HARRIS,MN,55032-3866
Matt's Automotive Service Center North Branch,TEK,3761,19979547,1038,104,9,,JEFF,LUSTIG,46934 FALCON AVE,,RUSH CITY,MN,55069-2410
Matt's Automotive Service Center North Branch,TEK,3761,19976993,1038,104,9,,SHAWN,OBRIEN,40200 GOLDEN WAY,,NORTH BRANCH,MN,55056-3336
Matt's Automotive Service Center North Branch,TEK,3761,19977104,1038,104,09,,SPENSER,VANLAANEN,17 102ND LN NW,,COON RAPIDS,MN,55448-5230
Matt's Automotive Service Center North Branch,TEK,3761,19977121,1038,104,9,,MICHELLE,RABOIN,38393 HARDER AVE,,NORTH BRANCH,MN,55056-5385
Matt's Automotive Service Center North Branch,TEK,3761,19976384,1038,104,9,,DESIREE,DENNISON,565 ESTATE DR,,RUSH CITY,MN,55069-5015
Matt's Automotive Service Center North Branch,TEK,3761,19973275,1038,104,9,,KEVIN,MARQUIS,1205 GRANT AVE NW,,NEW PRAGUE,MN,56071-5521
Matt's Automotive Service Center North Branch,TEK,3761,19980719,1038,104,9,,DALE,HORNSTRA,40116 GREENLAWN AVE,,NORTH BRANCH,MN,55056-6030
Matt's Automotive Service Center North Branch,TEK,3761,19975942,1038,104,9,,GREG,KLAAS,4251 POND VIEW DR,,SAINT PAUL,MN,55110-4156
Matt's Automotive Service Center North Branch,TEK,3761,19977193,1038,104,09,,JOEL,GISSELQUIST,4060 TERRACE LN,,HOPKINS,MN,55305-5124
Matt's Automotive Service Center North Branch,TEK,3761,19976795,1038,104,9,,JOSHUA,CHEATHAM,1111 TYLER AVE SE,,ISANTI,MN,55040-6326
Matt's Automotive Service Center North Branch,TEK,3761,19977228,1038,104,09,,JOHN,MCCAULLEY,PO BOX 853,,EDEN,UT,84310-0853
Matt's Automotive Service Center North Branch,TEK,3761,19976061,1038,104,9,,DAN,SANDQUIST,231 6TH AVE NE,,CAMBRIDGE,MN,55008-1229
Matt's Automotive Service Center North Branch,TEK,3761,19976658,1038,104,9,,JEFF,HILL,40655 HARVESTER CT,,NORTH BRANCH,MN,55056-6037
Matt's Automotive Service Center North Branch,TEK,3761,19977272,1038,104,9,,JOSEPH,OSTERBAUER,37625 EVERGREEN AVE,,NORTH BRANCH,MN,55056-5539
Matt's Automotive Service Center North Branch,TEK,3761,19972270,1038,104,9,,BELTRAN,HERNANDES,6637 BIRCH ST,,NORTH BRANCH,MN,55056-5061
Matt's Automotive Service Center North Branch,TEK,3761,19976247,1038,104,09,,MARV,WIDMARK,1948 STARK RD,,HARRIS,MN,55032-3512
Matt's Automotive Service Center North Branch,TEK,3761,19974418,1038,104,9,,AMANDA,HAUGEN,706 12TH ST SW APT 304,,FOREST LAKE,MN,55025-3759
Matt's Automotive Service Center North Branch,TEK,3761,19976462,1038,104,9,,JOHN,HOLSCHER,535 NELSON CT,,CENTER CITY,MN,55012-3500
Matt's Automotive Service Center North Branch,TEK,3761,19977359,1038,104,9,,BRUCE,WALKER,7610 397TH ST,,NORTH BRANCH,MN,55056-5317
Matt's Automotive Service Center North Branch,TEK,3761,19972400,1038,104,09,,BELTRAN,HERNANDEZ,6637 BIRCH ST,,NORTH BRANCH,MN,55056-5061
Matt's Automotive Service Center North Branch,TEK,3761,19975316,1038,104,9,,HOLLY,BRAUN,16750 410TH ST,,NORTH BRANCH,MN,55056-6843
Matt's Automotive Service Center North Branch,TEK,3761,19977406,1038,104,9,,ANTONIO,FREDERIKSEN,7089 376TH ST,,NORTH BRANCH,MN,55056-5965
Matt's Automotive Service Center North Branch,TEK,3761,19972946,1038,104,09,,LORRAINE,MOELLER,38148 EGRET WAY,,NORTH BRANCH,MN,55056-5435
Matt's Automotive Service Center North Branch,TEK,3761,19977432,1038,104,9,,RENEE,MARQUETTE,1329 BAYVIEW AVE,,RICE LAKE,WI,54868-2710
Matt's Automotive Service Center North Branch,TEK,3761,19972443,1038,104,9,,MARY,REITER,12083 WILCOX RD,,NORTH BRANCH,MN,55056-6261
Matt's Automotive Service Center North Branch,TEK,3761,19975293,1038,104,9,,SHANON,ANDERSON,22600 EVERTON AVE N APT 411,,FOREST LAKE,MN,55025-3400
Matt's Automotive Service Center North Branch,TEK,3761,19977044,1038,104,9,,JORGE,BLANCO,6499 ASH ST APT 109,,NORTH BRANCH,MN,55056-6980
Matt's Automotive Service Center North Branch,TEK,3761,19975866,1038,104,9,,DAN,WIDHOLM,37871 GERALD AVE,,NORTH BRANCH,MN,55056-5977
Matt's Automotive Service Center North Branch,TEK,3761,19975823,1038,104,09,,RACHEL,LILLEBOE,6495 ASH ST APT 205,,NORTH BRANCH,MN,55056-6903
Matt's Automotive Service Center North Branch,TEK,3761,19976808,1038,104,9,,DAVE,KOZLOVSKY,17190 410TH ST,,NORTH BRANCH,MN,55056-6819
Matt's Automotive Service Center North Branch,TEK,3761,23505627,1038,104,09,,David,Sloane,5238 406TH ST,,NORTH BRANCH,MN,55056-5295
Matt's Automotive Service Center North Branch,TEK,3761,19977315,1038,104,9,,Jeff,Kapeller,7528 475TH ST,,RUSH CITY,MN,55069-2863
Matt's Automotive Service Center North Branch,TEK,3761,24410744,1038,104,09,,Paul,Marcucci,215 18TH AVE SE,,CAMBRIDGE,MN,55008-9483
Matt's Automotive Service Center North Branch,TEK,3761,19977437,1038,104,9,,Frank,Smith,6023 ELM ST,,NORTH BRANCH,MN,55056-7013
Matt's Automotive Service Center North Branch,TEK,3761,19979271,1038,104,09,,BRYAN,LUETH,6684 402ND ST,,NORTH BRANCH,MN,55056-5754
Matt's Automotive Service Center North Branch,TEK,3761,19971256,1038,104,09,,NANCY,ROSEN,6194 COUGAR TRL,,NORTH BRANCH,MN,55056-5091
Matt's Automotive Service Center North Branch,TEK,3761,30638293,1038,104,09,,Mason,Hubert,38283 EXPLORER CIR,,NORTH BRANCH,MN,55056-6113
Matt's Automotive Service Center North Branch,TEK,3761,19980595,1038,104,9,,DON,POISSANT,6009 OAK CIR,,NORTH BRANCH,MN,55056-5095
Matt's Automotive Service Center North Branch,TEK,3761,19974740,1038,104,9,,CHANTHY,DULLUM,8534 360TH ST,,NORTH BRANCH,MN,55056-5731
Matt's Automotive Service Center North Branch,TEK,3761,35280266,1038,104,09,,Rob,Johnson,39832 FAWN AVE,,NORTH BRANCH,MN,55056-6165
Matt's Automotive Service Center North Branch,TEK,3761,19980095,1038,104,9,,DEL,JOHNSON,4791 384TH TRL,,NORTH BRANCH,MN,55056-3345
Matt's Automotive Service Center North Branch,TEK,3761,19972898,1038,104,9,,BARRY,SJODAHL,40612 FAHRION CT,,NORTH BRANCH,MN,55056-5490
Matt's Automotive Service Center North Branch,TEK,3761,19976931,1038,104,9,,THOMAS,KAMPA,30850 CEDAR CREST TRL NE,,NORTH BRANCH,MN,55056-6481
