Shop Name,Software,SID,CID,WSID,WCID,MBdayMo,TBdayMo,First,Last,Address,Address2,City,St,Zip
Doc Motor Works inc.,TEK,293,685845,1039,,9,,Kimberly,Mc Donald,1718 MIDDLEBURY DR,,AURORA,IL,60503-5750
Doc Motor Works inc.,TEK,293,686354,1039,,9,,Steve,Bettenhausen,12339 BRIGHTON LN,,PLAINFIELD,IL,60585-8579
Doc Motor Works inc.,TEK,293,684799,1039,,9,,Veronica,Kaletta,6916 ASTORIA DR,,PLAINFIELD,IL,60586-5277
Doc Motor Works inc.,TEK,293,687804,1039,,9,,Cindy,Larson,111 SHOREWOOD LN,,SHOREWOOD,IL,60404-9284
Doc Motor Works inc.,TEK,293,684813,1039,,9,,Paris,Buckingham,901 HUDSON DR,,JOLIET,IL,60431-7991
Doc Motor Works inc.,TEK,293,685490,1039,,9,,Rick,Wirth,788 WHEATLAND LN,,BOLINGBROOK,IL,60490-5452
Doc Motor Works inc.,TEK,293,744964,1039,,9,,Thomas,Barbour,1011 LINDSAY ST,,JOLIET,IL,60431-8756
Doc Motor Works inc.,TEK,293,687810,1039,,9,,Christine,Cebrzynski,2203 IRVINE LN,,PLAINFIELD,IL,60586-8376
Doc Motor Works inc.,TEK,293,688002,1039,,9,,Marian,Lukacisin,4425 TIMBER RIDGE CT,,JOLIET,IL,60431-1708
Doc Motor Works inc.,TEK,293,757254,1039,,9,,Janet,McGrath,4705 BACCARRAT CT,,JOLIET,IL,60431-7523
Doc Motor Works inc.,TEK,293,858420,1039,,9,,Brian,Roche,6105 PHEASANT RIDGE DR,,PLAINFIELD,IL,60586-5336
Doc Motor Works inc.,TEK,293,687988,1039,,9,,Lisa,Johnson,1025 HERON CIR,,JOLIET,IL,60431-8889
Doc Motor Works inc.,TEK,293,1038129,1039,,9,,Mike,Santelli,4610 EDINBURGH CT,,JOLIET,IL,60431-7520
Doc Motor Works inc.,TEK,293,1054846,1039,,9,,Rubar,Saavadra,7613 STONECROP LN,,JOLIET,IL,60431-7885
Doc Motor Works inc.,TEK,293,1072109,1039,,09,,Jason,Santo,704 HOLLAND LN,,ROMEOVILLE,IL,60446-5214
Doc Motor Works inc.,TEK,293,687409,1039,,9,,Matt,Kociuba,1208 COUNTRY DR,,SHOREWOOD,IL,60404-0555
Doc Motor Works inc.,TEK,293,1054806,1039,,9,,Jessica,Logan,PO BOX 1664,,WAYNESBORO,GA,30830-2664
Doc Motor Works inc.,TEK,293,1245057,1039,,9,,Darren,Blum,6116 STAFFORD ST,,PLAINFIELD,IL,60586-1683
Doc Motor Works inc.,TEK,293,1245416,1039,,9,,Ed,Becker,2106 OLDE MILL RD,,PLAINFIELD,IL,60586-8638
Doc Motor Works inc.,TEK,293,688150,1039,,9,,Terry,Mitchell,4613 OSPREY LN,,PLAINFIELD,IL,60586-5347
Doc Motor Works inc.,TEK,293,686744,1039,,9,,Teresa,Rogers,23023 JUDITH DR,,PLAINFIELD,IL,60586-9639
Doc Motor Works inc.,TEK,293,687358,1039,,9,,Donna,Dills,1230 CALLAWAY DR N,,SHOREWOOD,IL,60404-8155
Doc Motor Works inc.,TEK,293,1377039,1039,,9,,Kimberly,Childress,6123 PHEASANT RIDGE DR,,PLAINFIELD,IL,60586-5336
Doc Motor Works inc.,TEK,293,1398663,1039,,9,,Felipe,Sepulveda,1806 WESTBROOK CT,,PLAINFIELD,IL,60586-4142
Doc Motor Works inc.,TEK,293,688347,1039,,9,,Ashley,Schmitz,22336 S NEWCASTLE CT,,SHOREWOOD,IL,60404-6629
Doc Motor Works inc.,TEK,293,1993019,1039,,9,,David,Salbego,11 SURREY LN,,MANORVILLE,NY,11949-2536
Doc Motor Works inc.,TEK,293,687770,1039,,9,,Gerald,Jorgenson,26112 MAPLEVIEW DR,,PLAINFIELD,IL,60585-2541
Doc Motor Works inc.,TEK,293,685781,1039,,9,,Jonathan,Alarcon,1724 TALL OAKS DR,,PLAINFIELD,IL,60586-5748
Doc Motor Works inc.,TEK,293,2242980,1039,,9,,Kathy,Gebhardt,3646 TERRANCE FERRY DR,,JOLIET,IL,60431-8730
Doc Motor Works inc.,TEK,293,687453,1039,,9,,Kelly,Manfred,500 WESTWOOD DR,,SHOREWOOD,IL,60404-9426
Doc Motor Works inc.,TEK,293,687769,1039,,9,,William,Jones,1511 LEGACY POINTE BLVD,,JOLIET,IL,60431-7565
Doc Motor Works inc.,TEK,293,2550993,1039,,9,,Mark,Ballard,1105 WEINBERGER CIR,,JOLIET,IL,60431-7921
Doc Motor Works inc.,TEK,293,688309,1039,,9,,Mike,Downey,1801 SPRINGSIDE CT,,PLAINFIELD,IL,60586-4251
Doc Motor Works inc.,TEK,293,2615999,1039,,9,,Shahbaz,Ahmed,25419 W SPRINGVIEW CT,,PLAINFIELD,IL,60586-7289
Doc Motor Works inc.,TEK,293,2836293,1039,,9,,Robert,Sittler,5917 ARBOR GATE DR,,PLAINFIELD,IL,60586-5735
Doc Motor Works inc.,TEK,293,2835810,1039,,9,,Frank,Coddington,204 KEITHLAND CT,,NEW LENOX,IL,60451-3411
Doc Motor Works inc.,TEK,293,2048339,1039,,9,,Jim,Sottosanto,6206 BRIXTON CT,,PLAINFIELD,IL,60586-4254
Doc Motor Works inc.,TEK,293,3304545,1039,,9,,Gary,Gordon,2010 PRIMROSE DR,,PLAINFIELD,IL,60586-8647
Doc Motor Works inc.,TEK,293,687816,1039,,9,,Pern,Lundell,606 NORTHGATE LN,,SHOREWOOD,IL,60404-9550
Doc Motor Works inc.,TEK,293,725011,1039,,9,,Tyler,Emery,6705 MOUNTAIN RIDGE PASS,,PLAINFIELD,IL,60586-2801
Doc Motor Works inc.,TEK,293,1040633,1039,,9,,Alan,Billington,2122 WESMERE LAKES DR,,PLAINFIELD,IL,60586-6605
Doc Motor Works inc.,TEK,293,3680837,1039,,9,,Stan,Waznis,419 N REED ST,,JOLIET,IL,60435-5967
Doc Motor Works inc.,TEK,293,687421,1039,,9,,Oliver,Lopez,1813 GREAT RIDGE DR,,PLAINFIELD,IL,60586-2602
Doc Motor Works inc.,TEK,293,4163295,1039,,9,,Ken,Downing,3831 AMBER CT,kenlizdowning@comcast net,PLAINFIELD,IL,60586-9001
Doc Motor Works inc.,TEK,293,3977271,1039,,9,,Timothy,Carpenter,2314 S ROUTE 59,,PLAINFIELD,IL,60586-7756
Doc Motor Works inc.,TEK,293,685626,1039,,9,,Jesse,Stiff,1220 BUELL CT,,JOLIET,IL,60435-6875
Doc Motor Works inc.,TEK,293,687924,1039,,9,,Daniel,Garcia,2008 KINGSBURY ESTATES DR,,PLAINFIELD,IL,60586-6243
Doc Motor Works inc.,TEK,293,4209623,1039,,9,,Blake,Stone,1421 SPRING OAKS DR,,JOLIET,IL,60431-5342
Doc Motor Works inc.,TEK,293,4365840,1039,,9,,Charles,Fortunato,306 PRIDELAND DR,,SHOREWOOD,IL,60404-7045
Doc Motor Works inc.,TEK,293,685232,1039,,9,,Diane,Gray,2587 CANYON DR,,PLAINFIELD,IL,60586-5922
Doc Motor Works inc.,TEK,293,4426096,1039,,09,,Moses,Kwaben,21165 S MEADOWVIEW LN,,SHOREWOOD,IL,60404-8368
Doc Motor Works inc.,TEK,293,688060,1039,,9,,Marcus,Blackman,1305 DAUPHIN DR,,JOLIET,IL,60431-5397
Doc Motor Works inc.,TEK,293,4554333,1039,,9,,Patrick,Ethridge,22765 W JONATHON DR,,CHANNAHON,IL,60410-3198
Doc Motor Works inc.,TEK,293,4556615,1039,,9,,Nicole,Gatorano,1210 STONECROP LN,,JOLIET,IL,60431-7880
Doc Motor Works inc.,TEK,293,763445,1039,,9,,Mike,Lorenzo,502 BETHANY DR,,SHOREWOOD,IL,60404-0657
Doc Motor Works inc.,TEK,293,688505,1039,,9,,Glenn,Pitts,611 SHOREWOOD DR,,SHOREWOOD,IL,60404-9767
Doc Motor Works inc.,TEK,293,2617220,1039,,09,,Bill,Mullen,1112 HUNTINGTON DR,,SHOREWOOD,IL,60404-9420
Doc Motor Works inc.,TEK,293,5583560,1039,,9,,John,Bersano,515 CARLA DR,,SHOREWOOD,IL,60404-9708
Doc Motor Works inc.,TEK,293,5616656,1039,,9,,Maurice,Hines,430 N RIVER ST,,AURORA,IL,60506-4157
Doc Motor Works inc.,TEK,293,5921816,1039,,9,,Cameron,Austin,7204 FAXTON LN,,PLAINFIELD,IL,60586-5919
Doc Motor Works inc.,TEK,293,6051176,1039,,9,,Jamie,Davis,14719 COLONIAL PKWY,,PLAINFIELD,IL,60544-2666
Doc Motor Works inc.,TEK,293,6171982,1039,,9,,James,Kamholz,1913 ARBOR FALLS DR,,PLAINFIELD,IL,60586-5723
Doc Motor Works inc.,TEK,293,6000871,1039,,9,,Rene,Hernandez,5116 BRIGHTON LN,,PLAINFIELD,IL,60586-7830
Doc Motor Works inc.,TEK,293,687324,1039,,9,,Brandon,Kelly,1300 TAYLOR ST,,JOLIET,IL,60435-5840
Doc Motor Works inc.,TEK,293,6381159,1039,,9,,Paula,Redmond,6907 RILEY DR,,JOLIET,IL,60431-6079
Doc Motor Works inc.,TEK,293,6802441,1039,,9,,Justin,Doty,1813 ARBOR FALLS DR,,PLAINFIELD,IL,60586-5724
Doc Motor Works inc.,TEK,293,6656913,1039,,9,,Erika,Myrie,1317 QUAIL DR,,PLAINFIELD,IL,60586-7271
Doc Motor Works inc.,TEK,293,4423757,1039,,9,,Cameron,Ulatowski,24514 W CANNOCK CHASE,,JOLIET,IL,60404-6671
Doc Motor Works inc.,TEK,293,7534099,1039,,9,,Mark,Oliver,2218 COUNTRY RIDGE DR,,PLAINFIELD,IL,60586-5780
Doc Motor Works inc.,TEK,293,7808141,1039,,9,,Tony,Centracchio,212 S RAVEN RD,,SHOREWOOD,IL,60404-9441
Doc Motor Works inc.,TEK,293,720653,1039,,9,,Frank,Pastorello,25304 W GLEN OAKS LN,,SHOREWOOD,IL,60404-9331
Doc Motor Works inc.,TEK,293,5704708,1039,,9,,Richard,Threm,1413 QUAIL DR,,PLAINFIELD,IL,60586-7273
Doc Motor Works inc.,TEK,293,8167341,1039,,9,,Edward,Gans,27364 W RED WING LN,,CHANNAHON,IL,60410-5308
Doc Motor Works inc.,TEK,293,4637076,1039,,9,,Jaber,Derbas,2342 CATON RIDGE DR,,PLAINFIELD,IL,60586-5232
Doc Motor Works inc.,TEK,293,6658804,1039,,9,,Clayton,Johnson,802 WOODBROOK CT,,SHOREWOOD,IL,60404-9602
Doc Motor Works inc.,TEK,293,8478702,1039,,9,,Nawab,Pickett,416 THAMES DR,,SHOREWOOD,IL,60404-0596
Doc Motor Works inc.,TEK,293,4445660,1039,,9,,Javier,Cisneros,115 TWIN OAKS DR APT 305,,JOLIET,IL,60431-5058
Doc Motor Works inc.,TEK,293,3994113,1039,,9,,Karen,Sceniak,604 EDGEBROOK DR,,SHOREWOOD,IL,60404-9753
Doc Motor Works inc.,TEK,293,8480596,1039,,9,,Peggy,Henderson,5215 BROOKSHIRE ESTATES DR,,PLAINFIELD,IL,60586-6237
Doc Motor Works inc.,TEK,293,8622383,1039,,9,,Vincent,Monczynski,715 WALNUT DR APT 410,,DARIEN,IL,60561-4755
Doc Motor Works inc.,TEK,293,8742074,1039,,9,,Abad,Rubio,2123 VICTORIA LAKES CT,,PLAINFIELD,IL,60586-6601
Doc Motor Works inc.,TEK,293,8808536,1039,,9,,John,Voss,23908 W MCCLINTOCK RD,,CHANNAHON,IL,60410-3053
Doc Motor Works inc.,TEK,293,8751470,1039,,9,,Ruben,Rivera,2217 VAN HORN CT,,PLAINFIELD,IL,60586-7804
Doc Motor Works inc.,TEK,293,4209558,1039,,9,,Jeff,Seko,2105 BELDON CT,,PLAINFIELD,IL,60586-4109
Doc Motor Works inc.,TEK,293,9098597,1039,,9,,Kristen,Freund,1701 BATAAN ST,,JOLIET,IL,60435-8593
Doc Motor Works inc.,TEK,293,685052,1039,,9,,Jeff,Nurczyk,404 SHADY LN,,SHOREWOOD,IL,60404-9782
Doc Motor Works inc.,TEK,293,9158482,1039,,9,,Chuck,Eck,1625 MANOR OAKS DR,,PLAINFIELD,IL,60586-6555
Doc Motor Works inc.,TEK,293,9160148,1039,,9,,Marie,Nuccio,1031 HERON CIR,,JOLIET,IL,60431-8889
Doc Motor Works inc.,TEK,293,7735931,1039,,9,,Thomas,Petrizzo,21009 S CANTERBURY ST,,SHOREWOOD,IL,60404-6619
Doc Motor Works inc.,TEK,293,3907278,1039,,9,,John,Falconio,809 TERI LN,,YORKVILLE,IL,60560-2230
Doc Motor Works inc.,TEK,293,9706189,1039,,9,,Frank,Richkus,222 MADISON ST UNIT 202,,JOLIET,IL,60435-8221
Doc Motor Works inc.,TEK,293,4450832,1039,,09,,Joe,Frosch,2118 RIVERSIDE DR,,PLAINFIELD,IL,60586-7119
Doc Motor Works inc.,TEK,293,687968,1039,,9,,Daniel,Cape,203 SARAH DR,,SHOREWOOD,IL,60404-9376
Doc Motor Works inc.,TEK,293,10571629,1039,,9,,Bob,Chance,1902 WESTMORE GROVE DR,,PLAINFIELD,IL,60586-6291
Doc Motor Works inc.,TEK,293,10656698,1039,,9,,Kaitlyn,Hilb,5351 S FEDERAL CIR APT S107,,LITTLETON,CO,80123-8505
Doc Motor Works inc.,TEK,293,9704687,1039,,9,,Ashley,Lewis,4310 TIMBER RIDGE CT,,JOLIET,IL,60431-1706
Doc Motor Works inc.,TEK,293,10575833,1039,,9,,Kyle,Ericson,11711 S DECATHALON LN,,PLAINFIELD,IL,60585-6143
Doc Motor Works inc.,TEK,293,8394258,1039,,9,,Kimberly,Doughtery,26848 W CYPRESS RD,,CHANNAHON,IL,60410-3414
Doc Motor Works inc.,TEK,293,10794269,1039,,9,,Martha,Hernandez,3917 BUCK AVE,,JOLIET,IL,60431-2715
Doc Motor Works inc.,TEK,293,10793703,1039,,9,,Matt,Reeves,1208 SANDPIPER CT,,PLAINFIELD,IL,60586-9511
Doc Motor Works inc.,TEK,293,7544528,1039,,9,,Walter,Burzawa,4325 ODONOHUE DR,,JOLIET,IL,60431-8959
Doc Motor Works inc.,TEK,293,11308881,1039,,9,,Kyla,Knack,5750 ABBEY DR,,LISLE,IL,60532-2582
Doc Motor Works inc.,TEK,293,687133,1039,,09,,Michael,Arriola,955 W FOSTER AVE APT 404,,CHICAGO,IL,60640-2522
Doc Motor Works inc.,TEK,293,12142137,1039,,9,,Kaylee,Stitrizky,2218 GREENGOLD ST,,CREST HILL,IL,60403-1732
Doc Motor Works inc.,TEK,293,11236153,1039,,9,,Ken,Honko,2210 GRAY HAWK DR,,PLAINFIELD,IL,60586-6565
Doc Motor Works inc.,TEK,293,4363667,1039,,9,,Kyle,Wesolowski,25016 W SIOUX DR,,CHANNAHON,IL,60410-3173
Doc Motor Works inc.,TEK,293,12475701,1039,,9,,Carl,David,803 BUTTERFIELD CT,,SHOREWOOD,IL,60404-8134
Doc Motor Works inc.,TEK,293,4452359,1039,,9,,Samantha,Carpenter,23501 W ANDERSON ST,,PLAINFIELD,IL,60586-2319
Doc Motor Works inc.,TEK,293,4450828,1039,,9,,Richard,Kiedro,1710 HIDDEN OAKS CT,,PLAINFIELD,IL,60586-1650
Doc Motor Works inc.,TEK,293,12895534,1039,,9,,Ricardo,Huerta,5116 PONTIGO GLEN DR,,PLAINFIELD,IL,60586-4028
Doc Motor Works inc.,TEK,293,11571226,1039,,9,,Javier,Rodriguez,2601 RICHMOND ST,,JOLIET,IL,60435-6418
Doc Motor Works inc.,TEK,293,11307675,1039,,9,,Makenzie,Cronk,1014 KAREN DR,,JOLIET,IL,60431-9014
Doc Motor Works inc.,TEK,293,12930384,1039,,9,,Thomas,Sullivan,5113 WILDFLOWER CT,,PLAINFIELD,IL,60586-7835
Doc Motor Works inc.,TEK,293,5490462,1039,,09,,Linda,Bowers,903 WILCOX ST,,JOLIET,IL,60435-4658
Doc Motor Works inc.,TEK,293,687555,1039,,9,,Bob,Doucet,1705 MOUNTAIN RIDGE PASS,,PLAINFIELD,IL,60586-2773
Doc Motor Works inc.,TEK,293,13327060,1039,,9,,Fred,Ponce,317 EMERY ST,,JOLIET,IL,60436-1216
Doc Motor Works inc.,TEK,293,12006968,1039,,9,,Malcolm,Parks,1815 BLUE RIDGE DR,,PLAINFIELD,IL,60586-5593
Doc Motor Works inc.,TEK,293,8820957,1039,,9,,Linda,Santillo,2012 GLENEAGLE DR,,PLAINFIELD,IL,60586-8114
Doc Motor Works inc.,TEK,293,13176648,1039,,9,,Gary,Lundemo,16914 ARBOR CREEK DR,,PLAINFIELD,IL,60586-5113
Doc Motor Works inc.,TEK,293,13424164,1039,,9,,Pat,Marentic,409 FAIRLANE DR,,JOLIET,IL,60435-5149
Doc Motor Works inc.,TEK,293,13449939,1039,,9,,Edward,Cygan,208 WHISPER LN,,SHOREWOOD,IL,60404-9360
Doc Motor Works inc.,TEK,293,13455442,1039,,9,,Karl,Pfizenmaier,820 W BLACK RD APT 312,,SHOREWOOD,IL,60404-8528
Doc Motor Works inc.,TEK,293,13829092,1039,,9,,Brittney,Orsborn,2616 STOWE CT,,PLAINFIELD,IL,60586-6644
Doc Motor Works inc.,TEK,293,13439863,1039,,09,,Juan,Garcia,1816 BARING RIDGE DR,,PLAINFIELD,IL,60586-2901
Doc Motor Works inc.,TEK,293,7538254,1039,,9,,Colin,Kao,25537 PRAIRIEWOOD LN,,SHOREWOOD,IL,60404-2526
Doc Motor Works inc.,TEK,293,14079722,1039,,9,,Anna,Rodriguez,2213 PRIMROSE DR,,PLAINFIELD,IL,60586-8644
Doc Motor Works inc.,TEK,293,13452162,1039,,9,,Jesus,Flores,6316 COLTON RIDGE CT,,PLAINFIELD,IL,60586-5637
Doc Motor Works inc.,TEK,293,687539,1039,,9,,Marco,Acosta,309 MAPLE ST,,JOLIET,IL,60432-2544
Doc Motor Works inc.,TEK,293,14451471,1039,,9,,Leonardo,Ocegueda,803 MARYA LN,,SHOREWOOD,IL,60404-9418
Doc Motor Works inc.,TEK,293,13718752,1039,,9,,Brian,Kottman,1303 ASHFORD LN,,JOLIET,IL,60431-8686
Doc Motor Works inc.,TEK,293,15447160,1039,,9,,David,Minamara,1711 LAKE POINTE DR,,PLAINFIELD,IL,60586-5907
Doc Motor Works inc.,TEK,293,15450687,1039,,9,,Tim,Evans,157 S CENTER ST,,JOLIET,IL,60436-1660
Doc Motor Works inc.,TEK,293,835924,1039,,9,,Aldo,Frausto,1014 EDINBURGH CT,,JOLIET,IL,60431-7518
Doc Motor Works inc.,TEK,293,15879671,1039,,9,,W.W,Granzon,1517 RIDGE BROOK DR,,JOLIET,IL,60431-5348
Doc Motor Works inc.,TEK,293,15978045,1039,,9,,Joann,Sullivan,110 HONORS DR,,SHOREWOOD,IL,60404-9563
Doc Motor Works inc.,TEK,293,16149168,1039,,9,,Jeremy,Jackson,2201 CEDAR LAKES CT,,PLAINFIELD,IL,60586-6255
Doc Motor Works inc.,TEK,293,688362,1039,,9,,Kevin,Glorioso,1305 CALLAWAY DR N,,SHOREWOOD,IL,60404-8162
Doc Motor Works inc.,TEK,293,10968534,1039,,9,,Janice,Jowers,8103 BLUESTEM AVE,,JOLIET,IL,60431-4001
Doc Motor Works inc.,TEK,293,16385082,1039,,9,,Felix,Mendoza,2806 VON ESCH RD,,JOLIET,IL,60431-9232
Doc Motor Works inc.,TEK,293,686365,1039,,9,,Candy,Cardona,820 BRIARCLIFF DR,,MINOOKA,IL,60447-8829
Doc Motor Works inc.,TEK,293,5486023,1039,,9,,James,Brown,8204 SEWARD RD,,JOLIET,IL,60431-8294
Doc Motor Works inc.,TEK,293,16008292,1039,,9,,Kyle,Smith,207 OAKWOOD DR,,SHOREWOOD,IL,60404-9054
Doc Motor Works inc.,TEK,293,16713714,1039,,9,,Jose,Leyva,5913 LAKE POINTE DR,,PLAINFIELD,IL,60586-5905
Doc Motor Works inc.,TEK,293,16723970,1039,,9,,Dennis,Miller,5614 STONYBROOK DR,,PLAINFIELD,IL,60586-6685
Doc Motor Works inc.,TEK,293,685778,1039,,9,,Jim,Chaplin,17332 S MCKENNA DR,,PLAINFIELD,IL,60586-9289
Doc Motor Works inc.,TEK,293,16739141,1039,,09,,Allan,Figueroa,7517 RED OAK DR,,PLAINFIELD,IL,60586-2511
Doc Motor Works inc.,TEK,293,16891124,1039,,9,,Claudia,Baxendale,2215 TIMBER TRL,,PLAINFIELD,IL,60586-5084
Doc Motor Works inc.,TEK,293,16725400,1039,,9,,Daniel,Son,1910 CARLTON DR,,PLAINFIELD,IL,60586-2516
Doc Motor Works inc.,TEK,293,17130374,1039,,9,,Eric,Meyers,2298 22ND RD,,CLARKS,NE,68628-2819
Doc Motor Works inc.,TEK,293,17142898,1039,,9,,Faith,Slick,821 RICHARDS DR,,SHOREWOOD,IL,60404-9732
Doc Motor Works inc.,TEK,293,12823135,1039,,09,,Allison,Clare,914 ANGELICA CIR,,JOLIET,IL,60431-7859
Doc Motor Works inc.,TEK,293,17582569,1039,,9,,Celeste,Hein,2003 MYSTIC DR,,PLAINFIELD,IL,60586-5320
Doc Motor Works inc.,TEK,293,12480076,1039,,9,,Matt,Rzeszuto,5005 ELMIRA CT,,PLAINFIELD,IL,60586-4030
Doc Motor Works inc.,TEK,293,17586506,1039,,9,,Bernadette,Klein,106 YALE CT,,SHOREWOOD,IL,60404-9126
Doc Motor Works inc.,TEK,293,684900,1039,,9,,Drew,Heitman,2080 SUSANNA WAY,,CREST HILL,IL,60403-0846
Doc Motor Works inc.,TEK,293,18474004,1039,,9,,Dena,Dixon,507 BETHANY DR,,SHOREWOOD,IL,60404-0678
Doc Motor Works inc.,TEK,293,18851191,1039,,9,,Esat,Nurceski,5306 RIVIERA BLVD,,PLAINFIELD,IL,60586-7601
Doc Motor Works inc.,TEK,293,18865628,1039,,9,,Eric,Loury,2216 NORTHGATE AVE,,NORTH RIVERSIDE,IL,60546-1340
Doc Motor Works inc.,TEK,293,18875838,1039,,9,,Sharon,Dezee,131 BUSH DR,,ELWOOD,IL,60421-9782
Doc Motor Works inc.,TEK,293,14959728,1039,,9,,Josh,Turek,5500 SALMA ST,,PLAINFIELD,IL,60586-5682
Doc Motor Works inc.,TEK,293,15541631,1039,,09,,Laura,Goode,89 WILDERNESS WAY,,CROSSVILLE,TN,38571-3300
Doc Motor Works inc.,TEK,293,685032,1039,,9,,Ronald,Nichols,11602 S ABERDEEN ST,,CHICAGO,IL,60643-5149
Doc Motor Works inc.,TEK,293,19076335,1039,,9,,Cortney,Lamb,25023 SANDRA LN,,PLAINFIELD,IL,60544-6781
Doc Motor Works inc.,TEK,293,19546413,1039,,9,,Ryan,Horn,1325 BOLAND PL,,RICHMOND HEIGHTS,MO,63117-2120
Doc Motor Works inc.,TEK,293,19284260,1039,,09,,Sue,Palmer,1220 58TH ST W,,BRADENTON,FL,34209-4721
Doc Motor Works inc.,TEK,293,2147724,1039,,09,,Durell,Dawson,1007 BUTTERFIELD CIR W,,SHOREWOOD,IL,60404-8140
Doc Motor Works inc.,TEK,293,19772081,1039,,9,,William,Purdy,2602 HARBOR DR,,JOLIET,IL,60431-1077
Doc Motor Works inc.,TEK,293,687360,1039,,9,,Karyn,Hayes,1816 RIDGE MOOR DR,,PLAINFIELD,IL,60586-6196
Doc Motor Works inc.,TEK,293,12469234,1039,,9,,Sabrina,Heffernan,4511 VICTORIA DR,,PLAINFIELD,IL,60586-8139
Doc Motor Works inc.,TEK,293,19775580,1039,,9,,David,Talkie,1319 TAYLOR ST,,JOLIET,IL,60435-5839
Doc Motor Works inc.,TEK,293,685670,1039,,9,,Michael,Corrigan,1719 WHISPERING OAKS DR,,PLAINFIELD,IL,60586-6523
Doc Motor Works inc.,TEK,293,20271071,1039,,9,,David,Bandyk,23321 W BENTLEY DR,,PLAINFIELD,IL,60586-9205
Doc Motor Works inc.,TEK,293,13321248,1039,,9,,Jesse,Montgomery,2609 VISION AVE,,PLAINFIELD,IL,60586-9811
Doc Motor Works inc.,TEK,293,20150414,1039,,9,,Kristen,Johnson,5213 LINDENWOOD CIR,,PLAINFIELD,IL,60586-7620
Doc Motor Works inc.,TEK,293,686985,1039,,9,,Dan,Peil,5271 EAGLEWOOD CT,,PLAINFIELD,IL,60586-7234
Doc Motor Works inc.,TEK,293,20881269,1039,,9,,Tom,Giovani,1813 BIRMINGHAM PL,,PLAINFIELD,IL,60586-2515
Doc Motor Works inc.,TEK,293,21034901,1039,,9,,Christina,Seibert,4225 ASHCOTT LN,,PLAINFIELD,IL,60586-7772
Doc Motor Works inc.,TEK,293,687872,1039,,9,,Adam,Horkey,308 BIRCH DR,,SHOREWOOD,IL,60404-9724
Doc Motor Works inc.,TEK,293,15106901,1039,,9,,Christina,Whitney,511 FLINTOCK ST,,JOLIET,IL,60431-7784
Doc Motor Works inc.,TEK,293,21163818,1039,,9,,Frank,Ketz,812 ROSARY LN,,JOLIET,IL,60435-2848
Doc Motor Works inc.,TEK,293,8270701,1039,,9,,Patrick,Kielian,3805 ROLLINGWOOD CT,,JOLIET,IL,60431-4819
Doc Motor Works inc.,TEK,293,15108167,1039,,9,,Abby,Chlebana,15510 S RIVER RD,,PLAINFIELD,IL,60544-8122
Doc Motor Works inc.,TEK,293,21671851,1039,,9,,Jeff,Schey,5101 MONTAUK DR,,PLAINFIELD,IL,60586-4003
Doc Motor Works inc.,TEK,293,13137047,1039,,9,,Lupe,Hernandez,631 OAKWOOD ST,,MINOOKA,IL,60447-1231
Doc Motor Works inc.,TEK,293,21708331,1039,,9,,James,Schlunz,1007 COLONADE RD,,SHOREWOOD,IL,60404-9138
Doc Motor Works inc.,TEK,293,21865452,1039,,9,,Bill,Kamimski,1910 LARKSPUR DR,,PLAINFIELD,IL,60586-7840
Doc Motor Works inc.,TEK,293,11229174,1039,,9,,James,Lee,1103 VERTIN BLVD,,SHOREWOOD,IL,60404-7240
Doc Motor Works inc.,TEK,293,686521,1039,,9,,Miguel,Cortes,8025 HARRIER AVE,,JOLIET,IL,60431-7050
Doc Motor Works inc.,TEK,293,21707664,1039,,9,,Deb,Stapleton,3333 FIDAY RD,,JOLIET,IL,60431-0645
Doc Motor Works inc.,TEK,293,14361277,1039,,9,,Karrington,Hayes,530 PARKSHORE DR,,SHOREWOOD,IL,60404-9726
Doc Motor Works inc.,TEK,293,22628696,1039,,9,,Rich,Prendergast,1218 W ACRES RD,,JOLIET,IL,60435-5842
Doc Motor Works inc.,TEK,293,686103,1039,,9,,Robert,Mocarski,520 PLEASANT DR,,SHOREWOOD,IL,60404-9581
Doc Motor Works inc.,TEK,293,13815798,1039,,9,,Dorothy,Wallker,2555 GRANT PARK CT,,CREST HILL,IL,60403-9341
Doc Motor Works inc.,TEK,293,20876896,1039,,9,,Darren,Noffsinger,24533 SLEEPY HOLLOW LN,,PLAINFIELD,IL,60586-4019
Doc Motor Works inc.,TEK,293,12144801,1039,,9,,Darryl,Morris,761 BIG TIMBER DR,,JOLIET,IL,60431-8939
Doc Motor Works inc.,TEK,293,23896909,1039,,09,,Amer,Zegar,6214 HAWTHORNE RIDGE DR,,PLAINFIELD,IL,60586-4105
Doc Motor Works inc.,TEK,293,3019796,1039,,9,,Carrie,Simon,2023 GLENEAGLE DR,,PLAINFIELD,IL,60586-8115
Doc Motor Works inc.,TEK,293,24045553,1039,,09,,Donald,Ragan,804 MADIERA DR,,SHOREWOOD,IL,60404-9156
Doc Motor Works inc.,TEK,293,24045663,1039,,09,,Art,Jensen,1421 CAMBRIA DR,,JOLIET,IL,60431-5387
Doc Motor Works inc.,TEK,293,24156176,1039,,09,,Chanse,Loudenbeck,2408 E 29TH RD,,SENECA,IL,61360-9759
Doc Motor Works inc.,TEK,293,24137189,1039,,09,,Samual,Boateng,4610 RYEHILL DR,,JOLIET,IL,60431-8637
Doc Motor Works inc.,TEK,293,687300,1039,,09,,Jim,Tabler,1513 BASSETT DR,,JOLIET,IL,60431-8935
Doc Motor Works inc.,TEK,293,24398228,1039,,09,,Cathy,Wiskur,1725 FIELDSTONE DR N,,SHOREWOOD,IL,60404-8116
Doc Motor Works inc.,TEK,293,9096465,1039,,9,,David,Romano,995 LANDING RD,,NAPERVILLE,IL,60540-5268
Doc Motor Works inc.,TEK,293,10290299,1039,,9,,Marcus,Smith,13100 BROXTON BAY DR APT 1003,,JACKSONVILLE,FL,32218-8384
Doc Motor Works inc.,TEK,293,688501,1039,,9,,Adam,Mutsch,1047 CLOVER DR,,MINOOKA,IL,60447-8262
Doc Motor Works inc.,TEK,293,21863467,1039,,9,,Donna,Sabella,1405 LEGACY POINTE BLVD,,JOLIET,IL,60431-7563
Doc Motor Works inc.,TEK,293,3979977,1039,,9,,Autumn,Wieland,2200 MYSTIC DR,,PLAINFIELD,IL,60586-5094
Doc Motor Works inc.,TEK,293,25955640,1039,,09,,Tom,Seddor,1220 COUNTRY DR,,SHOREWOOD,IL,60404-0555
Doc Motor Works inc.,TEK,293,7115777,1039,,9,,Robert,Tobiason,807 WILLOW LN,,SHOREWOOD,IL,60404-2551
Doc Motor Works inc.,TEK,293,24075390,1039,,09,,Keith,Sorn,2703 FAIRWAY DR,,JOLIET,IL,60435-5223
Doc Motor Works inc.,TEK,293,4366965,1039,,9,,Michael,Mikos,2119 PRIMROSE DR,,PLAINFIELD,IL,60586-8645
Doc Motor Works inc.,TEK,293,18639276,1039,,9,,Jonathon,Schwarz,1105 ROSEWOOD ST,,SHOREWOOD,IL,60404-9414
Doc Motor Works inc.,TEK,293,27099629,1039,,09,,Agnes,Lakomy,607 CRYSTAL DR,,SHOREWOOD,IL,60404-6094
Doc Motor Works inc.,TEK,293,944267,1039,,9,,Will,Hildebrandt,836 RICHARDS DR,,SHOREWOOD,IL,60404-9691
Doc Motor Works inc.,TEK,293,688097,1039,,09,,Carlos,Rivera,604 SILVER LEAF DR,,JOLIET,IL,60431-8320
Doc Motor Works inc.,TEK,293,24136283,1039,,09,,Christne,Borsom,6215 BLUE RIDGE DR,,PLAINFIELD,IL,60586-5597
Doc Motor Works inc.,TEK,293,3790763,1039,,09,,Chris,Haack,1204 LEONARD DR,,PLAINFIELD,IL,60586-2502
Doc Motor Works inc.,TEK,293,12659467,1039,,09,,Thomas,Lehman,20500 MCGILVRAY DR,,CREST HILL,IL,60403-2060
Doc Motor Works inc.,TEK,293,27549013,1039,,09,,Darien,Walker,25327 W WILSON CT,,PLAINFIELD,IL,60586-7309
Doc Motor Works inc.,TEK,293,21856646,1039,,9,,Leisyara,Schultz,1817 WILD ROSE TRL,,JOLIET,IL,60431-8869
Doc Motor Works inc.,TEK,293,688281,1039,,9,,Amanda,Rapacz,909 BARBERRY WAY,,JOLIET,IL,60431-7847
Doc Motor Works inc.,TEK,293,27610033,1039,,09,,Michelle,Moore,1611 MORAN DR,,SHOREWOOD,IL,60404-1234
Doc Motor Works inc.,TEK,293,688257,1039,,9,,Sharon,Miller,620 ILLINOIS DR,,SHOREWOOD,IL,60404-7026
Doc Motor Works inc.,TEK,293,27530031,1039,,09,,Elizabeth,Silva,909 WILDFLOWER DR,,SHOREWOOD,IL,60404-9549
Doc Motor Works inc.,TEK,293,28319207,1039,,09,,Peter,Sciacca,4306 GLENLO DR,,PLAINFIELD,IL,60586-7813
Doc Motor Works inc.,TEK,293,688394,1039,,9,,Tina,Van Deventer,634 FREEDOM WAY,,SHOREWOOD,IL,60404-7005
Doc Motor Works inc.,TEK,293,11574496,1039,,9,,Nick,Carter,2200 DALY LN,,PLAINFIELD,IL,60586-2562
Doc Motor Works inc.,TEK,293,28597914,1039,,09,,Abigal,Ferreira,209 DIANA ST,,SHOREWOOD,IL,60404-9395
Doc Motor Works inc.,TEK,293,28530999,1039,,09,,Diana,Alfaro,1905 MYSTIC DR,,PLAINFIELD,IL,60586-5319
Doc Motor Works inc.,TEK,293,10106178,1039,,9,,Russell,Tarent,1400 MARIGOLD LN,,MINOOKA,IL,60447-8232
Doc Motor Works inc.,TEK,293,7110846,1039,,9,,Karen,Voudrie,819 BAILEY DR,,JOLIET,IL,60404-8615
Doc Motor Works inc.,TEK,293,29329906,1039,,09,,Merle,Siefken,1206 HUNTER DR,,SHOREWOOD,IL,60404-0507
Doc Motor Works inc.,TEK,293,27526759,1039,,09,,Karen,Walsh,1631 AUGUSTA LN,,SHOREWOOD,IL,60404-8180
Doc Motor Works inc.,TEK,293,686229,1039,,9,,Janice,Meredith,3837 BERGSTROM ST,,JOLIET,IL,60431-8705
Doc Motor Works inc.,TEK,293,12950814,1039,,9,,Ron,Krumwiede,522 S GREEN ST # 2,,SANDWICH,IL,60548-2026
Doc Motor Works inc.,TEK,293,10011832,1039,,9,,Jim,Grogans,23059 JUDITH DR,,PLAINFIELD,IL,60586-9639
Doc Motor Works inc.,TEK,293,8638293,1039,,9,,Cody,Flesher,7013 LEWIS CLARK DR,,PLAINFIELD,IL,60586-7684
Doc Motor Works inc.,TEK,293,15880677,1039,,9,,Allen,Urbina,517 N REED ST,,JOLIET,IL,60435-5965
Doc Motor Works inc.,TEK,293,29378355,1039,,09,,Miguel,Slerra,4427 W RIVERSIDE DR,,PLAINFIELD,IL,60586-8530
Doc Motor Works inc.,TEK,293,29984722,1039,,09,,Derek,Decosta,204 WHISPER LN,,SHOREWOOD,IL,60404-9360
Doc Motor Works inc.,TEK,293,23872232,1039,,09,,Esperanza,Valazquez,526 EDGEBROOK DR,,SHOREWOOD,IL,60404-9728
Doc Motor Works inc.,TEK,293,30151907,1039,,09,,Amanda,Gonzales,1015 VALLEY AVE,,JOLIET,IL,60432-1242
Doc Motor Works inc.,TEK,293,685822,1039,,9,,Jennifer,Calvillo,4314 RIVER GLEN DR,,JOLIET,IL,60431-8945
Doc Motor Works inc.,TEK,293,31183924,1039,,09,,Katherine,Tracy,W3032 PRESERVE DR,,ELKHORN,WI,53121-3772
Doc Motor Works inc.,TEK,293,10799779,1039,,9,,Eliasin,Villalobos,17631 S RICHMOND RD,,PLAINFIELD,IL,60586-9282
Doc Motor Works inc.,TEK,293,687231,1039,,9,,Sakina,Crosby,6981 PARADISE CIR,,PLAINFIELD,IL,60586-6386
Doc Motor Works inc.,TEK,293,31378909,1039,,09,,Kathy,Zehme,6608 COLARIC DR,,JOLIET,IL,60431-7418
Doc Motor Works inc.,TEK,293,31433451,1039,,09,,Jim,Hoffman,2218 STONEHAVEN DR,,PLAINFIELD,IL,60586-8121
Doc Motor Works inc.,TEK,293,8171104,1039,,9,,Kali,Placencia,4319 OSULLIVAN DR,,JOLIET,IL,60431-8962
Doc Motor Works inc.,TEK,293,26146514,1039,,09,,Ashlyn,Flood,7306 TORREY CIR,,PLAINFIELD,IL,60586-5972
Doc Motor Works inc.,TEK,293,9123899,1039,,9,,Jim,Wedic,310 PRIDELAND DR,,SHOREWOOD,IL,60404-7045
Doc Motor Works inc.,TEK,293,2127082,1039,,9,,Tom,Noha,804 SUMMIT CREEK DR,,SHOREWOOD,IL,60404-8206
Doc Motor Works inc.,TEK,293,6628461,1039,,9,,Lucas,Tribuzio,2107 ALPINE WAY,,PLAINFIELD,IL,60586-5079
Doc Motor Works inc.,TEK,293,687596,1039,,9,,Jim,Colwell,409 HONORS CT,,SHOREWOOD,IL,60404-9560
Doc Motor Works inc.,TEK,293,4789323,1039,,9,,Tom,Revelis,206 ARROWHEAD DR,,SHOREWOOD,IL,60404-9661
Doc Motor Works inc.,TEK,293,23524621,1039,,09,,Danette,Litaker,1906 CHESTNUT GROVE DR,,PLAINFIELD,IL,60586-6270
Doc Motor Works inc.,TEK,293,22804180,1039,,09,,Daisy,Lopez,4222 ASHCOTT LN,,PLAINFIELD,IL,60586-7768
Doc Motor Works inc.,TEK,293,10130329,1039,,9,,Tony,Luciano,1800 WINTERCREST CT,,SHOREWOOD,IL,60404-5317
Doc Motor Works inc.,TEK,293,29576140,1039,,09,,Bradley,Bell,1004 DOUGLAS ST,,JOLIET,IL,60435-6072
Doc Motor Works inc.,TEK,293,686734,1039,,09,,Andy,Hobson,21400 S PRAIRIE LANDING LN,,SHOREWOOD,IL,60404-8379
Doc Motor Works inc.,TEK,293,9113451,1039,,9,,Kristina,Alvarez,4902 LOBELIA LN,,PLAINFIELD,IL,60586-8654
Doc Motor Works inc.,TEK,293,33496829,1039,,09,,Al,Kristolaitis,5212 BRINDLEWOOD DR,,PLAINFIELD,IL,60586-7226
Doc Motor Works inc.,TEK,293,33515808,1039,,09,,David,Marti,714 CAMBRIDGE LN,,SHOREWOOD,IL,60404-0521
Doc Motor Works inc.,TEK,293,684873,1039,,9,,Andrew,Gothelf,179 TECUMSEH DR,,BOLINGBROOK,IL,60490-5567
Doc Motor Works inc.,TEK,293,10892039,1039,,9,,Steve,Johnson,16452 S MUELLER CIR,,PLAINFIELD,IL,60586-7308
Doc Motor Works inc.,TEK,293,3567453,1039,,9,,Renee,Nolan,954 W SAVANNAH DR,,ROMEOVILLE,IL,60446-4127
Doc Motor Works inc.,TEK,293,34127877,1039,,09,,Daniel,Waddick,2805 GRAND PRAIRIE DR,,JOLIET,IL,60431-9208
Doc Motor Works inc.,TEK,293,34333692,1039,,09,,Jalen,Brown,7602 OAKSHIRE CT,,PLAINFIELD,IL,60586-4141
Doc Motor Works inc.,TEK,293,685273,1039,,9,,Mark,Briddick,3250 THOMAS HICKEY DR,,JOLIET,IL,60431-1649
Doc Motor Works inc.,TEK,293,29639446,1039,,09,,Colleen,Holden,1701 CHESTNUT HILL RD,,PLAINFIELD,IL,60586-8510
Doc Motor Works inc.,TEK,293,34407345,1039,,09,,Doug,Pashuta,317 ARROWHEAD DR,,SHOREWOOD,IL,60404-9604
Doc Motor Works inc.,TEK,293,2431060,1039,,9,,Heather,Candela,22841 JUDITH DR,,PLAINFIELD,IL,60586-9637
Doc Motor Works inc.,TEK,293,29336422,1039,,09,,Sabrina,Henson,413 N RAVEN RD,,SHOREWOOD,IL,60404-9640
Doc Motor Works inc.,TEK,293,32038275,1039,,09,,Fabiola,Prieto,2305 CANDLE WOOD CT,,PLAINFIELD,IL,60586-7246
Doc Motor Works inc.,TEK,293,34670978,1039,,09,,Victor,Trinidad,1606 MORAN DR,,SHOREWOOD,IL,60404-1225
Doc Motor Works inc.,TEK,293,34740921,1039,,09,,Precious,Moore,2166 HENNING PL,,PLAINFIELD,IL,60586-6512
Doc Motor Works inc.,TEK,293,20738001,1039,,9,,Brittany,Markus,1216 GALWAY RD,,JOLIET,IL,60431-8676
Doc Motor Works inc.,TEK,293,14358058,1039,,9,,Robert,Mark,512 RAVINIA DR,,SHOREWOOD,IL,60404-9435
Doc Motor Works inc.,TEK,293,26136135,1039,,09,,Jody,Hideg,1733 VANTAGE DR,,SHOREWOOD,IL,60404-7012
Doc Motor Works inc.,TEK,293,685816,1039,,9,,Robert,Becker,3830 N SHEFFIELD AVE APT C,,CHICAGO,IL,60613-5027
Doc Motor Works inc.,TEK,293,20001469,1039,,09,,Johnathan,Schmuker,2912 RUTH FITZGERALD DR,,PLAINFIELD,IL,60586-6641
Doc Motor Works inc.,TEK,293,686981,1039,,9,,Bruce,Dell,1915 CARRIER CIR,,PLAINFIELD,IL,60586-8340
Doc Motor Works inc.,TEK,293,16740271,1039,,9,,Tyrone,Washington,25157 W GLEN OAKS LN,,SHOREWOOD,IL,60404-9508
Doc Motor Works inc.,TEK,293,693721,1039,,9,,Lorrie,Ullery,204 CHANNAHON ST,,SHOREWOOD,IL,60404-9330
Doc Motor Works inc.,TEK,293,27832135,1039,,09,,Chris,Justice,22526 S BRAMBLE HILL RD,,JOLIET,IL,60404-6668
Doc Motor Works inc.,TEK,293,19983689,1039,,09,,Glen,Pemble,24450 W PARK RIVER LN,,SHOREWOOD,IL,60404-7666
Doc Motor Works inc.,TEK,293,29194034,1039,,09,,Ashley,Pentoney,1711 TALL OAKS DR,,PLAINFIELD,IL,60586-5750
Doc Motor Works inc.,TEK,293,712437,1039,,9,,Jimmy,Dennis,4310 BLUEGRASS LN,,PLAINFIELD,IL,60586-5821
Doc Motor Works inc.,TEK,293,688180,1039,,9,,Russ,Leonard,14811 S PENN RD,,PLAINFIELD,IL,60544-2825
Doc Motor Works inc.,TEK,293,21871003,1039,,9,,David,Wilson,4403 COVE CIR,,PLAINFIELD,IL,60586-8519
Doc Motor Works inc.,TEK,293,24393906,1039,,09,,John,Flynn,6213 CEDAR RIDGE DR,,PLAINFIELD,IL,60586-5229
Doc Motor Works inc.,TEK,293,20752624,1039,,9,,Walt,Smart,523 FORT CLATSOP CT,,JOLIET,IL,60431-7802
Doc Motor Works inc.,TEK,293,7823949,1039,,9,,Chris,Jacobson,7000 CLEARWATER DR,,PLAINFIELD,IL,60586-1770
Doc Motor Works inc.,TEK,293,28596723,1039,,09,,Linda,Trepto,1614 PARKSIDE DR,,PLAINFIELD,IL,60586-6835
Doc Motor Works inc.,TEK,293,688247,1039,,09,,Matt,Luczak,1876 SUNFLOWER CT,,MORRIS,IL,60450-3407
Doc Motor Works inc.,TEK,293,757253,1039,,9,,Greg,Malopy,1702 STONEBRIDGE CT,,NEW LENOX,IL,60451-2322
