Shop Name,Software,SID,CID,WSID,WCID,MBdayMo,TBdayMo,First,Last,Address,Address2,City,St,Zip
Doc Motor Works inc.,TEK,293,1013960,1039,,,9,Patyn,Hooker,3529 TYLER DR,,JOLIET,IL,60431-8787
Doc Motor Works inc.,TEK,293,1038268,1039,,,3,Mercy,Momodu,6907 GRANTHAM DR,,JOLIET,IL,60431-6045
Doc Motor Works inc.,TEK,293,1278387,1039,,,3,Clarence,Shoot,23937 S MARY ST,,MANHATTAN,IL,60442-8455
Doc Motor Works inc.,TEK,293,2112772,1039,,,3,Justin,Hopper,407 DANIELS ST,,WILMINGTON,IL,60481-1384
Doc Motor Works inc.,TEK,293,688289,1039,,,9,Ryan,Nicpon,1108 BUTTERFIELD CIR E,,SHOREWOOD,IL,60404-8145
Doc Motor Works inc.,TEK,293,689630,1039,,,9,Barry,Kolanowski,2 WHEATON CTR APT 1411,,WHEATON,IL,60187-2313
Doc Motor Works inc.,TEK,293,842617,1039,,,9,LC,Gilbert,4752 GOODHUE LN,,PLAINFIELD,IL,60586-8305
Doc Motor Works inc.,TEK,293,4731366,1039,,,3,Luanne,McBride,4702 TIFFANY PL,,JOLIET,IL,60431-7521
Doc Motor Works inc.,TEK,293,5829692,1039,,,9,Patty,Mayerhofer,7420 WINDSTONE DR,,PLAINFIELD,IL,60586-5644
Doc Motor Works inc.,TEK,293,4151633,1039,,,9,Ameer,Jaber,5411 RIVIERA BLVD,,PLAINFIELD,IL,60586-5409
Doc Motor Works inc.,TEK,293,7541452,1039,,,9,Bill,Jass,7915 KENSINGTON CT,,BRIGHTON,MI,48116-8597
Doc Motor Works inc.,TEK,293,8447005,1039,,,9,Amina,Bolz,1919 CUMBERLAND DR,,PLAINFIELD,IL,60586-5308
Doc Motor Works inc.,TEK,293,8809394,1039,,,9,Vinay,Nayi,2410 OAK TREE LN,,PLAINFIELD,IL,60586-7192
Doc Motor Works inc.,TEK,293,8820183,1039,,,9,Mike,Sims,810 SUMMIT CREEK DR,,SHOREWOOD,IL,60404-8206
Doc Motor Works inc.,TEK,293,8856873,1039,,,9,Euro tech,Dirst,12515 RHEA DR,,PLAINFIELD,IL,60585-8507
Doc Motor Works inc.,TEK,293,687176,1039,,,9,Mickey,Cramer,1713 VANTAGE DR,,SHOREWOOD,IL,60404-7012
Doc Motor Works inc.,TEK,293,10013870,1039,,,9,Marialisa,Ruiz,410 MILTON ST,,VALPARAISO,IN,46385-4547
Doc Motor Works inc.,TEK,293,686633,1039,,,3,Talia,Kulaga,8302 TRUMBULL AVE,,JOLIET,IL,60431-4533
Doc Motor Works inc.,TEK,293,10218117,1039,,,9,Jacob,Richee,1305 RIVERHAVEN TRL,,JOLIET,IL,60431-7751
Doc Motor Works inc.,TEK,293,688108,1039,,,9,Dean,Goshev,4703 CHAPMAN DR,,PLAINFIELD,IL,60586-8318
Doc Motor Works inc.,TEK,293,10292204,1039,,,3,Keith,Mickle,10159 S YATES BLVD,,CHICAGO,IL,60617-5302
Doc Motor Works inc.,TEK,293,10876050,1039,,,9,Zay,Biggs,2314 APPLEWOOD CT,,PLAINFIELD,IL,60586-7249
Doc Motor Works inc.,TEK,293,10883409,1039,,,9,Ricardo,Estrada,2312 APPLEWOOD CT,,PLAINFIELD,IL,60586-7249
Doc Motor Works inc.,TEK,293,10884766,1039,,,3,Iurie,Cebotari,1800 CHESTNUT HILL RD,,PLAINFIELD,IL,60586-8516
Doc Motor Works inc.,TEK,293,11231253,1039,,,3,Emanuelle,Rivera,4214 BUNRATTY LN,,PLAINFIELD,IL,60586-7821
Doc Motor Works inc.,TEK,293,11297283,1039,,,3,Ryan,Mattox,21341 S TIMBER CREEK CT,,SHOREWOOD,IL,60404-8255
Doc Motor Works inc.,TEK,293,11573017,1039,,,9,Vanessa,Villarreal,309 MULHERN CT,,YORKVILLE,IL,60560-1899
Doc Motor Works inc.,TEK,293,11138142,1039,,,9,Robert,Orlovich,23817 W JULIE AVE,,PLAINFIELD,IL,60544-3127
Doc Motor Works inc.,TEK,293,13840409,1039,,,9,Brissa,Mireles,1601 VALLEY RIDGE DR,,PLAINFIELD,IL,60586-2599
Doc Motor Works inc.,TEK,293,14068038,1039,,,3,Nasier,Iqbal,8420 CAPTONS LN,,DARIEN,IL,60561-5466
Doc Motor Works inc.,TEK,293,12143804,1039,,,9,Jeremy,Nowak,930 JORDAN AVE,,BRAIDWOOD,IL,60408-1662
Doc Motor Works inc.,TEK,293,687244,1039,,,9,Kim,Jenkins,17049 S MCKENNA DR,,PLAINFIELD,IL,60586-8090
Doc Motor Works inc.,TEK,293,16275925,1039,,,9,Albert,Galanza,219 S DEARBORN ST,,CHICAGO,IL,60604-1702
Doc Motor Works inc.,TEK,293,10783553,1039,,,9,Steve,Downard,25646 W PLANTATION RD,,PLAINFIELD,IL,60586-8257
Doc Motor Works inc.,TEK,293,686164,1039,,,9,Dennis,Dempsey,2326 OLDE MILL RD,,PLAINFIELD,IL,60586-8532
Doc Motor Works inc.,TEK,293,684784,1039,,,9,Allen,Nguyen,1110 MARION CT,,SHOREWOOD,IL,60404-9509
Doc Motor Works inc.,TEK,293,16605351,1039,,,9,Quenshai,Griffin,7801 BOXWOOD LN,,PLAINFIELD,IL,60586-2263
Doc Motor Works inc.,TEK,293,16257733,1039,,,3,Angelica,Perez,444 MALLVIEW LN,,BOLINGBROOK,IL,60440-2970
Doc Motor Works inc.,TEK,293,16611663,1039,,,9,Trisha,Silas,2103 CULVER CT,,PLAINFIELD,IL,60586-8300
Doc Motor Works inc.,TEK,293,17134749,1039,,,9,Marvin,Nesbitt,1103 WOODIRIS DR,,JOLIET,IL,60431-7877
Doc Motor Works inc.,TEK,293,8920231,1039,,,3,Robert,Alberico,1007 HERON CIR,,JOLIET,IL,60431-8889
Doc Motor Works inc.,TEK,293,22450114,1039,,,3,Nick,Greco,1101 IROQUOIS AVE,APPT 106,NAPERVILLE,IL,60563-9370
Doc Motor Works inc.,TEK,293,23916959,1039,,,9,Hailey,Valenti,24536 STATES LN,,SHOREWOOD,IL,60404-0666
Doc Motor Works inc.,TEK,293,24418075,1039,,,3,Ricks RV,RV Center,4360 W JEFFERSON ST,,JOLIET,IL,60431-4724
Doc Motor Works inc.,TEK,293,24701036,1039,,,3,Grace,McClimon,25841 S BELL RD,,CHANNAHON,IL,60410-8793
Doc Motor Works inc.,TEK,293,21039214,1039,,,9,Alyssa,Williams,502 HERATH LN,,SHOREWOOD,IL,60404-6802
Doc Motor Works inc.,TEK,293,27269009,1039,,,9,Nicholas,Doty,1516 BLUESTEM LN,,MINOOKA,IL,60447-8222
Doc Motor Works inc.,TEK,293,687012,1039,,,9,Kathy,Freeman,1909 HAVENHILL DR,,PLAINFIELD,IL,60586-6508
Doc Motor Works inc.,TEK,293,30093476,1039,,,9,Eshun,Norris,5009 SYRACUSE CT,,PLAINFIELD,IL,60586-5860
Doc Motor Works inc.,TEK,293,21186718,1039,,,3,Ramiro,Magana,8100 SHADY OAK RD,,JOLIET,IL,60431-8289
Doc Motor Works inc.,TEK,293,23895365,1039,,,3,Melissa,Cortes,101 DOGWOOD LN,,WILMINGTON,IL,60481-8768
Doc Motor Works inc.,TEK,293,25906648,1039,,,3,Amrutlal,Patel,5114 WILLISTON CT,,PLAINFIELD,IL,60586-5848
Doc Motor Works inc.,TEK,293,33168722,1039,,,9,Kahzm,Sam,1308 GOLDFIELD LN,,JOLIET,IL,60431-7972
Doc Motor Works inc.,TEK,293,24406624,1039,,,3,Alex,Kuchay,901 SYCAMORE DR,,SHOREWOOD,IL,60404-2534
Doc Motor Works inc.,TEK,293,33246791,1039,,,3,Dian,Stark,1713 PEMBROOK CT,,PLAINFIELD,IL,60586-9784
Doc Motor Works inc.,TEK,293,6471441,1039,,,3,Neal,Weeditz,2125 LENESS LN,,CREST HILL,IL,60403-1923
Doc Motor Works inc.,TEK,293,34696392,1039,,,9,Jadden,Jado,6608 OCONNOR DR,,JOLIET,IL,60431-5408
Doc Motor Works inc.,TEK,293,35314616,1039,,,9,Kyle,Sworst,1818 BIRMINGHAM PL,,PLAINFIELD,IL,60586-2518
Doc Motor Works inc.,TEK,293,28596178,1039,,,9,Teai,Nguyen,2103 VERMETTE CIR,,PLAINFIELD,IL,60586-8331
Doc Motor Works inc.,TEK,293,35579329,1039,,,3,Avalado,Avila,630 PARKSHORE DR,,SHOREWOOD,IL,60404-9752
Doc Motor Works inc.,TEK,293,11425031,1039,,,9,Thomas,Rychtartdyk,1906 LONG RIDGE CT,,PLAINFIELD,IL,60586-5932
Doc Motor Works inc.,TEK,293,35853619,1039,,,3,Seth,Weinert,22909 JUDITH DR,,PLAINFIELD,IL,60586-9652
Doc Motor Works inc.,TEK,293,35887743,1039,,,3,Aaron,Weinert,22909 JUDITH DR,,PLAINFIELD,IL,60586-9652
Doc Motor Works inc.,TEK,293,35856784,1039,,,9,Lenier,Clayton,1052 E 7TH ST,,LOCKPORT,IL,60441-3700
Doc Motor Works inc.,TEK,293,19111510,1039,,,9,Ernesto,Espinosa,1209 BETTY DR,,PLAINFIELD,IL,60586-2228
Doc Motor Works inc.,TEK,293,35908467,1039,,,3,William,Cummings,1910 GLACIER RIDGE DR,,PLAINFIELD,IL,60586-2803
Doc Motor Works inc.,TEK,293,36007973,1039,,,3,Thomas,Swoboba,403 NATIONAL DR,,SHOREWOOD,IL,60404-9558
Doc Motor Works inc.,TEK,293,36044691,1039,,,9,Matthew,Boring,4820 FRANK DR,,SHOREWOOD,IL,60404-9632
Doc Motor Works inc.,TEK,293,687121,1039,,,3,Cassie,Miles,1903 RACE CT,,JOLIET,IL,60431-1593
Doc Motor Works inc.,TEK,293,36001478,1039,,,9,Eric,Littrell,7502 ROSEWIND DR,,PLAINFIELD,IL,60586-5398
Doc Motor Works inc.,TEK,293,36088812,1039,,,3,Maria,Deland,24102 PEAR TREE CIR,,PLAINFIELD,IL,60585-6185
Doc Motor Works inc.,TEK,293,36220909,1039,,,9,Mario,Cusimano,1604 AUBURN LAKES DR,,SHOREWOOD,IL,60404-5322
Doc Motor Works inc.,TEK,293,35831661,1039,,,3,Robert,Krol,1106 COLLINGWOOD CT,,SHOREWOOD,IL,60404-9411
Doc Motor Works inc.,TEK,293,36011133,1039,,,9,Tunicia A,Fuller,1424 WOODBRIDGE RD,,JOLIET,IL,60436-1380
Doc Motor Works inc.,TEK,293,36711174,1039,,,3,Elvis,De la Puente,1609 PERIDOT CT,,JOLIET,IL,60431-8471
Doc Motor Works inc.,TEK,293,36746507,1039,,,9,Nicholas,Perez,1004 ADDLEMAN ST,,JOLIET,IL,60431-8763
Doc Motor Works inc.,TEK,293,36654780,1039,,,3,Mikayla,Kelly,1849 EBERHARD LN,,PLAINFIELD,IL,60586-6400
Doc Motor Works inc.,TEK,293,36923753,1039,,,3,Rick,Murphy,1112 KYLEMORE CT,,JOLIET,IL,60431-7515
