Shop Name,Software,SID,CID,WSID,WCID,MBdayMo,TBdayMo,First,Last,Address,Address2,City,St,Zip
Geneva Foreign & Sports,TEK,309,729882,1040,,9,,Martin,James,4338 NUMBER 9 RD,,STANLEY,NY,14561-9559
Geneva Foreign & Sports,TEK,309,731301,1040,,9,,Pat,Riley,204 CARTER RD,,GENEVA,NY,14456-1022
Geneva Foreign & Sports,TEK,309,731992,1040,,9,,Andrew,Thorn,10411 TURNPIKE RD,,CLYDE,NY,14433-9307
Geneva Foreign & Sports,TEK,309,741475,1040,,9,,Michelle,Collins,11 SHERRILL ST APT 2,,GENEVA,NY,14456-1119
Geneva Foreign & Sports,TEK,309,741080,1040,,9,,Kacee,Eldridge,250 DRAKE RD,,LANSING,NY,14882-8864
Geneva Foreign & Sports,TEK,309,740406,1040,,9,,Lacey,Taylor,5854 STATE ROUTE 96 APT 219A,,ROMULUS,NY,14541-9580
Geneva Foreign & Sports,TEK,309,741564,1040,,9,,Richard,Mullins,1505 SPIDER STINES RD,,GREENEVILLE,TN,37745-8874
Geneva Foreign & Sports,TEK,309,733691,1040,,9,,Matthew,Dann,13 E MARKET ST,,CORNING,NY,14830-2614
Geneva Foreign & Sports,TEK,309,730110,1040,,9,,Helen,Verceles,14 TALISMAN TER,,OSWEGO,NY,13126-6142
Geneva Foreign & Sports,TEK,309,744164,1040,,9,,Marissa,Gardner,675 HAHNEL RD,,ROMULUS,NY,14541-9721
Geneva Foreign & Sports,TEK,309,740694,1040,,9,,Wade,Fox,149 W JACKSON ST,,PALMYRA,NY,14522-1223
Geneva Foreign & Sports,TEK,309,740059,1040,,9,,Gerard,Sanchez,8337 JERICHO RD,,WEEDSPORT,NY,13166-9749
Geneva Foreign & Sports,TEK,309,763088,1040,,9,,Mallory,Doody,1631 COUNTY ROAD 19,,SHORTSVILLE,NY,14548-9712
Geneva Foreign & Sports,TEK,309,729997,1040,,9,,Stephen,Webster,181 BLAZEY RD,,VICTOR,NY,14564-9526
Geneva Foreign & Sports,TEK,309,738895,1040,,9,,Harry,Oropallo,3296 NOBLE RD,,SENECA FALLS,NY,13148-9427
Geneva Foreign & Sports,TEK,309,735351,1040,,9,,Jason,Munson,2202 LAKE RD,,SENECA FALLS,NY,13148-9484
Geneva Foreign & Sports,TEK,309,735490,1040,,9,,Gary,Persica,310 MADISON ST,,NEWARK,NY,14513-1711
Geneva Foreign & Sports,TEK,309,740233,1040,,9,,Robert,Camera,163 LAFAYETTE AVE,,GENEVA,NY,14456-1547
Geneva Foreign & Sports,TEK,309,740750,1040,,9,,Scott,Michael,1033 LOCHLAND RD,,GENEVA,NY,14456-3244
Geneva Foreign & Sports,TEK,309,735330,1040,,9,,Lori,Legott,86 AVENUE E,,GENEVA,NY,14456-1059
Geneva Foreign & Sports,TEK,309,925428,1040,,9,,Wes,Henretty,2801 PILGRIMPORT RD,,LYONS,NY,14489-9331
Geneva Foreign & Sports,TEK,309,740014,1040,,9,,Lisa,Sweeney,2 LAFAYETTE PL,,AUBURN,NY,13021-3110
Geneva Foreign & Sports,TEK,309,741096,1040,,9,,Patricia,Tillack,130 CHAPEL ST,,CANANDAIGUA,NY,14424-1104
Geneva Foreign & Sports,TEK,309,932881,1040,,9,,Bobby,Avery,53 CHAPEL ST,,SENECA FALLS,NY,13148-1311
Geneva Foreign & Sports,TEK,309,730087,1040,,9,,Chris,Simmons,15 ALDRICH AVE,,AUBURN,NY,13021-5547
Geneva Foreign & Sports,TEK,309,1061092,1040,,9,,Laura,Dean,230 BILLSBORO RD,,GENEVA,NY,14456-9792
Geneva Foreign & Sports,TEK,309,1061199,1040,,9,,Andrew,Keenan,3515 BRETHREN CHURCH RD,,MYERSVILLE,MD,21773-7903
Geneva Foreign & Sports,TEK,309,740030,1040,,9,,Scott,Carlson,38 BAINBRIDGE LN,,WEBSTER,NY,14580-8829
Geneva Foreign & Sports,TEK,309,730411,1040,,9,,Jane,Donegan,241 SUMMERFIELD VILLAGE LN,,SYRACUSE,NY,13215-1947
Geneva Foreign & Sports,TEK,309,1192070,1040,,09,,shayon,richards,172 WATER ST,,LYONS,NY,14489-1254
Geneva Foreign & Sports,TEK,309,1223962,1040,,9,,Jan,Corning,429 E LAKE RD,,PENN YAN,NY,14527-9418
Geneva Foreign & Sports,TEK,309,738551,1040,,9,,Ashlynn,Guarneri,674 W NORTH ST,,GENEVA,NY,14456-1320
Geneva Foreign & Sports,TEK,309,1241602,1040,,9,,Dylan,Dowdle,22 BEAUFORT ST,,ROCHESTER,NY,14620-1920
Geneva Foreign & Sports,TEK,309,735325,1040,,9,,Pat,Ely,45 SENECA ST,,DUNDEE,NY,14837-1124
Geneva Foreign & Sports,TEK,309,740451,1040,,9,,Pat,Megliore,33 GROVE ST,,MOUNT MORRIS,NY,14510-1130
Geneva Foreign & Sports,TEK,309,1398556,1040,,09,,Robert,Pender,1401 TURNPIKE RD,,AUBURN,NY,13021-9551
Geneva Foreign & Sports,TEK,309,1144295,1040,,9,,Scott,Senner,81 HARVEY HILL RD,,ITHACA,NY,14850-9334
Geneva Foreign & Sports,TEK,309,2047168,1040,,9,,Obimaris,Barrilla,295 HAMILTON ST APT 36,,GENEVA,NY,14456-2928
Geneva Foreign & Sports,TEK,309,1354498,1040,,9,,Jason,Cherry,55 CALEMAD DR,,AUBURN,NY,13021-9261
Geneva Foreign & Sports,TEK,309,739633,1040,,9,,Randy,Lanning,23 W WATER ST,,WATERLOO,NY,13165-1326
Geneva Foreign & Sports,TEK,309,740009,1040,,9,,Keenan,Vick,6011 STILWELL RD,,TRUMANSBURG,NY,14886-9410
Geneva Foreign & Sports,TEK,309,740183,1040,,9,,Mark,Lang,66 NETTLECREEK RD,,FAIRPORT,NY,14450-3047
Geneva Foreign & Sports,TEK,309,741337,1040,,9,,Christy,Stoneburg,9342 CONQUEST RD,,PORT BYRON,NY,13140-9562
Geneva Foreign & Sports,TEK,309,730382,1040,,9,,Sharon,Hogan,391 CASTLE ST,,GENEVA,NY,14456-1509
Geneva Foreign & Sports,TEK,309,2513616,1040,,9,,Carolyn,Eberle,559 SCOFIELD RD,,GROTON,NY,13073-9737
Geneva Foreign & Sports,TEK,309,739164,1040,,9,,Christine,Butler,865 TYRE RD,,CLYDE,NY,14433-9556
Geneva Foreign & Sports,TEK,309,2711717,1040,,9,,Walter,Mattison,120 WAYNE ST,,SYRACUSE,NY,13203-2988
Geneva Foreign & Sports,TEK,309,739860,1040,,9,,David,Montgomery,4554 DEWEY AVE,,STANLEY,NY,14561-9713
Geneva Foreign & Sports,TEK,309,3018979,1040,,9,,Steven,Debottis,3342 STATE ROUTE 96A,,GENEVA,NY,14456-9209
Geneva Foreign & Sports,TEK,309,3221075,1040,,9,,Rebecca,Gomez,62 E NORTH ST APT 1,,GENEVA,NY,14456-1840
Geneva Foreign & Sports,TEK,309,2430365,1040,,9,,Horace,Perry,PO BOX 66,,KEUKA PARK,NY,14478-0066
Geneva Foreign & Sports,TEK,309,2711573,1040,,9,,Rebecca,Brotzman,134 GORHAM ST,,CANANDAIGUA,NY,14424-1854
Geneva Foreign & Sports,TEK,309,3303039,1040,,9,,Mike,Garlick,359 WHITE SPRINGS RD,,GENEVA,NY,14456-3021
Geneva Foreign & Sports,TEK,309,741389,1040,,9,,Michelle,Pettigrew,74 HIGHVIEW RD,,BUFFALO,NY,14215-1831
Geneva Foreign & Sports,TEK,309,3680451,1040,,9,,Brooke,Dunham,128 PRIMROSE LN,,SYRACUSE,NY,13212-4230
Geneva Foreign & Sports,TEK,309,739438,1040,,09,,Richard,Marion,4430 SAINT PAUL BLVD,,ROCHESTER,NY,14617-2234
Geneva Foreign & Sports,TEK,309,733758,1040,,9,,Steve,Trobe,120 ARVINE HTS,,ROCHESTER,NY,14611-4116
Geneva Foreign & Sports,TEK,309,1172286,1040,,9,,Jamie,Patchen,7444 WALL STREET RD,,WOLCOTT,NY,14590-9735
Geneva Foreign & Sports,TEK,309,3906629,1040,,9,,Heather,Mickelsen,2265 EASTMAN AVE,,PENN YAN,NY,14527-1435
Geneva Foreign & Sports,TEK,309,3220305,1040,,9,,Walter,Reece,2256 TOWNLINE RD,,GENEVA,NY,14456-9298
Geneva Foreign & Sports,TEK,309,3377835,1040,,9,,Karl,Steadman,834 HASTINGS RD,,GENEVA,NY,14456-9133
Geneva Foreign & Sports,TEK,309,4162176,1040,,9,,Mike,Monaco,41 CHURCH ST,,WATERLOO,NY,13165-4100
Geneva Foreign & Sports,TEK,309,741460,1040,,9,,Jarrod,Faniel,10417 STATE ROUTE 31,,CLYDE,NY,14433-9703
Geneva Foreign & Sports,TEK,309,3391007,1040,,9,,Brian,Cusimano,1885 PERRY POINT RD,,PENN YAN,NY,14527-9714
Geneva Foreign & Sports,TEK,309,9490650,1040,,9,,Orlando,Washington,14 BARRINGER RD,,ILION,NY,13357-1443
Geneva Foreign & Sports,TEK,309,731770,1040,,9,,Mark,Harris,15 SNELL RD,,GENEVA,NY,14456-3240
Geneva Foreign & Sports,TEK,309,4368444,1040,,9,,James,Roloson,3029 COUNTY ROUTE 121,,SENECA FALLS,NY,13148-9551
Geneva Foreign & Sports,TEK,309,738404,1040,,9,,Austin,Tuman,989 MCIVOR RD,,PHELPS,NY,14532-9556
Geneva Foreign & Sports,TEK,309,4421530,1040,,9,,Sean,Sullivan,105 JACKSON ROAD EXT,,PENFIELD,NY,14526-1252
Geneva Foreign & Sports,TEK,309,740042,1040,,9,,Tonya,Brooks,2458 RYDER RD,,NEWARK,NY,14513-9384
Geneva Foreign & Sports,TEK,309,4552714,1040,,9,,Mike,Wilson,8264 LARKSPUR DR,,BALDWINSVILLE,NY,13027-9338
Geneva Foreign & Sports,TEK,309,740017,1040,,9,,Larry,Hagerty,1179 RIDGEWOOD DR,,HIGHLAND PARK,IL,60035-4059
Geneva Foreign & Sports,TEK,309,4422187,1040,,9,,Kody,Mundt,17284 4TH SECTION RD,,HOLLEY,NY,14470-9750
Geneva Foreign & Sports,TEK,309,2550761,1040,,9,,Sally,Guerriri,74 OAK ST,,GENEVA,NY,14456-1660
Geneva Foreign & Sports,TEK,309,6053706,1040,,9,,Efrain,Perez Vega,932 KRIEGER RD,,WEBSTER,NY,14580-3732
Geneva Foreign & Sports,TEK,309,733688,1040,,9,,Michael,Rodriguez,25 LINDEN ST,,GENEVA,NY,14456-2632
Geneva Foreign & Sports,TEK,309,741169,1040,,9,,Daniel,Carter,225 GENESEE ST,,GENEVA,NY,14456-2346
Geneva Foreign & Sports,TEK,309,6479106,1040,,9,,Benn,Mays,4836 W RIVER RD,,NAPLES,NY,14512-9603
Geneva Foreign & Sports,TEK,309,6817657,1040,,09,,Chondra,Smith,26 SPRINGFIELD AVE,,ROCHESTER,NY,14609-3610
Geneva Foreign & Sports,TEK,309,6956345,1040,,9,,Patrick,Wayne,1200 WALL RD,,WEBSTER,NY,14580-9542
Geneva Foreign & Sports,TEK,309,6656435,1040,,9,,Joanne,Trunell,53 MAPLE ST,,ADDISON,NY,14801-1125
Geneva Foreign & Sports,TEK,309,4738079,1040,,9,,Anthony,Lovullo,2470 STATE ROUTE 65,,BLOOMFIELD,NY,14469-9538
Geneva Foreign & Sports,TEK,309,741418,1040,,9,,Sharon,Shepard,60 S MAIN ST,,RUSHVILLE,NY,14544-9673
Geneva Foreign & Sports,TEK,309,4421727,1040,,09,,Tylik,Hill,128 TRACEY LN,,GENEVA,NY,14456-1216
Geneva Foreign & Sports,TEK,309,7726602,1040,,9,,Joshua,Way,5 MCCARTY ST,,CANDOR,NY,13743-1431
Geneva Foreign & Sports,TEK,309,9098124,1040,,9,,Charles,Wheeler,3794 WATKINS RD LOT 76,,MILLPORT,NY,14864-9725
Geneva Foreign & Sports,TEK,309,6381866,1040,,9,,Nathan,Fox,PO BOX 672,,NAPLES,NY,14512-0672
Geneva Foreign & Sports,TEK,309,7989872,1040,,9,,Winston,Mathis,93 PINE ST,,EAST ROCHESTER,NY,14445-1348
Geneva Foreign & Sports,TEK,309,7817827,1040,,9,,Michael,Perez,146 E MAIN ST,,WATERLOO,NY,13165-1459
Geneva Foreign & Sports,TEK,309,7812407,1040,,09,,Anthony,Martin,1270 GRAVEL RD,,SENECA FALLS,NY,13148-9773
Geneva Foreign & Sports,TEK,309,6799700,1040,,9,,Joseph,Lunduski,8 REED ST,,GENEVA,NY,14456-2108
Geneva Foreign & Sports,TEK,309,731235,1040,,9,,Richard,Spratt,19 TROY ST,,SENECA FALLS,NY,13148-1254
Geneva Foreign & Sports,TEK,309,8961674,1040,,9,,Shannon,Mckenzie,108 FERNPARK DR,,CAMILLUS,NY,13031-2415
Geneva Foreign & Sports,TEK,309,739392,1040,,9,,Myeeshia,Singleton,110 POMONA DR,,ROCHESTER,NY,14616-4006
Geneva Foreign & Sports,TEK,309,7726510,1040,,9,,Michael,Ball,529 EXCHANGE ST,,GENEVA,NY,14456-3422
Geneva Foreign & Sports,TEK,309,9097980,1040,,9,,Kristel,Cohens,305 GENESIS WAY,,GENEVA,NY,14456-2076
Geneva Foreign & Sports,TEK,309,2147849,1040,,9,,Chris,Klufas,27 PHEASANT WAY,,ITHACA,NY,14850-8531
Geneva Foreign & Sports,TEK,309,741201,1040,,9,,Denny,Harris,412 MACK RD,,WESTFIELD,PA,16950-9694
Geneva Foreign & Sports,TEK,309,3466313,1040,,9,,Joe,Calabrese,325 EASTCLIFF DR SE,,CONCORD,NC,28025-3700
Geneva Foreign & Sports,TEK,309,5921596,1040,,9,,Tina,Hopkins,7 N WAYNE ST,,PHELPS,NY,14532-1027
Geneva Foreign & Sports,TEK,309,8367885,1040,,9,,Lila,Oursler,52 LAKEVIEW DR N,,COOPERSTOWN,NY,13326-3001
Geneva Foreign & Sports,TEK,309,9095016,1040,,9,,Alex,Gravlin,346 CHAPPLE RD,,LISBON,NY,13658-3260
Geneva Foreign & Sports,TEK,309,9234734,1040,,9,,James,Ciricillo,1587 RIVER RD,,PORT BYRON,NY,13140-3360
Geneva Foreign & Sports,TEK,309,9234752,1040,,9,,Stefan,Lewandowski,558 LIBERTY ST,,PENN YAN,NY,14527-1025
Geneva Foreign & Sports,TEK,309,737050,1040,,9,,Howard,Sprague,16 WREN FIELD LN,,PITTSFORD,NY,14534-9527
Geneva Foreign & Sports,TEK,309,8961431,1040,,9,,Tasha,Beaman,170 MAREETA RD,,ROCHESTER,NY,14624-3416
Geneva Foreign & Sports,TEK,309,9126170,1040,,9,,Mickenson,Clune,1391 COUNTY HIGHWAY 5,,OTEGO,NY,13825-2104
Geneva Foreign & Sports,TEK,309,9584832,1040,,9,,Maygan,French,64 FRANKLIN ST,,ELMIRA,NY,14904-1738
Geneva Foreign & Sports,TEK,309,10213979,1040,,9,,Robert,Bates,9790 OAK HILL RD,,ARKPORT,NY,14807-9304
Geneva Foreign & Sports,TEK,309,10013999,1040,,9,,Emily,Hermann,1814 MCDONALD RD,,AUBURN,NY,13021-8075
Geneva Foreign & Sports,TEK,309,10123559,1040,,9,,Jeremy,Hughes,2194 SAND HILL ROAD EXT,,PENN YAN,NY,14527-1442
Geneva Foreign & Sports,TEK,309,10220390,1040,,9,,Paul,Sutton,3585 CONHOCTON RD,,PAINTED POST,NY,14870-9048
Geneva Foreign & Sports,TEK,309,9458831,1040,,9,,Yvonne,Vasquez,2164 EDWARDS RD,,WATERLOO,NY,13165-8804
Geneva Foreign & Sports,TEK,309,738847,1040,,9,,Nick,Berwind,280 E BROAD ST,,ROCHESTER,NY,14604-1720
Geneva Foreign & Sports,TEK,309,10221788,1040,,9,,Chris,DiPasquale,3707 LAKE RD,,WILLIAMSON,NY,14589-9576
Geneva Foreign & Sports,TEK,309,10294879,1040,,9,,Corrie,Meyer,1519 STONY BROOK TRL,,STE GENEVIEVE,MO,63670-2004
Geneva Foreign & Sports,TEK,309,10013989,1040,,9,,Curtis,Wright,2 SENECA RD,,SENECA FALLS,NY,13148-2311
Geneva Foreign & Sports,TEK,309,10411910,1040,,9,,Tom,Petruzzi,56 CLYMER ST,,AUBURN,NY,13021-4736
Geneva Foreign & Sports,TEK,309,10574276,1040,,9,,Katherine,Barton,2218 STEAMBOAT RUN,,SUGAR LAND,TX,77478-4338
Geneva Foreign & Sports,TEK,309,732403,1040,,9,,John,Miller,1128 WENDLER CIR,,POTTSTOWN,PA,19465-1010
Geneva Foreign & Sports,TEK,309,11408999,1040,,9,,Ella,Phillips,68 SHARON ST,,GENEVA,NY,14456-2723
Geneva Foreign & Sports,TEK,309,11408871,1040,,9,,Cameron,Selapack,3322 STANNARD RD,,ALEXANDER,NY,14005-9600
Geneva Foreign & Sports,TEK,309,736561,1040,,9,,Tom,Molenda,2191 GROVER RD,,WEST FALLS,NY,14170-9607
Geneva Foreign & Sports,TEK,309,11241274,1040,,9,,Amos,Hoover,317 ROCK STREAM RD,,ROCK STREAM,NY,14878-9723
Geneva Foreign & Sports,TEK,309,8641516,1040,,9,,Tony,Colias,1123 WILLOW BROOK BND,,FARMINGTON,NY,14425-9064
Geneva Foreign & Sports,TEK,309,4166482,1040,,9,,Bryant,Badman,2555 STATE ROUTE 41A,,MORAVIA,NY,13118-3223
Geneva Foreign & Sports,TEK,309,11408947,1040,,9,,Caleb,Thompson,147 E MAIN ST,,PENN YAN,NY,14527-1633
Geneva Foreign & Sports,TEK,309,11287080,1040,,09,,Juan,Sosa,188 MASSETH ST,,ROCHESTER,NY,14606-1240
Geneva Foreign & Sports,TEK,309,11283309,1040,,9,,Sue,Cummings,1193 COUNTY ROAD 6,,PHELPS,NY,14532-9521
Geneva Foreign & Sports,TEK,309,10963957,1040,,9,,Rosemary,Stephenson,24 LINCOLN ST APT 1E,,AUBURN,NY,13021-3985
Geneva Foreign & Sports,TEK,309,4730479,1040,,9,,Fran,Birdsall,3020 PODUNK RD,,TRUMANSBURG,NY,14886-9160
Geneva Foreign & Sports,TEK,309,740761,1040,,9,,Victor,Santiago,6954 STATE ROUTE 96A,,OVID,NY,14521-9728
Geneva Foreign & Sports,TEK,309,740115,1040,,9,,Nathaniel,Vandoren,6000 GOFF RD,,CANANDAIGUA,NY,14424-8947
Geneva Foreign & Sports,TEK,309,12824424,1040,,9,,Donald,Francis,12925 STATE ROUTE 90,,LOCKE,NY,13092-4175
Geneva Foreign & Sports,TEK,309,8751233,1040,,9,,Todd,Mcdowell,2002 BELLAMY RD,,WELLSVILLE,NY,14895-9612
Geneva Foreign & Sports,TEK,309,3972230,1040,,9,,David,Breinin,4825 NORSTAR BLVD APT 325,,LIVERPOOL,NY,13088-4252
Geneva Foreign & Sports,TEK,309,741545,1040,,9,,Juan,caceres,2696 E RIDGE RD,,ROCHESTER,NY,14622-3022
Geneva Foreign & Sports,TEK,309,12938947,1040,,9,,Shannon,Petit,891 COUNTY ROUTE 26,,WEST MONROE,NY,13167-3147
Geneva Foreign & Sports,TEK,309,12824395,1040,,9,,Laheeb,Kanash,7186 SHAWNEE RD,,NORTH TONAWANDA,NY,14120-1314
Geneva Foreign & Sports,TEK,309,3747910,1040,,9,,Robert,Calman,109 DEERFIELD DR,,CANANDAIGUA,NY,14424-2409
Geneva Foreign & Sports,TEK,309,13297912,1040,,9,,Raymond,Burke,3 WAITE ST,,NORWICH,NY,13815-1116
Geneva Foreign & Sports,TEK,309,12619052,1040,,09,,Jamin,Austin,3433 HEIDENREICH RD,,LYONS,NY,14489-9028
Geneva Foreign & Sports,TEK,309,11730782,1040,,9,,John,McIntyre,519 EXCHANGE ST APT 6,,GENEVA,NY,14456-3442
Geneva Foreign & Sports,TEK,309,13335832,1040,,9,,Clay,Rhinehart,9741A WASHINGTON LOOP,,WATERTOWN,NY,13603-3305
Geneva Foreign & Sports,TEK,309,738273,1040,,9,,Stefano,Cammaratto,467 S MAIN ST APT 4,,GENEVA,NY,14456-3159
Geneva Foreign & Sports,TEK,309,13800178,1040,,9,,Mark,Diecuch,8199 WHEATON RD,,BALDWINSVILLE,NY,13027-9693
Geneva Foreign & Sports,TEK,309,13424340,1040,,9,,Christopher,Moss,382 STILES RD,,ELMIRA,NY,14901-9402
Geneva Foreign & Sports,TEK,309,5564078,1040,,9,,Timothy,Axton,5681 SILVER STREET RD,,AUBURN,NY,13021-8728
Geneva Foreign & Sports,TEK,309,12666013,1040,,9,,Kenneth,Greiner,108 PARK AVE,,CANANDAIGUA,NY,14424-1421
Geneva Foreign & Sports,TEK,309,13830404,1040,,9,,Michelle,Bullock,410 NORTH ST,,EAST AURORA,NY,14052-1412
Geneva Foreign & Sports,TEK,309,14059150,1040,,9,,Charles,Dalberth,33 MAPLE VALLEY CRES,,ROCHESTER,NY,14623-5209
Geneva Foreign & Sports,TEK,309,14370467,1040,,9,,Heather,Angelo,PO BOX 144,,CLYDE,NY,14433-0144
Geneva Foreign & Sports,TEK,309,14949539,1040,,9,,Leigh,Carmignani,76 OBTUSE HILL RD,,BROOKFIELD,CT,06804-3145
Geneva Foreign & Sports,TEK,309,733600,1040,,9,,David,Lamagna,4 PATTERSON RD,,NEWARK,NY,14513-9193
Geneva Foreign & Sports,TEK,309,11560604,1040,,9,,Kevin,Ridley,1021 WATERLOO GENEVA RD,,WATERLOO,NY,13165-1236
Geneva Foreign & Sports,TEK,309,9093865,1040,,9,,Danielle,Hoch,17 JAMIE LYNN DR,,CHURCHVILLE,NY,14428-9752
Geneva Foreign & Sports,TEK,309,12150543,1040,,9,,Zachary,Hilton,3683 STATE ROUTE 96A,,GENEVA,NY,14456-9215
Geneva Foreign & Sports,TEK,309,14950466,1040,,9,,Melvin,Amaro,12 N GENESEE ST,,GENEVA,NY,14456-1139
Geneva Foreign & Sports,TEK,309,13453358,1040,,9,,Joseph,Acquista,817 PEIRSON AVE,,NEWARK,NY,14513-8918
Geneva Foreign & Sports,TEK,309,1250821,1040,,9,,Alicia,Boughton,919 HAZEL ST,,ELMIRA,NY,14904-2513
Geneva Foreign & Sports,TEK,309,16408776,1040,,9,,Dave,Gee,409 WILEY RD,,SAVANNAH,NY,13146-9722
Geneva Foreign & Sports,TEK,309,741164,1040,,9,,Tom,Crane,3420 FRESHOUR RD,,CANANDAIGUA,NY,14424-8829
Geneva Foreign & Sports,TEK,309,858703,1040,,9,,Josh,Hotchkiss,2450 COUNTY ROAD 28,,CANANDAIGUA,NY,14424-8093
Geneva Foreign & Sports,TEK,309,17276146,1040,,9,,Cheagan,Wilson,20 N MORRELL AVE,,GENEVA,NY,14456-2502
Geneva Foreign & Sports,TEK,309,736855,1040,,9,,John,Stutzman,PO BOX 46,,OVID,NY,14521-0046
Geneva Foreign & Sports,TEK,309,18612950,1040,,9,,Rodney,Delyser,131 CRIMSON KING DR,,CANANDAIGUA,NY,14424-9576
Geneva Foreign & Sports,TEK,309,8291032,1040,,9,,Patrick,Loucks,77 SPRING ST,,GENEVA,NY,14456-2724
Geneva Foreign & Sports,TEK,309,738997,1040,,9,,Chaddus,Griffin,66 MONICA ST,,ROCHESTER,NY,14619-1943
Geneva Foreign & Sports,TEK,309,18875533,1040,,9,,Consuela,Peace,25 ZENNER ST,,BUFFALO,NY,14211-1707
Geneva Foreign & Sports,TEK,309,17143018,1040,,9,,Jamison,Emanuel,9 CATHERINE ST,,LYONS,NY,14489-1459
Geneva Foreign & Sports,TEK,309,19115070,1040,,9,,Jim,Gindling,16 CORNWALL RD,,GENEVA,NY,14456-3208
Geneva Foreign & Sports,TEK,309,736434,1040,,9,,Greg,Tackett,1972 SENECA ST,,ROMULUS,NY,14541-9503
Geneva Foreign & Sports,TEK,309,732168,1040,,9,,Nancy,anderson,182 N GENESEE ST,,GENEVA,NY,14456-1042
Geneva Foreign & Sports,TEK,309,19757106,1040,,09,,Alicia,Rincon,11876 W MAIN ST,,WOLCOTT,NY,14590-1028
Geneva Foreign & Sports,TEK,309,10892799,1040,,9,,John,Chicola,84 S SHORE RD,,CUBA,NY,14727-9732
Geneva Foreign & Sports,TEK,309,20286747,1040,,9,,Sheelwattie,Mcnally,PO BOX 133,,BLOOMFIELD,NY,14469-0133
Geneva Foreign & Sports,TEK,309,20002952,1040,,9,,Damien,Arnold,2719 PARISH RD,,OVID,NY,14521-9546
Geneva Foreign & Sports,TEK,309,20001705,1040,,09,,Caroline,Goldie,21 GRAYWOOD LN,,PITTSFORD,NY,14534-9757
Geneva Foreign & Sports,TEK,309,732167,1040,,9,,Bob,Shaw,55 ATWOOD AVE,,GENEVA,NY,14456-2730
Geneva Foreign & Sports,TEK,309,20016956,1040,,9,,Clara,Smith,2051 COUNTY ROAD 139,,OVID,NY,14521-9738
Geneva Foreign & Sports,TEK,309,739051,1040,,9,,Kristen,Kerr,626 PRESERVATION TRL UNIT E,,WEBSTER,NY,14580-4922
Geneva Foreign & Sports,TEK,309,5919336,1040,,9,,Martin,Ringelburg,8879 STATE ROUTE 21,,NAPLES,NY,14512-9531
Geneva Foreign & Sports,TEK,309,21874565,1040,,9,,Marilee,Hoffman,2206 CLAY ST,,LIMA,NY,14485-9609
Geneva Foreign & Sports,TEK,309,731368,1040,,9,,Dennis,Barrett,51 PERINTON ST,,ROCHESTER,NY,14615-3158
Geneva Foreign & Sports,TEK,309,739049,1040,,09,,Dave,Cameron,9 S KASHONG PT,,GENEVA,NY,14456-9601
Geneva Foreign & Sports,TEK,309,15935109,1040,,9,,Myron,Glick,270 PINE RD,,DUNDEE,NY,14837-9102
Geneva Foreign & Sports,TEK,309,22091472,1040,,9,,Matthew,Martin,104 SPARLING DR,,ROCHESTER,NY,14616-3103
Geneva Foreign & Sports,TEK,309,22091191,1040,,09,,Deshawn,Reese,10 W RIVER ST,,WATERLOO,NY,13165-1728
Geneva Foreign & Sports,TEK,309,16401741,1040,,9,,Paul,Bellanca,160 HOGAN RD,,FAIRPORT,NY,14450-9536
Geneva Foreign & Sports,TEK,309,20393979,1040,,9,,Josiah,Austin,5014 E WILLIAMSON RD,,MARION,NY,14505-9418
Geneva Foreign & Sports,TEK,309,25967305,1040,,09,,Terry,Eddy,15210 ARMES CT,,GOWANDA,NY,14070-9750
Geneva Foreign & Sports,TEK,309,22804970,1040,,9,,Rachel,Clark,130 DELAWARE AVE,,BUFFALO,NY,14202-2430
Geneva Foreign & Sports,TEK,309,730998,1040,,9,,Biman,Basu,46 PARK PL,,GENEVA,NY,14456-2871
Geneva Foreign & Sports,TEK,309,21678255,1040,,9,,John,Ackerley,161 5TH AVE APT 6,,OSWEGO,NY,13126-1809
Geneva Foreign & Sports,TEK,309,740416,1040,,9,,Scott,Peterson,11205 E BLUFF DR,,PENN YAN,NY,14527-9050
Geneva Foreign & Sports,TEK,309,22794077,1040,,9,,Francisco,Oliveraleon,412 SYCAMORE TRL,,NEWARK,NY,14513-9745
Geneva Foreign & Sports,TEK,309,24056651,1040,,09,,Daniel,Henries Jr.,215 KEUKA ST,,PENN YAN,NY,14527-1155
Geneva Foreign & Sports,TEK,309,735581,1040,,9,,Victoria,Daniels,98 DECKER PKWY W,,ELMIRA,NY,14905-2304
Geneva Foreign & Sports,TEK,309,13829744,1040,,9,,Roger,Sauertieg,5128 OLD WEST LAKE RD,,HONEOYE,NY,14471-9325
Geneva Foreign & Sports,TEK,309,23896068,1040,,09,,Jacquelyn,Roupp,1224 KING HILL RD,,BEAVER DAMS,NY,14812-9412
Geneva Foreign & Sports,TEK,309,16385804,1040,,09,,Ivette,Solis,24 WEST AVE,,GENEVA,NY,14456-2239
Geneva Foreign & Sports,TEK,309,12480118,1040,,9,,Jody,Stafford,183 HIGH ST,,BRADFORD,PA,16701-2127
Geneva Foreign & Sports,TEK,309,6382029,1040,,9,,Kristopher,Collins,223 STOWELL DR,,ROCHESTER,NY,14616-1805
Geneva Foreign & Sports,TEK,309,24419781,1040,,09,,Matthew,Allen,6239 N KIRKVILLE RD,,KIRKVILLE,NY,13082-9516
Geneva Foreign & Sports,TEK,309,1154126,1040,,9,,Patrick,Nowak,1042 RIDGE RD,,ONTARIO,NY,14519-9161
Geneva Foreign & Sports,TEK,309,732954,1040,,9,,John,Wright,38 SLOSSON LN,,GENEVA,NY,14456-3224
Geneva Foreign & Sports,TEK,309,19073238,1040,,9,,Shannon,DeBois,4980 ROCKEFELLER RD,,AUBURN,NY,13021-9619
Geneva Foreign & Sports,TEK,309,23896020,1040,,09,,Nicholas,Ferlenda,155 WEYMOUTH RD,,SYRACUSE,NY,13205-2850
Geneva Foreign & Sports,TEK,309,6169116,1040,,09,,Nicole,Bracko,4648 STATE ROUTE 14,,GENEVA,NY,14456-9709
Geneva Foreign & Sports,TEK,309,27005486,1040,,09,,Shelby,Sindelar,1025 HANSHAW RD,,ITHACA,NY,14850-2741
Geneva Foreign & Sports,TEK,309,20769840,1040,,9,,Jessie,Kauder,68 BRIDGE ST,,SENECA FALLS,NY,13148-1827
Geneva Foreign & Sports,TEK,309,6868286,1040,,9,,Sharon,Stockman,85 GROVE ST,,GENEVA,NY,14456-2532
Geneva Foreign & Sports,TEK,309,27859682,1040,,09,,Eric,Wick,316 CEDAR CREEK TRL,,ROCHESTER,NY,14626-5233
Geneva Foreign & Sports,TEK,309,28595415,1040,,09,,Medina,Baker,33 KOSENE ST,,WOODBRIDGE,NJ,07095-1222
Geneva Foreign & Sports,TEK,309,19546255,1040,,9,,Priscilla,Seward,4297 DILDINE RD,,UNION SPRINGS,NY,13160-3152
Geneva Foreign & Sports,TEK,309,17613058,1040,,9,,Maurice,Jackson,73 CHESHIRE LN,,ROCHESTER,NY,14624-2960
Geneva Foreign & Sports,TEK,309,27860013,1040,,09,,Lee,Houghton,29 ELMWOOD PL,,GENEVA,NY,14456-2214
Geneva Foreign & Sports,TEK,309,740184,1040,,9,,Amber,Boyd,7 5TH AVE,,CORTLAND,NY,13045-1111
Geneva Foreign & Sports,TEK,309,11138056,1040,,09,,Sean,Gramling,255 W NORTH ST # 2,,GENEVA,NY,14456-1528
Geneva Foreign & Sports,TEK,309,740718,1040,,9,,Rick,Gagliardi,18 S HUNTER AVE,,AUBURN,NY,13021-4328
Geneva Foreign & Sports,TEK,309,22442586,1040,,09,,Suzanne,Daggett,235 N MAIN ST,,CANANDAIGUA,NY,14424-1277
Geneva Foreign & Sports,TEK,309,29990953,1040,,09,,Margaret,Record,5 DICKERSON ST,,LYONS,NY,14489-1007
Geneva Foreign & Sports,TEK,309,29035109,1040,,09,,Edward,Marino,34 ATWOOD AVE,,GENEVA,NY,14456-2731
Geneva Foreign & Sports,TEK,309,18464776,1040,,9,,Tanya,Buzalko,172 E NORTH ST,,GENEVA,NY,14456-1945
Geneva Foreign & Sports,TEK,309,16499161,1040,,9,,Terry,Anglin,15 ROTTERDAM RD APT 12,,SODUS,NY,14551-1055
Geneva Foreign & Sports,TEK,309,16393059,1040,,9,,Jamie,Buffone,1840 STATE ROUTE 96,,TRUMANSBURG,NY,14886-9126
Geneva Foreign & Sports,TEK,309,16276813,1040,,9,,Wilson,Boor,2370 GORHAM RD,,STANLEY,NY,14561-9765
Geneva Foreign & Sports,TEK,309,29556705,1040,,09,,Travis,Marzo,40 NORWAY RIDGE RD,,WOODHULL,NY,14898-9662
Geneva Foreign & Sports,TEK,309,30593101,1040,,09,,Lawrence,Keefer,4635 WHITE RD,,LIVONIA,NY,14487-9404
Geneva Foreign & Sports,TEK,309,740727,1040,,9,,Wayne,Bynoe,21 DAILEY AVE,,CANANDAIGUA,NY,14424-1409
Geneva Foreign & Sports,TEK,309,730667,1040,,9,,Ellen,Mitchell,88 HILLCREST AVE,,GENEVA,NY,14456-1452
Geneva Foreign & Sports,TEK,309,731711,1040,,9,,Gene,Sapp,PO BOX 982,,GENEVA,NY,14456-0982
Geneva Foreign & Sports,TEK,309,8961621,1040,,9,,Shakela,Nelson,182 MORTON ST,,ROCHESTER,NY,14609-4027
Geneva Foreign & Sports,TEK,309,740430,1040,,9,,Paul,Reyer,1651 GRAND AVE,,SAVANNAH,NY,13146-9771
Geneva Foreign & Sports,TEK,309,739306,1040,,9,,Kyra,Helmer,36 PULTENEY ST APT 1,,GENEVA,NY,14456-2329
Geneva Foreign & Sports,TEK,309,734916,1040,,9,,Jack,Harris,28 COLLEGE AVE,,GENEVA,NY,14456-3104
Geneva Foreign & Sports,TEK,309,31622794,1040,,09,,Courtney,Stocker,205 BERWICK RD S,,SYRACUSE,NY,13208-3202
Geneva Foreign & Sports,TEK,309,23505014,1040,,09,,Richard,Lopez,159 DICKINSON ST,,ROCHESTER,NY,14621-3957
Geneva Foreign & Sports,TEK,309,19719838,1040,,9,,Carrie,Araya,130 JADY LN,,FONDA,NY,12068-5139
Geneva Foreign & Sports,TEK,309,16731128,1040,,9,,KC,Davis,448 FIELD ST,,CLIFTON SPRINGS,NY,14432-9716
Geneva Foreign & Sports,TEK,309,30633317,1040,,09,,Leianna,Tassone,252 BANKRUPT RD,,PHOENIX,NY,13135-2181
Geneva Foreign & Sports,TEK,309,29127365,1040,,09,,Blaine,Graham,2357 COUNTY ROAD 23,,CLIFTON SPRINGS,NY,14432-9324
Geneva Foreign & Sports,TEK,309,730152,1040,,9,,Larry,Jenkins,284 WASHINGTON ST,,GENEVA,NY,14456-2746
Geneva Foreign & Sports,TEK,309,1404245,1040,,9,,Dawn,Lehto,9366 CONGRESS STREET EXT,,TRUMANSBURG,NY,14886-9224
Geneva Foreign & Sports,TEK,309,23386226,1040,,09,,Lorene,Felice,1263 HECKER RD,,WATERLOO,NY,13165-8795
Geneva Foreign & Sports,TEK,309,734436,1040,,9,,Kevin,Reeder,4532 SENECA VW,,GENEVA,NY,14456-9251
Geneva Foreign & Sports,TEK,309,4192750,1040,,9,,Mike,Sassone,4428 LATTING RD,,SHORTSVILLE,NY,14548-9224
Geneva Foreign & Sports,TEK,309,32053030,1040,,09,,Katie,Pelkey,2630 EAST ST,,CANANDAIGUA,NY,14424-1329
Geneva Foreign & Sports,TEK,309,2618400,1040,,9,,Dennis,Kelly,321 CLARK ST,,AUBURN,NY,13021-2240
Geneva Foreign & Sports,TEK,309,13198568,1040,,9,,Chloe,Lynch,4099 CORTINA RD,,BALDWINSVILLE,NY,13027-9298
Geneva Foreign & Sports,TEK,309,739194,1040,,09,,Jeffrey,Salone Jr,3074 JOHNSON RD,,GENEVA,NY,14456-9522
Geneva Foreign & Sports,TEK,309,33517720,1040,,09,,Tonya,Contario,100 MONTEZUMA ST,,LYONS,NY,14489-1229
Geneva Foreign & Sports,TEK,309,730068,1040,,9,,William,Wied,128 PARK PL,,CANANDAIGUA,NY,14424-1322
Geneva Foreign & Sports,TEK,309,13718024,1040,,9,,Heather,Williams,425 EXCHANGE ST,,GENEVA,NY,14456-2435
Geneva Foreign & Sports,TEK,309,738501,1040,,9,,Diane,Marshall,188 CEDAR ST,,CORNING,NY,14830-3106
Geneva Foreign & Sports,TEK,309,6819085,1040,,9,,Michael,Brignoli,6357 ROBESON RD,,MIDDLESEX,NY,14507-9769
Geneva Foreign & Sports,TEK,309,754700,1040,,9,,Nancy,Stasch,3060 JOHNSON RD,,GENEVA,NY,14456-9522
Geneva Foreign & Sports,TEK,309,16577034,1040,,9,,Ron,Chapin,1775 HAVENS CORNERS RD,,PENN YAN,NY,14527-9163
Geneva Foreign & Sports,TEK,309,18612174,1040,,9,,Timothy,Burke,4617 GLENCLIFFE RD,,MANLIUS,NY,13104-2378
Geneva Foreign & Sports,TEK,309,34691870,1040,,09,,Allie,Bowman,2101 E PALMYRA PORT GIBSON RD,,PALMYRA,NY,14522-9774
Geneva Foreign & Sports,TEK,309,740849,1040,,9,,Joseph,Anthony,7584 RANIA RD,,BALDWINSVILLE,NY,13027-9399
Geneva Foreign & Sports,TEK,309,1154120,1040,,9,,Brett,Distefano,2612 RUSTIC RIDGE RD,,ENDICOTT,NY,13760-7046
Geneva Foreign & Sports,TEK,309,35005238,1040,,09,,Justin,Harrison,3647 FAIRVILLE MAPLE RIDGE RD,,NEWARK,NY,14513-9326
Geneva Foreign & Sports,TEK,309,730145,1040,,9,,Karen,Fitzgerald,8 CORNWALL RD,,GENEVA,NY,14456-3208
Geneva Foreign & Sports,TEK,309,741124,1040,,9,,Frederick,Ahl,64 CAYUGA ST,,SENECA FALLS,NY,13148-1227
Geneva Foreign & Sports,TEK,309,32648731,1040,,09,,Christopher,Willett,463 VALLEY RD,,BROOKTONDALE,NY,14817-9701
Geneva Foreign & Sports,TEK,309,35334306,1040,,09,,Russ,Fuller,303 MAPLE DR,,PENN YAN,NY,14527-9618
Geneva Foreign & Sports,TEK,309,35592165,1040,,09,,Molly,Lawrence,78 CHERRY ST,,GENEVA,NY,14456-1606
Geneva Foreign & Sports,TEK,309,738364,1040,,9,,Big Dan,Fitzgerald,1 BRIAN DR,,GENEVA,NY,14456-1370
Geneva Foreign & Sports,TEK,309,734928,1040,,9,,Dean,Furnia,10 BRAE RIDGE RD,,AUBURN,NY,13021-9666
Geneva Foreign & Sports,TEK,309,738590,1040,,9,,Tammy,Harling,31 ELMWOOD PL,,GENEVA,NY,14456-2214
Geneva Foreign & Sports,TEK,309,730149,1040,,9,,David,FitzGerald,323 JAY ST,,GENEVA,NY,14456-3215
Geneva Foreign & Sports,TEK,309,13135853,1040,,09,,Mike,Brannan,1090 MAGNOLIA BND,,FARMINGTON,NY,14425-9646
Geneva Foreign & Sports,TEK,309,729877,1040,,9,,Doug,Ingerick,3692 STATE ROUTE 96,,SHORTSVILLE,NY,14548-9515
Geneva Foreign & Sports,TEK,309,33956762,1040,,09,,Amanda,Swanson,1683 KUNEY RD,,ROMULUS,NY,14541-9740
Geneva Foreign & Sports,TEK,309,730143,1040,,9,,Frank,Dejohn,27 TALL OAKS DR,,SENECA FALLS,NY,13148-1133
Geneva Foreign & Sports,TEK,309,733239,1040,,09,,Marc,Mothercell,345 ELM ST,,PENN YAN,NY,14527-1446
Geneva Foreign & Sports,TEK,309,6220370,1040,,9,,Morgan,Watson,879 UPLAND DR,,ELMIRA,NY,14905-1420
Geneva Foreign & Sports,TEK,309,735192,1040,,09,,Russ,Mills,PO BOX 7066,,AUBURN,NY,13022-7066
Geneva Foreign & Sports,TEK,309,738247,1040,,9,,Julie,Omalley,562 S MAIN ST,,GENEVA,NY,14456-3124
Geneva Foreign & Sports,TEK,309,16510638,1040,,9,,Logan,Petty,PO BOX 627,,MORAVIA,NY,13118-0627
Geneva Foreign & Sports,TEK,309,14355637,1040,,9,,Carl,Carlson,108 CROSS RD,,GENEVA,NY,14456-9322
Geneva Foreign & Sports,TEK,309,1075139,1040,,9,,Mike,Sandroni,5 MECHANIC ST,,SENECA FALLS,NY,13148-1908
Geneva Foreign & Sports,TEK,309,4787426,1040,,9,,Timothy,Thibault,22 STATE ST,,GENEVA,NY,14456-1749
Geneva Foreign & Sports,TEK,309,736478,1040,,9,,Kristen,Moore,4712 BRICK SCHOOLHOUSE RD,,NORTH ROSE,NY,14516-9605
Geneva Foreign & Sports,TEK,309,738729,1040,,9,,Andy,Villamarzo,35 PULASKI ST,,AUBURN,NY,13021-1729
Geneva Foreign & Sports,TEK,309,738205,1040,,9,,Fred,Westphal,5996 S STREET RD,,AUBURN,NY,13021-5678
Geneva Foreign & Sports,TEK,309,6170517,1040,,9,,David,Olivares,216 NURSERY AVE,,GENEVA,NY,14456-2552
Geneva Foreign & Sports,TEK,309,34123808,1040,,09,,Joi,Sessoms,30 CASTLEFORD RD,,ROCHESTER,NY,14616-4213
Geneva Foreign & Sports,TEK,309,15771754,1040,,9,,Maureen,Bailey,946 ANGUS POINT RD,,PENN YAN,NY,14527-9649
Geneva Foreign & Sports,TEK,309,740077,1040,,9,,Greg,Roach,1185 SKY HIGH RD,,TULLY,NY,13159-3225
Geneva Foreign & Sports,TEK,309,22087907,1040,,9,,Michael,Demars,2083 FINLEY RD,,WALWORTH,NY,14568-9750
Geneva Foreign & Sports,TEK,309,733222,1040,,9,,Daniel,Fitzgerald,35 MAIN ST,,PHELPS,NY,14532-1040
Geneva Foreign & Sports,TEK,309,737785,1040,,09,,Tammy,Bates,14 PLEASANT ST,,GENEVA,NY,14456-1527
Geneva Foreign & Sports,TEK,309,733067,1040,,9,,Stephanie,Batcheller,PO BOX 129,,PHELPS,NY,14532-0129
Geneva Foreign & Sports,TEK,309,4163003,1040,,09,,Paige,Buck,121 WILLIAM ST,Apt # 1,GENEVA,NY,14456-2526
Geneva Foreign & Sports,TEK,309,736225,1040,,9,,John,Avanzato,581 PREECE RD,,GENEVA,NY,14456-9514
Geneva Foreign & Sports,TEK,309,12132485,1040,,9,,Chan,Lach,1125A WARREN RD,,ITHACA,NY,14850-8528
Geneva Foreign & Sports,TEK,309,35012226,1040,,09,,Kaitlin,Rusch,71 KIRK DR,,ROCHESTER,NY,14610-3523
