Shop Name,Software,SID,CID,WSID,WCID,MBdayMo,TBdayMo,First,Last,Address,Address2,City,St,Zip
Geneva Foreign & Sports,TEK,309,741409,1040,,3,,Nicholas,Jordan,457 AVERILL AVE,,ROCHESTER,NY,14607-3608
Geneva Foreign & Sports,TEK,309,741260,1040,,3,,Skylar,Davis,50 STONEHAM DR,,ROCHESTER,NY,14625-2038
Geneva Foreign & Sports,TEK,309,732360,1040,,3,,James,Snow,4009 SEEBER RD,,CANASTOTA,NY,13032-4022
Geneva Foreign & Sports,TEK,309,741555,1040,,3,,Chris,Ritter,2510 GENESEE MILLS RD,,GENESEE,PA,16941-7415
Geneva Foreign & Sports,TEK,309,730036,1040,,3,,Michael,Caldarelli,4622 RUSHMORE RD,,PALMYRA,NY,14522-9416
Geneva Foreign & Sports,TEK,309,740612,1040,,3,,James,Krowiak,890 WATERLOO GENEVA RD,,WATERLOO,NY,13165-1235
Geneva Foreign & Sports,TEK,309,740371,1040,,3,,Royal,Westwater,100 CAYUGA ST,,TRUMANSBURG,NY,14886-9107
Geneva Foreign & Sports,TEK,309,741533,1040,,3,,Sam,Mcdonald,958 DAVIS ST,,ELMIRA,NY,14901-1842
Geneva Foreign & Sports,TEK,309,730099,1040,,3,,Rebecca,Martin,313 KASHONG RD,,GENEVA,NY,14456-9606
Geneva Foreign & Sports,TEK,309,741293,1040,,3,,Sean,Harding,203 STATE ROUTE 49,,CLEVELAND,NY,13042-2102
Geneva Foreign & Sports,TEK,309,738938,1040,,3,,Val,Pamboukes,91 CUTTS ST,,PORTSMOUTH,NH,03801-3523
Geneva Foreign & Sports,TEK,309,740897,1040,,03,,Jason,Steel,41 STATE ST,,SENECA FALLS,NY,13148-1403
Geneva Foreign & Sports,TEK,309,740252,1040,,3,,Gwendolyn,Frost,169 DWYER DR,,GENEVA,NY,14456-9754
Geneva Foreign & Sports,TEK,309,730027,1040,,3,,Larry,Iacovelli,1 WHITETAIL DR,,ITHACA,NY,14850-9458
Geneva Foreign & Sports,TEK,309,730386,1040,,3,,Vincent,Lobdell,3420 MAPLE AVE,,PULASKI,NY,13142-4502
Geneva Foreign & Sports,TEK,309,740839,1040,,3,,Ashley,Mckinney,26 CHAPIN ST TRLR 26,,SENECA FALLS,NY,13148-2054
Geneva Foreign & Sports,TEK,309,732193,1040,,3,,John,Shellenberger,PO BOX 608,,JORDAN,NY,13080-0608
Geneva Foreign & Sports,TEK,309,741038,1040,,3,,Evangelia,Koumanidis,4851 JUNEWAY DR S,,LIVERPOOL,NY,13088-5828
Geneva Foreign & Sports,TEK,309,836489,1040,,3,,Sam,Krofssik,58 MILTON ST,,GENEVA,NY,14456-2384
Geneva Foreign & Sports,TEK,309,923085,1040,,3,,Miranda,Nardozzi,826 JUNIPER LN,,GENEVA,NY,14456-1087
Geneva Foreign & Sports,TEK,309,937122,1040,,3,,Byung,Cho,164 WASHINGTON ST,,GENEVA,NY,14456-2841
Geneva Foreign & Sports,TEK,309,740829,1040,,3,,Darrick,Adams,527 MAGEE AVE,,ROCHESTER,NY,14613-1013
Geneva Foreign & Sports,TEK,309,755163,1040,,3,,Drew,Bieler,11403 COLEMAN RD,,ELMA,NY,14059-9768
Geneva Foreign & Sports,TEK,309,731271,1040,,3,,Bj,Moore,278 WILLIAM ST,,GENEVA,NY,14456-2548
Geneva Foreign & Sports,TEK,309,732775,1040,,3,,David,Liseno,16 BURTON ST,,CLYDE,NY,14433-9731
Geneva Foreign & Sports,TEK,309,1038147,1040,,3,,Patrick,Laber,14 LAMBTON CIR,,ROCHESTER,NY,14626-5210
Geneva Foreign & Sports,TEK,309,1072451,1040,,3,,Jim,EDDINGTON,9 RICHARDS AVE,,GENEVA,NY,14456-1632
Geneva Foreign & Sports,TEK,309,739622,1040,,3,,Melissa,Burgess,9028 RIDGE RD,,NORTH ROSE,NY,14516-9753
Geneva Foreign & Sports,TEK,309,734132,1040,,3,,Mike,Shoemaker,PO BOX 216,,NORTH ROSE,NY,14516-0216
Geneva Foreign & Sports,TEK,309,925490,1040,,3,,Ella,Withington,1 MASSASOIT ST,,PLYMOUTH,MA,02360-3407
Geneva Foreign & Sports,TEK,309,1299185,1040,,3,,Alyssa,Bazdaric,40 PARK PL APT 44,,GENEVA,NY,14456-2842
Geneva Foreign & Sports,TEK,309,1354801,1040,,3,,Stanton,Tepfer,471 WHITE SPRINGS RD,,GENEVA,NY,14456-3023
Geneva Foreign & Sports,TEK,309,859437,1040,,3,,Hagen,Morris,35 JORDAN RD,,NEW HARTFORD,NY,13413-2311
Geneva Foreign & Sports,TEK,309,741231,1040,,3,,Jim,Thompson,PO BOX 108,,HAMMONDSPORT,NY,14840-0108
Geneva Foreign & Sports,TEK,309,1452340,1040,,3,,Danielle,Bloomer,2441 POWERS RD,,CLYDE,NY,14433-9734
Geneva Foreign & Sports,TEK,309,2045592,1040,,3,,Demario,McMath,25 SPLIT RAIL RD,,PAINTED POST,NY,14870-8905
Geneva Foreign & Sports,TEK,309,1154104,1040,,3,,Mary,Yaple,34 ASPEN WAY,,ITHACA,NY,14850-9589
Geneva Foreign & Sports,TEK,309,2106024,1040,,3,,Christine,Hoffman,25 N BROOK ST,,GENEVA,NY,14456-1505
Geneva Foreign & Sports,TEK,309,732182,1040,,3,,Carlos,Luzunaris,47 GENESEE ST APT 2,,GENEVA,NY,14456-1730
Geneva Foreign & Sports,TEK,309,730085,1040,,3,,Bob,Hyatt,40 PACKET BOAT DR,,FAIRPORT,NY,14450-1318
Geneva Foreign & Sports,TEK,309,731566,1040,,3,,David,Bradley,1937 FACTORS WALK,,IONIA,NY,14475-9715
Geneva Foreign & Sports,TEK,309,2282899,1040,,3,,Beverly,Podgorny,41 CHURCH ST APT A4,,WATERLOO,NY,13165-4101
Geneva Foreign & Sports,TEK,309,1376570,1040,,3,,Bethany,Hackett,1011 HARVARD ST,,ROCHESTER,NY,14610-1713
Geneva Foreign & Sports,TEK,309,2431761,1040,,3,,Nicholas,Dercola,239 W DEZENG ST,,CLYDE,NY,14433-1054
Geneva Foreign & Sports,TEK,309,736580,1040,,3,,Geza,Hrazdina,131 MAXWELL AVE,,GENEVA,NY,14456-1538
Geneva Foreign & Sports,TEK,309,2515378,1040,,3,,Paul,Simmons,2589 GENESEE ST,,PIFFARD,NY,14533-9747
Geneva Foreign & Sports,TEK,309,1400074,1040,,3,,Justyna,Consaul,102 ROCKBRIDGE GREENS BLVD,,OAK RIDGE,TN,37830-9036
Geneva Foreign & Sports,TEK,309,730992,1040,,3,,Bob,Brennan,570 CASTLE ST,,GENEVA,NY,14456-1402
Geneva Foreign & Sports,TEK,309,2107228,1040,,3,,Toussaint,Lipton,1941 LATTA RD,,ROCHESTER,NY,14612-3725
Geneva Foreign & Sports,TEK,309,2512879,1040,,3,,MIchael,Snyder,2721 LAMSON RD,,PHOENIX,NY,13135-9001
Geneva Foreign & Sports,TEK,309,741577,1040,,3,,James,Ludwig,4062 BEL HARBOR DR,,LIVERPOOL,NY,13090-2621
Geneva Foreign & Sports,TEK,309,2551856,1040,,3,,Brenda,Foltz,3730 CHATFIELD RD,,ELBRIDGE,NY,13060-9600
Geneva Foreign & Sports,TEK,309,741299,1040,,3,,Anne,Davie,4243 GLASS FACTORY BAY RD,,GENEVA,NY,14456-9796
Geneva Foreign & Sports,TEK,309,3105710,1040,,3,,Christopher,Wilston,1347 FRENCH RD,,DEPEW,NY,14043-4837
Geneva Foreign & Sports,TEK,309,734877,1040,,3,,Chris,Teets,40 JOHN ST,,GENEVA,NY,14456-1654
Geneva Foreign & Sports,TEK,309,3681253,1040,,3,,Sheldon,Clawson,3272 WALKER RD,,AUBURN,NY,13021-9278
Geneva Foreign & Sports,TEK,309,739855,1040,,3,,Chelsea,Love,1496 NEW MICHIGAN RD,,FARMINGTON,NY,14425-9717
Geneva Foreign & Sports,TEK,309,2429542,1040,,3,,Barbara,Terry,142 STRONG ST,,ROCHESTER,NY,14621-2135
Geneva Foreign & Sports,TEK,309,3908130,1040,,3,,Megan,Ketchum,1 MAPLE AVE,,ENDICOTT,NY,13760-6223
Geneva Foreign & Sports,TEK,309,736203,1040,,3,,Brian,Chappell,6760 RIVER RD,,CAYUGA,NY,13034-3217
Geneva Foreign & Sports,TEK,309,4449425,1040,,3,,Waleska,Mendez,337 WADSWORTH ST,,SYRACUSE,NY,13208-3031
Geneva Foreign & Sports,TEK,309,740991,1040,,3,,Toby,Vyverberg,53 LANDSTONE TER,,ROCHESTER,NY,14606-4358
Geneva Foreign & Sports,TEK,309,4637002,1040,,3,,Jason,Rishel,922 E PRESQUEISLE ST,,PHILIPSBURG,PA,16866-1220
Geneva Foreign & Sports,TEK,309,740673,1040,,3,,Maria,Bishop,200 WALRATH RD,,SYRACUSE,NY,13205-1835
Geneva Foreign & Sports,TEK,309,4731907,1040,,3,,Adam,Tripp,850 ITALY VALLEY RD,,NAPLES,NY,14512-9419
Geneva Foreign & Sports,TEK,309,4735346,1040,,3,,Devon,Frederickson,116 GRANT ST,,NEWARK,NY,14513-1739
Geneva Foreign & Sports,TEK,309,740374,1040,,3,,Susanne,Cummings,8201 INTERLAKEN BEACH RD,,INTERLAKEN,NY,14847-9616
Geneva Foreign & Sports,TEK,309,4782226,1040,,3,,Brandon,Wayne,33 FOLGER ST,,GENEVA,NY,14456-1622
Geneva Foreign & Sports,TEK,309,729984,1040,,3,,Douglas,Dublin,416 W WATER ST APT E,,ELMIRA,NY,14905-2551
Geneva Foreign & Sports,TEK,309,4738265,1040,,3,,Michael,Paddock,17 TWIN PONDS DR,,SPENCERPORT,NY,14559-1037
Geneva Foreign & Sports,TEK,309,5704689,1040,,3,,Emily,Gilbert,13473 EDGEWATER DR,,LAKEWOOD,OH,44107-1406
Geneva Foreign & Sports,TEK,309,6628141,1040,,3,,Cleaosis,Lively,121 DIDAMA ST,,SYRACUSE,NY,13224-1545
Geneva Foreign & Sports,TEK,309,5826096,1040,,3,,Gary,Schlegel,124 N MAIN ST,,NAPLES,NY,14512-9786
Geneva Foreign & Sports,TEK,309,740639,1040,,3,,Doug,Caster,359 EMERY RD,,FULTON,NY,13069-4573
Geneva Foreign & Sports,TEK,309,4643908,1040,,3,,Daniel,Vermilye,145 E ELM ST,,PENN YAN,NY,14527-1375
Geneva Foreign & Sports,TEK,309,1074164,1040,,3,,Jason,Hill,313 WILLIAM ST,,VESTAL,NY,13850-2654
Geneva Foreign & Sports,TEK,309,6164768,1040,,3,,Virginia,Gaylord,33 EDGEHILL AVE,,CHATHAM,NJ,07928-1936
Geneva Foreign & Sports,TEK,309,5705822,1040,,3,,Rick,Klein,52 COPELAND AVE,,GENEVA,NY,14456-2717
Geneva Foreign & Sports,TEK,309,739072,1040,,03,,John,Weet,1443 WHITNEY RD E,,FAIRPORT,NY,14450-9162
Geneva Foreign & Sports,TEK,309,6628302,1040,,3,,Jordan,Pool,54 PHOENIX ST,,CANANDAIGUA,NY,14424-2069
Geneva Foreign & Sports,TEK,309,731723,1040,,3,,Joe,Venuti,142 HILLCREST AVE,,GENEVA,NY,14456-1443
Geneva Foreign & Sports,TEK,309,6817714,1040,,3,,Roger,Hutton,2584 W OAKFIELD RD,,GRAND ISLAND,NY,14072-3011
Geneva Foreign & Sports,TEK,309,6628073,1040,,3,,William,Sammis,436 THOMAS RD,,ITHACA,NY,14850-9653
Geneva Foreign & Sports,TEK,309,739303,1040,,3,,Ashley,Coleman,494 EXCHANGE ST,,GENEVA,NY,14456-3437
Geneva Foreign & Sports,TEK,309,6956185,1040,,3,,Daniel,Obrien,139 HOVEY RD,,MONSON,MA,01057-9463
Geneva Foreign & Sports,TEK,309,6878029,1040,,3,,Ricky,Clark,6223 N MAIN STREET EXT,,HORNELL,NY,14843-9124
Geneva Foreign & Sports,TEK,309,6882055,1040,,3,,Ralph,Davis,56 LAKESHIRE RD,,ROCHESTER,NY,14612-5222
Geneva Foreign & Sports,TEK,309,7534781,1040,,3,,Joe,Wyatt,47 MILL ST,,WATERLOO,NY,13165-1640
Geneva Foreign & Sports,TEK,309,7726566,1040,,3,,Judd,Carey,471 SILK RD,,FULTON,NY,13069-4875
Geneva Foreign & Sports,TEK,309,7726612,1040,,3,,Rochelle,Ekes,44 MARILYN DR,,BUFFALO,NY,14225-1915
Geneva Foreign & Sports,TEK,309,729964,1040,,3,,Codey,Grimaldi,79 GORTON ST APT 201,,CORNING,NY,14830-1911
Geneva Foreign & Sports,TEK,309,2003224,1040,,3,,Peter,Rollson,1400 W RIVER RD,,WATERLOO,NY,13165-9791
Geneva Foreign & Sports,TEK,309,6877892,1040,,3,,Arieana,Flynn,3925 WOODRUFF RD LOT 24,,LIVONIA,NY,14487-9707
Geneva Foreign & Sports,TEK,309,6235197,1040,,3,,Mahendra,Gohil,5 WENLOCK RD,,FAIRPORT,NY,14450-3072
Geneva Foreign & Sports,TEK,309,2128018,1040,,3,,Dave,Grillone,50 ANGELO ST,,GENEVA,NY,14456-1047
Geneva Foreign & Sports,TEK,309,8480854,1040,,3,,Kyle,Smith,7956 HARRISBURG HOLLOW RD,,BATH,NY,14810-8275
Geneva Foreign & Sports,TEK,309,8367709,1040,,3,,Chris,Wood,197 HILLSPOINT RD,,WESTPORT,CT,06880-6616
Geneva Foreign & Sports,TEK,309,8749217,1040,,3,,Jeffrey,Casarsa,203 SAINT MARYS ST,,LANCASTER,NY,14086-2032
Geneva Foreign & Sports,TEK,309,741144,1040,,3,,Jillian,Kent,11 WHITNEY PL # 1,,BUFFALO,NY,14201-2314
Geneva Foreign & Sports,TEK,309,731677,1040,,3,,Don,Damick,70 GREENBRIAR CIR,,GENEVA,NY,14456-1344
Geneva Foreign & Sports,TEK,309,5620414,1040,,3,,Shameak,Copes,1 JEFFERSON ST,,AUBURN,NY,13021-3214
Geneva Foreign & Sports,TEK,309,734457,1040,,3,,Mark,Madia,36 N BROOK ST,,GENEVA,NY,14456-1506
Geneva Foreign & Sports,TEK,309,8859094,1040,,3,,Kelly,Patrick,26 HILLSIDE DR,,CLIFTON SPRINGS,NY,14432-9371
Geneva Foreign & Sports,TEK,309,9234897,1040,,3,,Justin,Darling,2 ERIE MANOR LN,,HENRIETTA,NY,14467-9137
Geneva Foreign & Sports,TEK,309,741150,1040,,3,,Mark,Caruso,324 WOODS RD APT 4,,SYRACUSE,NY,13209-1676
Geneva Foreign & Sports,TEK,309,8478312,1040,,03,,Sheila,Mastrella,1021 FAIRPORT RD,,FAIRPORT,NY,14450-1218
Geneva Foreign & Sports,TEK,309,9235249,1040,,3,,Josh,Goldowitz,140 BAY VIEW RD,,ROCHESTER,NY,14609-2064
Geneva Foreign & Sports,TEK,309,1435668,1040,,3,,Yvonne,Beers,2530 PARISH RD,,OVID,NY,14521-9540
Geneva Foreign & Sports,TEK,309,8846071,1040,,3,,james,Hackett,112 MADISON ST APT 3,,NEWARK,NY,14513-1436
Geneva Foreign & Sports,TEK,309,9663733,1040,,3,,Quinn,Hill,35 VAYO ST,,ROCHESTER,NY,14609-4303
Geneva Foreign & Sports,TEK,309,729943,1040,,03,,Cassandra,Snyder,98 GORTON ST,,CORNING,NY,14830-1912
Geneva Foreign & Sports,TEK,309,9587397,1040,,3,,Arun,Nagpaul,820 S MAIN ST,,GENEVA,NY,14456-3206
Geneva Foreign & Sports,TEK,309,8748565,1040,,3,,Michael,Look,7180 MUTTON HILL RD,,AUBURN,NY,13021-8910
Geneva Foreign & Sports,TEK,309,1140204,1040,,3,,Tim,Lafler,16 LAFAYETTE AVE,,GENEVA,NY,14456-1670
Geneva Foreign & Sports,TEK,309,11421489,1040,,3,,Aladdin,Figueroa,40 RUSTIC ST,,ROCHESTER,NY,14609-3513
Geneva Foreign & Sports,TEK,309,10281962,1040,,3,,Ryan,Lewis,367 HINESBURG RD,,SOUTH BURLINGTON,VT,05403-6513
Geneva Foreign & Sports,TEK,309,6057699,1040,,3,,Tonya,Matthews,250 SAN GABRIEL DR,,ROCHESTER,NY,14610-2946
Geneva Foreign & Sports,TEK,309,8446752,1040,,3,,Allen,Juitt,206 HOFFMAN ST,,NEWARK,NY,14513-1828
Geneva Foreign & Sports,TEK,309,6003544,1040,,3,,Joseph,Rojas,36 WOODGATE RD,,HORSEHEADS,NY,14845-7985
Geneva Foreign & Sports,TEK,309,6221482,1040,,3,,Kelley,Girard,4261 HEATHER DR,,MARION,NY,14505-9350
Geneva Foreign & Sports,TEK,309,10955833,1040,,3,,Michael,Dempsey,441 HEMPSTEAD GARDENS DR,,WEST HEMPSTEAD,NY,11552-3326
Geneva Foreign & Sports,TEK,309,4638973,1040,,3,,Donald,Dayton,1871 WELCHER RD,,NEWARK,NY,14513-9348
Geneva Foreign & Sports,TEK,309,10960699,1040,,03,,Raleigh,Strott,19 JEFFERSON AVE,,GENEVA,NY,14456-2703
Geneva Foreign & Sports,TEK,309,11154927,1040,,3,,Mya,Vanduyne,4513 STATE ROUTE 31,,PALMYRA,NY,14522-9764
Geneva Foreign & Sports,TEK,309,11287119,1040,,3,,Joshua,Tyler,2353 EDWARDS RD,,WATERLOO,NY,13165-8422
Geneva Foreign & Sports,TEK,309,10795171,1040,,3,,Klaressa,Nielsen,14195 S BUTLER CONQUEST RD,,SAVANNAH,NY,13146-9752
Geneva Foreign & Sports,TEK,309,10876365,1040,,3,,Jose,Garrafa,2880 SANDHILL RD LOT 13,,NEWARK,NY,14513-9746
Geneva Foreign & Sports,TEK,309,11155005,1040,,3,,Lala,Teymurova,188 WARWICK AVE,,ROCHESTER,NY,14611-3014
Geneva Foreign & Sports,TEK,309,11409671,1040,,3,,Darrel,Morrell,2120 CAYUGA ST,,ROMULUS,NY,14541-9517
Geneva Foreign & Sports,TEK,309,10431552,1040,,03,,Laurie,Upton,234 ASBURY RD,,LANSING,NY,14882-8912
Geneva Foreign & Sports,TEK,309,11560583,1040,,3,,Samantha,Roberts,226 FAYETTE ST,,PALMYRA,NY,14522-1424
Geneva Foreign & Sports,TEK,309,11409198,1040,,3,,William,Spann,34 PROSPECT AVE # 1,,GENEVA,NY,14456-1130
Geneva Foreign & Sports,TEK,309,10892859,1040,,3,,Rich,Proctor,7537 JACKSON SCHOOL RD,,LYONS,NY,14489-9723
Geneva Foreign & Sports,TEK,309,1111547,1040,,03,,Zach,Phillips,144 DUNNING AVE,,AUBURN,NY,13021-4408
Geneva Foreign & Sports,TEK,309,11155165,1040,,3,,Avery,Mordaunt,3451 SYRATISCO LN,,MARIETTA,NY,13110-3301
Geneva Foreign & Sports,TEK,309,5829179,1040,,3,,Stephen,Mansell,35 MAPLE AVE,,HAMBURG,NY,14075-4837
Geneva Foreign & Sports,TEK,309,12829692,1040,,3,,Ronald,Prober,16 BASSETT ST,,RUSHVILLE,NY,14544-9698
Geneva Foreign & Sports,TEK,309,730658,1040,,3,,Sia,Hersini,5 BUTLER LN,,AUBURN,NY,13021-8792
Geneva Foreign & Sports,TEK,309,12917832,1040,,3,,Derek,Whitford,8 CHESTNUT ST,,PHELPS,NY,14532-1102
Geneva Foreign & Sports,TEK,309,739901,1040,,3,,Don,Hartill,896 CAYUGA HEIGHTS RD,,ITHACA,NY,14850-1043
Geneva Foreign & Sports,TEK,309,11281769,1040,,3,,Emmanuel,Aponte,30 SPRING HL,,FAIRPORT,NY,14450-4006
Geneva Foreign & Sports,TEK,309,12893743,1040,,3,,Matthew,Fischer,223 WILLIAM ST,,GENEVA,NY,14456-2528
Geneva Foreign & Sports,TEK,309,730973,1040,,3,,Chuck,Wisor,9508 SPRING HILL SCHOOL RD,,SEBASTOPOL,CA,95472-3036
Geneva Foreign & Sports,TEK,309,735493,1040,,3,,Robert,Buschman,217 S HOOPES AVE,,AUBURN,NY,13021-4262
Geneva Foreign & Sports,TEK,309,13323256,1040,,3,,Laura,McClusky,311 MAIN ST,,AURORA,NY,13026-9608
Geneva Foreign & Sports,TEK,309,14337621,1040,,3,,Edward,Allen,114 LONG BRANCH CIR,,LIVERPOOL,NY,13090-3253
Geneva Foreign & Sports,TEK,309,6382504,1040,,3,,Clifford,Stohner,294 BORDER CITY RD,,GENEVA,NY,14456-1988
Geneva Foreign & Sports,TEK,309,5703937,1040,,3,,Bruce,Wilson,1505 COMBS RD,,OVID,NY,14521-9512
Geneva Foreign & Sports,TEK,309,1399565,1040,,3,,Logan,Underkofler,143 CARTER CREEK RD,,NEWFIELD,NY,14867-9456
Geneva Foreign & Sports,TEK,309,6174382,1040,,3,,Stephen,Bulla,75 CAYUGA ST,,SENECA FALLS,NY,13148-1258
Geneva Foreign & Sports,TEK,309,763060,1040,,3,,Augustine,Long,35 ATWOOD AVE,,GENEVA,NY,14456-2730
Geneva Foreign & Sports,TEK,309,7544307,1040,,3,,Matthew,Gregory,11 PEARL ST,,CLIFTON SPRINGS,NY,14432-1111
Geneva Foreign & Sports,TEK,309,14066524,1040,,3,,Eric,Lewis,69 LYCEUM ST,,GENEVA,NY,14456-2244
Geneva Foreign & Sports,TEK,309,732104,1040,,3,,Randall,Cole,35 COUNTRYSIDE DR,,HAMLIN,NY,14464-9553
Geneva Foreign & Sports,TEK,309,14525531,1040,,03,,David,Salotti,1406 S 12TH ST,,PHILADELPHIA,PA,19147-4903
Geneva Foreign & Sports,TEK,309,736046,1040,,3,,Bill,Holgate,75 S GLENORA RD,,DUNDEE,NY,14837-8842
Geneva Foreign & Sports,TEK,309,10129784,1040,,3,,Frank,Breisch,PO BOX 144,,LYONS,NY,14489-0144
Geneva Foreign & Sports,TEK,309,744124,1040,,3,,Justin,Boyette,6186 STATE ROUTE 414,,HECTOR,NY,14841-9665
Geneva Foreign & Sports,TEK,309,731535,1040,,3,,Gerry,Acquilano,615 TURK RD,,GENEVA,NY,14456-9702
Geneva Foreign & Sports,TEK,309,10878994,1040,,3,,James,Cecere,246 HAMILTON ST,,GENEVA,NY,14456-2917
Geneva Foreign & Sports,TEK,309,8743151,1040,,3,,Jason,Spielberg,8429 BERGEN BEACH RD,,INTERLAKEN,NY,14847-9604
Geneva Foreign & Sports,TEK,309,15912265,1040,,3,,Ashley,Mack,6443 PEOPLES RD,,SODUS,NY,14551-9726
Geneva Foreign & Sports,TEK,309,15759728,1040,,3,,Matt,DeHond,19 PEARL ST,,CLIFTON SPRINGS,NY,14432-1111
Geneva Foreign & Sports,TEK,309,11730740,1040,,3,,Sandra,Harris,3184 STATE ROUTE 14A,,PENN YAN,NY,14527-9580
Geneva Foreign & Sports,TEK,309,15973011,1040,,3,,John,Peta,1125 VINE ST APT A-3,,LIVERPOOL,NY,13088-5333
Geneva Foreign & Sports,TEK,309,16397924,1040,,3,,Anthony,Conte,140 LANE RD,,NAPLES,NY,14512-9416
Geneva Foreign & Sports,TEK,309,16268436,1040,,3,,Michael,Victorious,201 W WATER ST,,LYONS,NY,14489-1261
Geneva Foreign & Sports,TEK,309,14452155,1040,,3,,Barbara,Herbert,371 WATERS EDGE,,AUBURN,NY,13021-8306
Geneva Foreign & Sports,TEK,309,16153018,1040,,3,,Gregory,Muench,97 FORT HILL AVE,,CANANDAIGUA,NY,14424-1105
Geneva Foreign & Sports,TEK,309,739325,1040,,3,,Joan,Difabio,4191 DOWNS RD,,WALWORTH,NY,14568-9775
Geneva Foreign & Sports,TEK,309,16259954,1040,,3,,Matthew,Reed,110 BENHAM ST,,PENN YAN,NY,14527-1211
Geneva Foreign & Sports,TEK,309,737956,1040,,3,,Stephanie,Novinsky,3285 READING RD,,WATKINS GLEN,NY,14891-9719
Geneva Foreign & Sports,TEK,309,3389694,1040,,3,,Isaah,Berdin,38 FOLGER ST,,GENEVA,NY,14456-1623
Geneva Foreign & Sports,TEK,309,11841825,1040,,3,,Paul,Stoep,200 LAYTON ST,,LYONS,NY,14489-1256
Geneva Foreign & Sports,TEK,309,18612576,1040,,3,,Richard,Babbit,2953 2ND AVE,,WELLSVILLE,NY,14895-9624
Geneva Foreign & Sports,TEK,309,734855,1040,,3,,Dan,Banach,200 SOUTH AVE APT 7,,PENN YAN,NY,14527-1843
Geneva Foreign & Sports,TEK,309,15559433,1040,,3,,Joe,Mcknight,131 CHURCH ST,,GROTON,NY,13073-1293
Geneva Foreign & Sports,TEK,309,15287147,1040,,3,,Joe,Clark,734 HECKER RD,,WATERLOO,NY,13165-9576
Geneva Foreign & Sports,TEK,309,20160629,1040,,3,,George,Rivers,357 E MAIN ST,,WATERLOO,NY,13165-1624
Geneva Foreign & Sports,TEK,309,9572095,1040,,3,,Brandon,DeCloux,2960 COUNTY ROAD 143,,INTERLAKEN,NY,14847-9740
Geneva Foreign & Sports,TEK,309,733859,1040,,3,,Stu,Messur,6518 MARCUS TULLIUS CIR,,CICERO,NY,13039-8932
Geneva Foreign & Sports,TEK,309,739472,1040,,3,,Cathy,Morse,2980 FERGUSON CORNERS RD,,GENEVA,NY,14456-9002
Geneva Foreign & Sports,TEK,309,11409079,1040,,3,,Robin,Tierson,129 E WILLIAMS ST,,WATERLOO,NY,13165-1414
Geneva Foreign & Sports,TEK,309,741135,1040,,3,,Isabella,Robbins,500 FOSTER AVE,,ELMIRA,NY,14905-2232
Geneva Foreign & Sports,TEK,309,740635,1040,,3,,Adonna,Horton,129 PACKWOOD RD,,GENEVA,NY,14456-9302
Geneva Foreign & Sports,TEK,309,19777351,1040,,3,,Lynda,Vonwitt,415 N HAMILTON ST,,PAINTED POST,NY,14870-1204
Geneva Foreign & Sports,TEK,309,18331972,1040,,3,,Roger,Hugo,262 LEE RD,,WATKINS GLEN,NY,14891-9644
Geneva Foreign & Sports,TEK,309,6003125,1040,,3,,Luis,Feliciano,2480 COUNTY ROAD 47,,CANANDAIGUA,NY,14424-9561
Geneva Foreign & Sports,TEK,309,20884023,1040,,3,,Mark,Green,21 CARRIAGE LN,,AVON,NY,14414-9780
Geneva Foreign & Sports,TEK,309,737193,1040,,3,,Jim,Gustafson,2548 LOWER LAKE RD,,SENECA FALLS,NY,13148-9419
Geneva Foreign & Sports,TEK,309,20286076,1040,,3,,Eric,Shorney,1002 MORGAN RD,,MEMPHIS,NY,13112-9725
Geneva Foreign & Sports,TEK,309,20397324,1040,,03,,Dennis,Looney,9 DUBLIN HILL RD,,AURORA,NY,13026-9795
Geneva Foreign & Sports,TEK,309,9106716,1040,,3,,Stephen,Komor,14 OGDEN RD,,ITHACA,NY,14850-9663
Geneva Foreign & Sports,TEK,309,21195042,1040,,3,,William,Nguyen,153 LITTLE PLAINS RD,,HUNTINGTON,NY,11743-4854
Geneva Foreign & Sports,TEK,309,8742565,1040,,3,,Myisha,Williams,22 1/2 EDMONDS ST,,ROCHESTER,NY,14607-3703
Geneva Foreign & Sports,TEK,309,5619887,1040,,3,,Erin,Razmovski,6157 DIFFIN RD,,CICERO,NY,13039-7336
Geneva Foreign & Sports,TEK,309,20391182,1040,,3,,Yvonne,Burton,34 STEUBEN ST,,ADDISON,NY,14801-1214
Geneva Foreign & Sports,TEK,309,21194961,1040,,3,,Mary,Covert,5110 FLAT ST,,GENEVA,NY,14456-9728
Geneva Foreign & Sports,TEK,309,21188517,1040,,3,,Derek,Simons,8765 COUNTY ROUTE 16,,SAVONA,NY,14879-9613
Geneva Foreign & Sports,TEK,309,21705841,1040,,3,,Eric,Gruner,179 LONGVIEW DR,,WEBSTER,NY,14580-1409
Geneva Foreign & Sports,TEK,309,21390291,1040,,3,,David,Smith,458 KASHONG RD,,GENEVA,NY,14456-9779
Geneva Foreign & Sports,TEK,309,21867795,1040,,3,,Thomas,Zorn,131 SNYDER RD,,OWEGO,NY,13827-2319
Geneva Foreign & Sports,TEK,309,21175701,1040,,3,,Peter,Tallarcio,4074 CORTINA RD,,BALDWINSVILLE,NY,13027-9297
Geneva Foreign & Sports,TEK,309,9160697,1040,,3,,Gerek,Clark,126 FRISBIE CT,,SYRACUSE,NY,13210-2313
Geneva Foreign & Sports,TEK,309,10229407,1040,,3,,Quanasia,Clinton,8576 SUMAC DR APT 201E,,BALDWINSVILLE,NY,13027-1469
Geneva Foreign & Sports,TEK,309,21893938,1040,,3,,Samuel,Cushman,3104 LAKE TO LAKE RD,,STANLEY,NY,14561-9757
Geneva Foreign & Sports,TEK,309,939915,1040,,3,,Donald,McFarland,3434 COUNTY ROAD 9,,BURDETT,NY,14818-9799
Geneva Foreign & Sports,TEK,309,17279685,1040,,03,,Leonard,White,139 WILLIAM ST APT 2,,WATERTOWN,NY,13601-3462
Geneva Foreign & Sports,TEK,309,733119,1040,,3,,Cynthia,Goodman,212 STATE ROUTE 14,,PHELPS,NY,14532-9500
Geneva Foreign & Sports,TEK,309,734834,1040,,3,,Edward,Jansen,114 ANDES AVE,,GENEVA,NY,14456-1902
Geneva Foreign & Sports,TEK,309,4421743,1040,,3,,Edgar,Borrero,112 GENESEE ST APT 3,,GENEVA,NY,14456-1736
Geneva Foreign & Sports,TEK,309,23386833,1040,,03,,Jacob,Galles,117 HOLCOMBE BRANCH RD,,WEAVERVILLE,NC,28787-9630
Geneva Foreign & Sports,TEK,309,734811,1040,,3,,Doug,Hazlitt,PO BOX 83,,HECTOR,NY,14841-0083
Geneva Foreign & Sports,TEK,309,1071951,1040,,3,,Sheree,Polakiewicz,601 PEIRSON AVE,,NEWARK,NY,14513-2022
Geneva Foreign & Sports,TEK,309,4208712,1040,,3,,Lisa,Ocasioborrero,12 CLARK ST,,GENEVA,NY,14456-1218
Geneva Foreign & Sports,TEK,309,23485540,1040,,03,,Heather,Morgan,31 LACONIA PKWY,,ROCHESTER,NY,14618-2309
Geneva Foreign & Sports,TEK,309,23877691,1040,,03,,Joshua,Devolder,343 WEST AVE,,NEWARK,NY,14513-1443
Geneva Foreign & Sports,TEK,309,1435908,1040,,3,,Sarah,Sosnowski,941 WATERLOO GENEVA RD TRLR 41,,WATERLOO,NY,13165-1222
Geneva Foreign & Sports,TEK,309,731427,1040,,3,,Katie,Madia,22 GENESEE ST,,GENEVA,NY,14456-1702
Geneva Foreign & Sports,TEK,309,24163798,1040,,03,,Alexandra,Gonzalez,127 N GENESEE ST,,GENEVA,NY,14456-1150
Geneva Foreign & Sports,TEK,309,734918,1040,,3,,Jim,Mein,15 WHITE ST,,SENECA FALLS,NY,13148-2031
Geneva Foreign & Sports,TEK,309,5484846,1040,,3,,Laurens,Van Alen,7098 GOSHEN RD,,NEWTOWN SQUARE,PA,19073-1121
Geneva Foreign & Sports,TEK,309,25983694,1040,,03,,Jasmin,Dyson,3519 NE 15TH AVE,,PORTLAND,OR,97212-2356
Geneva Foreign & Sports,TEK,309,26136295,1040,,03,,Bill,Schuler,11 HEBRON AVE,,SHORTSVILLE,NY,14548-9357
Geneva Foreign & Sports,TEK,309,733321,1040,,3,,Karen,Watson,6736 MILLER RD,,NEWARK,NY,14513-9105
Geneva Foreign & Sports,TEK,309,27101106,1040,,03,,Melanie,George,184 DODGE AVE APT 101,,CORNING,NY,14830-1866
Geneva Foreign & Sports,TEK,309,27240546,1040,,03,,Richard,Steele,15 E MAIN ST,,BAINBRIDGE,NY,13733-1209
Geneva Foreign & Sports,TEK,309,8282548,1040,,03,,Edwin,Curry II,8854 FENNER RD,,BALDWINSVILLE,NY,13027-9620
Geneva Foreign & Sports,TEK,309,13299942,1040,,3,,Ross,Weaver,130 SOUTH ST,,AUBURN,NY,13021-4812
Geneva Foreign & Sports,TEK,309,29999754,1040,,03,,Fernando,Moreno,6 HOWARD ST APT 1,,GENEVA,NY,14456-2327
Geneva Foreign & Sports,TEK,309,738007,1040,,3,,Alex,Anastasiou,4921 SNOW HILL DR,,SYRACUSE,NY,13215-2228
Geneva Foreign & Sports,TEK,309,733857,1040,,3,,Chris,Wakley,2086 CARTER RD,,GENEVA,NY,14456-9557
Geneva Foreign & Sports,TEK,309,737779,1040,,3,,Chris,Taylor,24 W HAM CIR,,NORTH CHILI,NY,14514-9762
Geneva Foreign & Sports,TEK,309,27856861,1040,,03,,Roberta,Wolf,165 LEACH RD,,LYONS,NY,14489-9730
Geneva Foreign & Sports,TEK,309,5829121,1040,,3,,Kelvin,Cruz,14 GROVE ST,,GENEVA,NY,14456-2510
Geneva Foreign & Sports,TEK,309,12895451,1040,,3,,Madajia,Johnson,1213 BLUESPRUCE CIR,,GENEVA,NY,14456-1082
Geneva Foreign & Sports,TEK,309,730089,1040,,3,,Michelle,Leitten,6893 CANADICE LAKE RD,,SPRINGWATER,NY,14560-9670
Geneva Foreign & Sports,TEK,309,22808268,1040,,3,,Susan,Hodell,815 HILLSIDE ST,,SYRACUSE,NY,13208-2410
Geneva Foreign & Sports,TEK,309,29332187,1040,,03,,Eric,Carlson,5 CHRISTOPHER DR,,JOHNSTON,RI,02919-1218
Geneva Foreign & Sports,TEK,309,29651476,1040,,03,,Sandra,Ewing,25 CHAPEL ST,,ELBA,NY,14058-9516
Geneva Foreign & Sports,TEK,309,741384,1040,,3,,David,Clark,83 CHURCH ST,,WATERLOO,NY,13165-1137
Geneva Foreign & Sports,TEK,309,739738,1040,,3,,Rick,Emberly,357 RIDGE RD,,HORSEHEADS,NY,14845-9382
Geneva Foreign & Sports,TEK,309,729976,1040,,3,,William,Port,6 N CENTER ST,,PERRY,NY,14530-1028
Geneva Foreign & Sports,TEK,309,30179657,1040,,03,,Luis,Lazu,321 FERNWOOD AVE,,ROCHESTER,NY,14609-3443
Geneva Foreign & Sports,TEK,309,30618256,1040,,03,,Joseph Allen,Hatfield Jr.,116 E MAIN ST,,WATERLOO,NY,13165-1443
Geneva Foreign & Sports,TEK,309,730052,1040,,03,,Mitch,Major,4446 CHAPMAN RD,,MARCELLUS,NY,13108-8622
Geneva Foreign & Sports,TEK,309,734705,1040,,03,,Trish,Culkin,211 SLOSSON LN,,GENEVA,NY,14456-3227
Geneva Foreign & Sports,TEK,309,6007268,1040,,3,,Lisa,Morgan,415 BAKER ST,,ULYSSES,PA,16948-9432
Geneva Foreign & Sports,TEK,309,734769,1040,,3,,Ben,Wong,153 OVID ST,,SENECA FALLS,NY,13148-2305
Geneva Foreign & Sports,TEK,309,5491894,1040,,3,,Myzjala,Battle,100 MANOR DR,,SYRACUSE,NY,13214-1918
Geneva Foreign & Sports,TEK,309,733261,1040,,03,,Bob,Battle,54 ELMER ST,,LYONS,NY,14489-1320
Geneva Foreign & Sports,TEK,309,6867283,1040,,03,,Terri,Brisky,2232 GANNETT RD,,LYONS,NY,14489-9312
Geneva Foreign & Sports,TEK,309,733180,1040,,3,,Reggie,Collins,35 CATHERINE ST,,GENEVA,NY,14456-2123
Geneva Foreign & Sports,TEK,309,21000268,1040,,03,,April,Scott,2514 E MAIN ST,,STANLEY,NY,14561-9766
Geneva Foreign & Sports,TEK,309,32876629,1040,,03,,Johnathan,Vincent,6B MARGIES WAY,,STILLWATER,NY,12170-1637
Geneva Foreign & Sports,TEK,309,32850481,1040,,03,,Kyle,Kemp,33 PESTLE ST,,RUSSELL,NY,13684-3100
Geneva Foreign & Sports,TEK,309,738106,1040,,3,,Nancy,Gastel,3709 COUNTY ROAD 16,,CANANDAIGUA,NY,14424-2452
Geneva Foreign & Sports,TEK,309,32676992,1040,,03,,Melissa,Delyser,72 BRUTUS RD,,JORDAN,NY,13080-9538
Geneva Foreign & Sports,TEK,309,741187,1040,,03,,Ramsey,Henderson,164 GATEWOOD AVE,,ROCHESTER,NY,14624-1737
Geneva Foreign & Sports,TEK,309,20883847,1040,,3,,Paul,Jenkins,6529 LAKE AVE,,WILLIAMSON,NY,14589-9504
Geneva Foreign & Sports,TEK,309,31521886,1040,,03,,Zackory,Chamish,11128 OLD CARRIAGE RD,,GLEN ARM,MD,21057-9416
Geneva Foreign & Sports,TEK,309,33499253,1040,,03,,Abdoulaye,Diaiallo,811 FREEMAN ST,,BRONX,NY,10459-1403
Geneva Foreign & Sports,TEK,309,30176525,1040,,03,,Brittany,Schreier,1095 LEADER RD,,GENEVA,NY,14456-9236
Geneva Foreign & Sports,TEK,309,34008008,1040,,03,,Ronald R,Holloway Jr.,52 LIBERTY WAY,,HORSEHEADS,NY,14845-9013
Geneva Foreign & Sports,TEK,309,738989,1040,,3,,Henry,Perkins,13 E ELIZABETH ST,,SKANEATELES,NY,13152-1205
Geneva Foreign & Sports,TEK,309,34372725,1040,,03,,John,Woods,10 ELIZABETH ST,,AUBURN,NY,13021-4884
Geneva Foreign & Sports,TEK,309,34744388,1040,,03,,Andy,Nhalay,224 GATE HOUSE TRL,,HENRIETTA,NY,14467-9533
Geneva Foreign & Sports,TEK,309,1451768,1040,,3,,Guy,Sindoni,2761 PRE EMPTION ST,,GENEVA,NY,14456-9271
Geneva Foreign & Sports,TEK,309,734101,1040,,3,,Joe,Lorenzetti,149 W FOSTER ST,,PALMYRA,NY,14522-1321
Geneva Foreign & Sports,TEK,309,10283588,1040,,3,,Antonio,Rivera,16 GRAY ST,,ROCHESTER,NY,14609-2233
Geneva Foreign & Sports,TEK,309,731467,1040,,03,,Sue,Cohen,4612 WILLOW CV,,GENEVA,NY,14456-9243
Geneva Foreign & Sports,TEK,309,21194547,1040,,03,,Joanyliz,Rodriguez,393 WAGNER ST LOT 91,,WATERLOO,NY,13165-6710
Geneva Foreign & Sports,TEK,309,34390864,1040,,03,,Nick,Newert,14 BEACH AVE,,AUBURN,NY,13021-2112
Geneva Foreign & Sports,TEK,309,17623112,1040,,03,,Patrick,Bailey,946 ANGUS POINT RD,,PENN YAN,NY,14527-9649
Geneva Foreign & Sports,TEK,309,13833401,1040,,3,,Richard,Jones,66 E MAIN ST,,CLIFTON SPRINGS,NY,14432-1145
Geneva Foreign & Sports,TEK,309,738812,1040,,03,,Gregory,Stefl,106 CLARMAR RD,,FAYETTEVILLE,NY,13066-1632
Geneva Foreign & Sports,TEK,309,34383442,1040,,03,,Pam,Massetti,5 JOHNSTON ST,,SENECA FALLS,NY,13148-1205
Geneva Foreign & Sports,TEK,309,31626568,1040,,03,,Vincent,Toscano,4198 CHOKE CHERRY WAY,,LIVERPOOL,NY,13090-1122
Geneva Foreign & Sports,TEK,309,19753979,1040,,3,,Jeffrey,Wadhams,5390 E LAKE RD,,ROMULUS,NY,14541-9734
Geneva Foreign & Sports,TEK,309,732638,1040,,3,,Mary,White,47 W LAKE RD,,HAMMONDSPORT,NY,14840-9602
Geneva Foreign & Sports,TEK,309,17135304,1040,,3,,Jack,Lind,18 BROOK ST APT 6,,CANANDAIGUA,NY,14424-1344
Geneva Foreign & Sports,TEK,309,739220,1040,,3,,Austin,Miller,400 DUNHAM RD,,WATERLOO,NY,13165-9562
Geneva Foreign & Sports,TEK,309,6660954,1040,,3,,DR. Joe,Lorenzetti,72 CAYUGA ST,,SENECA FALLS,NY,13148-1228
Geneva Foreign & Sports,TEK,309,2249554,1040,,3,,Travis,Pistello,889 COUNTY ROUTE 28,,PULASKI,NY,13142-2470
Geneva Foreign & Sports,TEK,309,740968,1040,,3,,Ben,Vasquez,69 MAXWELL AVE,,GENEVA,NY,14456-1516
Geneva Foreign & Sports,TEK,309,738471,1040,,3,,Jeremy,Heale,372 CASTLE ST,,GENEVA,NY,14456-1540
Geneva Foreign & Sports,TEK,309,30317426,1040,,03,,Ariana,Taylor,7765 COUNTY ROUTE 18,,SAVONA,NY,14879-9721
Geneva Foreign & Sports,TEK,309,732505,1040,,3,,Bobbie,Calabrese,594 BARRACKS RD,,GENEVA,NY,14456-3048
Geneva Foreign & Sports,TEK,309,739196,1040,,3,,Jodie,Narrow,39 RIDGEWOOD DR,,GENEVA,NY,14456-1347
Geneva Foreign & Sports,TEK,309,1489546,1040,,03,,Jeff,Friend,6099 ROSSIER RD,,CANANDAIGUA,NY,14424-9035
Geneva Foreign & Sports,TEK,309,740606,1040,,3,,Floyd,Kofahl,4492 COUNTY ROAD 6,,GENEVA,NY,14456-9714
Geneva Foreign & Sports,TEK,309,740623,1040,,3,,Steven,Mull,37 HIGH ST,,GENEVA,NY,14456-2511
Geneva Foreign & Sports,TEK,309,734503,1040,,3,,Vinny,Lobdell,2795 COUNTY LINE RD,,SKANEATELES,NY,13152-9473
Geneva Foreign & Sports,TEK,309,34367623,1040,,03,,Lori Lyn,Reed,6021 OAKRIDGE RD,,AUBURN,NY,13021-8266
Geneva Foreign & Sports,TEK,309,33295562,1040,,03,,Brian,Burbridge,827 CHURCH ST,,NEWARK,NY,14513-1646
Geneva Foreign & Sports,TEK,309,11817928,1040,,3,,Matthew,Soper,59 BRADFORD ST,,AUBURN,NY,13021-4135
Geneva Foreign & Sports,TEK,309,24724701,1040,,03,,Verrol,Wheeler,3480 SENECA CASTLE RD,,STANLEY,NY,14561-9407
