Shop Name,Software,SID,CID,WSID,WCID,MBdayMo,TBdayMo,First,Last,Address,Address2,City,St,Zip
Advanced Automotive Performance,TEK,398,1217545,1041,,,9,Chris,Romasco,701 ALDRICH ST,,UXBRIDGE,MA,01569-2139
Advanced Automotive Performance,TEK,398,1217862,1041,,,9,Jody,Kennedy,17 STONY WOODS DR,,UXBRIDGE,MA,01569-2628
Advanced Automotive Performance,TEK,398,1411972,1041,,,3,JOHN,CRANE,PO BOX 343,,WARREN,MA,01083-0343
Advanced Automotive Performance,TEK,398,1217881,1041,,,3,Ken,Chapman,169 WORCESTER RD,,PRINCETON,MA,01541-1521
Advanced Automotive Performance,TEK,398,3680138,1041,,,3,Yamil,Collazo,39 TAFT ST,,NORTHBRIDGE,MA,01534-1288
Advanced Automotive Performance,TEK,398,4192882,1041,,,3,Kelly,Janovsky,148 MENDON ST,,BELLINGHAM,MA,02019-1549
Advanced Automotive Performance,TEK,398,4191189,1041,,,3,Lubsky,Paul,135 MAIN ST,,UPTON,MA,01568-1666
Advanced Automotive Performance,TEK,398,1218349,1041,,,3,Brianna,Matheson,112 SUTTON ST,,NORTHBRIDGE,MA,01534-1003
Advanced Automotive Performance,TEK,398,5928215,1041,,,9,NICK,TURBESI,PO BOX 80,,MILLVILLE,MA,01529-0080
Advanced Automotive Performance,TEK,398,2243311,1041,,,9,JAKE,VAN DUYN,8 BELMONT ST,,SOUTH GRAFTON,MA,01560-1304
Advanced Automotive Performance,TEK,398,1220020,1041,,,3,Sam,Lonngren,10 RAILROAD ST,,SLATERSVILLE,RI,02876-8053
Advanced Automotive Performance,TEK,398,1222054,1041,,,3,Kim,Harris,400 SUMMIT DR,,BURLINGTON,MA,01803-5258
Advanced Automotive Performance,TEK,398,7816051,1041,,,3,RYAN,LITTLEFEILD,540 S MAIN ST,,WOONSOCKET,RI,02895-5745
Advanced Automotive Performance,TEK,398,1219442,1041,,,9,Chris,Hamel,121 CARNEY ST,,UXBRIDGE,MA,01569-1866
Advanced Automotive Performance,TEK,398,14332774,1041,,,3,Robert,Sucsy,195 PLEASANT ST,,PROVIDENCE,RI,02906-1685
Advanced Automotive Performance,TEK,398,1222598,1041,,,9,Tim,Guertin,7 STONEWALL CT,,DOUGLAS,MA,01516-2363
Advanced Automotive Performance,TEK,398,14462444,1041,,,3,Bevin,Mugford,711 ELM ST,,MARLBOROUGH,MA,01752-5800
Advanced Automotive Performance,TEK,398,11425422,1041,,,9,Dennis,McDonald,12 DEPOT CT,,BELLINGHAM,MA,02019-1544
Advanced Automotive Performance,TEK,398,15970119,1041,,,3,Darlene,Ramuno,33 NORTH ST,,DOUGLAS,MA,01516-2099
Advanced Automotive Performance,TEK,398,18637555,1041,,,3,Amanda,Edwards,20 BASSWOOD AVE,,PROVIDENCE,RI,02908-1803
Advanced Automotive Performance,TEK,398,1221178,1041,,,9,Ryan,Leaning,51 HIGH ST,,UXBRIDGE,MA,01569-1891
Advanced Automotive Performance,TEK,398,19994933,1041,,,3,Bill,Stewich,92 N MAIN ST,,WEST BOYLSTON,MA,01583-1145
Advanced Automotive Performance,TEK,398,1218687,1041,,,9,Archie,Adamiak,18 BROOKSIDE DR,,DOUGLAS,MA,01516-2369
Advanced Automotive Performance,TEK,398,21201654,1041,,,9,Matthew,Sgambato,55 HUNTINGTON AVE,,WOONSOCKET,RI,02895-1002
Advanced Automotive Performance,TEK,398,21191601,1041,,,3,Brett,Buskey,138 YEW ST,,DOUGLAS,MA,01516-2415
Advanced Automotive Performance,TEK,398,23868112,1041,,,3,Rebecca,Meiselman,100 ARNOLD ST,,WOONSOCKET,RI,02895-2920
Advanced Automotive Performance,TEK,398,28554544,1041,,,3,Mike,Orlando,5 GROVE ST,,HOPKINTON,MA,01748-1879
Advanced Automotive Performance,TEK,398,6797102,1041,,,3,Ron,Benoit,15 PATRICK HENRY ST,,UXBRIDGE,MA,01569-1336
Advanced Automotive Performance,TEK,398,29950480,1041,,,9,Michael,Desisto,2 PLEASANT ST,,UXBRIDGE,MA,01569-1830
Advanced Automotive Performance,TEK,398,29990436,1041,,,3,Derek,Aspinwall,39 1/2 E MAIN ST APT 1F,,WEBSTER,MA,01570-2377
Advanced Automotive Performance,TEK,398,30637920,1041,,,9,Syed,Shazli,7 SUMMERS CIR,,UPTON,MA,01568-0138
Advanced Automotive Performance,TEK,398,32016625,1041,,,9,Derek,Chapman,37 NORTH ST,,DOUGLAS,MA,01516-2010
Advanced Automotive Performance,TEK,398,16896072,1041,,,9,Senthil,Sankar,38 TEA PARTY DR,,UXBRIDGE,MA,01569-2504
Advanced Automotive Performance,TEK,398,20762254,1041,,,9,James,Dietz,188 N MAIN ST,,UXBRIDGE,MA,01569-1728
Advanced Automotive Performance,TEK,398,1219657,1041,,,9,Erin,Brown,12 HARTFORD AVE E,,UXBRIDGE,MA,01569-1293
Advanced Automotive Performance,TEK,398,1221057,1041,,,3,Vinnie,White,PO BOX 305,,MENDON,MA,01756-0305
Advanced Automotive Performance,TEK,398,29642952,1041,,,3,Frank,Grossi,5 LIPPITT AVE,,CUMBERLAND,RI,02864-4010
Advanced Automotive Performance,TEK,398,23912467,1041,,,9,Adam,Shea,24 CHARLES ST,,DOUGLAS,MA,01516-2077
Advanced Automotive Performance,TEK,398,35584030,1041,,,9,Steve,Semmel,370 PASCOAG MAIN ST,,PASCOAG,RI,02859-3413
Advanced Automotive Performance,TEK,398,35667160,1041,,,3,Janina,Grabowski,12 OLD RICHARDSON ST,,UXBRIDGE,MA,01569-2036
Advanced Automotive Performance,TEK,398,35835378,1041,,,9,Mike,Vilme,22 EASTWOOD HTS,,UXBRIDGE,MA,01569-1952
Advanced Automotive Performance,TEK,398,36043150,1041,,,9,Will,Mann,695 CHOCOLOG RD,,UXBRIDGE,MA,01569-2032
Advanced Automotive Performance,TEK,398,1223693,1041,,,3,Tony,Mattscheck,153 WALLUM LAKE RD,,DOUGLAS,MA,01516-2519
Advanced Automotive Performance,TEK,398,1219636,1041,,,3,Michelle,Payson,93 FRANKLIN ST,,DOUGLAS,MA,01516-2334
Advanced Automotive Performance,TEK,398,2548997,1041,,,3,Cody,Crawford,28 COOLIDGE RD,,MILFORD,MA,01757-3712
Advanced Automotive Performance,TEK,398,36063092,1041,,,9,Pete,Amorello,54 UXBRIDGE RD,,SUTTON,MA,01590-1714
Advanced Automotive Performance,TEK,398,28898468,1041,,,9,Lajhon,Jones,16 OAKLAWN RD,,NORTH SMITHFIELD,RI,02896-7027
