Shop Name,Software,SID,CID,WSID,WCID,MBdayMo,TBdayMo,First,Last,Address,Address2,City,St,Zip
John's Auto Care,TEK,2442,12986957,1043,,03,,CODY,HARGADIN,5360 S SICILY WAY,,AURORA,CO,80015-6588
John's Auto Care,TEK,2442,12986368,1043,,3,,MATT,ROBINS,7091 OLDE STAGE RD,,BOULDER,CO,80302-9440
John's Auto Care,TEK,2442,12982560,1043,,3,,FIDEL,JARAMILLO,9457 CHERRY ST,,THORNTON,CO,80229-3315
John's Auto Care,TEK,2442,12985375,1043,,3,,AMY,CLEGHORN,418 EMERY ST APT 201,,LONGMONT,CO,80501-5547
John's Auto Care,TEK,2442,12986500,1043,,3,,SCOTT,SCHLICHTING,375 BERYL ST,,BROOMFIELD,CO,80020-1927
John's Auto Care,TEK,2442,12988205,1043,,3,,BILL,KALAFUS,832 SYCAMORE AVE,,BOULDER,CO,80303-2858
John's Auto Care,TEK,2442,12986990,1043,,3,,RICHARD,HUME,330 S 38TH ST,,BOULDER,CO,80305-5470
John's Auto Care,TEK,2442,12987857,1043,,3,,HAILEY,MOORE,775 38TH ST,,BOULDER,CO,80303-2506
John's Auto Care,TEK,2442,12985241,1043,,3,,LAUREN,BRUEGGEMAN,2036 CANYON BLVD # A,,BOULDER,CO,80302-4433
John's Auto Care,TEK,2442,12985057,1043,,3,,MIKE,DIPOMPEO,5934 GUNBARREL AVE APT B,,BOULDER,CO,80301-5329
John's Auto Care,TEK,2442,12987811,1043,,3,,JASON,WALSH,1624 DEERWOOD DR,,LONGMONT,CO,80504-8761
John's Auto Care,TEK,2442,12985460,1043,,3,,KENDRA,KARLESKI,5117 WILLIAMS FORK TRL,,BOULDER,CO,80301-3415
John's Auto Care,TEK,2442,12988234,1043,,3,,LUCAS,BROWNING,5080 THANE RD,,JUNEAU,AK,99801-7707
John's Auto Care,TEK,2442,12982890,1043,,3,,LINDSAY,CASTLE,2542 STOUT ST,,DENVER,CO,80205-2939
John's Auto Care,TEK,2442,12987632,1043,,03,,MARIE,BONRUE,5000 BUTTE ST,,BOULDER,CO,80301-5428
John's Auto Care,TEK,2442,12985429,1043,,3,,STEPHEN,DENNIS,9040 W 5TH PL,,LAKEWOOD,CO,80226-1142
John's Auto Care,TEK,2442,12986162,1043,,3,,KATIE,BIANCHI,3117 BELL DR,,BOULDER,CO,80301-2279
John's Auto Care,TEK,2442,12982773,1043,,3,,BEAHROD,KESHTAVAR,2510 TAFT DR,,BOULDER,CO,80302-7077
John's Auto Care,TEK,2442,12986178,1043,,3,,ROGER,LAURENCE,3488 CRIPPLE CREEK SQ,,BOULDER,CO,80305-7185
John's Auto Care,TEK,2442,12985808,1043,,3,,STEFAN,SCHARDT,2920 BLUFF ST APT 213,,BOULDER,CO,80301-1269
John's Auto Care,TEK,2442,12985489,1043,,3,,LEANNE,KAHLER,9171 VINE ST,,THORNTON,CO,80229-7636
John's Auto Care,TEK,2442,12984044,1043,,3,,JOYCE,BEAUMONT,4651 16TH ST,,BOULDER,CO,80304-2262
John's Auto Care,TEK,2442,12987071,1043,,3,,BELINDA,RUELLE,4211 AMBER ST,,BOULDER,CO,80304-0965
John's Auto Care,TEK,2442,12989118,1043,,3,,DREW,RAINES,51 HOPI CT,,LYONS,CO,80540-8224
John's Auto Care,TEK,2442,12985933,1043,,3,,TRACY,MANTHY,5505 VALMONT RD LOT 194,,BOULDER,CO,80301-2928
John's Auto Care,TEK,2442,12983604,1043,,3,,KENDRA,KEMENYAS,2332 GOSS ST,,BOULDER,CO,80302-6625
John's Auto Care,TEK,2442,12984471,1043,,3,,SCOTT,DEMENT,6420 E MINERAL DR,,ENGLEWOOD,CO,80112-3013
John's Auto Care,TEK,2442,12985555,1043,,03,,VIRGINA,BOWEN,5389 CYPRESS DR,,BOULDER,CO,80303-2825
John's Auto Care,TEK,2442,12984534,1043,,3,,ZACH,JOHNSON,168 JADE WAY,,LYONS,CO,80540-8834
John's Auto Care,TEK,2442,12982700,1043,,3,,BRENDAN,GAIBROIS,8441 W 95TH DR,,BROOMFIELD,CO,80021-5330
John's Auto Care,TEK,2442,12988983,1043,,03,,SHAWN,BUTLER,5337 GUNBARREL CENTER CT APT 204,,BOULDER,CO,80301-5779
John's Auto Care,TEK,2442,12986130,1043,,3,,VICTORIA,HUTCHENSON,1629 BAIN DR,,ERIE,CO,80516-7218
John's Auto Care,TEK,2442,12983711,1043,,3,,ELENA,DELCARRI,210 BERTHOUD TRL,,BROOMFIELD,CO,80020-9676
John's Auto Care,TEK,2442,12983312,1043,,3,,ED,VANDEHOEF,890 HEMLOCK WAY,,BROOMFIELD,CO,80020-1815
John's Auto Care,TEK,2442,12985130,1043,,3,,JORDAN,BAILEY,2656 HAWTHORNE PL,,BOULDER,CO,80304-2479
John's Auto Care,TEK,2442,12984244,1043,,3,,JANICE,SULLIVAN,3045 BLUE SKY CIR UNIT 18,,ERIE,CO,80516-4660
John's Auto Care,TEK,2442,12984708,1043,,3,,CELIA,KIRBY,3130 BROADWAY ST APT 4A,,BOULDER,CO,80304-2653
John's Auto Care,TEK,2442,12984415,1043,,3,,CHARLES,BROWN,3624 N HILLS DR,,AUSTIN,TX,78731-2415
John's Auto Care,TEK,2442,12989260,1043,,3,,JEANNE,NATRE,292 MONTGOMERY DR,,ERIE,CO,80516-8480
John's Auto Care,TEK,2442,12983081,1043,,3,,DAN,FABER,5652 W 109TH CIR,,BROOMFIELD,CO,80020-3281
John's Auto Care,TEK,2442,15109976,1043,,3,,Dylan,Tippett,315 SUGARBIN CT,,LONGMONT,CO,80501-9721
John's Auto Care,TEK,2442,16572239,1043,,3,,Colton,Wagner,4970 FRANKLIN DR,,BOULDER,CO,80301-5485
John's Auto Care,TEK,2442,17618873,1043,,3,,David,Quigley,4136 AMBER ST,,BOULDER,CO,80304-0956
John's Auto Care,TEK,2442,12987452,1043,,3,,DON,SAAL,848 DINOSAUR DR,,ERIE,CO,80516-6559
John's Auto Care,TEK,2442,18621526,1043,,3,,Tim,Holloway,702 BRYAN AVE,,NEDERLAND,CO,80466-9532
John's Auto Care,TEK,2442,12983370,1043,,3,,ALLEN,MILLER,400 LAKESHORE DR,,BOULDER,CO,80302-9532
John's Auto Care,TEK,2442,12983795,1043,,3,,KEITH,SPARKJOY,3980 BROADWAY ST STE 103 PMB 142,,BOULDER,CO,80304-1161
John's Auto Care,TEK,2442,12989007,1043,,3,,AMANDA,PRENTISS,834 7TH ST,,BOULDER,CO,80302-7405
John's Auto Care,TEK,2442,12987780,1043,,3,,BRAD,MASON,2601 WISTERIA DR,,ERIE,CO,80516-7952
John's Auto Care,TEK,2442,12985391,1043,,3,,MARSHALL,AUNGIER,3224 3RD ST,,BOULDER,CO,80304-2103
John's Auto Care,TEK,2442,22811187,1043,,3,,PATRICK,MCCABE,3116 BELL DR,,BOULDER,CO,80301-2277
John's Auto Care,TEK,2442,19074132,1043,,03,,Robbie,Annear,2291 PLACID DR,,BOULDER,CO,80301-5142
John's Auto Care,TEK,2442,12982629,1043,,3,,JIM,DITZEL,6474 REDWING PL,,LONGMONT,CO,80503-8719
John's Auto Care,TEK,2442,12984867,1043,,3,,LINDA,DUGAN,1023 WILLOW PL,,LOUISVILLE,CO,80027-1099
John's Auto Care,TEK,2442,12984507,1043,,3,,FELICIA,MORRIS,770 COPPER LN APT 103,,LOUISVILLE,CO,80027-4004
John's Auto Care,TEK,2442,29347486,1043,,03,,Kristina,Kober,70 S BOULDER CIR,,BOULDER,CO,80303-4265
John's Auto Care,TEK,2442,29986927,1043,,03,,Shawn,Fawson,513 BUCKTHORN WAY,,LOUISVILLE,CO,80027-2716
John's Auto Care,TEK,2442,12988447,1043,,3,,BEN,WOLF,1015 CHERRYVALE RD,,BOULDER,CO,80303-2916
John's Auto Care,TEK,2442,12989526,1043,,3,,GABRIEL,VANAVER,1414 ATHENE DR,,LAFAYETTE,CO,80026-1411
John's Auto Care,TEK,2442,12989444,1043,,3,,FRED,NICOLAI,39 HIGH VIEW LN,,BOULDER,CO,80302-9436
John's Auto Care,TEK,2442,19994065,1043,,3,,Mike,Tucker,3 VALHALLA LN,,SIMPSONVILLE,SC,29681-4371
John's Auto Care,TEK,2442,12989048,1043,,3,,DARRIN,BUEHLER,3749 CEDARLODGE ST,,BOULDER,CO,80301-3248
John's Auto Care,TEK,2442,33957345,1043,,03,,Janice,Stevenson,4490 BROADWAY ST APT 104,,BOULDER,CO,80304-4522
John's Auto Care,TEK,2442,12989316,1043,,3,,BILL,BONK,711 CRESCENT DR,,BOULDER,CO,80303-2712
John's Auto Care,TEK,2442,12986249,1043,,3,,SARA,WHITBY,1529 LODGE LN,,BOULDER,CO,80303-8110
John's Auto Care,TEK,2442,12984506,1043,,3,,JOHN,HARVEY,4383 TENNYSON ST UNIT 3-J,,DENVER,CO,80212-2315
John's Auto Care,TEK,2442,12985145,1043,,3,,STEVE,SHANK,1923 WILDFIRE RD,,ESTES PARK,CO,80517-9781
John's Auto Care,TEK,2442,12985753,1043,,3,,SOMA,GLICK,2635 MAPLETON AVE LOT 147,,BOULDER,CO,80304-3833
