Shop Name,Software,SID,CID,WSID,WCID,MBdayMo,TBdayMo,First,Last,Address,Address2,City,St,Zip
Bennett's Automotive,TEK,3229,17525715,1044,,,3,MADISON,WEST,224 SNOWBELL DR,,SMYRNA,TN,37167-2599
Bennett's Automotive,TEK,3229,17529944,1044,,,3,KENNEDY,MOORE,326 DERBY CT,,MURFREESBORO,TN,37130-1211
Bennett's Automotive,TEK,3229,17528767,1044,,,9,CARSON,HILMO,1210 HAZELWOOD DR,,SMYRNA,TN,37167-3964
Bennett's Automotive,TEK,3229,17521549,1044,,,9,RICK,ALLEN,281 COUNTRY VILLAGE DR # L190,,SMYRNA,TN,37167-4280
Bennett's Automotive,TEK,3229,17517729,1044,,,3,Lee,Snedecor,1403 ROCKY LN,,MURFREESBORO,TN,37130-1744
Bennett's Automotive,TEK,3229,17527289,1044,,,3,ZACK,CURTIS,5800 SAUNDERSVILLE RD,,MOUNT JULIET,TN,37122-5012
Bennett's Automotive,TEK,3229,17529377,1044,,,3,NIHAR,POTLATALLY,4036 SNOWBIRD DR,,SMYRNA,TN,37167-7554
Bennett's Automotive,TEK,3229,17520865,1044,,,9,MINA,LOWE,123 SHORTLEAF AVE,,SMYRNA,TN,37167-6592
Bennett's Automotive,TEK,3229,17522736,1044,,,9,NELSON,HOSKINS,5324 BLACKMAN RD,,MURFREESBORO,TN,37129-8005
Bennett's Automotive,TEK,3229,17526540,1044,,,9,DUB,RABORN,7370 S LAMAR RD,,SMYRNA,TN,37167-5324
Bennett's Automotive,TEK,3229,17515162,1044,,,3,ISABEL,LARA,4523 ARTELIA DR,,ANTIOCH,TN,37013-2720
Bennett's Automotive,TEK,3229,17525228,1044,,,9,JUSTIN,FLORES,742 PRESIDENT PL,,SMYRNA,TN,37167-5651
Bennett's Automotive,TEK,3229,17519396,1044,,,9,HEATH,CARROLL,102A ROSS DR,,SMYRNA,TN,37167-2938
Bennett's Automotive,TEK,3229,17524716,1044,,,9,FALLON,FELTS,417 ENON SPRINGS RD E # E-73,,SMYRNA,TN,37167-6400
Bennett's Automotive,TEK,3229,17523827,1044,,,9,LORI,MURPHY,332 LIBERTY LN,,LA VERGNE,TN,37086-2357
Bennett's Automotive,TEK,3229,17522613,1044,,,3,NIKKI,DAVIS,4138 AZALEA CT,,MURFREESBORO,TN,37128-4518
Bennett's Automotive,TEK,3229,17517767,1044,,,9,ALLANTE,DAVIS,4608 RED TAIL TRL,,SMYRNA,TN,37167-1090
Bennett's Automotive,TEK,3229,17528651,1044,,,3,LEONARD,ROBINSON,5607 GLENALDEN DR,,SMYRNA,TN,37167-3376
Bennett's Automotive,TEK,3229,17523729,1044,,,9,ALLIE,HEYMAN,7843 ELLEN DR,,SMYRNA,TN,37167-7560
Bennett's Automotive,TEK,3229,17526472,1044,,,3,MICHAEL,MADER,105 WELLESLEY CT,,SMYRNA,TN,37167-6356
Bennett's Automotive,TEK,3229,17526464,1044,,,3,Bri,Haynes,128B STONEWALL DR,,SMYRNA,TN,37167-2130
Bennett's Automotive,TEK,3229,17525585,1044,,,9,SAMUEL,MYERS,501 GRACY AVE,,SMYRNA,TN,37167-2241
Bennett's Automotive,TEK,3229,17530889,1044,,,9,TOM,HANNA,350 SAM DAVIS RD,,SMYRNA,TN,37167-2355
Bennett's Automotive,TEK,3229,17519859,1044,,,3,BILL SR.,CULBERTSON,114 CHESTNUT ST,,SMYRNA,TN,37167-3204
Bennett's Automotive,TEK,3229,17529718,1044,,,3,LU,SILK,2026 GEORGE BUCHANAN DR,,LA VERGNE,TN,37086-2842
Bennett's Automotive,TEK,3229,17515560,1044,,,9,LEROY,SHREVE,500 NOEL LN APT 6105,,SMYRNA,TN,37167-1360
Bennett's Automotive,TEK,3229,17611153,1044,,,9,SENAIT,DESTA,415 WILLIAMSPORT DR,,SMYRNA,TN,37167-6372
Bennett's Automotive,TEK,3229,18312329,1044,,,9,Mima,Gonzalez,506 HIGHLAND AVE,,SMYRNA,TN,37167-2837
Bennett's Automotive,TEK,3229,18618706,1044,,,9,Lessly,Asire,600 NOVA CT,,SMYRNA,TN,37167-1907
Bennett's Automotive,TEK,3229,18630441,1044,,,9,Latoya,Hester,3718 MONTGOMERY WAY,,SMYRNA,TN,37167-8395
Bennett's Automotive,TEK,3229,18871068,1044,,,9,RESIE,MILLER,417 BULLDOG CIR,,SMYRNA,TN,37167-4676
Bennett's Automotive,TEK,3229,17625506,1044,,,3,BRYAN,CARRASCO,312 MAPLE ST,,SMYRNA,TN,37167-2623
Bennett's Automotive,TEK,3229,17529676,1044,,,3,Anthony,Smith,2228 RIGDEN MILL DR,,SMYRNA,TN,37167-3384
Bennett's Automotive,TEK,3229,19323402,1044,,,3,RUBEN,VAEZ,1095 MERRITT HILL TRL,,SMYRNA,TN,37167-1728
Bennett's Automotive,TEK,3229,20273783,1044,,,3,HONAR,GARDI,1205 MAIN AVE APT 310,,MOORHEAD,MN,56560-3205
Bennett's Automotive,TEK,3229,20393112,1044,,,3,BRETT,VICTOR,344 PEACH VALLEY RD,,GALLATIN,TN,37066-5105
Bennett's Automotive,TEK,3229,20763747,1044,,,3,ETHAN,MAY,840 INDEPENDENCE ST,,NEW ORLEANS,LA,70117-5726
Bennett's Automotive,TEK,3229,20879353,1044,,,9,Darrion,Rivers,5496 CEDAR ASH XING,,ANTIOCH,TN,37013-7332
Bennett's Automotive,TEK,3229,17522726,1044,,,3,MEGAN,SMITH,302 JANIE ST,,SMYRNA,TN,37167-7565
Bennett's Automotive,TEK,3229,21440519,1044,,,9,HEATH,HARDIN,3603 GERRY DR,,SMYRNA,TN,37167-6183
Bennett's Automotive,TEK,3229,21703104,1044,,,3,Cole,Relford,801 RHETT DR,,SMYRNA,TN,37167-6229
Bennett's Automotive,TEK,3229,21869783,1044,,,3,MARIS,HERNANDEZ,316 LAHINCH LN,,SMYRNA,TN,37167-5941
Bennett's Automotive,TEK,3229,22033851,1044,,,9,ANNA,SAGER,400 CHANEY RD APT 1308,,SMYRNA,TN,37167-2666
Bennett's Automotive,TEK,3229,21865759,1044,,,3,Phil,Garner,7955 NOLENSVILLE RD,,ARRINGTON,TN,37014-9143
Bennett's Automotive,TEK,3229,22664031,1044,,,3,Greg,Rohan,102 GILBERT DR,,SMYRNA,TN,37167-3502
Bennett's Automotive,TEK,3229,17526848,1044,,,3,Tymanisha,Clark,5160 RICE RD,,ANTIOCH,TN,37013-2052
Bennett's Automotive,TEK,3229,21677046,1044,,,9,TAVON,WHITE,7302 ARBORBEND DR,,SMYRNA,TN,37167-2779
Bennett's Automotive,TEK,3229,23901773,1044,,,3,Kimberly,Elling,400 CHANEY RD APT 1221,,SMYRNA,TN,37167-2665
Bennett's Automotive,TEK,3229,26917527,1044,,,3,Cathrine,Sundheim,491 ELBETHEL RD,,SHELBYVILLE,TN,37160-5549
Bennett's Automotive,TEK,3229,25953327,1044,,,3,Dianna,Uriarte,2344 URIAH PL,,MURFREESBORO,TN,37129-7833
Bennett's Automotive,TEK,3229,27268853,1044,,,9,William,Beatty,38 ASHLEY DR,,BEECHGROVE,TN,37018-3578
Bennett's Automotive,TEK,3229,17531688,1044,,,3,JONATHAN,ROSALES,119 LONG RIFLE RD,,SMYRNA,TN,37167-5018
Bennett's Automotive,TEK,3229,27859733,1044,,,9,SPENCER,SARTAIN,1028 W MAIN ST,,LEBANON,TN,37087-3352
Bennett's Automotive,TEK,3229,27842085,1044,,,3,Bradley,Rivers,294 VILLAGE LAKE CIR,,SMYRNA,TN,37167-4317
Bennett's Automotive,TEK,3229,17523363,1044,,,3,KATERINE,KEENE,642 OLIVE BRANCH RD,,SMYRNA,TN,37167-5436
Bennett's Automotive,TEK,3229,29577793,1044,,,3,Trey,Cowans,3107 LINCOYA BAY DR,,NASHVILLE,TN,37214-2650
Bennett's Automotive,TEK,3229,29945027,1044,,,3,Jenny,Licona,2016 MADISON SQUARE BLVD,,LA VERGNE,TN,37086-2748
Bennett's Automotive,TEK,3229,29557834,1044,,,3,Torben,Jensen,3008 RYAN HILL DR,,SMYRNA,TN,37167-9314
Bennett's Automotive,TEK,3229,30421765,1044,,,3,Sharon,Sampsa,6682 CHEYENNE DR,,ABRAMS,WI,54101-9435
Bennett's Automotive,TEK,3229,30314695,1044,,,3,Randy,Lemka,1871 WATERS EDGE DR APT B,,CLARKSVILLE,TN,37043-5886
Bennett's Automotive,TEK,3229,30634598,1044,,,3,Marcuse,Rene,1501 W TURNER AVE,,INDEPENDENCE,MO,64050-4233
Bennett's Automotive,TEK,3229,31185353,1044,,,3,Spenser,Norberte,121 BROOKSBORO TER,,NASHVILLE,TN,37217-3368
Bennett's Automotive,TEK,3229,31377148,1044,,,9,Jaylin,Mabre,101 S LOWRY ST,,SMYRNA,TN,37167-2519
Bennett's Automotive,TEK,3229,31392824,1044,,,3,Sylvia,Jara,10101 ARBORBEND DR,,SMYRNA,TN,37167-2786
Bennett's Automotive,TEK,3229,31618750,1044,,,3,Jacob,Warren,5000 MOUNTAIN SPRINGS RD,,ANTIOCH,TN,37013-5699
Bennett's Automotive,TEK,3229,17517560,1044,,,9,STEVEN,BREEDLOVE,1524 WATER OAK CT,,ANTIOCH,TN,37013-1655
Bennett's Automotive,TEK,3229,32618651,1044,,,3,Steven,Moon,109 N HAMPTON CT,,SMYRNA,TN,37167-3105
Bennett's Automotive,TEK,3229,33275583,1044,,,3,Ben,Moore,200 SAM GRIFFIN RD,,SMYRNA,TN,37167-4695
Bennett's Automotive,TEK,3229,33956979,1044,,,3,John,Stewart,1406 BOLTON DR,,SMYRNA,TN,37167-6266
Bennett's Automotive,TEK,3229,34668680,1044,,,9,Cameron,Cote,417 ENON SPRINGS RD E,,SMYRNA,TN,37167-6400
Bennett's Automotive,TEK,3229,34686749,1044,,,3,Jackson,York,389 SAINT FRANCIS AVE,,SMYRNA,TN,37167-6336
Bennett's Automotive,TEK,3229,34916201,1044,,,3,Mike,Corbitt,204 HANKINS DR,,SMYRNA,TN,37167-3506
Bennett's Automotive,TEK,3229,34679690,1044,,,9,Teeglenn,Rankhorn,106 ALBATROSS CT,,LA VERGNE,TN,37086-1695
Bennett's Automotive,TEK,3229,35349173,1044,,,3,James,Orrell,500 GREAT CIR APT 3413,,SMYRNA,TN,37167-3172
Bennett's Automotive,TEK,3229,35335946,1044,,,9,Amanda,Moore,4206 GOLDEN SUN CT,,MURFREESBORO,TN,37127-2906
Bennett's Automotive,TEK,3229,35588595,1044,,,9,TONY,HUGHES,8570 CAINSVILLE PIKE,,LASCASSAS,TN,37085-4305
Bennett's Automotive,TEK,3229,20398792,1044,,,3,Sydney,Watkins,600 GREAT CIR APT 4212,,SMYRNA,TN,37167-3401
Bennett's Automotive,TEK,3229,35668025,1044,,,9,Richard,Bell,402 REAVIS AVE,,SMYRNA,TN,37167-4883
Bennett's Automotive,TEK,3229,35704930,1044,,,9,Bill,Mcadams,209 MCNICKLE DR,,SMYRNA,TN,37167-3717
Bennett's Automotive,TEK,3229,35909215,1044,,,9,Angie,Hannah,8233 COUNTRY PARK WAY,,SARASOTA,FL,34243-2909
Bennett's Automotive,TEK,3229,35873511,1044,,,3,Alivia,Holley,2804 GREGORY MILLS DR,,SMYRNA,TN,37167-3889
Bennett's Automotive,TEK,3229,36005693,1044,,,9,Emily,Williams,8026 VALENCIA DR,,SMYRNA,TN,37167-8001
Bennett's Automotive,TEK,3229,17523588,1044,,,3,CALVIN,WILLIAMS,4640 SULPHUR SPRINGS RD,,MURFREESBORO,TN,37129-7110
Bennett's Automotive,TEK,3229,21181480,1044,,,9,MAC,TIDWELL,403 ACORN CT,,SMYRNA,TN,37167-5510
Bennett's Automotive,TEK,3229,36196740,1044,,,3,Christee,Paw,106 RICHLAND AVE,,SMYRNA,TN,37167-2929
Bennett's Automotive,TEK,3229,36066521,1044,,,3,Jason,Edwards,408 MORTON ST,,SMYRNA,TN,37167-2927
Bennett's Automotive,TEK,3229,36571955,1044,,,9,Jose,Lara,2778 RIDEOUT LN,,MURFREESBORO,TN,37128-7652
Bennett's Automotive,TEK,3229,36652416,1044,,,9,Carson,Ellis,1328 TILTON DR,,FRANKLIN,TN,37067-8574
Bennett's Automotive,TEK,3229,17529358,1044,,,3,CHRISTINA,ENGLAND,105 TOWNVIEW DR,,SMYRNA,TN,37167-3208
Bennett's Automotive,TEK,3229,17531949,1044,,,9,JAMES,KEY,4023 CLAUDE DR,,SMYRNA,TN,37167-6188
Bennett's Automotive,TEK,3229,36785171,1044,,,3,Darryl,Eldred,1125 BEN HILL BLVD,,NOLENSVILLE,TN,37135-8454
Bennett's Automotive,TEK,3229,17520961,1044,,,9,JEAN,ANDREWS,319 ROSEMARY ST,,SMYRNA,TN,37167-5260
Bennett's Automotive,TEK,3229,36653062,1044,,,3,Chris,Anderson,332 OLD NASHVILLE HWY,,LA VERGNE,TN,37086-3330
Bennett's Automotive,TEK,3229,17515373,1044,,,9,JEREMY,SMITHSON,915 EWING BLVD APT 14,,MURFREESBORO,TN,37130-3051
Bennett's Automotive,TEK,3229,36933867,1044,,,3,John,Crawford,211 SWEET BAY CT,,MURFREESBORO,TN,37128-1501
