Shop Name,Software,SID,CID,WSID,WCID,MBdayMo,TBdayMo,First,Last,Address,Address2,City,St,Zip
Sneller Tire Auto & Diesel Repair,TEK,3351,22617374,1045,,,3,JESSI,TINSLEY,1 UNIVERSITY AVE,,FULTON,MO,65251-2388
Sneller Tire Auto & Diesel Repair,TEK,3351,22619252,1045,,,3,JOHN,FOX,PO BOX 116,,FULTON,MO,65251-0116
Sneller Tire Auto & Diesel Repair,TEK,3351,22620747,1045,,,9,KIERA,HARRIS,223 CAPITOL CT,,JEFFERSON CITY,MO,65101-4041
Sneller Tire Auto & Diesel Repair,TEK,3351,22617631,1045,,,3,MARIA,SAYLOR,PO BOX 2046,,JEFFERSON CITY,MO,65102-2046
Sneller Tire Auto & Diesel Repair,TEK,3351,22618659,1045,,,3,ERIC,NSHIMIYIMANA,841 E 21ST ST,,ERIE,PA,16503-2206
Sneller Tire Auto & Diesel Repair,TEK,3351,22617946,1045,,,3,GENE,HOUCHINS,1407 MOKANE RD,,FULTON,MO,65251-2910
Sneller Tire Auto & Diesel Repair,TEK,3351,22617624,1045,,,3,DEMINGO,PAULMANERO,4886 STATE ROAD JJ,,FULTON,MO,65251-5051
Sneller Tire Auto & Diesel Repair,TEK,3351,22620938,1045,,,9,OSCAR,GARCIA,2100 JEFFERSON ST,,JEFFERSON CITY,MO,65109-2066
Sneller Tire Auto & Diesel Repair,TEK,3351,22619526,1045,,,3,Eathan,Greller,808 CENTER ST APT 6,,FULTON,MO,65251-1988
Sneller Tire Auto & Diesel Repair,TEK,3351,22620086,1045,,,3,JORDAN,LYONS,5115 COVENTRY WAYE,,JEFFERSON CITY,MO,65101-8284
Sneller Tire Auto & Diesel Repair,TEK,3351,22620045,1045,,,9,TRAVIS,STAATS,705 KENNETH LANE,,COLUMBIA,MO,65215-0001
Sneller Tire Auto & Diesel Repair,TEK,3351,22617609,1045,,,3,JAMES,MILLER,14600 SE STATE ROUTE 371,,FAUCETT,MO,64448-7127
Sneller Tire Auto & Diesel Repair,TEK,3351,22618500,1045,,,9,NATHAN,BRUNO,7491 PRIMROSE LN,,FULTON,MO,65251-6568
Sneller Tire Auto & Diesel Repair,TEK,3351,22617720,1045,,,9,RUSS,VANVELOECHT,4705 EBERSOLE LOOP,,FULTON,MO,65251-6291
Sneller Tire Auto & Diesel Repair,TEK,3351,22620767,1045,,,3,JESSE,PETERSON,104 S RAVINE ST,,FULTON,MO,65251-1560
Sneller Tire Auto & Diesel Repair,TEK,3351,22618505,1045,,,9,KAITLYN,HORR,2620 N BLUFF ST,,FULTON,MO,65251-7261
Sneller Tire Auto & Diesel Repair,TEK,3351,22617033,1045,,,9,BECCY,SWAIM,3501 STATE ROAD H,,FULTON,MO,65251-5939
Sneller Tire Auto & Diesel Repair,TEK,3351,22619378,1045,,,3,MAYA,MAYS,6900 COUNTY ROAD 325,,FULTON,MO,65251-5808
Sneller Tire Auto & Diesel Repair,TEK,3351,22620361,1045,,,3,MONICA,GANOE,996 BOULDER CT,,FULTON,MO,65251-1291
Sneller Tire Auto & Diesel Repair,TEK,3351,22618034,1045,,,3,DYLAN,RACKERS,6584 MEADOWVIEW CT,,FULTON,MO,65251-5948
Sneller Tire Auto & Diesel Repair,TEK,3351,22616787,1045,,,3,D'METREOUS,AUSTIN,1211 WESTMINSTER AVE,,FULTON,MO,65251-1054
Sneller Tire Auto & Diesel Repair,TEK,3351,22620510,1045,,,3,DAVID,BAAC,205 RYLEE CIR UNIT C,,HOLTS SUMMIT,MO,65043-1686
Sneller Tire Auto & Diesel Repair,TEK,3351,22617056,1045,,,9,CW,MACKLEY,913 CHURCHILL RD,,FULTON,MO,65251-1218
Sneller Tire Auto & Diesel Repair,TEK,3351,22618247,1045,,,3,KAYLA,KLOEHN,710 WALNUT STREET,,COLUMBIA,MO,65215-0001
Sneller Tire Auto & Diesel Repair,TEK,3351,22617038,1045,,,9,ANDREA,JHALEY,5671 HAWK LAKE DR,,FULTON,MO,65251-7318
Sneller Tire Auto & Diesel Repair,TEK,3351,22620828,1045,,,3,LEE,BERRY,1203 SIOUX DR,,FULTON,MO,65251-2232
Sneller Tire Auto & Diesel Repair,TEK,3351,22619877,1045,,,9,JOSE GABRIEL,ROMAN MENDOZA,205 TYLER ST,,FULTON,MO,65251-1507
Sneller Tire Auto & Diesel Repair,TEK,3351,22618038,1045,,,9,BLAKE,FISCHER,930 COMBS AVE,,TIPTON,MO,65081-8507
Sneller Tire Auto & Diesel Repair,TEK,3351,22616824,1045,,,3,CARLOS,JIMENEZ,1402 MARBROOKE DR,,FULTON,MO,65251-1361
Sneller Tire Auto & Diesel Repair,TEK,3351,22620511,1045,,,9,TERRA,SMITH,207 W 7TH ST,,FULTON,MO,65251-2605
Sneller Tire Auto & Diesel Repair,TEK,3351,22617501,1045,,,3,EMMA,TOMPKINS,150 LINDENWOOD PL,,HOLTS SUMMIT,MO,65043-1646
Sneller Tire Auto & Diesel Repair,TEK,3351,22619040,1045,,,3,MAISEY,PAPE,822 HIGH ST,,FULTON,MO,65251-2104
Sneller Tire Auto & Diesel Repair,TEK,3351,22618685,1045,,,3,MAC,MACARI,4810 COUNTY ROAD 306,,FULTON,MO,65251-5432
Sneller Tire Auto & Diesel Repair,TEK,3351,22618446,1045,,,3,AMANDA,HUTCHINSON,5362 COUNTY ROAD 101,,FULTON,MO,65251-5555
Sneller Tire Auto & Diesel Repair,TEK,3351,22621049,1045,,,9,RICHARD,MARTINEZ JR,551 COLLIER LN,,FULTON,MO,65251-1341
Sneller Tire Auto & Diesel Repair,TEK,3351,22620576,1045,,,9,JADE,DEVILLE,1007 BOULDER CT,,FULTON,MO,65251-1293
Sneller Tire Auto & Diesel Repair,TEK,3351,22617653,1045,,,9,ROZ,BRYD,1512 MONROE ST,,FULTON,MO,65251-1060
Sneller Tire Auto & Diesel Repair,TEK,3351,22618841,1045,,,9,DYSON,MOFFITT,126 N VENTURA AVE APT A,,JEFFERSON CITY,MO,65109-7324
Sneller Tire Auto & Diesel Repair,TEK,3351,22619330,1045,,,9,MARISA,BERTANI,17785 COTTONWOOD LN,,MONTICELLO,IA,52310-7592
Sneller Tire Auto & Diesel Repair,TEK,3351,22618770,1045,,,9,WILLIAM,BUNTING,7549 COUNTY ROAD 347,,NEW BLOOMFIELD,MO,65063-1009
Sneller Tire Auto & Diesel Repair,TEK,3351,22617723,1045,,,9,MIKE,GERLING,4157 COUNTY ROAD 318,,FULTON,MO,65251-6501
Sneller Tire Auto & Diesel Repair,TEK,3351,22619946,1045,,,3,CONNIE,WILLENBURG,8165 POOR FARM RD,,FULTON,MO,65251-7007
Sneller Tire Auto & Diesel Repair,TEK,3351,22619419,1045,,,3,BILL,CROWDER,903 S RAVINE ST,,FULTON,MO,65251-1460
Sneller Tire Auto & Diesel Repair,TEK,3351,27852541,1045,,,3,SHAY,LEAKE,1 UNIVERSITY AVE,,FULTON,MO,65251-2388
Sneller Tire Auto & Diesel Repair,TEK,3351,22619096,1045,,,3,BRITTANY,SKONECKI,3924 STATE ROAD HH,,FULTON,MO,65251-3223
Sneller Tire Auto & Diesel Repair,TEK,3351,28450115,1045,,,3,BLAKE,SMITH,5121 COMMERCIAL DR,,COLUMBIA,MO,65203-7293
Sneller Tire Auto & Diesel Repair,TEK,3351,29649779,1045,,,9,KELSEY,HAMMACK,1 UNIVERSITY AVE,BOX 4330,FULTON,MO,65251-2388
Sneller Tire Auto & Diesel Repair,TEK,3351,30322770,1045,,,9,Charles,Winscott,1327 GLENSTONE DR,,FULTON,MO,65251-1310
Sneller Tire Auto & Diesel Repair,TEK,3351,30641137,1045,,,9,RYAN,FOLEY,1672 COUNTY ROAD 382,,HOLTS SUMMIT,MO,65043-1009
Sneller Tire Auto & Diesel Repair,TEK,3351,22620253,1045,,,3,BILL,BUNTING,7549 COUNTY ROAD 347,,NEW BLOOMFIELD,MO,65063-1009
Sneller Tire Auto & Diesel Repair,TEK,3351,30177583,1045,,,3,Timothy,Michalek,1307 WESTVIEW ST APT 1,,FULTON,MO,65251-5491
Sneller Tire Auto & Diesel Repair,TEK,3351,22618363,1045,,,3,CRAIG,KOVALCHECK,7850 STATE ROAD NN,,FULTON,MO,65251-6649
Sneller Tire Auto & Diesel Repair,TEK,3351,31639789,1045,,,9,DEREK,FARRAH,4856 EBERSOLE LOOP,,FULTON,MO,65251-6275
Sneller Tire Auto & Diesel Repair,TEK,3351,23529111,1045,,,9,CALEB,GARWOOD,8564 SANDSTONE DR,,NEW BLOOMFIELD,MO,65063-1280
Sneller Tire Auto & Diesel Repair,TEK,3351,22619836,1045,,,9,KEIRAH,RUSTEMEYER,319 OAK ST,,MOKANE,MO,65059-1330
Sneller Tire Auto & Diesel Repair,TEK,3351,22618741,1045,,,3,ANNA,LOWRY,1374 ERIK PL,,FULTON,MO,65251-2928
Sneller Tire Auto & Diesel Repair,TEK,3351,33160835,1045,,,9,AMBER,CAMP,10668 PLATINUM RD,,NEW BLOOMFIELD,MO,65063-1682
Sneller Tire Auto & Diesel Repair,TEK,3351,22617743,1045,,,3,JEN,LONG,235 NORTHSTAR DR APT F,,HOLTS SUMMIT,MO,65043-1182
Sneller Tire Auto & Diesel Repair,TEK,3351,29218692,1045,,,9,ANDREW,HICKS,1109 SINGER LN,,FULTON,MO,65251-1326
Sneller Tire Auto & Diesel Repair,TEK,3351,34667337,1045,,,3,SASSY,PONDER,8313 REPPER RIDGE RD,,NEW BLOOMFIELD,MO,65063-1051
Sneller Tire Auto & Diesel Repair,TEK,3351,29186557,1045,,,9,DEAN,SPEASE,7636 NEW HOPE LN,,FULTON,MO,65251-5271
Sneller Tire Auto & Diesel Repair,TEK,3351,34994288,1045,,,3,CAROLINE,CASE,11420 VALLEY VIEW CT,,HOLTS SUMMIT,MO,65043-2528
Sneller Tire Auto & Diesel Repair,TEK,3351,35853462,1045,,,9,BECKY,WRIGHT,206 PRAIRIE ST,,AUXVASSE,MO,65231-1615
Sneller Tire Auto & Diesel Repair,TEK,3351,36001490,1045,,,3,GRIFFIN,DILKS,5411 W 80TH TER,,PRAIRIE VILLAGE,KS,66208-4918
Sneller Tire Auto & Diesel Repair,TEK,3351,22620951,1045,,,9,KAYDENCE,HARVEY,1925 LAKEVIEW DR,,FULTON,MO,65251-5577
Sneller Tire Auto & Diesel Repair,TEK,3351,35893678,1045,,,3,SHKUMBIN,IMERI,449 SABRE CIR,,FULTON,MO,65251-4009
Sneller Tire Auto & Diesel Repair,TEK,3351,33246802,1045,,,9,COTY,JACKSON,1378 JESSICA LN,,FULTON,MO,65251-2943
Sneller Tire Auto & Diesel Repair,TEK,3351,36264547,1045,,,3,TANA,DAHAL,9360 ERIN DR,,CINCINNATI,OH,45251-2415
Sneller Tire Auto & Diesel Repair,TEK,3351,36280298,1045,,,9,MELISSA,JACKSON,7543 COUNTY ROAD 405,,FULTON,MO,65251-6747
Sneller Tire Auto & Diesel Repair,TEK,3351,36350963,1045,,,3,ZINA,SMILEY,4423 GREGORY RD,ZINASMILEY@GMAIL COM,WILLIAMSBURG,MO,63388-1523
Sneller Tire Auto & Diesel Repair,TEK,3351,36623936,1045,,,9,ALISA,HOFF,705 W CHESTNUT ST,,FULTON,MO,65251-1253
Sneller Tire Auto & Diesel Repair,TEK,3351,22620286,1045,,,3,MARA,DOWLING,407 W 14TH ST,,FULTON,MO,65251-1065
