Shop Name,Software,SID,CID,WSID,WCID,MBdayMo,TBdayMo,First,Last,Address,Address2,City,St,Zip
TOS Auto Repair,TEK,4120,21343663,1049,,9,,Windy,Hanzalik,5419 CANFIELD AVE,,CARMICHAEL,CA,95608-3210
TOS Auto Repair,TEK,4120,21352531,1049,,9,,Rick,Del Rio,4937 OLIVE OAK WAY,,CARMICHAEL,CA,95608-5659
TOS Auto Repair,TEK,4120,21342345,1049,,9,,Austen,Jones,9645 PINEHURST DR,,ROSEVILLE,CA,95747-6336
TOS Auto Repair,TEK,4120,21334546,1049,,9,,Nicole,French,4140 STOWE WAY,,SACRAMENTO,CA,95864-6058
TOS Auto Repair,TEK,4120,21343889,1049,,9,,Tim,Hodges,15589 ORCHARD SPRINGS RD,,GRASS VALLEY,CA,95945-7952
TOS Auto Repair,TEK,4120,21351468,1049,,9,,Kenyotta,Galloway,PO BOX 214324,,SACRAMENTO,CA,95821-0324
TOS Auto Repair,TEK,4120,21342801,1049,,9,,Will,Hodgkins,5646 VEGA CT,,CARMICHAEL,CA,95608-2340
TOS Auto Repair,TEK,4120,21333987,1049,,9,,Mark,Lehre,2401 HURLEY WAY,,SACRAMENTO,CA,95825-3608
TOS Auto Repair,TEK,4120,21337846,1049,,9,,Unichelle,Laygui,6944 RANCH HOUSE WAY,,CITRUS HEIGHTS,CA,95621-3330
TOS Auto Repair,TEK,4120,21344790,1049,,9,,Devin,Mc Brayer,5925 RANGER WAY,,CARMICHAEL,CA,95608-1834
TOS Auto Repair,TEK,4120,21346379,1049,,9,,Al,Heidtman,1005 ENTRADA RD,,SACRAMENTO,CA,95864-5315
TOS Auto Repair,TEK,4120,21335826,1049,,9,,Liane,Hopkins,1172 HAVERHILL ST,,WEST SACRAMENTO,CA,95691-3635
TOS Auto Repair,TEK,4120,21347203,1049,,9,,Desi,Rodriguez,8830 YARMOUTH CT,,ELK GROVE,CA,95624-3028
TOS Auto Repair,TEK,4120,21354083,1049,,9,,Joe,Magbitang,7660 CAPRICORN DR,,CITRUS HEIGHTS,CA,95610-7544
TOS Auto Repair,TEK,4120,21341796,1049,,09,,Marcus,Bergman,6016 ATOLL CT,,CITRUS HEIGHTS,CA,95621-6325
TOS Auto Repair,TEK,4120,21342936,1049,,9,,Steve,Agee,6755 LINDA SUE WAY,,FAIR OAKS,CA,95628-3056
TOS Auto Repair,TEK,4120,21349349,1049,,9,,Lynn,Drab,461 BRENNEN CIR,,ROSEVILLE,CA,95678-5939
TOS Auto Repair,TEK,4120,21348841,1049,,9,,Richard,Boggs,390 MILL VALLEY CIR N,,SACRAMENTO,CA,95835-2172
TOS Auto Repair,TEK,4120,21343823,1049,,9,,Steffanie,Adams,7927 AMALFI WAY,,FAIR OAKS,CA,95628-5902
TOS Auto Repair,TEK,4120,21344375,1049,,9,,Jason,Grate,5869 SHARPS CIR,,CARMICHAEL,CA,95608-0145
TOS Auto Repair,TEK,4120,21345057,1049,,9,,Leanna,Okoegwale,2963 OTTUMWA DR,,SACRAMENTO,CA,95835-1815
TOS Auto Repair,TEK,4120,21352546,1049,,9,,Cynthia,Jaynes,3830 EL CAMINO AVE,,SACRAMENTO,CA,95821-6520
TOS Auto Repair,TEK,4120,21346843,1049,,9,,Aaron,Backstrom,8434 WALERGA RD,,ANTELOPE,CA,95843-5056
TOS Auto Repair,TEK,4120,21352941,1049,,9,,Malia,Robinson,10741 FAIR OAKS BLVD APT 5,,FAIR OAKS,CA,95628-7294
TOS Auto Repair,TEK,4120,21349367,1049,,9,,Abel,Lopez,1830 WENTWORTH AVE,,SACRAMENTO,CA,95822-1923
TOS Auto Repair,TEK,4120,21353591,1049,,9,,Janelle,Ramirez,5920 SHADOW OAK DR,,CITRUS HEIGHTS,CA,95621-6338
TOS Auto Repair,TEK,4120,21339485,1049,,9,,Noah,Bentley,PO BOX 4124,,EL DORADO HILLS,CA,95762-0013
TOS Auto Repair,TEK,4120,21354003,1049,,9,,Barbara,Nightingale,6476 LAGUNA MIRAGE LN,,ELK GROVE,CA,95758-5463
TOS Auto Repair,TEK,4120,21353534,1049,,09,,Shannon,McGill,6901 BLUE DUCK WAY,,SACRAMENTO,CA,95842-1814
TOS Auto Repair,TEK,4120,21353950,1049,,9,,Liz,Rice,3817 REGENT RD,,SACRAMENTO,CA,95821-3715
TOS Auto Repair,TEK,4120,21345950,1049,,9,,Enrique,Santeno,101 ARCADE BLVD,,SACRAMENTO,CA,95815-1003
TOS Auto Repair,TEK,4120,21331435,1049,,09,,Enrique,Leal,6868 DONERAIL DR,,SACRAMENTO,CA,95842-1948
TOS Auto Repair,TEK,4120,21348588,1049,,9,,Salvador,Guzman,9423 BEAVERTON CT,,ELK GROVE,CA,95624-6021
TOS Auto Repair,TEK,4120,21351191,1049,,9,,Bethany,Rushton,303 BRIMFIELD CT,,ROSEVILLE,CA,95747-6404
TOS Auto Repair,TEK,4120,21341414,1049,,9,,Harvey,Marrow,6850 HIDDEN BROOK LN,,CITRUS HEIGHTS,CA,95621-8373
TOS Auto Repair,TEK,4120,21336539,1049,,9,,Don,Mcfadden,PO BOX 22308,,SACRAMENTO,CA,95822-0308
TOS Auto Repair,TEK,4120,21333634,1049,,9,,Warren,Gutierrez,6830 WALERGA RD APT 160,,SACRAMENTO,CA,95842-1889
TOS Auto Repair,TEK,4120,21347000,1049,,9,,Albert,Ortins,4816 CORY CT,,CARMICHAEL,CA,95608-3518
TOS Auto Repair,TEK,4120,21342283,1049,,9,,Subhash,Bansal,3207 GARFIELD AVE,,CARMICHAEL,CA,95608-3710
TOS Auto Repair,TEK,4120,21343264,1049,,09,,Gwen,Henry,3941 MINNESOTA AVE,,FAIR OAKS,CA,95628-7319
TOS Auto Repair,TEK,4120,21347250,1049,,9,,Brent,Ramos,3223 HASKELL WAY,,EL DORADO HILLS,CA,95762-8010
TOS Auto Repair,TEK,4120,21333899,1049,,9,,Jennifer,Molino,3828 FENWAY CIR,,ROCKLIN,CA,95677-4058
TOS Auto Repair,TEK,4120,21352141,1049,,9,,Jerran,Bangasan,4950 HACKBERRY LN APT 32,,SACRAMENTO,CA,95841-4702
TOS Auto Repair,TEK,4120,21353678,1049,,9,,Mary,Silva,5535 DELROSE CT,,CARMICHAEL,CA,95608-4799
TOS Auto Repair,TEK,4120,21330680,1049,,9,,Elizabeth,Mower,2670 BARBERA WAY,,RANCHO CORDOVA,CA,95670-3742
TOS Auto Repair,TEK,4120,21348244,1049,,9,,Paige,Carnes,3110 TAMWORTH WAY,,SACRAMENTO,CA,95833-2636
TOS Auto Repair,TEK,4120,21342739,1049,,9,,Nick,Kleckner,3140 ARDENRIDGE DR,,SACRAMENTO,CA,95864-7704
TOS Auto Repair,TEK,4120,21347868,1049,,9,,Maria Jose,Contreras,953 KING GEORGE WAY,,EL DORADO HILLS,CA,95762-4114
TOS Auto Repair,TEK,4120,21346937,1049,,9,,Patrick,Holland,5700 AUBURN BLVD SPC 4,,SACRAMENTO,CA,95841-2942
TOS Auto Repair,TEK,4120,21336206,1049,,9,,Evelyn,Gonzales,7017 LA CUESTA LN,,CITRUS HEIGHTS,CA,95621-4207
TOS Auto Repair,TEK,4120,21335613,1049,,9,,Teresa,Thompson,5557 EAGLE VIEW WAY,,SACRAMENTO,CA,95842-2159
TOS Auto Repair,TEK,4120,21346980,1049,,9,,John,Lester,9572 LAKE NATOMA DR,,ORANGEVALE,CA,95662-5041
TOS Auto Repair,TEK,4120,21343429,1049,,9,,Mary,Allard,5960 S LAND PARK DR,,SACRAMENTO,CA,95822-3313
TOS Auto Repair,TEK,4120,21352155,1049,,9,,Eric,Deen,5816 OAK PLACE CT,,FAIR OAKS,CA,95628-2966
TOS Auto Repair,TEK,4120,21351201,1049,,9,,Perry,Starbuck,3540 COMSTOCK WAY,,CARMICHAEL,CA,95608-2945
TOS Auto Repair,TEK,4120,21352414,1049,,9,,Doug,Ahmann,3737 ISKENDERUN AVE,,SACRAMENTO,CA,95834-7612
TOS Auto Repair,TEK,4120,21352292,1049,,9,,Xavana,Jones,2701 GREYMERE WAY,,SACRAMENTO,CA,95833-2016
TOS Auto Repair,TEK,4120,21351078,1049,,9,,Alicia,Domingo,2016 CULVERHILL WAY,,ROSEVILLE,CA,95747-8805
TOS Auto Repair,TEK,4120,21336233,1049,,9,,Tyler,Clem,4456 MARY LYNN LN,,CARMICHAEL,CA,95608-1474
TOS Auto Repair,TEK,4120,21351425,1049,,9,,Andre,Green,2980 66TH AVE,,SACRAMENTO,CA,95822-5427
TOS Auto Repair,TEK,4120,21345179,1049,,9,,Dottie,Avila,4980 CREEK VIEW WAY,,SACRAMENTO,CA,95841-3006
TOS Auto Repair,TEK,4120,21349096,1049,,9,,Jackie,Clauson,5837 WOODLEIGH DR,,CARMICHAEL,CA,95608-0118
TOS Auto Repair,TEK,4120,21351175,1049,,9,,Dave,Stotyn,4518 CHARLESTON DR,,CARMICHAEL,CA,95608-1529
TOS Auto Repair,TEK,4120,21333703,1049,,9,,Noelle,Carter,7150 SUTTER AVE,,CARMICHAEL,CA,95608-2856
TOS Auto Repair,TEK,4120,21330842,1049,,9,,Destiny,Bullock,5805 PALM AVE APT 212,,SACRAMENTO,CA,95841-2959
TOS Auto Repair,TEK,4120,21342207,1049,,9,,Tabetha,Smith,4517 PENWITH WAY,,NORTH HIGHLANDS,CA,95660-3924
TOS Auto Repair,TEK,4120,21346411,1049,,9,,Renee,Hansen,7100 CEDAR GARDEN CT,,CITRUS HEIGHTS,CA,95621-5625
TOS Auto Repair,TEK,4120,21353379,1049,,9,,Hugh,Mowery,4825 9TH AVE,,SACRAMENTO,CA,95820-1520
TOS Auto Repair,TEK,4120,21352048,1049,,9,,Quinnie,Dunbar,2713 NORMINGTON DR,,SACRAMENTO,CA,95833-2138
TOS Auto Repair,TEK,4120,21344694,1049,,9,,Laurie,Castaneda,200 DEL VERDE CIR UNIT 6,,SACRAMENTO,CA,95833-3009
TOS Auto Repair,TEK,4120,21348559,1049,,9,,Saul,De La Torre,125 LINDLEY DR,,SACRAMENTO,CA,95815-1019
TOS Auto Repair,TEK,4120,21335802,1049,,09,,Lloyd,Burkholder,2165 SHIELAH WAY,,SACRAMENTO,CA,95822-2126
TOS Auto Repair,TEK,4120,21342152,1049,,9,,Kerry,Braggs,4120 SADEK WAY,,FAIR OAKS,CA,95628-6755
TOS Auto Repair,TEK,4120,21343997,1049,,9,,Mitzi,Copenhaver,4031 TRIPLETT CT,,CARMICHAEL,CA,95608-6627
TOS Auto Repair,TEK,4120,21351908,1049,,09,,Richard,Poppert,7456 AUTUMN AVE,,CITRUS HEIGHTS,CA,95621-1302
TOS Auto Repair,TEK,4120,21352272,1049,,9,,Susan,Watson,2310 ROSE ARBOR DR,,SACRAMENTO,CA,95835-2174
TOS Auto Repair,TEK,4120,21350762,1049,,9,,Carl,Parmenter,7748 WOODCHUCK WAY,,CITRUS HEIGHTS,CA,95610-2542
TOS Auto Repair,TEK,4120,21348314,1049,,9,,Bev,Ladouceur,4202 RIMINI WAY,,EL DORADO HILLS,CA,95762-5489
TOS Auto Repair,TEK,4120,21343175,1049,,9,,Jonathan,Green,4111 DENA WAY,,SACRAMENTO,CA,95821-3057
TOS Auto Repair,TEK,4120,21350173,1049,,9,,Eric,Phillips,9085 YUHRE CT,,ELK GROVE,CA,95758-5235
TOS Auto Repair,TEK,4120,21331206,1049,,9,,James,Sanders,7641 WALNUT DR,,CITRUS HEIGHTS,CA,95610-1403
TOS Auto Repair,TEK,4120,21353343,1049,,9,,Josh,Mactzul,1153 RIVARA CIR,,SACRAMENTO,CA,95864-3720
TOS Auto Repair,TEK,4120,21342595,1049,,9,,Earl,Varnado,7923 SUNRISE BLVD APT 2101,,CITRUS HEIGHTS,CA,95610-1567
TOS Auto Repair,TEK,4120,21352446,1049,,9,,Scott,Wright,5515 PACIFIC ST,,ROCKLIN,CA,95677-4805
TOS Auto Repair,TEK,4120,21343769,1049,,9,,Will,Wright,3117 BIRCH ST,,CARMICHAEL,CA,95608-3605
TOS Auto Repair,TEK,4120,21347275,1049,,9,,Jackie,Shandy,4417 SURITA ST,,SACRAMENTO,CA,95864-3109
TOS Auto Repair,TEK,4120,21344341,1049,,9,,Laurel,Prior,3796 S CALLE RAMBLES,,GREEN VALLEY,AZ,85614-5702
TOS Auto Repair,TEK,4120,21344851,1049,,9,,Larry,Brown,5728 SHADOW CREEK DR APT 4,,SACRAMENTO,CA,95841-3211
TOS Auto Repair,TEK,4120,21347154,1049,,9,,John,Baxter,5529 BOYD RD,,ROME,NY,13440-7803
TOS Auto Repair,TEK,4120,21344984,1049,,9,,Pam,Carlsen,3909 FARGO WAY,,NORTH HIGHLANDS,CA,95660-3715
TOS Auto Repair,TEK,4120,21351352,1049,,9,,Kenneth,Araldi,338 AVE DE LA COULEURS,,SPARKS,NV,89434-9547
TOS Auto Repair,TEK,4120,21347298,1049,,9,,Daniela,Dumitras,9860 DE REE RD,,LIVE OAK,CA,95953-9413
TOS Auto Repair,TEK,4120,21346810,1049,,9,,Manuel,Alvarado,8815 KENTSHIRE WAY,,SACRAMENTO,CA,95828-6177
TOS Auto Repair,TEK,4120,21341557,1049,,09,,Mireya,Ambriz,20300 SE MORRISON TER APT 2099,,GRESHAM,OR,97030-2276
TOS Auto Repair,TEK,4120,21341150,1049,,9,,Eric,White,6009 RUTLAND DR,,CARMICHAEL,CA,95608-0501
TOS Auto Repair,TEK,4120,21343409,1049,,9,,Devon,Dance,408 TALON REACH CT,,ROSEVILLE,CA,95747-7107
TOS Auto Repair,TEK,4120,21341714,1049,,9,,George,Faggella,4135 WHITNEY AVE,,SACRAMENTO,CA,95821-3230
TOS Auto Repair,TEK,4120,21352910,1049,,9,,Karen,Newton,2102 11TH AVE APT 3,,SACRAMENTO,CA,95818-4353
TOS Auto Repair,TEK,4120,21353482,1049,,9,,Barbara,Woodmansee,2025 VESTA WAY,,SACRAMENTO,CA,95864-0836
TOS Auto Repair,TEK,4120,21336076,1049,,9,,Rich,Piffereitti,11806 MELONES CIR,,GOLD RIVER,CA,95670-7736
TOS Auto Repair,TEK,4120,21348900,1049,,9,,John,Van Driel,6210 GLADEMONT CT,,CARMICHAEL,CA,95608-3939
TOS Auto Repair,TEK,4120,21337641,1049,,9,,Jerry,Clark,PO BOX 19064,,SACRAMENTO,CA,95819-0064
TOS Auto Repair,TEK,4120,21347079,1049,,9,,Deandra,Hunigan,4404 NORWOOD AVE APT 16,,SACRAMENTO,CA,95838-2260
TOS Auto Repair,TEK,4120,21350778,1049,,9,,Krishna,Monell,5203 FAWN CROSSING WAY,,ANTELOPE,CA,95843-4650
TOS Auto Repair,TEK,4120,21345369,1049,,9,,Tim,Hannon,7530 EASTGATE AVE,,CITRUS HEIGHTS,CA,95610-7436
TOS Auto Repair,TEK,4120,21345367,1049,,09,,Megan,Berna,913 ADORA CIR,,ROSEVILLE,CA,95678-4406
TOS Auto Repair,TEK,4120,21338548,1049,,9,,Tariq,Khan,3328 RIO LINDA BLVD,,SACRAMENTO,CA,95838-4337
TOS Auto Repair,TEK,4120,21335621,1049,,9,,James,Bizallion,6213 COYLE AVE,,CARMICHAEL,CA,95608-0434
TOS Auto Repair,TEK,4120,21335792,1049,,9,,Linda,Morgan,5601 PRY CT,,SACRAMENTO,CA,95841-2229
TOS Auto Repair,TEK,4120,21347089,1049,,9,,Scott,Sumner,PO BOX 446,,WEST JORDAN,UT,84084-0446
TOS Auto Repair,TEK,4120,21343653,1049,,9,,Harold,Jones,4009 BIRCHGROVE WAY,,SACRAMENTO,CA,95826-5408
TOS Auto Repair,TEK,4120,21340798,1049,,9,,Shaun,Schondelmayer,1118 BROOKLINE CIR,,ROSEVILLE,CA,95747-7538
TOS Auto Repair,TEK,4120,21336015,1049,,9,,Jay,Jolly,6131 HALL LN,,CARMICHAEL,CA,95608-6404
TOS Auto Repair,TEK,4120,21342857,1049,,9,,Dustin,Huiting,8321 HOLLY DR,,CITRUS HEIGHTS,CA,95610-0322
TOS Auto Repair,TEK,4120,21343052,1049,,09,,Camille,Burrell,4930 POLK ST APT 13,,NORTH HIGHLANDS,CA,95660-5217
TOS Auto Repair,TEK,4120,21342398,1049,,9,,Enrique,Romero,200 WAUNITA WAY,,SACRAMENTO,CA,95838-2538
TOS Auto Repair,TEK,4120,21341618,1049,,9,,Steve,Watters,139 BLAKESLEE WAY,,FOLSOM,CA,95630-4629
TOS Auto Repair,TEK,4120,21331008,1049,,9,,Omar,Cortez,8656 DAIMLER WAY,,SACRAMENTO,CA,95828-5858
TOS Auto Repair,TEK,4120,21343770,1049,,9,,Doreen,O'toole,7230 RAINTREE DR,,CITRUS HEIGHTS,CA,95621-3773
TOS Auto Repair,TEK,4120,21345849,1049,,9,,Michelle,Hallsten,3380 SIERRA OAKS DR,,SACRAMENTO,CA,95864-5729
TOS Auto Repair,TEK,4120,21351884,1049,,9,,Paul,Caspar,7449 GARDEN GATE DR,,CITRUS HEIGHTS,CA,95621-1907
TOS Auto Repair,TEK,4120,21344719,1049,,9,,Allen,Tafoya,3300 INVERNESS CT,,SACRAMENTO,CA,95821-3930
TOS Auto Repair,TEK,4120,21354088,1049,,9,,John,Hundley,7609 COMMONWEALTH DR,,ANTELOPE,CA,95843-2314
TOS Auto Repair,TEK,4120,21338204,1049,,9,,Mark,Dewitt,6312 PENNYROYAL WAY,,CARMICHAEL,CA,95608-0750
TOS Auto Repair,TEK,4120,21343913,1049,,9,,Peterson,Staci,9350 RIDGESIDE LN,,ORANGEVALE,CA,95662-4919
TOS Auto Repair,TEK,4120,21353139,1049,,9,,Bill,Paul,1300 PEMBROKE WAY,,DIXON,CA,95620-2441
TOS Auto Repair,TEK,4120,21330885,1049,,9,,Dominique,Le Doux,5443 BRIDGE CREEK LN,,CARMICHAEL,CA,95608-3280
TOS Auto Repair,TEK,4120,21340428,1049,,9,,Hope,Turk,4200 E COMMERCE WAY UNIT 2411,,SACRAMENTO,CA,95834-9662
TOS Auto Repair,TEK,4120,21337690,1049,,9,,Jeff,Perry,1928 I ST,,RIO LINDA,CA,95673-4522
TOS Auto Repair,TEK,4120,21334454,1049,,9,,Townley,Saye,4128 WESTPORTER DR,,SACRAMENTO,CA,95826-5442
TOS Auto Repair,TEK,4120,21335664,1049,,9,,Mark,Espinoza,6343 VILLA DR,,SACRAMENTO,CA,95842-2850
TOS Auto Repair,TEK,4120,21344056,1049,,9,,Sladan,Mastilovic,6205 CHARWOOD LN,,CITRUS HEIGHTS,CA,95621-5212
TOS Auto Repair,TEK,4120,21344329,1049,,9,,Tom,Gomez,900 COTTRELL CT,,GALT,CA,95632-3146
TOS Auto Repair,TEK,4120,21340331,1049,,9,,Charles,Williams,5624 GITTA RIA CT,,CITRUS HEIGHTS,CA,95610-7915
TOS Auto Repair,TEK,4120,21344276,1049,,9,,Barbara,Messmer,1852 HIDDEN VIEW LN,,ROSEVILLE,CA,95661-5834
TOS Auto Repair,TEK,4120,21331438,1049,,9,,Brenda,Johnson,7729 LAS LILAS CT,,CITRUS HEIGHTS,CA,95621-1722
TOS Auto Repair,TEK,4120,21343794,1049,,9,,Hal,Miller,6675 CONTINENTAL CIR SE,,SALEM,OR,97306-1484
TOS Auto Repair,TEK,4120,21338074,1049,,9,,Chase,Gschweng,8020 HIDDEN VIEW CIR,,FAIR OAKS,CA,95628-5942
TOS Auto Repair,TEK,4120,21338219,1049,,9,,Curt,Menn,7178 SUNSET AVE,,FAIR OAKS,CA,95628-4550
TOS Auto Repair,TEK,4120,21340342,1049,,9,,Greg,Weisman,740 COIBION CT,,ROSEVILLE,CA,95678-1345
TOS Auto Repair,TEK,4120,21341693,1049,,9,,Paul,Ybarra,8358 OAKWOOD HILLS CIR,,CITRUS HEIGHTS,CA,95610-0850
TOS Auto Repair,TEK,4120,21346498,1049,,9,,Nelson,Jacinto,9260 LOMA LN,,ORANGEVALE,CA,95662-4216
TOS Auto Repair,TEK,4120,21340136,1049,,09,,Mike,Broekhoven,8956 EL MIRADOR DR,,ELK GROVE,CA,95624-2302
TOS Auto Repair,TEK,4120,21338949,1049,,9,,Steve,Harper,7112 FORBS WAY,,CITRUS HEIGHTS,CA,95610-4017
TOS Auto Repair,TEK,4120,21350046,1049,,9,,Sandra,Bell,8121 COOK RIOLO RD,,ANTELOPE,CA,95843-3902
TOS Auto Repair,TEK,4120,21342851,1049,,9,,Brenda,Genera,7041 LYNNETREE WAY,,CITRUS HEIGHTS,CA,95610-3931
TOS Auto Repair,TEK,4120,21337559,1049,,9,,Amy,Puthuff,6978 ESCALLONIA DR,,CITRUS HEIGHTS,CA,95610-3357
TOS Auto Repair,TEK,4120,21347872,1049,,9,,Frank,Lockhart,8650 FARLEY WAY,,FAIR OAKS,CA,95628-5353
TOS Auto Repair,TEK,4120,21352834,1049,,9,,Sandy,Martin,7924 LESSER WAY,,CITRUS HEIGHTS,CA,95621-1205
TOS Auto Repair,TEK,4120,21347087,1049,,9,,Alyssa,Sanchez,610 LEAVENWORTH ST,,SAN FRANCISCO,CA,94109-7576
TOS Auto Repair,TEK,4120,21349651,1049,,9,,Andy,Failla,6447 MONTEZ CT,,CITRUS HEIGHTS,CA,95621-4355
TOS Auto Repair,TEK,4120,21348969,1049,,9,,Alfredo,Saldivar,4293 STROMFORD WAY,,MATHER,CA,95655-3003
TOS Auto Repair,TEK,4120,21336147,1049,,9,,Sandra,Kristensen,5211 RIDGEVINE WAY,,FAIR OAKS,CA,95628-3620
TOS Auto Repair,TEK,4120,21339708,1049,,9,,James,Andersen,2341 VEHICLE DR,,RANCHO CORDOVA,CA,95670-2858
TOS Auto Repair,TEK,4120,21352885,1049,,9,,Patrick,Diejeoman,7312 HAMERBEE CT,,SACRAMENTO,CA,95842-1519
TOS Auto Repair,TEK,4120,21339065,1049,,9,,Jeffrey,Dent,4718 OAKBOUGH WAY,,CARMICHAEL,CA,95608-1155
TOS Auto Repair,TEK,4120,21343510,1049,,9,,Aly,Pesch,6556 PACHECO WAY,,CITRUS HEIGHTS,CA,95610-4557
TOS Auto Repair,TEK,4120,21339615,1049,,9,,Stephanie,Medrano,300 CIRBY HILLS DR APT 112,,ROSEVILLE,CA,95678-4363
TOS Auto Repair,TEK,4120,21336412,1049,,9,,Dale,Herrington,7020 BUGGY WHIP LN,,ROSEVILLE,CA,95747-8062
TOS Auto Repair,TEK,4120,22030153,1049,,9,,Marcus,Windham,5979 DEVECCHI AVE APT 97,,CITRUS HEIGHTS,CA,95621-6073
TOS Auto Repair,TEK,4120,21685978,1049,,9,,Jason,Sutter,9950 GRANITE CREST CT,,GRANITE BAY,CA,95746-6772
TOS Auto Repair,TEK,4120,22809093,1049,,9,,Douglas,Koeppl,8924 PERSHING AVE,,ORANGEVALE,CA,95662-4628
TOS Auto Repair,TEK,4120,21352060,1049,,09,,Morgan,Enright,7410 SANDY POINT BEACH RD NE,,OLYMPIA,WA,98516-9135
TOS Auto Repair,TEK,4120,22665311,1049,,9,,Stephen,Miller,4327 WENDOVER CT,,FAIR OAKS,CA,95628-5900
TOS Auto Repair,TEK,4120,21351145,1049,,09,,Robert,Lancaster,6905 SEA DUCK CT,,SACRAMENTO,CA,95842-1835
TOS Auto Repair,TEK,4120,23905339,1049,,9,,Jerry,Abney,8132 BRIAR RIDGE LN,,CITRUS HEIGHTS,CA,95610-7952
TOS Auto Repair,TEK,4120,24041783,1049,,9,,Teri,Clark,2112 EDITH ST,,SACRAMENTO,CA,95864-0711
TOS Auto Repair,TEK,4120,24076659,1049,,9,,Cory,Lourick,190 PICASSO CIR,,SACRAMENTO,CA,95835-2646
TOS Auto Repair,TEK,4120,21348882,1049,,9,,Sean,Gilbert,2949 GUNN RD,,CARMICHAEL,CA,95608-4306
TOS Auto Repair,TEK,4120,25910645,1049,,09,,Anne,Rounsville,7866 GAZELLE TRAIL WAY,,ANTELOPE,CA,95843-4638
TOS Auto Repair,TEK,4120,21338037,1049,,9,,Carol,Jurkovich,6549 MISTY CREEK DR,,CITRUS HEIGHTS,CA,95621-1863
TOS Auto Repair,TEK,4120,26193409,1049,,09,,Hank,Mukhtar,1017 OLDENBURG WAY,,ROSEVILLE,CA,95747-4175
TOS Auto Repair,TEK,4120,26150151,1049,,09,,Tuese,Rodriguez,330 MOREY AVE,,SACRAMENTO,CA,95838-3224
TOS Auto Repair,TEK,4120,27109912,1049,,09,,Greg,Merchant,4351 SYCAMORE AVE,,SACRAMENTO,CA,95841-4505
TOS Auto Repair,TEK,4120,21347862,1049,,9,,Scott,Hamilton,450 FORASTERA CIR,,SACRAMENTO,CA,95834-2709
TOS Auto Repair,TEK,4120,28317981,1049,,09,,Francisco,Padilla,3741 33RD ST,,SACRAMENTO,CA,95820-1215
TOS Auto Repair,TEK,4120,28453549,1049,,09,,Isabelle,Simental,7909 WALERGA RD # 188 # 112,,ANTELOPE,CA,95843-5727
TOS Auto Repair,TEK,4120,23393018,1049,,9,,Josh,Young,7334 HUNTINGTON SQUARE LN,,CITRUS HEIGHTS,CA,95621-4413
TOS Auto Repair,TEK,4120,21353475,1049,,9,,Mark,Snider,PO BOX 1699,,CARMICHAEL,CA,95609-1699
TOS Auto Repair,TEK,4120,21345366,1049,,9,,Tyler,Wade,9525 BUFFALO AVE,,ORANGEVALE,CA,95662-5706
TOS Auto Repair,TEK,4120,21350450,1049,,9,,Michael,Patrick,1424 DANBROOK DR,,SACRAMENTO,CA,95835-1642
TOS Auto Repair,TEK,4120,29133249,1049,,09,,Joshua,Quaye,7800 BEAUPRE WAY,,CITRUS HEIGHTS,CA,95610-4504
TOS Auto Repair,TEK,4120,21343012,1049,,09,,Andrew,CAREY,6638 PACHECO WAY,,CITRUS HEIGHTS,CA,95610-4556
TOS Auto Repair,TEK,4120,21348053,1049,,9,,Sarah,Aguilar,4115 NEW YORK AVE,,FAIR OAKS,CA,95628-7018
TOS Auto Repair,TEK,4120,30093951,1049,,09,,Rayeann,Abraham,3112 EASTERN AVE,,SACRAMENTO,CA,95821-4007
TOS Auto Repair,TEK,4120,30598652,1049,,09,,John,Crawford,5700 LANCELOT DR,,SACRAMENTO,CA,95842-2140
TOS Auto Repair,TEK,4120,31182225,1049,,09,,Melody,Van Tassell,4728 PORTO PINO WAY,,ANTELOPE,CA,95843-5644
TOS Auto Repair,TEK,4120,21353266,1049,,9,,Doug,Craig,5098 KEANE DR,,CARMICHAEL,CA,95608-6045
TOS Auto Repair,TEK,4120,21353007,1049,,9,,Demetri,Dushchak,5526 SHAVER CT,,SACRAMENTO,CA,95841-4909
TOS Auto Repair,TEK,4120,21353472,1049,,9,,Kieran,McMahon,6600 VAN MAREN LN APT 8B,,CITRUS HEIGHTS,CA,95621-4952
TOS Auto Repair,TEK,4120,32053547,1049,,09,,Mark,Hill,6229 RANIER WAY,,SACRAMENTO,CA,95842-2820
TOS Auto Repair,TEK,4120,31639466,1049,,09,,Michael,Gregory,1909 MARYAL DR,,SACRAMENTO,CA,95864-1549
TOS Auto Repair,TEK,4120,32053020,1049,,09,,Alise,Madruga,7811 MAGNOLIA AVE,,FAIR OAKS,CA,95628-7317
TOS Auto Repair,TEK,4120,21345211,1049,,9,,Alejandro,Orosco,6543 OUTLOOK DR,,CITRUS HEIGHTS,CA,95621-0106
TOS Auto Repair,TEK,4120,21330554,1049,,9,,Sarah,Jordan,4636 GIBBONS DR,,SACRAMENTO,CA,95821-3033
TOS Auto Repair,TEK,4120,21343624,1049,,9,,Donna,Holmes,8725 SOTHEBY CT,,FAIR OAKS,CA,95628-5468
TOS Auto Repair,TEK,4120,32880193,1049,,09,,Tim,Nolan,3813 CAYMAN CT,,ANTELOPE,CA,95843-4518
TOS Auto Repair,TEK,4120,21349423,1049,,9,,Tim,Lopez,1911 DOUGLAS BLVD STE 85-398,,ROSEVILLE,CA,95661-3811
TOS Auto Repair,TEK,4120,33170673,1049,,09,,Kevin,Simrin,7552 CREEKRIDGE LN,,CITRUS HEIGHTS,CA,95610-3243
TOS Auto Repair,TEK,4120,33255030,1049,,09,,Raven,Nichols,810 LAMPASAS AVE APT 1,,SACRAMENTO,CA,95815-2271
TOS Auto Repair,TEK,4120,33519538,1049,,09,,Denise,Franklin,5853 SHENANDOAH DR,,SACRAMENTO,CA,95841-2325
TOS Auto Repair,TEK,4120,33958584,1049,,09,,Michael,tahney,4512 WINJE DR,,ANTELOPE,CA,95843-6033
TOS Auto Repair,TEK,4120,21345636,1049,,9,,Jean,Nail,6334 16TH ST,,RIO LINDA,CA,95673-4531
TOS Auto Repair,TEK,4120,21338284,1049,,09,,Gary,Bell,6011 ALTA LOMA PL,,GRANITE BAY,CA,95746-5839
TOS Auto Repair,TEK,4120,21336449,1049,,9,,Randy,Keen,5904 HICKORYWOOD WAY,,CITRUS HEIGHTS,CA,95621-6334
TOS Auto Repair,TEK,4120,27119713,1049,,09,,Cortney,Stevens,7909 ROCKY POINT CT,,CITRUS HEIGHTS,CA,95610-7704
TOS Auto Repair,TEK,4120,34678937,1049,,09,,Donna,Watts,5917 SPERRY DR,,CITRUS HEIGHTS,CA,95621-6435
TOS Auto Repair,TEK,4120,21340025,1049,,9,,Ray,Cunningham,3732 RED EAGLE CT,,ANTELOPE,CA,95843-2376
TOS Auto Repair,TEK,4120,33549685,1049,,09,,Tom,Schmitz,4350 GALBRATH DR,,SACRAMENTO,CA,95842-4189
TOS Auto Repair,TEK,4120,34671082,1049,,09,,Darrel,Crete,6624 NORTHBROOK WAY,,FAIR OAKS,CA,95628-3040
TOS Auto Repair,TEK,4120,34909596,1049,,09,,Joan,Whittaker,5930 TROVILLION ST,,CITRUS HEIGHTS,CA,95621-6342
TOS Auto Repair,TEK,4120,27533015,1049,,09,,Douglas,Chapman,5935 AUBURN BLVD SPC 40,,CITRUS HEIGHTS,CA,95621-6020
TOS Auto Repair,TEK,4120,21338513,1049,,9,,Joan,Walling,4549 TERRACE DOWNS WAY,,SACRAMENTO,CA,95842-4256
TOS Auto Repair,TEK,4120,27533150,1049,,09,,Jonathan,Rego,5985 DEVECCHI AVE APT 178,,CITRUS HEIGHTS,CA,95621-6077
TOS Auto Repair,TEK,4120,35602617,1049,,09,,Linda,Robinson,2541 AIMONETTI AVE,,SACRAMENTO,CA,95833-4432
TOS Auto Repair,TEK,4120,21352018,1049,,9,,Devon,Sanders,7740 WATT AVE,,ANTELOPE,CA,95843-2256
TOS Auto Repair,TEK,4120,21348524,1049,,9,,Tony,Marta,5719 WEGAT LN,,SACRAMENTO,CA,95841-5301
TOS Auto Repair,TEK,4120,32661496,1049,,09,,Stephen,Bell,5025 BRAND WAY,,SACRAMENTO,CA,95819-2243
TOS Auto Repair,TEK,4120,21352699,1049,,9,,Talesha,Mcauliffe,8352 LEWIS AVE,,ANTELOPE,CA,95843-3720
TOS Auto Repair,TEK,4120,21340318,1049,,9,,Peggy,Fairman,PO BOX 417691,,SACRAMENTO,CA,95841-7691
TOS Auto Repair,TEK,4120,21342262,1049,,9,,Mitch,Dean,11474 UPPER MEADOW DR,,GOLD RIVER,CA,95670-7709
TOS Auto Repair,TEK,4120,21345162,1049,,9,,Phyo,Myint,5805 PALM AVE APT 211,,SACRAMENTO,CA,95841-2959
TOS Auto Repair,TEK,4120,21335814,1049,,9,,James,Demes,11895 AUTUMN SUNSET WAY,,RANCHO CORDOVA,CA,95742-8009
TOS Auto Repair,TEK,4120,21340757,1049,,9,,Roy,Vogel,6339 STANLEY AVE,,CARMICHAEL,CA,95608-3945
TOS Auto Repair,TEK,4120,21347538,1049,,9,,Alan,Kendrick,5348 LEQUEL WAY,,CARMICHAEL,CA,95608-3033
TOS Auto Repair,TEK,4120,21345096,1049,,9,,Craig,Wetterer,5392 YELLOW PINE WAY,,SACRAMENTO,CA,95841-2853
TOS Auto Repair,TEK,4120,21334019,1049,,9,,Joshua,Stark,1918 CAROLINA AVE,,WEST SACRAMENTO,CA,95691-4136
TOS Auto Repair,TEK,4120,21334277,1049,,9,,Nicole,Alberghini,8840 KONA WAY,,ORANGEVALE,CA,95662-4520
TOS Auto Repair,TEK,4120,32910383,1049,,09,,Bernice,Brazeal,7060 SAN JACINTO CT,,CITRUS HEIGHTS,CA,95621-4308
TOS Auto Repair,TEK,4120,21333662,1049,,9,,Rick,Ramirez,6914 RAWLEY WAY,,ELK GROVE,CA,95757-4038
TOS Auto Repair,TEK,4120,21348115,1049,,9,,Margery,Shunk,1729 PINION DR,,ROSEVILLE,CA,95747-7894
TOS Auto Repair,TEK,4120,21345673,1049,,9,,John,Kellogg,3101 SWALLOWS NEST DR,,SACRAMENTO,CA,95833-9724
