Shop Name,Software,SID,CID,WSID,WCID,MBdayMo,TBdayMo,First,Last,Address,Address2,City,St,Zip
Elysian Auto Service,TEK,4494,23862510,1050,,,9,WESLEY,FREEMAN,721 OAK AVE,,MADISON LAKE,MN,56063-9645
Elysian Auto Service,TEK,4494,23862977,1050,,,9,MICHAEL,HOWARD,PO BOX 722,,VERNON,AZ,85940-0722
Elysian Auto Service,TEK,4494,23861297,1050,,,3,RUSSELL,KEPHART,5323 S PIER LAKE RD,,TRIPOLI,WI,54564-9710
Elysian Auto Service,TEK,4494,23863468,1050,,,3,OZZIE,ZRUCKY,23668 TRAILS END LN,,CLEVELAND,MN,56017-4567
Elysian Auto Service,TEK,4494,23861380,1050,,,9,ROBB,ROMINE,300 ELM AVE SE,,MONTGOMERY,MN,56069-1633
Elysian Auto Service,TEK,4494,23862774,1050,,,3,UDARA,RAJAGURU,313 W GROVE ST APT A,,JANESVILLE,MN,56048-8511
Elysian Auto Service,TEK,4494,23860176,1050,,,9,ARNIS,KAUPINS,809 FREEMONT ST E,,WATERVILLE,MN,56096-1571
Elysian Auto Service,TEK,4494,23863325,1050,,,9,LAURA,GRABER,300 HOOSAC ST E APT 202,,WATERVILLE,MN,56096-1576
Elysian Auto Service,TEK,4494,23864003,1050,,,3,CODY,ENGEL,PO BOX 63,,ELYSIAN,MN,56028-0063
Elysian Auto Service,TEK,4494,23860142,1050,,,3,MARTHA,ROCHA,95 WILSON DR,,OWATONNA,MN,55060-1001
Elysian Auto Service,TEK,4494,23863260,1050,,,3,OLIVIA,STADLER,124 BUCHANNON ST N,,WATERVILLE,MN,56096-1303
Elysian Auto Service,TEK,4494,23862615,1050,,,9,GAVIN,VETSCH,1801 MONKS AVE APT 218,,MANKATO,MN,56001-6360
Elysian Auto Service,TEK,4494,25958415,1050,,,9,MIKAYLA,POPE,212 MAIN ST E,,ELYSIAN,MN,56028-2032
Elysian Auto Service,TEK,4494,27323444,1050,,,3,MIKE,CONSIDINE,403 1ST ST N,,ELYSIAN,MN,56028-9608
Elysian Auto Service,TEK,4494,28917179,1050,,,9,LARRY,DONKERS,205 JILL LYNN CIR,,ELYSIAN,MN,56028-1208
Elysian Auto Service,TEK,4494,27858365,1050,,,9,Mike,Schultz,29685 201ST AVE,,NEW PRAGUE,MN,56071-4490
Elysian Auto Service,TEK,4494,34747353,1050,,,3,JAMESON,HAGEN,321 HEIDI AVE,,JANESVILLE,MN,56048-9223
Elysian Auto Service,TEK,4494,23863010,1050,,,3,RAYELLE,JOHNSON,614 ADAMS ST,,MANKATO,MN,56001-4229
Elysian Auto Service,TEK,4494,35670351,1050,,,9,JANELLE,GENS,58979 243RD ST,,KASOTA,MN,56050-4403
Elysian Auto Service,TEK,4494,36361408,1050,,,3,MIKE,PROKOPEC,721 PHELPS ST,,OWATONNA,MN,55060-3617
Elysian Auto Service,TEK,4494,23862398,1050,,,9,BRIANA,ADANK,PO BOX 312,60 FITZLOFF AVE,SAINT CLAIR,MN,56080-0312
