Shop Name,Software,SID,CID,WSID,WCID,MBdayMo,TBdayMo,First,Last,Address,Address2,City,St,Zip
East Rock Auto Repair,TEK,1216,6999651,1051,,03,,MICHAEL,STINNETT,289 GREENE ST,,NEW HAVEN,CT,06511-6940
East Rock Auto Repair,TEK,1216,6995293,1051,,3,,ELIZABETH,LEWIS,294 HUMPHREY ST APT 2,,NEW HAVEN,CT,06511-7347
East Rock Auto Repair,TEK,1216,6999900,1051,,03,,ROBERT,PENNOYER,1775 YORK AVE APT 20F,,NEW YORK,NY,10128-6910
East Rock Auto Repair,TEK,1216,7000623,1051,,3,,ANTHONY,MERCADO,65 ROSEWOOD AVE,,NEW HAVEN,CT,06513-3324
East Rock Auto Repair,TEK,1216,7000160,1051,,3,,WHYNDAM,ABRAMS,85 TROTTERS WAY,,TORRINGTON,CT,06790-2364
East Rock Auto Repair,TEK,1216,7000453,1051,,3,,AMANDA,RAY,PO BOX 104,,NEW HAVEN,CT,06501-0104
East Rock Auto Repair,TEK,1216,6994497,1051,,3,,ROSALIE,ELKINTON,153 LIVINGSTON ST,,NEW HAVEN,CT,06511-2401
East Rock Auto Repair,TEK,1216,6994770,1051,,3,,KEVIN,MATTEN,8338 HARDING AVE,,SKOKIE,IL,60076-2713
East Rock Auto Repair,TEK,1216,7000651,1051,,3,,LINDA,MORRIS,7 DOWNING ST,,NEW HAVEN,CT,06513-3219
East Rock Auto Repair,TEK,1216,6995800,1051,,03,,KENDALL,BAKER,129 RUSSELL AVE,,ORANGE,CT,06477-2651
East Rock Auto Repair,TEK,1216,6994667,1051,,3,,KERRI,KILLEN,78 LAWRENCE ST APT 2,,NEW HAVEN,CT,06511-2646
East Rock Auto Repair,TEK,1216,6999707,1051,,3,,MADDY,CASE,81 AVON ST,,NEW HAVEN,CT,06511-2422
East Rock Auto Repair,TEK,1216,6994818,1051,,3,,ARVIND,RAMAN,260 DWIGHT ST APT K,,NEW HAVEN,CT,06511-3252
East Rock Auto Repair,TEK,1216,6999714,1051,,3,,ABIGAIL,JARRET,116 BISHOP ST APT C,,NEW HAVEN,CT,06511-7307
East Rock Auto Repair,TEK,1216,6994823,1051,,3,,NINA,HAGEL,51 LIVINGSTON ST APT 2,,NEW HAVEN,CT,06511-2499
East Rock Auto Repair,TEK,1216,7000382,1051,,3,,CAROLINE,LESTER,698 ORANGE ST,,NEW HAVEN,CT,06511-2514
East Rock Auto Repair,TEK,1216,7000697,1051,,3,,MARC,KILSTEIN,69 CLARK ST APT 3,,NEW HAVEN,CT,06511-3877
East Rock Auto Repair,TEK,1216,7000698,1051,,3,,DOUG,HEIDTMANN,148 CHURCH ST,,WEST HAVEN,CT,06516-4957
East Rock Auto Repair,TEK,1216,6994688,1051,,3,,BRIGID,ABRAHAM,218 DAMASCUS RD,,BRANFORD,CT,06405-6110
East Rock Auto Repair,TEK,1216,6999747,1051,,3,,JESSICA,MATTHIS,15 CLARK ST,,NEW HAVEN,CT,06511-3854
East Rock Auto Repair,TEK,1216,6999243,1051,,3,,PRATIMA,GOPALAKRISHNAN,320 WILLOW ST APT 1R,,NEW HAVEN,CT,06511-2432
East Rock Auto Repair,TEK,1216,6997975,1051,,3,,JAMES,CAMPBELL,100 YORK SQ,,NEW HAVEN,CT,06511-3625
East Rock Auto Repair,TEK,1216,6995853,1051,,3,,JULIE,POLCRACK,52 CANNER ST APT 3,,NEW HAVEN,CT,06511-2873
East Rock Auto Repair,TEK,1216,6997414,1051,,03,,DAVID,POLLARD,965 PROSPECT ST,,HAMDEN,CT,06517-4033
East Rock Auto Repair,TEK,1216,7000655,1051,,3,,MICHAEL,JORDAN,66 SHEFFIELD AVE,,NEW HAVEN,CT,06511-1927
East Rock Auto Repair,TEK,1216,7000730,1051,,3,,ALEXANDER,KIM,74 MECHANIC ST APT 1L,,NEW HAVEN,CT,06511-2634
East Rock Auto Repair,TEK,1216,6999727,1051,,3,,JOANNE,MURALGO,1008 SAINT ANDREWS DR,,OXFORD,CT,06478-3167
East Rock Auto Repair,TEK,1216,6999660,1051,,3,,REGINA,HARLIG,157 MANSFIELD ST APT 3,,NEW HAVEN,CT,06511-3536
East Rock Auto Repair,TEK,1216,6995883,1051,,3,,LIZZ,JONES,43 QUAKER RD,,HAMDEN,CT,06517-3625
East Rock Auto Repair,TEK,1216,6994882,1051,,3,,JASON,COHEN,411 ORANGE ST APT 4C,,NEW HAVEN,CT,06511-6485
East Rock Auto Repair,TEK,1216,7000747,1051,,3,,TREVOR,FREDERIKEN,109 CANNER ST APT 1R,,NEW HAVEN,CT,06511-2259
East Rock Auto Repair,TEK,1216,6995891,1051,,3,,DANIEL,BARBIR,145 EDGEHILL RD,,HAMDEN,CT,06517-4012
East Rock Auto Repair,TEK,1216,6994662,1051,,03,,GREG,CONYERS,216 BISHOP ST APT 102,,NEW HAVEN,CT,06511-3742
East Rock Auto Repair,TEK,1216,7000472,1051,,3,,ALEX,BUELL,224 SAINT JOHN ST,,NEW HAVEN,CT,06511-5275
East Rock Auto Repair,TEK,1216,6995913,1051,,3,,LISA,GARRETT,44 ORANGE ST APT 401,,NEW HAVEN,CT,06510-3132
East Rock Auto Repair,TEK,1216,6994859,1051,,3,,REBECCA,HEATH,1010 S 400 E TRLR 15,,SPRINGVILLE,UT,84663-2474
East Rock Auto Repair,TEK,1216,6995937,1051,,3,,DANIEL,WILDERMAN,77 LOOMIS PL,,NEW HAVEN,CT,06511-2222
East Rock Auto Repair,TEK,1216,6995950,1051,,3,,REVAL,MARTINIS,55 WILLIS ST,,NEW HAVEN,CT,06511-1740
East Rock Auto Repair,TEK,1216,7000800,1051,,3,,JERRY,ANTUMES,195 WEYBOSSET ST,,NEW HAVEN,CT,06513-1024
East Rock Auto Repair,TEK,1216,7000805,1051,,3,,ELLIOT,BRITTON,565 ORANGE ST APT 3,,NEW HAVEN,CT,06511-8830
East Rock Auto Repair,TEK,1216,7000817,1051,,3,,JAMES,BILLINGSLEY,7121 FORSYTH BLVD,,SAINT LOUIS,MO,63105-2122
East Rock Auto Repair,TEK,1216,7000820,1051,,3,,MIKE,VIDAL,117 BISHOP ST,,NEW HAVEN,CT,06511-7308
East Rock Auto Repair,TEK,1216,6996449,1051,,3,,SAM,WOOD,60 STANLEY ST,,NEW HAVEN,CT,06511-4231
East Rock Auto Repair,TEK,1216,6995855,1051,,03,,JOSHUA,BROWN,188 MATHER ST,,HAMDEN,CT,06517-2429
East Rock Auto Repair,TEK,1216,6996464,1051,,3,,MOLLY,TUCKER,210 GULPH CREEK RD,,WAYNE,PA,19087-4502
East Rock Auto Repair,TEK,1216,6996004,1051,,3,,JACOB,EARLE,127 WINCHESTER AVE,,NEW HAVEN,CT,06511-3503
East Rock Auto Repair,TEK,1216,6996443,1051,,3,,SARAH,BLUNBELL,615 CENTRAL AVE APT 2,,NEW HAVEN,CT,06515-2172
East Rock Auto Repair,TEK,1216,6994382,1051,,3,,RONALDO,MOJICA,317 WILLOW ST,,NEW HAVEN,CT,06511-2441
East Rock Auto Repair,TEK,1216,7729763,1051,,3,,DENNIS,LAROCQUE,650 HAWTHORNE AVE,,DERBY,CT,06418-1022
East Rock Auto Repair,TEK,1216,8167371,1051,,3,,ROBERT,DICKENS,550 GEORGE ST,,NEW HAVEN,CT,06511-5302
East Rock Auto Repair,TEK,1216,7000559,1051,,03,,JULIA,WERTH,189 BRADLEY ST APT 1,,NEW HAVEN,CT,06511-6222
East Rock Auto Repair,TEK,1216,8448152,1051,,3,,JOHNNY,GROSS,18 LINDEN ST,,NEW HAVEN,CT,06511-2527
East Rock Auto Repair,TEK,1216,7000677,1051,,03,,JOANN,KAZDIN,65 KENNY DR,,NEW HAVEN,CT,06513-1720
East Rock Auto Repair,TEK,1216,8481226,1051,,3,,ALEX,LONGNECKER,28 COTTAGE ST,,NEW HAVEN,CT,06511-2525
East Rock Auto Repair,TEK,1216,8843612,1051,,3,,Peter,Rapp,61 LAWRENCE ST,,NEW HAVEN,CT,06511-2649
East Rock Auto Repair,TEK,1216,7000634,1051,,3,,WILLIAM,COE,205 CHURCH ST APT 3M,,NEW HAVEN,CT,06510-1883
East Rock Auto Repair,TEK,1216,6995655,1051,,3,,CHARLES,MENNINGER,115 NASH ST APT A,,NEW HAVEN,CT,06511-2674
East Rock Auto Repair,TEK,1216,9152894,1051,,3,,MAYA,POLAN,122 LINDEN ST,,NEW HAVEN,CT,06511-2425
East Rock Auto Repair,TEK,1216,9226375,1051,,3,,SHANNON,LEE,127 PENDLETON ST,,NEW HAVEN,CT,06511-2947
East Rock Auto Repair,TEK,1216,7000896,1051,,3,,ELIZABETH,MCDONALD,32 LINDEN ST,,NEW HAVEN,CT,06511-2527
East Rock Auto Repair,TEK,1216,9459264,1051,,3,,LYDIA,JACKSON,194 LAWRENCE ST,,NEW HAVEN,CT,06511-2417
East Rock Auto Repair,TEK,1216,10404378,1051,,3,,SARAH,FITZPATRICK,655 ORANGE ST APT 4,,NEW HAVEN,CT,06511-3861
East Rock Auto Repair,TEK,1216,10783147,1051,,3,,DAVE,PALMER,236 BATES DR,,CHESHIRE,CT,06410-3614
East Rock Auto Repair,TEK,1216,10794918,1051,,3,,Tom,Clemente,790 RUSSELL ST,,NEW HAVEN,CT,06513-3312
East Rock Auto Repair,TEK,1216,7000763,1051,,3,,RICHARD,SCUSSEL,816 THOMPSON ST,,EAST HAVEN,CT,06513-1313
East Rock Auto Repair,TEK,1216,11148439,1051,,3,,STAN,BOYKON,124 BEVERLY RD,,NEW HAVEN,CT,06515-1530
East Rock Auto Repair,TEK,1216,11615327,1051,,3,,SARAH,BILSTEON,82 EDGEHILL RD,,NEW HAVEN,CT,06511-1337
East Rock Auto Repair,TEK,1216,7000836,1051,,3,,UGBOMAH,OBIAJULA,2375 LORILLARD PL,,BRONX,NY,10458-8004
East Rock Auto Repair,TEK,1216,10792817,1051,,3,,ALEXUS,JOHNSON,76 WARREN PL,,NEW HAVEN,CT,06511-2735
East Rock Auto Repair,TEK,1216,11972991,1051,,3,,ROBERT,SELIAN,343 EASTERN ST,,NEW HAVEN,CT,06513-2464
East Rock Auto Repair,TEK,1216,12133421,1051,,3,,ALLISON,MURPHY,591 WHITNEY AVE,,NEW HAVEN,CT,06511-2218
East Rock Auto Repair,TEK,1216,12142485,1051,,3,,ANELISE,ZIMMER,2726 CONNECTICUT AVE NW APT 601,,WASHINGTON,DC,20008-5322
East Rock Auto Repair,TEK,1216,6995890,1051,,3,,TIM,TRAINER,9 ELDRIDGE ST,,NEW HAVEN,CT,06513-4034
East Rock Auto Repair,TEK,1216,12830794,1051,,3,,MARGARET,PELLEY,15 ROSINA RD,,HAMDEN,CT,06514-4515
East Rock Auto Repair,TEK,1216,6999404,1051,,3,,EDMUND,DELGUERCIO,237 COOK RD,,PROSPECT,CT,06712-1822
East Rock Auto Repair,TEK,1216,13425270,1051,,3,,KRISTIN,DEFRANCESCO,23 BUTTERMILK LN,,BRANFORD,CT,06405-2701
East Rock Auto Repair,TEK,1216,13800415,1051,,3,,CHERYL,COVINGTON,2 JOHN WILLIAMSON DR,,NEW HAVEN,CT,06513-2204
East Rock Auto Repair,TEK,1216,15426332,1051,,3,,DERRICK,CORBETT,231 BROOK ST,,HAMDEN,CT,06514-3301
East Rock Auto Repair,TEK,1216,9094655,1051,,3,,Ninasimone,Barrow,425 HUNTINGTON ST,,NEW HAVEN,CT,06511-1108
East Rock Auto Repair,TEK,1216,15907557,1051,,3,,ISABELLA,JOSLIN,198 EDWARDS ST,,NEW HAVEN,CT,06511-3702
East Rock Auto Repair,TEK,1216,16149907,1051,,3,,JANA,ZIELONKA,246 NICOLL ST,,NEW HAVEN,CT,06511-2662
East Rock Auto Repair,TEK,1216,16487486,1051,,3,,GONZALO,DE LA MORA,80 COLD SPRING ST,,NEW HAVEN,CT,06511-2204
East Rock Auto Repair,TEK,1216,11308652,1051,,3,,ELIZA,FAWCETT,322 ATLANTIC AVE APT 5,,BROOKLYN,NY,11201-5824
East Rock Auto Repair,TEK,1216,12932438,1051,,3,,ALBERT,SEMIDEY,40 SHEILA DR APT G,,NEW HAVEN,CT,06511-6021
East Rock Auto Repair,TEK,1216,17042004,1051,,3,,LIAM,MCNAMEE,2900 CONNECTICUT AVE NW,,WASHINGTON,DC,20008-1444
East Rock Auto Repair,TEK,1216,6999860,1051,,3,,CHARLIE,MEAD,321 SAINT JOHN ST,,NEW HAVEN,CT,06511-4975
East Rock Auto Repair,TEK,1216,13700420,1051,,3,,SARA,PAUL,4511 AVENUE G,,AUSTIN,TX,78751-3116
East Rock Auto Repair,TEK,1216,6995925,1051,,03,,ALEXANDRA,GATSIOS,36 COLLEGE AVE APT 37,,SOMERVILLE,MA,02144-1938
East Rock Auto Repair,TEK,1216,6994962,1051,,03,,NOAH,WARD,425 WHITNEY AVE APT 17,,NEW HAVEN,CT,06511-2344
East Rock Auto Repair,TEK,1216,17276370,1051,,3,,SARAH,SILVERGLATE,16 KYLES LN APT 2,,FORT THOMAS,KY,41075-1827
East Rock Auto Repair,TEK,1216,6994493,1051,,3,,CHRISTOPHER,TENG,2 EDGEHILL RD,,NEW HAVEN,CT,06511-1328
East Rock Auto Repair,TEK,1216,6994459,1051,,3,,NOAH,PLANAVSKY,145 BLUE TRL,,HAMDEN,CT,06518-1618
East Rock Auto Repair,TEK,1216,6994426,1051,,3,,DANIEL,NEMES,255 WHITNEY AVE APT 22,,NEW HAVEN,CT,06511-3747
East Rock Auto Repair,TEK,1216,13426282,1051,,3,,LENA,SKAlABAN,3606 FISK AVE,,PHILADELPHIA,PA,19129-1611
East Rock Auto Repair,TEK,1216,6999107,1051,,3,,SHANE,FREDERICK,450 HUMPHREY ST,,NEW HAVEN,CT,06511-3711
East Rock Auto Repair,TEK,1216,19772727,1051,,3,,STEVEN,LAROCCO,764 QUINNIPIAC AVE,,NEW HAVEN,CT,06513-3301
East Rock Auto Repair,TEK,1216,20235702,1051,,03,,Pete,Nuzzo,6 DAMEN DR,,EAST HAVEN,CT,06512-1120
East Rock Auto Repair,TEK,1216,7807393,1051,,3,,SOPHIE,WESTACOTT,8 EDWARDS ST,,NEW HAVEN,CT,06511-3946
East Rock Auto Repair,TEK,1216,19327939,1051,,3,,UNISON,KELNER,85 STILL HILL RD,,HAMDEN,CT,06518-1824
East Rock Auto Repair,TEK,1216,6995947,1051,,3,,PRIYA,WICKRAMARATNE,750 WHITNEY AVE,,NEW HAVEN,CT,06511-1358
East Rock Auto Repair,TEK,1216,20884087,1051,,3,,Dennis,Adams,215 LONG POND RD,,HEWITT,NJ,07421-3121
East Rock Auto Repair,TEK,1216,6997018,1051,,3,,ROB,BOTTI,220 ARGYLE RD,,CHESHIRE,CT,06410-2624
East Rock Auto Repair,TEK,1216,6994866,1051,,3,,JOE,CANTERINO,32 ORCHARD CT,,HAMDEN,CT,06517-2119
East Rock Auto Repair,TEK,1216,6993178,1051,,3,,JAMES,PORTER,1410 STATE ST APT 7,,NEW HAVEN,CT,06511-2752
East Rock Auto Repair,TEK,1216,16139659,1051,,3,,BRIANA,MITCHELL,11400 MOUNTAIN LAKE DR,,ANCHORAGE,AK,99516-1881
East Rock Auto Repair,TEK,1216,22479725,1051,,3,,Courtney,Fennell,15 FOSTER ST,,NEW HAVEN,CT,06511-2605
East Rock Auto Repair,TEK,1216,6995908,1051,,3,,Lauren,Mellenthin,902 STATE ST,,NEW HAVEN,CT,06511-3921
East Rock Auto Repair,TEK,1216,6999672,1051,,3,,RICHARD,CIANFLONE,1074 HARTFORD TPKE,,NORTH HAVEN,CT,06473-3038
East Rock Auto Repair,TEK,1216,22679143,1051,,3,,Dylan,Davidson,31 NASH ST # 1,,NEW HAVEN,CT,06511-2615
East Rock Auto Repair,TEK,1216,23876652,1051,,3,,Dillon,Svoboda,335 ORANGE ST APT 326,,NEW HAVEN,CT,06511-6495
East Rock Auto Repair,TEK,1216,23905286,1051,,3,,John,Leventhal,17 TEMPLE CT,,NEW HAVEN,CT,06511-6820
East Rock Auto Repair,TEK,1216,7000742,1051,,3,,GEOFF,RAAB,77 WOOD CHASE LN,,NORTH BRANFORD,CT,06471-1053
East Rock Auto Repair,TEK,1216,19550415,1051,,3,,RAOUL,HARDING,24 ROCK ST,,NEW HAVEN,CT,06511-2716
East Rock Auto Repair,TEK,1216,25903035,1051,,3,,Marybeth,Baumgartner,123 YORK ST,,NEW HAVEN,CT,06511-5614
East Rock Auto Repair,TEK,1216,26150584,1051,,3,,Terry,Obrien,45 HILLSIDE AVE APT 6,,BRANFORD,CT,06405-3748
East Rock Auto Repair,TEK,1216,27269299,1051,,3,,Thomas,Toles,26 ROSE ST,,HAMDEN,CT,06514-2922
East Rock Auto Repair,TEK,1216,7651795,1051,,3,,FORRESTER,HAMMER,110 LINDEN ST,,NEW HAVEN,CT,06511-2425
East Rock Auto Repair,TEK,1216,27527865,1051,,3,,Dillon,Svoboda,335 ORANGE ST APT 326,,NEW HAVEN,CT,06511-6495
East Rock Auto Repair,TEK,1216,28894146,1051,,3,,Latasha,Mills,44 PARAMOUNT AVE,,HAMDEN,CT,06517-2712
East Rock Auto Repair,TEK,1216,29640768,1051,,3,,Melissa,Muller,123 YORK ST APT 20A,,NEW HAVEN,CT,06511-5686
East Rock Auto Repair,TEK,1216,6995861,1051,,3,,APRIL,CAPONE,140 MILL ST APT 18141,,EAST HAVEN,CT,06512-1087
East Rock Auto Repair,TEK,1216,6997749,1051,,3,,ALLISON,NEAR,90 HIGH ST,,NEW HAVEN,CT,06511-6643
East Rock Auto Repair,TEK,1216,7000786,1051,,3,,NATE,ELMER,70 HOWE ST APT 602,,NEW HAVEN,CT,06511-4682
East Rock Auto Repair,TEK,1216,31657983,1051,,03,,Brandon,Rhynders,1 MEADOW ST,,EAST HAVEN,CT,06512-3510
East Rock Auto Repair,TEK,1216,6992088,1051,,3,,BONNIE,MOELLER,15 ATHOL PL,,HAMDEN,CT,06517-2005
East Rock Auto Repair,TEK,1216,14335640,1051,,3,,Chester,Kilfoyle,114 CANNER ST,,NEW HAVEN,CT,06511-2202
East Rock Auto Repair,TEK,1216,6995785,1051,,3,,PAUL,KLEIN,21 WINCHESTER AVE,,NEW HAVEN,CT,06511-3501
East Rock Auto Repair,TEK,1216,33268370,1051,,03,,Jason,Green,223 FRONT ST,,NEW HAVEN,CT,06513-3211
East Rock Auto Repair,TEK,1216,33524410,1051,,03,,Rosa,Ballenilla,125 HIGHLAND AVE,,EAST HAVEN,CT,06513-1857
East Rock Auto Repair,TEK,1216,7000099,1051,,3,,PAT,SWOPE,3 BRIAR LN,,HAMDEN,CT,06517-4008
East Rock Auto Repair,TEK,1216,6994958,1051,,3,,GIUSEPPE,MOSCARINI,35 SWARTHMORE ST,,HAMDEN,CT,06517-1916
East Rock Auto Repair,TEK,1216,8373490,1051,,3,,Eliza,Mahoney,44 BEECHWOOD LN,,HAMDEN,CT,06511-1205
East Rock Auto Repair,TEK,1216,34006743,1051,,03,,Gianella,Salvaggio,37 LAUREL LN,,WARREN,RI,02885-2224
East Rock Auto Repair,TEK,1216,23903891,1051,,03,,Molly,Mcguire,73 WHITNEY AVE,number 6,NEW HAVEN,CT,06510-1226
East Rock Auto Repair,TEK,1216,6994957,1051,,3,,James,Butler,9 EVERIT ST,,NEW HAVEN,CT,06511-2207
East Rock Auto Repair,TEK,1216,7001526,1051,,3,,KEVIN,MCNAMARA,200 COLONY RD,,NEW HAVEN,CT,06511-1622
East Rock Auto Repair,TEK,1216,11136059,1051,,3,,William,Valvo,79 WARREN ST,2 R,NEW HAVEN,CT,06511-5765
East Rock Auto Repair,TEK,1216,34719544,1051,,03,,Marlon,Williams,451 GEORGE ST,,NEW HAVEN,CT,06511-5410
East Rock Auto Repair,TEK,1216,7000749,1051,,3,,Carl,Gulliver,367 ORANGE ST APT 736,,NEW HAVEN,CT,06511-6465
East Rock Auto Repair,TEK,1216,6995797,1051,,3,,MARCO,RAMOS,558 CHAPEL ST APT 3,,NEW HAVEN,CT,06511-6918
East Rock Auto Repair,TEK,1216,9122325,1051,,3,,MARY,TALBOT,147 LINDEN ST,,NEW HAVEN,CT,06511-2407
East Rock Auto Repair,TEK,1216,6995103,1051,,3,,Debra,Tangarone,12103 TOWN WALK DR,,HAMDEN,CT,06518-3752
East Rock Auto Repair,TEK,1216,11610204,1051,,3,,ELIZABETH,WELLES,88 NOTCH HILL RD,,NORTH BRANFORD,CT,06471-1846
East Rock Auto Repair,TEK,1216,33158818,1051,,03,,Jake,Barker,129 LIVINGSTON ST,,NEW HAVEN,CT,06511-2470
East Rock Auto Repair,TEK,1216,6994720,1051,,3,,MARTIN,BORAK,121 W ELM ST,,NEW HAVEN,CT,06515-2119
