Shop Name,Software,SID,CID,WSID,WCID,MBdayMo,TBdayMo,First,Last,Address,Address2,City,St,Zip
East Rock Auto Repair,TEK,1216,6999656,1051,,9,,ERIN,CLANCY,230 KENTUCKY AVE,,LEXINGTON,KY,40502-1716
East Rock Auto Repair,TEK,1216,7000604,1051,,09,,TATIANA,LOZADA,2 ADAM CLAYTON POWELL PL,,NEW HAVEN,CT,06511-3454
East Rock Auto Repair,TEK,1216,6999669,1051,,09,,KELLY,O'SULLIVAN,5 JUNIPER LN,,BOLTON,CT,06043-7306
East Rock Auto Repair,TEK,1216,6995773,1051,,9,,JOHN,FERNANDEZ,485 FERRY ST,,NEW HAVEN,CT,06513-3043
East Rock Auto Repair,TEK,1216,6999649,1051,,9,,NOREEN,GENTRY,1700 HARVARD ST NW APT 612,,WASHINGTON,DC,20009-2923
East Rock Auto Repair,TEK,1216,7000499,1051,,9,,SAMANTHA,MURPHY,1010 STATE ST APT 8,,NEW HAVEN,CT,06511-3966
East Rock Auto Repair,TEK,1216,7000636,1051,,9,,SEAN,GU,33 SYLVAN AVE APT 212,,NEW HAVEN,CT,06519-1057
East Rock Auto Repair,TEK,1216,6997808,1051,,9,,BILL,FARRELL,310 UPSON TER,,NEW HAVEN,CT,06512-3107
East Rock Auto Repair,TEK,1216,6994802,1051,,9,,TIM,SEKSCENSKI,22 BENNETT RD,,EAST HAVEN,CT,06513-2001
East Rock Auto Repair,TEK,1216,6999474,1051,,9,,ANNE,GUNNISON,54 VAN ROSE DR,,NORTH HAVEN,CT,06473-4462
East Rock Auto Repair,TEK,1216,6995824,1051,,09,,LISA,NDIAYE,52 SAGEWOOD DR,,MALVERN,PA,19355-2234
East Rock Auto Repair,TEK,1216,7000692,1051,,9,,HARDY,DAVIS,PO BOX 8944,,NEW HAVEN,CT,06532-0944
East Rock Auto Repair,TEK,1216,6999641,1051,,9,,CARA,REICHARD,80 HOWE ST APT 409,,NEW HAVEN,CT,06511-4641
East Rock Auto Repair,TEK,1216,6999743,1051,,09,,ALANA,OLSWING,244 SAINT JOHN ST APT 2F,,NEW HAVEN,CT,06511-4961
East Rock Auto Repair,TEK,1216,6999755,1051,,09,,ORAINE,FRANCIS,PO BOX 6575,,HAMDEN,CT,06517-0575
East Rock Auto Repair,TEK,1216,6995844,1051,,9,,ELIZABETH,GOGGIN,174 LINDEN ST APT E5,,NEW HAVEN,CT,06511-2463
East Rock Auto Repair,TEK,1216,6992668,1051,,9,,JESSICA,ADELMAN,8 QUENTIN ST,,HAMDEN,CT,06517-2321
East Rock Auto Repair,TEK,1216,6999773,1051,,9,,ANTHONY,DIMAURO,43 TILTON ST APT 2,,NEW HAVEN,CT,06511-3542
East Rock Auto Repair,TEK,1216,6994856,1051,,9,,SHARON,ROSE,32 FROST ST,,NEW HAVEN,CT,06512-1915
East Rock Auto Repair,TEK,1216,6994861,1051,,9,,THOMAS,BARRETT,75 CEDAR ST APT 9,,BRANFORD,CT,06405-3657
East Rock Auto Repair,TEK,1216,6999652,1051,,9,,NICK,PERANZI,7 TRUMBULL ST STE 3,,NEW HAVEN,CT,06511-6303
East Rock Auto Repair,TEK,1216,6997066,1051,,9,,GERI,LEMERT,199 LAWRENCE ST,,NEW HAVEN,CT,06511-2416
East Rock Auto Repair,TEK,1216,6994893,1051,,9,,MATTHEW,KLEBANOFF,111 PARK ST APT 3S,,NEW HAVEN,CT,06511-5439
East Rock Auto Repair,TEK,1216,6994896,1051,,9,,RAYMOND,TOMLIN,12 MANOR CT,,NORTH HAVEN,CT,06473-3708
East Rock Auto Repair,TEK,1216,7000758,1051,,9,,JULIUS,SOTO,1087 TOWNSEND AVE,,NEW HAVEN,CT,06512-1930
East Rock Auto Repair,TEK,1216,6995897,1051,,9,,SEAN,BRAY,502 ORANGE ST,,NEW HAVEN,CT,06511-3808
East Rock Auto Repair,TEK,1216,6999653,1051,,9,,DAVE,WOODBURY,41 PLEASANT ST APT 3,,NEW HAVEN,CT,06511-5087
East Rock Auto Repair,TEK,1216,6995821,1051,,9,,ELIZABETH,DAVIDSON,37 PLEASANT ST,,NEW HAVEN,CT,06511-8811
East Rock Auto Repair,TEK,1216,6999815,1051,,9,,ALI,YAWAR,307 HUMPHREY ST APT 1R,,NEW HAVEN,CT,06511-3934
East Rock Auto Repair,TEK,1216,6995639,1051,,09,,CAROLINE,MCWILLIAMS,1330 12TH AVE S APT 12,,SEATTLE,WA,98144-7442
East Rock Auto Repair,TEK,1216,6994930,1051,,9,,JAMIE,FARKAS,166 HUNTINGTON ST,,NEW HAVEN,CT,06511-2017
East Rock Auto Repair,TEK,1216,7000790,1051,,9,,LIZ,MCGUIRE,270 WILLOW ST,,NEW HAVEN,CT,06511-2426
East Rock Auto Repair,TEK,1216,6995942,1051,,9,,PRISCILA,MACHUCA,200 W FRANKLIN ST,,HOLYOKE,MA,01040-3813
East Rock Auto Repair,TEK,1216,6999834,1051,,9,,GENE,TROTMAN,25 SILVER POND RD,,WOLCOTT,CT,06716-1056
East Rock Auto Repair,TEK,1216,6994970,1051,,9,,ETHAN,PERETS,71 MARTIN ST APT 34,,CAMBRIDGE,MA,02138-1642
East Rock Auto Repair,TEK,1216,6999863,1051,,9,,JAMES,CAMPBELL,2 LEVON LN,,MILLER PLACE,NY,11764-1321
East Rock Auto Repair,TEK,1216,6999869,1051,,9,,NONA,JIANG,305 GEORGE ST APT 3M,,NEW HAVEN,CT,06511-6681
East Rock Auto Repair,TEK,1216,7000815,1051,,9,,SAVANNAH,KING,111 CANNER ST,,NEW HAVEN,CT,06511-7700
East Rock Auto Repair,TEK,1216,7000881,1051,,9,,JOSH,BROOKS,107 HOWE ST,,NEW HAVEN,CT,06511-7001
East Rock Auto Repair,TEK,1216,6995995,1051,,9,,ROMANYA,JOSEPH,412 SOUNDVIEW AVE,,STRATFORD,CT,06615-5635
East Rock Auto Repair,TEK,1216,6996456,1051,,9,,STEPHEN,PITKA,23 CORBIN RD,,EAST HAVEN,CT,06512-1314
East Rock Auto Repair,TEK,1216,6996479,1051,,9,,AMANDA,MARTINEZ,4014 SE SALMON ST,,PORTLAND,OR,97214-4435
East Rock Auto Repair,TEK,1216,6996015,1051,,9,,DANNY,CURTIS,175 CHESTNUT ST,,NEW HAVEN,CT,06511-0821
East Rock Auto Repair,TEK,1216,7536161,1051,,9,,MIKE,OLIVARES,118 ATWATER ST,,NEW HAVEN,CT,06513-3109
East Rock Auto Repair,TEK,1216,8738550,1051,,9,,JENNIFER,GONZALEZ,335 ROUND UP CIR,,EDINBURG,TX,78539-6182
East Rock Auto Repair,TEK,1216,6996583,1051,,9,,ED,MATTISON,15 ANDERSON ST,,NEW HAVEN,CT,06511-2501
East Rock Auto Repair,TEK,1216,7535679,1051,,9,,ROBERT,SALOOMEY,39 FARNHAM AVE,,NEW HAVEN,CT,06515-1274
East Rock Auto Repair,TEK,1216,6993999,1051,,9,,LEON,BURRELL,15 HOWARD ST APT 1,,NEW HAVEN,CT,06513-4081
East Rock Auto Repair,TEK,1216,8808909,1051,,9,,HANNAH,OSINAIKE,12 MAPLE AVE,,WALLINGFORD,CT,06492-6508
East Rock Auto Repair,TEK,1216,6993687,1051,,9,,SUSAN,O'LEARY,9 PINE ST,,NEW HAVEN,CT,06513-3236
East Rock Auto Repair,TEK,1216,9229400,1051,,9,,CLARE,DIGNAN,248 EDGEWOOD AVE,,NEW HAVEN,CT,06511-4107
East Rock Auto Repair,TEK,1216,9571113,1051,,9,,MERCY,O'BOURKE,39 GOODRICH ST,,NEW HAVEN,CT,06517-3202
East Rock Auto Repair,TEK,1216,7983226,1051,,9,,ILANA,KAMBER,35 ELD ST,,NEW HAVEN,CT,06511-5393
East Rock Auto Repair,TEK,1216,10121945,1051,,9,,KAELA,KELLY,199 NICOLL ST,,NEW HAVEN,CT,06511-2623
East Rock Auto Repair,TEK,1216,6995996,1051,,9,,JOHNATHAN,WEIL,90 EVERIT ST,,NEW HAVEN,CT,06511-1321
East Rock Auto Repair,TEK,1216,10283757,1051,,9,,DENNIS,MELTON,149 WASHINGTON AVE,,WEST HAVEN,CT,06516-6057
East Rock Auto Repair,TEK,1216,10299993,1051,,9,,TERRY,LOWE,2343 MASTLANDS DR,,OAKLAND,CA,94611-2713
East Rock Auto Repair,TEK,1216,10789336,1051,,9,,MONA,BERMAN,78 LYON ST,,NEW HAVEN,CT,06511-4927
East Rock Auto Repair,TEK,1216,10879541,1051,,9,,Chris,Londa,PO BOX 1045,Apt 2,EAST ORLEANS,MA,02643-1045
East Rock Auto Repair,TEK,1216,10573737,1051,,9,,SARAH,FRIEDMAN,20 COURT ST,,NEW HAVEN,CT,06511-6921
East Rock Auto Repair,TEK,1216,9352813,1051,,9,,BETH ANNE,LALIBERTE,11 SUSAN LN,,NORTH HAVEN,CT,06473-1930
East Rock Auto Repair,TEK,1216,11556107,1051,,9,,LANI,CHANG,1230 SOUTHFIELD CT,,DAVIS,CA,95616-5728
East Rock Auto Repair,TEK,1216,11699916,1051,,9,,LEAH,OSBOURNE,38 SHAD ROW,,SUFFIELD,CT,06078-1922
East Rock Auto Repair,TEK,1216,6999742,1051,,9,,DAVID,MILEY,344 MUNSON ST,,NEW HAVEN,CT,06511-3343
East Rock Auto Repair,TEK,1216,11741600,1051,,9,,MATT,BRUNDAGE,81 NICOLL ST,,NEW HAVEN,CT,06511-2621
East Rock Auto Repair,TEK,1216,7000047,1051,,9,,ROBERT,ELLIS,7 W PARK AVE,,NEW HAVEN,CT,06511-4041
East Rock Auto Repair,TEK,1216,6994888,1051,,9,,DAN,KNIGHT,75 WESTWOOD RD,,NEW HAVEN,CT,06515-2226
East Rock Auto Repair,TEK,1216,12007598,1051,,9,,KARAM,SHEBAN,235 LAWRENCE ST,,NEW HAVEN,CT,06511-2491
East Rock Auto Repair,TEK,1216,12149901,1051,,9,,KAYLA,MATHEUS,285 HUMPHREY ST,,NEW HAVEN,CT,06511-4879
East Rock Auto Repair,TEK,1216,12936247,1051,,9,,JESSICA,GIANFREDI,17 MANILA AVE,,WOODBRIDGE,CT,06525-2349
East Rock Auto Repair,TEK,1216,6995864,1051,,9,,JESSICA,MISSIOS,36 CHRISTMAS HILL RD,,GUILFORD,CT,06437-1055
East Rock Auto Repair,TEK,1216,13302619,1051,,9,,BENEDICTE,KALALA,826 ELM ST,,NEW HAVEN,CT,06511-4010
East Rock Auto Repair,TEK,1216,14371831,1051,,9,,MIKAELA,STARTUP,14 BARRY RD,,PLYMOUTH,CT,06782-2104
East Rock Auto Repair,TEK,1216,14947301,1051,,9,,JUSTINE,FORD,171 HELEN ST,,HAMDEN,CT,06514-4415
East Rock Auto Repair,TEK,1216,15286858,1051,,9,,MICHAEL,BAICKER,2939 CHASE ST,,WHEAT RIDGE,CO,80214-8435
East Rock Auto Repair,TEK,1216,15448644,1051,,9,,TYLER,CLAXTON,98 WEBSTER ST,,NEW HAVEN,CT,06511-3320
East Rock Auto Repair,TEK,1216,6994499,1051,,9,,STEFANIE,GILLSON,302 NICOLL ST,,NEW HAVEN,CT,06511-2643
East Rock Auto Repair,TEK,1216,6994817,1051,,9,,MORGAN,GOHEEN,1050 STATE ST APT 524,,NEW HAVEN,CT,06511-2778
East Rock Auto Repair,TEK,1216,16724931,1051,,9,,Richard,Almonte,412 FERRY ST,,NEW HAVEN,CT,06513-3655
East Rock Auto Repair,TEK,1216,7000891,1051,,09,,ANGELA,LEMIRE,220 LAWRENCE ST APT 1,,NEW HAVEN,CT,06511-2452
East Rock Auto Repair,TEK,1216,7000909,1051,,9,,ANNIE,HALL,17847 LUNNONHAUS DR APT 11,,GOLDEN,CO,80401-2625
East Rock Auto Repair,TEK,1216,15295708,1051,,9,,GARETH,HILL,36 NASH ST,,NEW HAVEN,CT,06511-2616
East Rock Auto Repair,TEK,1216,18340554,1051,,9,,TERRY,SMITH,38 READ ST,,NEW HAVEN,CT,06511-1121
East Rock Auto Repair,TEK,1216,6999932,1051,,9,,DARREN,PETERSON,69 FOSTER ST,,NEW HAVEN,CT,06511-2607
East Rock Auto Repair,TEK,1216,21187213,1051,,9,,Everette,Hill,35 URSINI DR,,HAMDEN,CT,06514-2725
East Rock Auto Repair,TEK,1216,17292269,1051,,9,,CATHERINE,MWAI,301 MANSFIELD ST,,NEW HAVEN,CT,06511-2052
East Rock Auto Repair,TEK,1216,7000645,1051,,9,,JAMES,HAMMETT,573 DIXWELL AVE APT 13,Complete Pest Control LLC-1,NEW HAVEN,CT,06511-1752
East Rock Auto Repair,TEK,1216,6998026,1051,,9,,LAINE,HARRIS,18 TURNER AVE,,HAMDEN,CT,06517-2715
East Rock Auto Repair,TEK,1216,6995974,1051,,9,,JULIA,SMITH,95 E ROCK RD,,NEW HAVEN,CT,06511-1341
East Rock Auto Repair,TEK,1216,6996416,1051,,9,,JIM,FARNAM,86 COTTAGE ST,,NEW HAVEN,CT,06511-2404
East Rock Auto Repair,TEK,1216,18481944,1051,,9,,DEE,OCONNELL,49 STEWART ST,,NEW HAVEN,CT,06512-3618
East Rock Auto Repair,TEK,1216,16141112,1051,,9,,CARLYE,DISTASIO,30 AVON ST,,NEW HAVEN,CT,06511-2566
East Rock Auto Repair,TEK,1216,6997412,1051,,9,,JOHN,CIANCIOLO,500 ORANGE ST,,NEW HAVEN,CT,06511-3808
East Rock Auto Repair,TEK,1216,21383687,1051,,9,,Andrea,Ayala,72 BISHOP ST,,NEW HAVEN,CT,06511-3932
East Rock Auto Repair,TEK,1216,12146922,1051,,9,,KATHERINE,NEEDHAM,511 WHITNEY AVE,,NEW HAVEN,CT,06511-2385
East Rock Auto Repair,TEK,1216,6994343,1051,,9,,ROB,HORN,63 STERLING PARK,,MADISON,CT,06443-2203
East Rock Auto Repair,TEK,1216,24055114,1051,,9,,Jaydon,Gardener,44 AMY DR,,EAST HARTFORD,CT,06108-1801
East Rock Auto Repair,TEK,1216,6999701,1051,,9,,Jordan,Cardenas,187 LINDEN ST APT 2R,,NEW HAVEN,CT,06511-2407
East Rock Auto Repair,TEK,1216,6997855,1051,,9,,MARINE,DEMARCKEN,150 BISHOP ST,,NEW HAVEN,CT,06511-3718
East Rock Auto Repair,TEK,1216,24394664,1051,,9,,Geraldine,Lavin,55 CLARK ST,,NEW HAVEN,CT,06511-3801
East Rock Auto Repair,TEK,1216,25904385,1051,,9,,Nathan,Pagano,1405 CHAPEL ST APT 10,,NEW HAVEN,CT,06511-4414
East Rock Auto Repair,TEK,1216,25961171,1051,,9,,Michael,McElory,200 COLLEGE ST,,NEW HAVEN,CT,06510-2444
East Rock Auto Repair,TEK,1216,17055039,1051,,9,,Nathan,DeMaio,109 CONCORD ST,,NEW HAVEN,CT,06512-4029
East Rock Auto Repair,TEK,1216,25984148,1051,,9,,Marya,Bergloff,15 FOREST PARK DR,,HOLLISTON,MA,01746-3403
East Rock Auto Repair,TEK,1216,27262753,1051,,9,,Madeleine,Hardt,12 CHESTER ST,,LOCUST VALLEY,NY,11560-2222
East Rock Auto Repair,TEK,1216,12479817,1051,,9,,TIFFANY,BRYANT,90 ROCK ST,,NEW HAVEN,CT,06511-2737
East Rock Auto Repair,TEK,1216,6995590,1051,,9,,NICHOLAS,ECONOMOS,54 PARLEY AVE,,JAMAICA PLAIN,MA,02130-2134
East Rock Auto Repair,TEK,1216,27606325,1051,,09,,Christina,Rutland,436 PROSPECT ST,,NEW HAVEN,CT,06511-2123
East Rock Auto Repair,TEK,1216,6994637,1051,,9,,Jack,Mills,21 CLARK ST,,NEW HAVEN,CT,06511-3801
East Rock Auto Repair,TEK,1216,27099710,1051,,9,,Luz,Miranda,1410 STATE ST APT 6,,NEW HAVEN,CT,06511-2752
East Rock Auto Repair,TEK,1216,16159612,1051,,9,,JUSTIN,HAYES,40 RUSSELL ST,,HAMDEN,CT,06517-2015
East Rock Auto Repair,TEK,1216,27528464,1051,,9,,Lisa,Dondy,43 AUTUMN ST,,NEW HAVEN,CT,06511-2220
East Rock Auto Repair,TEK,1216,28912367,1051,,9,,Dezhein,Tucker,374 HUNTINGTON ST,,NEW HAVEN,CT,06511-1107
East Rock Auto Repair,TEK,1216,22084460,1051,,9,,Jonah,Kelly,73 PEARL ST APT 2,,NEW HAVEN,CT,06511-8813
East Rock Auto Repair,TEK,1216,6993726,1051,,9,,Andrew,Smyth,80 CLEVELAND RD,,NEW HAVEN,CT,06515-2707
East Rock Auto Repair,TEK,1216,21696788,1051,,9,,Amanda,Weiss,315 WHITNEY AVE APT 2B,,NEW HAVEN,CT,06511-3788
East Rock Auto Repair,TEK,1216,29978937,1051,,09,,Sam,Schaefer,8 HOLMES RD,,GLASTONBURY,CT,06033-2906
East Rock Auto Repair,TEK,1216,7000947,1051,,9,,BENNIE,FINCH,555 DENSLOW HILL ROAD EXT,,HAMDEN,CT,06514-1844
East Rock Auto Repair,TEK,1216,6999038,1051,,9,,DAMON,CLARK,27 LINDEN ST,,NEW HAVEN,CT,06511-2526
East Rock Auto Repair,TEK,1216,7001117,1051,,9,,JUDITH,LHAMON,24 KING ST,,HAMDEN,CT,06517-2313
East Rock Auto Repair,TEK,1216,30179796,1051,,09,,Briana,Jones,529 EAST ST,,NEW HAVEN,CT,06511-3900
East Rock Auto Repair,TEK,1216,31255777,1051,,09,,Jeffica,Watts,418 SMITH AVE,,NEW HAVEN,CT,06513-1146
East Rock Auto Repair,TEK,1216,6999867,1051,,9,,JOE,RUDY,33 AVON ST APT 2,,NEW HAVEN,CT,06511-2522
East Rock Auto Repair,TEK,1216,29659779,1051,,09,,Nelson,Burnham,12 MERILINE AVE APT 23,,WATERBURY,CT,06705-2923
East Rock Auto Repair,TEK,1216,27856086,1051,,9,,Evelyn,Willett,225 FRONT ST,,NEW HAVEN,CT,06513-3251
East Rock Auto Repair,TEK,1216,7001041,1051,,9,,GAYLE,WALTER,51 LINDEN ST,,NEW HAVEN,CT,06511-2526
East Rock Auto Repair,TEK,1216,7111404,1051,,9,,TAHLISA,BROUGHAM,14 WEBB ST,,HAMDEN,CT,06517-3923
East Rock Auto Repair,TEK,1216,23491622,1051,,9,,Wenfei,Zhou,310 WILLOW ST,,NEW HAVEN,CT,06511-2432
East Rock Auto Repair,TEK,1216,13841812,1051,,9,,Angela,Balcom,710 QUINNIPIAC AVE,,NEW HAVEN,CT,06513-4007
East Rock Auto Repair,TEK,1216,20176010,1051,,9,,GABE,DESMOND,294 HUMPHREY ST,,NEW HAVEN,CT,06511-7347
East Rock Auto Repair,TEK,1216,29664144,1051,,09,,Katie,Hunsberger,36 CHATHAM ST,,NEW HAVEN,CT,06513-3212
East Rock Auto Repair,TEK,1216,33962692,1051,,09,,Victor,Garcia,23 MALTBY PL,,NEW HAVEN,CT,06513-3532
East Rock Auto Repair,TEK,1216,6996900,1051,,09,,Al,Gobel,70 OGDEN ST,,NEW HAVEN,CT,06511-1324
East Rock Auto Repair,TEK,1216,22446940,1051,,9,,Chelsea,O'Donnell,119 FOSTER ST,,NEW HAVEN,CT,06511-2610
East Rock Auto Repair,TEK,1216,6995759,1051,,9,,BENJAMIN,KAPLOW,83 COTTAGE ST # B,,NEW HAVEN,CT,06511-2403
East Rock Auto Repair,TEK,1216,6998907,1051,,9,,Dirk,Bergemann,62 LIVINGSTON ST,,NEW HAVEN,CT,06511-2429
East Rock Auto Repair,TEK,1216,34914746,1051,,09,,Fernado,Santos,275 WINCHESTER AVE APT 418,,NEW HAVEN,CT,06511-2067
East Rock Auto Repair,TEK,1216,35306984,1051,,09,,Charlie,Mason,170 COLD SPRING ST,,NEW HAVEN,CT,06511-2230
East Rock Auto Repair,TEK,1216,10567601,1051,,9,,AARON,PICCIRILLO,106 FOSTER ST,,NEW HAVEN,CT,06511-2655
East Rock Auto Repair,TEK,1216,6992849,1051,,9,,MARK,BRANCH,885 ORANGE ST,,NEW HAVEN,CT,06511-2509
East Rock Auto Repair,TEK,1216,13192823,1051,,9,,CHAD,TALBOOM,128 GREENWICH AVE,,NEW HAVEN,CT,06519-2802
East Rock Auto Repair,TEK,1216,7000910,1051,,9,,DEBORAH,CROWLEY,28 CHATHAM ST,,NEW HAVEN,CT,06513-3212
East Rock Auto Repair,TEK,1216,29544455,1051,,9,,Ronnie,Vollano,5 MOUNTAIN RIDGE TER APT 36,,NEW HAVEN,CT,06513-4750
East Rock Auto Repair,TEK,1216,26191304,1051,,09,,Carlos,Preising,163 HUMPHREY ST,,NEW HAVEN,CT,06511-3905
East Rock Auto Repair,TEK,1216,6994330,1051,,9,,BILL,MEDDICK,337 SUMMIT ST,,NEW HAVEN,CT,06513-4107
East Rock Auto Repair,TEK,1216,6993355,1051,,9,,Pat,Snow,25 FOXON HILL RD,,NEW HAVEN,CT,06513-1103
East Rock Auto Repair,TEK,1216,18331550,1051,,9,,AMY,LANE,141 BIRCHWOOD DR,,HAMDEN,CT,06518-1141
East Rock Auto Repair,TEK,1216,7001229,1051,,9,,Pericles,Lewis,202 PROSPECT ST,,NEW HAVEN,CT,06511-2107
East Rock Auto Repair,TEK,1216,6994948,1051,,9,,MIKE,AFFINITO,6 BRENNAN ST,,EAST HAVEN,CT,06513-2604
