Shop Name,Software,SID,CID,WSID,WCID,MBdayMo,TBdayMo,First,Last,Address,Address2,City,St,Zip
Safeway Oil Change & Automotive Services,TEK,1398,19703335,1052,,9,,TIMOTHY,DAVIS,710 CENTRAL AVE,,JOHNSTON,RI,02919-3102
Safeway Oil Change & Automotive Services,TEK,1398,19708647,1052,,9,,PETER,FULLER,45 TANNER AVE,,WARWICK,RI,02886-4510
Safeway Oil Change & Automotive Services,TEK,1398,19707783,1052,,9,,MARIA,DWARES,14 STEVENS RD,,CRANSTON,RI,02910-4245
Safeway Oil Change & Automotive Services,TEK,1398,19704594,1052,,09,,Alan,Defusco,157 ROCKWOOD AVE,,CRANSTON,RI,02920-2326
Safeway Oil Change & Automotive Services,TEK,1398,19705732,1052,,9,,Ebony,Simon,23 TUXEDO AVE,,PROVIDENCE,RI,02909-2431
Safeway Oil Change & Automotive Services,TEK,1398,19706803,1052,,9,,SEAN,SOVA,10 EUSTON AVE,,CRANSTON,RI,02910-6018
Safeway Oil Change & Automotive Services,TEK,1398,19714404,1052,,9,,Mark,Carten,1144 PLAINFIELD ST,,JOHNSTON,RI,02919-6737
Safeway Oil Change & Automotive Services,TEK,1398,19701860,1052,,9,,ADYS,LABOY,1317 EDDY ST 1ST,,PROVIDENCE,RI,02905-2819
Safeway Oil Change & Automotive Services,TEK,1398,19710160,1052,,9,,Dale,Belluscio,114 COOKS REST LN,,MONCKS CORNER,SC,29461-8895
Safeway Oil Change & Automotive Services,TEK,1398,19712336,1052,,9,,Amanda,Luis,57 HIGHLAND AVE,,JOHNSTON,RI,02919-3924
Safeway Oil Change & Automotive Services,TEK,1398,19699996,1052,,9,,Kia,Degaitas,668 HIGHLAND AVE,,WESTPORT,MA,02790-2217
Safeway Oil Change & Automotive Services,TEK,1398,19700723,1052,,9,,Gary,Wotton,19 PEACE PIPE TRL S,,SOUTH KINGSTON,RI,02879-2022
Safeway Oil Change & Automotive Services,TEK,1398,19709458,1052,,9,,Joe,Comella,14 GROTON ST,,JOHNSTON,RI,02919-6629
Safeway Oil Change & Automotive Services,TEK,1398,19708173,1052,,9,,Jacob,Silvia,825 PONTIAC AVE,,CRANSTON,RI,02910-5901
Safeway Oil Change & Automotive Services,TEK,1398,19706780,1052,,9,,Vickilyn,Crawford,238 PARK AVE,,CRANSTON,RI,02905-2649
Safeway Oil Change & Automotive Services,TEK,1398,19717533,1052,,9,,Alan,Goodinson,191 GROSVENOR AVE,,EAST PROVIDENCE,RI,02914-3615
Safeway Oil Change & Automotive Services,TEK,1398,19704097,1052,,9,,Kenny,Sutton,29 FAIR ST,,PROVIDENCE,RI,02908-1308
Safeway Oil Change & Automotive Services,TEK,1398,19712293,1052,,9,,Robert,Frederick,538 LAUREL HILL AVE,,CRANSTON,RI,02920-7436
Safeway Oil Change & Automotive Services,TEK,1398,19717456,1052,,9,,Lester,Pierce,85 ECHO LN,,CRANSTON,RI,02921-2201
Safeway Oil Change & Automotive Services,TEK,1398,19712827,1052,,9,,NANCY,CASTAGLIUOLO,45 CREST DR,,CRANSTON,RI,02921-3313
Safeway Oil Change & Automotive Services,TEK,1398,19706567,1052,,9,,Joe,Sanita,9943 E VERONA CIR,,VERO BEACH,FL,32966-3125
Safeway Oil Change & Automotive Services,TEK,1398,19700885,1052,,9,,Michael,Stewart,18 BELL SCHOOLHOUSE RD,,WEST KINGSTON,RI,02892-1010
Safeway Oil Change & Automotive Services,TEK,1398,19707550,1052,,9,,ELIZABETH,MARTINELLI,15 BROOKSIDE DR,,CRANSTON,RI,02910-1211
Safeway Oil Change & Automotive Services,TEK,1398,19713028,1052,,9,,AMY,WALLACE,435 SCITUATE AVE APT 5D,,CRANSTON,RI,02921-1827
Safeway Oil Change & Automotive Services,TEK,1398,19717985,1052,,9,,Audrey,Gaboriault,18 CHESTNUT ST,,BEVERLY,MA,01915-3307
Safeway Oil Change & Automotive Services,TEK,1398,19709368,1052,,9,,Marquis,Triplett,25 FELIX ST APT 3,,PROVIDENCE,RI,02908-4836
Safeway Oil Change & Automotive Services,TEK,1398,19704169,1052,,9,,VALERIE,GARCIA,135 WESTWOOD AVE,,CRANSTON,RI,02905-1353
Safeway Oil Change & Automotive Services,TEK,1398,19706208,1052,,9,,Kerri,Santilli,225 HIGH ST,,WESTERLY,RI,02891-1781
Safeway Oil Change & Automotive Services,TEK,1398,19706877,1052,,9,,NICOLE,DIPAOLO,200 HIGH ST # A,,WAKEFIELD,RI,02879-3140
Safeway Oil Change & Automotive Services,TEK,1398,19710095,1052,,9,,Leslye,Parker,532 LAUREL HILL AVE,,CRANSTON,RI,02920-7436
Safeway Oil Change & Automotive Services,TEK,1398,19706558,1052,,9,,Myrissa,Britto,504 SHARON ST,,PROVIDENCE,RI,02908-2336
Safeway Oil Change & Automotive Services,TEK,1398,19717575,1052,,9,,Tomi,Enright,15 APPLETON ST,,CRANSTON,RI,02910-2401
Safeway Oil Change & Automotive Services,TEK,1398,19714801,1052,,9,,Tim,Votta,169 NORWOOD AVE,,WARWICK,RI,02888-2361
Safeway Oil Change & Automotive Services,TEK,1398,19704824,1052,,9,,Mary,Griffin,133 RANKIN AVE,,PROVIDENCE,RI,02908-4215
Safeway Oil Change & Automotive Services,TEK,1398,19701992,1052,,9,,Desiree,Graca,77 DROWNE ST,,CRANSTON,RI,02905-1338
Safeway Oil Change & Automotive Services,TEK,1398,19702727,1052,,9,,Marc,Daguanno,88 DEAN ST,,CRANSTON,RI,02920-1701
Safeway Oil Change & Automotive Services,TEK,1398,19702750,1052,,9,,Richard,Bolig,101 JULIA WAY,,JOHNSTON,RI,02919-1519
Safeway Oil Change & Automotive Services,TEK,1398,19713899,1052,,9,,Craig,Castellucci,94 MORGAN ST,,CRANSTON,RI,02920-2214
Safeway Oil Change & Automotive Services,TEK,1398,19714263,1052,,9,,JARRED,LENDON,168 GLEN RIDGE RD,,CRANSTON,RI,02920-6154
Safeway Oil Change & Automotive Services,TEK,1398,19704135,1052,,9,,Guido,Fargiorgio,56 CLARK AVE,,CRANSTON,RI,02920-2402
Safeway Oil Change & Automotive Services,TEK,1398,19708041,1052,,9,,Jermaine,Curtis,100 ELENA ST APT 604,,CRANSTON,RI,02920-4387
Safeway Oil Change & Automotive Services,TEK,1398,19717414,1052,,9,,Ashton,Colllazo,9 NICOLE LN,,JOHNSTON,RI,02919-5613
Safeway Oil Change & Automotive Services,TEK,1398,19709698,1052,,9,,Chaketa,Cartwright,670 N MAIN ST,,PROVIDENCE,RI,02904-5743
Safeway Oil Change & Automotive Services,TEK,1398,19714906,1052,,9,,GEORGE,DORAZIO,20 CARONIA ST,,CRANSTON,RI,02920-4331
Safeway Oil Change & Automotive Services,TEK,1398,19718426,1052,,9,,Mark,Wucherer,16 OWEN DR,,CUMBERLAND,RI,02864-4124
Safeway Oil Change & Automotive Services,TEK,1398,19703636,1052,,9,,NICOLE,PARKER,34 MONGENAIS ST APT 2,,PROVIDENCE,RI,02909-3113
Safeway Oil Change & Automotive Services,TEK,1398,19707303,1052,,09,,Kristine,Estrada,22 OAK ST APT 1,,NORTH PROVIDENCE,RI,02911-2754
Safeway Oil Change & Automotive Services,TEK,1398,19707944,1052,,9,,John,Morales,239 ACUSHNET AVE,,NEW BEDFORD,MA,02740-7900
Safeway Oil Change & Automotive Services,TEK,1398,19716617,1052,,9,,Donald,Jose,7220 SCITUATE VISTA DR,,CRANSTON,RI,02921-1763
Safeway Oil Change & Automotive Services,TEK,1398,19708351,1052,,9,,Nadelyne,Leger,109 GORDON ST,,CRANSTON,RI,02910-1417
Safeway Oil Change & Automotive Services,TEK,1398,19714902,1052,,9,,David,Vasco,55 ASHLEY ST,,CRANSTON,RI,02920-6328
Safeway Oil Change & Automotive Services,TEK,1398,19710390,1052,,9,,SANDRA,NICHOLLS,58 LYNDE ST,,PROVIDENCE,RI,02908-1122
Safeway Oil Change & Automotive Services,TEK,1398,19700664,1052,,9,,Nathaniel,Sweet,66 GARLAND AVE,,CRANSTON,RI,02910-4223
Safeway Oil Change & Automotive Services,TEK,1398,19712857,1052,,9,,Karuna,Chiemruom,139 MELROSE ST APT 3,,PROVIDENCE,RI,02907-2125
Safeway Oil Change & Automotive Services,TEK,1398,19707134,1052,,9,,Russell,Dudemaine,1162 DOUGLAS PIKE,,SMITHFIELD,RI,02917-1220
Safeway Oil Change & Automotive Services,TEK,1398,19712203,1052,,9,,Derek,Davenport,2 RAILROAD AVE,,COVENTRY,RI,02827-1709
Safeway Oil Change & Automotive Services,TEK,1398,19712350,1052,,9,,Chris,Simpson,349 FARMINGTON AVE,,CRANSTON,RI,02920-7637
Safeway Oil Change & Automotive Services,TEK,1398,19710633,1052,,9,,John,Lopes,275 PHENIX AVE,,CRANSTON,RI,02920-4017
Safeway Oil Change & Automotive Services,TEK,1398,19707789,1052,,9,,Jonathan,Dion,10 LACE CIR,,CRANSTON,RI,02921-3545
Safeway Oil Change & Automotive Services,TEK,1398,19712297,1052,,9,,Paulette,Rampone,2 KERN ACRE DR,,JOHNSTON,RI,02919-3432
Safeway Oil Change & Automotive Services,TEK,1398,19708191,1052,,9,,Jesica,Santucci,12 JOHN ST,,GREENVILLE,RI,02828-1506
Safeway Oil Change & Automotive Services,TEK,1398,19701125,1052,,9,,SAMEERAH,MUHAMMAD,4 LEWIS ST # 2,,WOONSOCKET,RI,02895-1906
Safeway Oil Change & Automotive Services,TEK,1398,19713142,1052,,9,,Arthur,Montanaro,90 RED HAWK DR,,CRANSTON,RI,02921-1531
Safeway Oil Change & Automotive Services,TEK,1398,19713588,1052,,9,,Joe,Pipi,14 JOYCE ANN DR,,SMITHFIELD,RI,02917-2406
Safeway Oil Change & Automotive Services,TEK,1398,19716590,1052,,9,,SANDRA,WEBSTER,342 TRIMTOWN RD,,NORTH SCITUATE,RI,02857-1735
Safeway Oil Change & Automotive Services,TEK,1398,19701902,1052,,9,,RONALD,ZICKDREATH,42 TWEED ST,,CRANSTON,RI,02920-2547
Safeway Oil Change & Automotive Services,TEK,1398,19702776,1052,,9,,Teresa,Pine,175 FEDERAL WAY APT 103,,JOHNSTON,RI,02919-4685
Safeway Oil Change & Automotive Services,TEK,1398,19708863,1052,,9,,BIANCA,MEDINA,15 TAFT ST,,CRANSTON,RI,02905-1349
Safeway Oil Change & Automotive Services,TEK,1398,19716783,1052,,9,,PATTY,FALCON,27 PRUDENCE AVE,,PROVIDENCE,RI,02909-5412
Safeway Oil Change & Automotive Services,TEK,1398,19718125,1052,,9,,Peter,Ialongo,249 WILDFLOWER DR,,CRANSTON,RI,02921-2328
Safeway Oil Change & Automotive Services,TEK,1398,19701082,1052,,9,,Danielle,LaBianca,31 WILDWOOD DR,,CRANSTON,RI,02920-3329
Safeway Oil Change & Automotive Services,TEK,1398,19699967,1052,,9,,Keith,Tice,85 BRIGGS ST APT 904,,CRANSTON,RI,02920-4250
Safeway Oil Change & Automotive Services,TEK,1398,19716879,1052,,9,,Michael,Chvey,45 LINCOLN PARK AVE,,CRANSTON,RI,02920-1617
Safeway Oil Change & Automotive Services,TEK,1398,19714837,1052,,9,,Russel,Gunn,6206 SCITUATE VISTA DR,,CRANSTON,RI,02921-1724
Safeway Oil Change & Automotive Services,TEK,1398,19715634,1052,,09,,Antonio,mathien,54 BEAUFORT ST,,PROVIDENCE,RI,02908-4451
Safeway Oil Change & Automotive Services,TEK,1398,19708642,1052,,9,,DEBORAH,BAGUMA,128 NORFOLK ST,,CRANSTON,RI,02910-2718
Safeway Oil Change & Automotive Services,TEK,1398,19711859,1052,,9,,MICHAEL,ERICKSON,17 DENVER AVE,,CRANSTON,RI,02905-2606
Safeway Oil Change & Automotive Services,TEK,1398,19709566,1052,,9,,Greg,Borrera,19 BAILEY ST,,CRANSTON,RI,02920-7701
Safeway Oil Change & Automotive Services,TEK,1398,19713269,1052,,9,,Jessie,Otto,1707 PLAINFIELD PIKE,,JOHNSTON,RI,02919-5918
Safeway Oil Change & Automotive Services,TEK,1398,19703381,1052,,9,,ROBIN,BORYS,270 STONY ACRE DR,,CRANSTON,RI,02920-1256
Safeway Oil Change & Automotive Services,TEK,1398,19703459,1052,,9,,Jean,Perez,39 PAOLINO ST,,JOHNSTON,RI,02919-5401
Safeway Oil Change & Automotive Services,TEK,1398,19713591,1052,,09,,TONY,CASSISI,275 MESHANTICUT VALLEY PKWY,,CRANSTON,RI,02920-3754
Safeway Oil Change & Automotive Services,TEK,1398,19715465,1052,,9,,DAVID,DIORIO,25 WAYLAND AVE,,CRANSTON,RI,02920-4118
Safeway Oil Change & Automotive Services,TEK,1398,19703370,1052,,9,,Tania,Rocha,102 FIAT AVE,,CRANSTON,RI,02910-2509
Safeway Oil Change & Automotive Services,TEK,1398,19713852,1052,,9,,Nyia,James,65 WILLIAM ELLERY PL,,PROVIDENCE,RI,02904-2864
Safeway Oil Change & Automotive Services,TEK,1398,19703526,1052,,9,,Louis,Quinilla,35 VERDIC AVE,,PROVIDENCE,RI,02909-5911
Safeway Oil Change & Automotive Services,TEK,1398,19715956,1052,,9,,Diana,Mcphail,8 STILLWATER RD,,SMITHFIELD,RI,02917-3300
Safeway Oil Change & Automotive Services,TEK,1398,19713437,1052,,9,,BRIAN,ROY,200 CANNON ST APT 123,,CRANSTON,RI,02920-2248
Safeway Oil Change & Automotive Services,TEK,1398,19708793,1052,,9,,RONNIE,GARAFANO,436 SCITUATE AVE,,CRANSTON,RI,02921-1843
Safeway Oil Change & Automotive Services,TEK,1398,19705029,1052,,9,,MARK,BRIGGS,6 GREENBUSH RD,,WEST WARWICK,RI,02893-5516
Safeway Oil Change & Automotive Services,TEK,1398,19704804,1052,,9,,RYAN,LOMBARDI,70 SUNDALE RD,,CRANSTON,RI,02921-2010
Safeway Oil Change & Automotive Services,TEK,1398,19710232,1052,,9,,Matt,Boatwright,230 DEXTER ST,,PROVIDENCE,RI,02907-2473
Safeway Oil Change & Automotive Services,TEK,1398,19712169,1052,,9,,Matthew,Boatwright,230 DEXTER ST,,PROVIDENCE,RI,02907-2473
Safeway Oil Change & Automotive Services,TEK,1398,19705737,1052,,9,,Tyler,Haswell,46 SOUTH ST,,CRANSTON,RI,02920-1750
Safeway Oil Change & Automotive Services,TEK,1398,19704340,1052,,9,,Christopher,Oliver,1713 KINGSWAY RD,,NORFOLK,VA,23518-4317
Safeway Oil Change & Automotive Services,TEK,1398,19709017,1052,,9,,LORENZO,ABBATIELLO,3 CLARK AVE,,CRANSTON,RI,02920-2402
Safeway Oil Change & Automotive Services,TEK,1398,19712986,1052,,9,,Elizabeth,Gutierrez,90 CLEMENCE ST,,CRANSTON,RI,02920-2513
Safeway Oil Change & Automotive Services,TEK,1398,19710646,1052,,9,,David,Nash,15 CURTIS ST APT 201,,CRANSTON,RI,02920-1811
Safeway Oil Change & Automotive Services,TEK,1398,19716795,1052,,9,,Paul,Dercole,22 DEAN ST,,CRANSTON,RI,02920-3819
Safeway Oil Change & Automotive Services,TEK,1398,19718077,1052,,9,,Elaine,Ebzery,60 INEZ AVE,,WARWICK,RI,02886-7918
Safeway Oil Change & Automotive Services,TEK,1398,19714456,1052,,9,,Susan,Prete,100 ARTHUR ST APT 313,,CRANSTON,RI,02910-3637
Safeway Oil Change & Automotive Services,TEK,1398,19714158,1052,,9,,Wesley,Beaulieu,320 SCITUATE AVE,,CRANSTON,RI,02921-1817
Safeway Oil Change & Automotive Services,TEK,1398,19712683,1052,,9,,Kristy,Marble,160 LOCUST GLEN DR,,CRANSTON,RI,02921-1060
Safeway Oil Change & Automotive Services,TEK,1398,19714869,1052,,09,,ADAM,KOHL,283 LIPPITT AVE,,CRANSTON,RI,02921-3011
Safeway Oil Change & Automotive Services,TEK,1398,19700258,1052,,9,,Elissa,Lopez,44 BYRON ST,,CRANSTON,RI,02920-6702
Safeway Oil Change & Automotive Services,TEK,1398,19710453,1052,,9,,Sandra,Keating,87 HILLTOP AVE,,PROVIDENCE,RI,02908-2810
Safeway Oil Change & Automotive Services,TEK,1398,19705781,1052,,9,,David,Pooler,95 CHAPEL ST,,LINCOLN,RI,02865-2117
Safeway Oil Change & Automotive Services,TEK,1398,19718528,1052,,9,,Renee,Debarros,201 RANDALL ST,,CRANSTON,RI,02920-4307
Safeway Oil Change & Automotive Services,TEK,1398,19703877,1052,,9,,Sarath,Say,64 MORGAN ST,,CRANSTON,RI,02920-2214
Safeway Oil Change & Automotive Services,TEK,1398,19712524,1052,,9,,KATE,STAPLES,24 LEE RD,,BARRINGTON,RI,02806-4865
Safeway Oil Change & Automotive Services,TEK,1398,19702782,1052,,9,,Claude,Guindon,227 HARTFORD AVE APT 1,,PROVIDENCE,RI,02909-5163
Safeway Oil Change & Automotive Services,TEK,1398,19704079,1052,,9,,TINA,SCULLY,58 BROOK HILL RD,,NORTH SCITUATE,RI,02857-2909
Safeway Oil Change & Automotive Services,TEK,1398,19704354,1052,,9,,Randal,Stoloff,1 PASTURE VIEW LN,,CRANSTON,RI,02921-2732
Safeway Oil Change & Automotive Services,TEK,1398,19706025,1052,,9,,Lynn,Dipippo,16 ARROW GLN,,CRANSTON,RI,02921-1912
Safeway Oil Change & Automotive Services,TEK,1398,19718213,1052,,9,,Timothy,Mallard,11 WINDMILL ST,,PROVIDENCE,RI,02904-1421
Safeway Oil Change & Automotive Services,TEK,1398,19715083,1052,,9,,Tyler,Malm,100 ELENA ST,,CRANSTON,RI,02920-4379
Safeway Oil Change & Automotive Services,TEK,1398,19701419,1052,,9,,Stephanie,Santilli,4 LAKE VIEW CT,,JOHNSTON,RI,02919-5722
Safeway Oil Change & Automotive Services,TEK,1398,19717210,1052,,9,,Mike,Perrotta,92 NEW HAMPSHIRE ST,,CRANSTON,RI,02920-6748
Safeway Oil Change & Automotive Services,TEK,1398,19712421,1052,,9,,Jacquilyn,Gesterling,34 NORMANDY DR,,CRANSTON,RI,02920-3114
Safeway Oil Change & Automotive Services,TEK,1398,19700693,1052,,9,,Fred,Sayles,31 AUBURN AVE,,JOHNSTON,RI,02919-3865
Safeway Oil Change & Automotive Services,TEK,1398,19707090,1052,,9,,Melissa,Smith,302B MOUNTAINDALE RD,,SMITHFIELD,RI,02917-2208
Safeway Oil Change & Automotive Services,TEK,1398,19716854,1052,,9,,TYRONE,MOORE,17 MILTON LN,,COVENTRY,RI,02816-4008
Safeway Oil Change & Automotive Services,TEK,1398,19712798,1052,,9,,Crystal,Lee,42 HAVEN AVE,,CRANSTON,RI,02920-6757
Safeway Oil Change & Automotive Services,TEK,1398,19711214,1052,,9,,Dolores,Dipaola,37 TACOMA ST,,CRANSTON,RI,02920-2320
Safeway Oil Change & Automotive Services,TEK,1398,19706551,1052,,9,,John,Mazzeo,1 MERIT DR,,CRANSTON,RI,02920-3645
Safeway Oil Change & Automotive Services,TEK,1398,19704495,1052,,9,,Megan,Ruo,9 MILBURN ST,,JOHNSTON,RI,02919-3552
Safeway Oil Change & Automotive Services,TEK,1398,19706311,1052,,9,,Steven,Augustus,4 GROTON ST,,JOHNSTON,RI,02919-6612
Safeway Oil Change & Automotive Services,TEK,1398,19708973,1052,,9,,Christine,Audette,17 BRADBURY ST,,WARREN,RI,02885-1534
Safeway Oil Change & Automotive Services,TEK,1398,19707469,1052,,9,,Daren,Jennings,2194 CRANSTON ST,,CRANSTON,RI,02920-3802
Safeway Oil Change & Automotive Services,TEK,1398,19711618,1052,,9,,Anthony,Scuncio,80 LITTLE POND RD,,WAKEFIELD,RI,02879-4485
Safeway Oil Change & Automotive Services,TEK,1398,19702106,1052,,9,,Aaron,Dubois,126 OLD RIVER RD,,LINCOLN,RI,02865-1334
Safeway Oil Change & Automotive Services,TEK,1398,19704058,1052,,9,,Tyler,Allen,387 GRANBY ST,,HARTFORD,CT,06112-1315
Safeway Oil Change & Automotive Services,TEK,1398,19707250,1052,,9,,James,Roy,11 CADILLAC AVE,,CRANSTON,RI,02910-2501
Safeway Oil Change & Automotive Services,TEK,1398,19707630,1052,,09,,Christina,Russillo,1023 CASCADE LOOP,,LITTLE RIVER,SC,29566-8927
Safeway Oil Change & Automotive Services,TEK,1398,19706059,1052,,9,,Karen,Forrestal,4 LINWOOD DR,,JOHNSTON,RI,02919-4617
Safeway Oil Change & Automotive Services,TEK,1398,19708112,1052,,9,,Michael,Fine,2140 SCITUATE AVE,,HOPE,RI,02831-1882
Safeway Oil Change & Automotive Services,TEK,1398,19717150,1052,,9,,Eric,Anastasio,50 CRYSTAL VIEW DR,,PASCOAG,RI,02859-4013
Safeway Oil Change & Automotive Services,TEK,1398,19712030,1052,,9,,Bobby,Fitzgerald,340 AQUEDUCT RD,,CRANSTON,RI,02910-5203
Safeway Oil Change & Automotive Services,TEK,1398,19705434,1052,,9,,John,Gibbs,31 DEDHAM AVE,,PROVIDENCE,RI,02909-5801
Safeway Oil Change & Automotive Services,TEK,1398,19708162,1052,,9,,BORIS,HYETT,499 GREENDALE AVE,,NEEDHAM,MA,02492-4007
Safeway Oil Change & Automotive Services,TEK,1398,19704634,1052,,9,,Johnny,Deguerre,29 BRISTOL AVE,,PROVIDENCE,RI,02909-4642
Safeway Oil Change & Automotive Services,TEK,1398,19703431,1052,,9,,Anthony,Palmieri,23 CLARK AVE,,CRANSTON,RI,02920-2401
Safeway Oil Change & Automotive Services,TEK,1398,19702341,1052,,9,,Gail,Farajmusleh,41 PEARL AVE,,NORTH PROVIDENCE,RI,02904-4524
Safeway Oil Change & Automotive Services,TEK,1398,19713918,1052,,9,,Rebecca,Allen,5 E BAYVIEW RD,,CHARLESTOWN,RI,02813-2000
Safeway Oil Change & Automotive Services,TEK,1398,19707765,1052,,9,,Agneris,Garcia,25 WAINWRIGHT ST,,PROVIDENCE,RI,02908-1421
Safeway Oil Change & Automotive Services,TEK,1398,19711386,1052,,9,,Reginald,Pierre,200 CANNON ST APT 115,,CRANSTON,RI,02920-2250
Safeway Oil Change & Automotive Services,TEK,1398,18607188,1052,,9,,Sasha,Hernandez,11 EAGLE ST,,PROVIDENCE,RI,02908-5626
Safeway Oil Change & Automotive Services,TEK,1398,18881336,1052,,9,,audriana,marinaro,57 CASTLETON DR,,CRANSTON,RI,02921-2417
Safeway Oil Change & Automotive Services,TEK,1398,19110340,1052,,09,,james,robertson,26 SCOTLAND RD,,CRANSTON,RI,02920-4352
Safeway Oil Change & Automotive Services,TEK,1398,19542271,1052,,09,,marco,famiglietti,100 ELENA ST APT 903,,CRANSTON,RI,02920-4392
Safeway Oil Change & Automotive Services,TEK,1398,19686733,1052,,9,,samira,keo,56 BLAISDELL ST,,CRANSTON,RI,02910-4432
Safeway Oil Change & Automotive Services,TEK,1398,19748297,1052,,9,,norman,fleury,1623 MAIN ST,,WEST WARWICK,RI,02893-4083
Safeway Oil Change & Automotive Services,TEK,1398,19707321,1052,,9,,Michael,Blackburn,60 APPLE BLOSSOM LN,,CRANSTON,RI,02921-1303
Safeway Oil Change & Automotive Services,TEK,1398,20017018,1052,,9,,james,art,77 WALTON ST,,PROVIDENCE,RI,02908-2150
Safeway Oil Change & Automotive Services,TEK,1398,20142624,1052,,9,,jacqueline,forlini,103 RIDGEWAY RD,,CRANSTON,RI,02920-3139
Safeway Oil Change & Automotive Services,TEK,1398,20232099,1052,,09,,peter,ialongo,249 WILDFLOWER DR,,CRANSTON,RI,02921-2328
Safeway Oil Change & Automotive Services,TEK,1398,20363986,1052,,9,,lindsey,baron,4 BRIAR AVE,,SCITUATE,RI,02831-1306
Safeway Oil Change & Automotive Services,TEK,1398,20411166,1052,,9,,Jessicia,Walters,85 BARRETT ST,,CRANSTON,RI,02910-1403
Safeway Oil Change & Automotive Services,TEK,1398,19715776,1052,,9,,Suzanne,Brophy,50 LAFAYETTE ST,,JOHNSTON,RI,02919-2727
Safeway Oil Change & Automotive Services,TEK,1398,19708280,1052,,09,,Elaine,Pelino,2044 CRANSTON ST,,CRANSTON,RI,02920-3965
Safeway Oil Change & Automotive Services,TEK,1398,19704607,1052,,9,,Gabriel,Boyes,40 TWEED ST,,CRANSTON,RI,02920-2545
Safeway Oil Change & Automotive Services,TEK,1398,19710707,1052,,9,,Christopher,Presscott,48 MELROSE ST,,CRANSTON,RI,02910-4411
Safeway Oil Change & Automotive Services,TEK,1398,19704908,1052,,9,,Cheyanne,Mclachlan,644 DYER AVE,,CRANSTON,RI,02920-6924
Safeway Oil Change & Automotive Services,TEK,1398,19717206,1052,,9,,Michael,Imbriglio,19 VINCENT DR,,JOHNSTON,RI,02919-6748
Safeway Oil Change & Automotive Services,TEK,1398,19700108,1052,,9,,Mike,Colalella,128 MIRICK AVE,,CRANSTON,RI,02920-4220
Safeway Oil Change & Automotive Services,TEK,1398,22033924,1052,,9,,john,greene,31 STONE DR,,CRANSTON,RI,02920-1321
Safeway Oil Change & Automotive Services,TEK,1398,22068099,1052,,9,,beth,esposito,26 GREENDALE AVE,,POMPTON PLAINS,NJ,07444-1833
Safeway Oil Change & Automotive Services,TEK,1398,19709950,1052,,9,,Sonaa,Chivalan,97 STELLA ST,,PROVIDENCE,RI,02909-5726
Safeway Oil Change & Automotive Services,TEK,1398,22187150,1052,,9,,olivia,maloney,9 SCOTT ST,,CRANSTON,RI,02920-1807
Safeway Oil Change & Automotive Services,TEK,1398,22482176,1052,,9,,allison,mcdonald,60 FAIRWAY DR,,COVENTRY,RI,02816-5775
Safeway Oil Change & Automotive Services,TEK,1398,22497149,1052,,9,,Teena,Castorena,581 LAFAYETTE RD,,NORTH KINGSTOWN,RI,02852-5320
Safeway Oil Change & Automotive Services,TEK,1398,19708215,1052,,9,,Jorge,Campos,35 JOHN ST,,CRANSTON,RI,02920-5309
Safeway Oil Change & Automotive Services,TEK,1398,19714630,1052,,9,,Norman,Frazee,32 FLORIDA AVE,,CRANSTON,RI,02920-5220
Safeway Oil Change & Automotive Services,TEK,1398,22937699,1052,,9,,Julio,Guzman,74 MARLOW ST,,CRANSTON,RI,02920-2115
Safeway Oil Change & Automotive Services,TEK,1398,19548514,1052,,09,,gargar,harmon,161 KILLINGLY ST,,PROVIDENCE,RI,02909-6014
Safeway Oil Change & Automotive Services,TEK,1398,24144088,1052,,9,,Katrina,Abatiello,108 OAKLAND AVE,,CRANSTON,RI,02910-4550
Safeway Oil Change & Automotive Services,TEK,1398,24660710,1052,,9,,Vinay,kadam,75 INDEPENDENCE WAY,,CRANSTON,RI,02921-2036
Safeway Oil Change & Automotive Services,TEK,1398,25961801,1052,,9,,Annette,Salvagno,40 SOUTH ST,,CRANSTON,RI,02920-1748
Safeway Oil Change & Automotive Services,TEK,1398,26197387,1052,,9,,Aaron,Dubois,126 OLD RIVER RD,,LINCOLN,RI,02865-1334
Safeway Oil Change & Automotive Services,TEK,1398,26287648,1052,,9,,Jennifer,Salerno,80 INGERSOLL AVE,,WARWICK,RI,02886-8016
Safeway Oil Change & Automotive Services,TEK,1398,27109831,1052,,9,,Rob,Perillo,3 ALBERT DR,,JOHNSTON,RI,02919-3464
Safeway Oil Change & Automotive Services,TEK,1398,27337157,1052,,9,,sam,hodgson,35 ASHLAND ST,,TAUNTON,MA,02780-3318
Safeway Oil Change & Automotive Services,TEK,1398,27333764,1052,,9,,Greg,Ringdahl,230 SUMMIT DR,,CRANSTON,RI,02920-3659
Safeway Oil Change & Automotive Services,TEK,1398,19709290,1052,,9,,Christine,McCormick,3 COLUMBIA DR,,CUMBERLAND,RI,02864-6606
Safeway Oil Change & Automotive Services,TEK,1398,28897784,1052,,9,,Kevin,Terrio,62 BENNINGTON RD,,CRANSTON,RI,02920-5637
Safeway Oil Change & Automotive Services,TEK,1398,19705848,1052,,9,,CRYSTAL,Lee,42 HAVEN AVE,,CRANSTON,RI,02920-6757
Safeway Oil Change & Automotive Services,TEK,1398,28926719,1052,,9,,Rocco,Iannaci,99 WOODSTOCK LN,,CRANSTON,RI,02920-4638
Safeway Oil Change & Automotive Services,TEK,1398,19710449,1052,,9,,meg,o'neil,38 BRETTON WOODS DR,,CRANSTON,RI,02920-4627
Safeway Oil Change & Automotive Services,TEK,1398,19700327,1052,,9,,DEREK,DURANTE,280 MAYFIELD AVE,,CRANSTON,RI,02920-2919
Safeway Oil Change & Automotive Services,TEK,1398,19704529,1052,,9,,JULIE,PALLANTE,121 HEATHER ST,,CRANSTON,RI,02920-7619
Safeway Oil Change & Automotive Services,TEK,1398,28913190,1052,,9,,Silfredis,Grenier,243 SMITHFIELD RD,,NORTH PROVIDENCE,RI,02904-5138
Safeway Oil Change & Automotive Services,TEK,1398,30010605,1052,,09,,Carlos,Avila,39 GLENWOOD AVE,,CRANSTON,RI,02910-5346
Safeway Oil Change & Automotive Services,TEK,1398,19716332,1052,,9,,Nicole,Duffy,65 ANGELICO ST,,JOHNSTON,RI,02919-6201
Safeway Oil Change & Automotive Services,TEK,1398,19714760,1052,,9,,Mary,Delsanto,71 IRVING ST,,CRANSTON,RI,02910-1422
Safeway Oil Change & Automotive Services,TEK,1398,30639918,1052,,09,,Michael,Pinheiro,20 FOX RUN,,CRANSTON,RI,02921-2631
Safeway Oil Change & Automotive Services,TEK,1398,19713111,1052,,9,,Tom,Mchugh,47 BRAMBLE BUSH DR,,HOPE,RI,02831-1352
Safeway Oil Change & Automotive Services,TEK,1398,22911476,1052,,09,,KATELYN,LIMA,49 LINK ST,,WARWICK,RI,02886-5123
Safeway Oil Change & Automotive Services,TEK,1398,19712147,1052,,9,,Mathew,Kinslow,35 WEDGE ST APT 1,,CRANSTON,RI,02920-1720
Safeway Oil Change & Automotive Services,TEK,1398,32664367,1052,,09,,Serena,Pallaschi,82 NELSON RD,,CRANSTON,RI,02921-2324
Safeway Oil Change & Automotive Services,TEK,1398,32872597,1052,,09,,Victor,principe,89 WOOD ST,,PROVIDENCE,RI,02909-1919
Safeway Oil Change & Automotive Services,TEK,1398,19712228,1052,,9,,Mike,Galvin,379 ATWOOD AVE,,CRANSTON,RI,02920-4358
Safeway Oil Change & Automotive Services,TEK,1398,19699655,1052,,9,,Dawn,Roland,100 ELENA ST APT 302,,CRANSTON,RI,02920-4383
Safeway Oil Change & Automotive Services,TEK,1398,24393307,1052,,9,,barbara,paige,509 LAUREL HILL AVE,,CRANSTON,RI,02920-7207
Safeway Oil Change & Automotive Services,TEK,1398,19707486,1052,,9,,Steven,Sepe,25 BELLE ISLE WAY,,CRANSTON,RI,02921-3542
Safeway Oil Change & Automotive Services,TEK,1398,19716837,1052,,9,,Katie,Oduyingbo,213 GLEN HILLS DR,,CRANSTON,RI,02920-3518
Safeway Oil Change & Automotive Services,TEK,1398,20145021,1052,,9,,kyle,matheu,301 ADMIRAL ST,,PROVIDENCE,RI,02908-2535
Safeway Oil Change & Automotive Services,TEK,1398,33513341,1052,,09,,Justin,Hartshorn,17 TAYLOR RD,,JOHNSTON,RI,02919-5715
Safeway Oil Change & Automotive Services,TEK,1398,19708695,1052,,09,,Joe,Bagley,1761 CRANSTON ST,,CRANSTON,RI,02920-4903
Safeway Oil Change & Automotive Services,TEK,1398,19705923,1052,,9,,Karen,Verrengia,298 STONY ACRE DR,,CRANSTON,RI,02920-1245
Safeway Oil Change & Automotive Services,TEK,1398,34394973,1052,,09,,susan,mollicone,200 CANNON ST,,CRANSTON,RI,02920-2246
Safeway Oil Change & Automotive Services,TEK,1398,19704922,1052,,9,,Bianca,Savickas,87 HILL TOP DR,,CRANSTON,RI,02920-3012
Safeway Oil Change & Automotive Services,TEK,1398,19714688,1052,,9,,Annette,Akqulian,35 RALLS DR,,CRANSTON,RI,02920-3943
Safeway Oil Change & Automotive Services,TEK,1398,34908378,1052,,09,,Alberta,Dichiaro,38 OAKLAWN AVE,,CRANSTON,RI,02920-9385
Safeway Oil Change & Automotive Services,TEK,1398,34952590,1052,,09,,debra,Delsantos,301 OAKLAWN AVE,,CRANSTON,RI,02920-3878
Safeway Oil Change & Automotive Services,TEK,1398,19713294,1052,,09,,Emilio,Feole,48 POCASSET ST,,JOHNSTON,RI,02919-6910
Safeway Oil Change & Automotive Services,TEK,1398,35321421,1052,,09,,Liam,Audette,56 SPRUCE ST,,WESTERLY,RI,02891-1922
Safeway Oil Change & Automotive Services,TEK,1398,23507570,1052,,9,,Dianne,Leyden,183 STARNBERG CT,,SAINT AUGUSTINE,FL,32095-7603
Safeway Oil Change & Automotive Services,TEK,1398,18561573,1052,,9,,Cedric,Haze,63 OAKLAND AVE,,CRANSTON,RI,02910-4513
Safeway Oil Change & Automotive Services,TEK,1398,19699978,1052,,9,,Claudette,Iacovone,33 MIDLAND DR,,CRANSTON,RI,02920-4349
Safeway Oil Change & Automotive Services,TEK,1398,19709006,1052,,9,,Marie,Michael,205 SHUN PIKE,,JOHNSTON,RI,02919-4516
Safeway Oil Change & Automotive Services,TEK,1398,18567087,1052,,9,,Richard,Purrier,111 OAKLAWN AVE APT 81,,CRANSTON,RI,02920-9352
Safeway Oil Change & Automotive Services,TEK,1398,19701933,1052,,9,,Corey,Reall,166 WHITING ST,,CRANSTON,RI,02920-4026
Safeway Oil Change & Automotive Services,TEK,1398,19718704,1052,,9,,Ed,Bernier,13 GINA DR,,JOHNSTON,RI,02919-3405
