Shop Name,Software,SID,CID,WSID,WCID,MBdayMo,TBdayMo,First,Last,Address,Address2,City,St,Zip
Safeway Oil Change & Automotive Services,TEK,1398,19711525,1052,,3,,HALLIE,DEMS,100 ELENA ST APT 311,,CRANSTON,RI,02920-4383
Safeway Oil Change & Automotive Services,TEK,1398,19711062,1052,,3,,Sandy,Preziosi,41 BLAIS AVE,,CRANSTON,RI,02920-4417
Safeway Oil Change & Automotive Services,TEK,1398,19701373,1052,,3,,Mike,Hambly,48 GREENING LN,,CRANSTON,RI,02920-4612
Safeway Oil Change & Automotive Services,TEK,1398,19714711,1052,,3,,Marie,Henry,662 ATWOOD AVE,,CRANSTON,RI,02920-5305
Safeway Oil Change & Automotive Services,TEK,1398,19699964,1052,,3,,Joey,Paliotta,105 PRINCESS AVE,,CRANSTON,RI,02920-6837
Safeway Oil Change & Automotive Services,TEK,1398,19699980,1052,,3,,DIANE,CONTI,12 HOFFMAN AVE,,CRANSTON,RI,02920-4507
Safeway Oil Change & Automotive Services,TEK,1398,19704390,1052,,3,,ABIGAIL,TATARIAN,30 FREETOWN ST,,LAKEVILLE,MA,02347-2251
Safeway Oil Change & Automotive Services,TEK,1398,19703297,1052,,3,,John,Svec,42 BRETTON WOODS DR,,CRANSTON,RI,02920-4627
Safeway Oil Change & Automotive Services,TEK,1398,19700097,1052,,3,,Bobby,Santangelo,40 HOPKINS AVE,,JOHNSTON,RI,02919-1506
Safeway Oil Change & Automotive Services,TEK,1398,19707066,1052,,3,,Shana,Freeman,1 DWIGHT ST,,CRANSTON,RI,02921-1126
Safeway Oil Change & Automotive Services,TEK,1398,19711504,1052,,3,,Robin,Tagliaferri,31 CITY VIEW PKWY,,CRANSTON,RI,02921-2807
Safeway Oil Change & Automotive Services,TEK,1398,19708975,1052,,3,,Sarah,Hebert,25 PASTURE VIEW LN,,CRANSTON,RI,02921-2732
Safeway Oil Change & Automotive Services,TEK,1398,19704717,1052,,3,,Linda,Terminesi,12 BUTTERCUP RD,,CRANSTON,RI,02920-3506
Safeway Oil Change & Automotive Services,TEK,1398,19714444,1052,,3,,John,Zinnani,8 ZANFAGNA ST,,JOHNSTON,RI,02919-6232
Safeway Oil Change & Automotive Services,TEK,1398,19714484,1052,,03,,Onat,Ercelik,3 HIGHWOOD TER,,CRANSTON,RI,02920-4396
Safeway Oil Change & Automotive Services,TEK,1398,19701360,1052,,3,,Amanda,Raposo,90 NEWFIELD AVE,,WARWICK,RI,02888-1810
Safeway Oil Change & Automotive Services,TEK,1398,19708673,1052,,3,,Jown,Salvagno,40 SOUTH ST,,CRANSTON,RI,02920-1748
Safeway Oil Change & Automotive Services,TEK,1398,19708749,1052,,3,,Michael,Lovejoy,129 HOPE HILL TER,,CRANSTON,RI,02921-2725
Safeway Oil Change & Automotive Services,TEK,1398,19708561,1052,,3,,Mike,White,34 STERLING RD,,MOOSUP,CT,06354-2039
Safeway Oil Change & Automotive Services,TEK,1398,19712741,1052,,03,,MELISSA,TANSEY,59 H FOOTE RD,,CHARLTON,MA,01507-5254
Safeway Oil Change & Automotive Services,TEK,1398,19715983,1052,,3,,Diane,Pratt,41 YEOMAN AVE,,CRANSTON,RI,02920-2128
Safeway Oil Change & Automotive Services,TEK,1398,19706605,1052,,3,,Matthew,Larobina,100 ELENA ST APT 622,,CRANSTON,RI,02920-4388
Safeway Oil Change & Automotive Services,TEK,1398,19708336,1052,,3,,Megan,Walsh,49 N COUNTRY CLUB DR,,WARWICK,RI,02888-4464
Safeway Oil Change & Automotive Services,TEK,1398,19706941,1052,,3,,Adele,Petrarca,41 NOTTINGHAM DR,,HOPE,RI,02831-1821
Safeway Oil Change & Automotive Services,TEK,1398,19701650,1052,,3,,MICHAEL,BORGES,218 SHANNOCK HILL RD,,WEST KINGSTON,RI,02892-1147
Safeway Oil Change & Automotive Services,TEK,1398,19713095,1052,,3,,Vincent,Lablanca,65 SYCAMORE DR,,CRANSTON,RI,02921-1014
Safeway Oil Change & Automotive Services,TEK,1398,19716514,1052,,3,,Danny,Brundage,60 BETHEL ST APT 7A,,CRANSTON,RI,02920-5355
Safeway Oil Change & Automotive Services,TEK,1398,19705460,1052,,3,,Erica,Holzinger,14 LANTERN BROOK DR,,LINCOLN,RI,02865-4438
Safeway Oil Change & Automotive Services,TEK,1398,19700428,1052,,3,,Steven,Burger,36 PHEASANT DR,,CRANSTON,RI,02920-1314
Safeway Oil Change & Automotive Services,TEK,1398,19707045,1052,,3,,PATTY,CORCORAN,339 PHENIX AVE,,CRANSTON,RI,02920-4350
Safeway Oil Change & Automotive Services,TEK,1398,19716704,1052,,3,,LYNN,NAYLOR,33 CHURCH ST,,CRANSTON,RI,02920-6753
Safeway Oil Change & Automotive Services,TEK,1398,19714100,1052,,3,,Timothy,Riley,28 RIDGE ST,,CRANSTON,RI,02920-7427
Safeway Oil Change & Automotive Services,TEK,1398,19718718,1052,,3,,Wendy,Robertson,161 CANNON ST,,CRANSTON,RI,02920-2341
Safeway Oil Change & Automotive Services,TEK,1398,19709254,1052,,3,,RENE,VALCOURT,69 LEAWOOD DR,,CRANSTON,RI,02920-1311
Safeway Oil Change & Automotive Services,TEK,1398,19703422,1052,,3,,Ryan,Harding,180 MAIN ST APT 5206,,BRIDGEWATER,MA,02324-1470
Safeway Oil Change & Automotive Services,TEK,1398,19709121,1052,,3,,CONNOR,GENTILCORE,45 ARROWHEAD TRL,,EAST GREENWICH,RI,02818-1301
Safeway Oil Change & Automotive Services,TEK,1398,19714232,1052,,3,,MERGE,OZCAN,31 CAPUANO AVE,,CRANSTON,RI,02920-8201
Safeway Oil Change & Automotive Services,TEK,1398,19707302,1052,,3,,Anthony,Dipiro,30 OAKLAWN AVE APT 307,,CRANSTON,RI,02920-9322
Safeway Oil Change & Automotive Services,TEK,1398,19707515,1052,,3,,COURTNEY,TENCHARA,75 ANDREWS AVE APT 3,,WEST WARWICK,RI,02893-5953
Safeway Oil Change & Automotive Services,TEK,1398,19709257,1052,,3,,DAVID,SPICUZZA,20 BEECHWOOD DR,,CRANSTON,RI,02921-3300
Safeway Oil Change & Automotive Services,TEK,1398,19711669,1052,,3,,Rick,Paul,1003 VICTORY HWY,,GREENE,RI,02827-1725
Safeway Oil Change & Automotive Services,TEK,1398,19704636,1052,,3,,Joseph,Hathaway,105 VALLETTE ST,,CRANSTON,RI,02920-6223
Safeway Oil Change & Automotive Services,TEK,1398,19702734,1052,,3,,ZORINES,SARMIENTO,35 STERLING AVE,,PROVIDENCE,RI,02909-2958
Safeway Oil Change & Automotive Services,TEK,1398,19709372,1052,,3,,JEANETTE,ARCIERO,2 WESTERN HILLS LN APT 2202,,CRANSTON,RI,02921-1739
Safeway Oil Change & Automotive Services,TEK,1398,19700854,1052,,3,,Carmen,Rios,48 BURBANK ST,,CRANSTON,RI,02910-3848
Safeway Oil Change & Automotive Services,TEK,1398,19701832,1052,,3,,Tyler,Knight,672 ATWOOD AVE FL 2ND,,CRANSTON,RI,02920-5306
Safeway Oil Change & Automotive Services,TEK,1398,19710800,1052,,3,,Roseanne,Markrush,6 RIVER DR,,JOHNSTON,RI,02919-6331
Safeway Oil Change & Automotive Services,TEK,1398,19705600,1052,,3,,Andrew,Eosque,223 MAIN ST,,WHITESBORO,NY,13492-1117
Safeway Oil Change & Automotive Services,TEK,1398,19701170,1052,,3,,Rosemary,Amore,32 THERESA ST,,JOHNSTON,RI,02919-5021
Safeway Oil Change & Automotive Services,TEK,1398,19716668,1052,,3,,Stephanie,Lamb,650 E GREENWICH AVE,,WEST WARWICK,RI,02893-2367
Safeway Oil Change & Automotive Services,TEK,1398,19707462,1052,,3,,Sekina,Terry,63 BALDWIN ST,,PAWTUCKET,RI,02860-2655
Safeway Oil Change & Automotive Services,TEK,1398,19718150,1052,,3,,Lori,Martin,91 RUTLAND ST,,CRANSTON,RI,02920-4852
Safeway Oil Change & Automotive Services,TEK,1398,19700929,1052,,3,,Barbara,Rogers,45 VICTORIA AVE,,CRANSTON,RI,02920-6709
Safeway Oil Change & Automotive Services,TEK,1398,19714959,1052,,3,,Adam,Lopatosky,80 DEER RUN TRL,,SMITHFIELD,RI,02917-2110
Safeway Oil Change & Automotive Services,TEK,1398,19706926,1052,,3,,SILVIA,LOURO,18 BUTTONWOOD DR,,CRANSTON,RI,02920-5503
Safeway Oil Change & Automotive Services,TEK,1398,19712351,1052,,3,,CHERIL,VARGAS,66 LISBON ST 1ST,,PROVIDENCE,RI,02908-4704
Safeway Oil Change & Automotive Services,TEK,1398,19717868,1052,,3,,Sheila,Soto,15 AMANA DR,,JOHNSTON,RI,02919-4211
Safeway Oil Change & Automotive Services,TEK,1398,19706060,1052,,3,,Rebecca,Martin,19 FAIRVIEW AVE,,CRANSTON,RI,02905-5109
Safeway Oil Change & Automotive Services,TEK,1398,19708447,1052,,3,,Shaiann,Rivers,100 HUMBERT ST UNIT 100B,,NORTH PROVIDENCE,RI,02911-2522
Safeway Oil Change & Automotive Services,TEK,1398,19704262,1052,,3,,LORI,KANDZERSKI,36 HAWTHORNE ST,,NORTH PROVIDENCE,RI,02904-3817
Safeway Oil Change & Automotive Services,TEK,1398,19707907,1052,,3,,KAREN,ABILA,160 NATICK AVE,,CRANSTON,RI,02921-1106
Safeway Oil Change & Automotive Services,TEK,1398,19715888,1052,,3,,Phillip,Spirito,57 HINES FARM RD,,CRANSTON,RI,02921-1409
Safeway Oil Change & Automotive Services,TEK,1398,19708755,1052,,3,,Sue,Raposa,38 WATER FALL WAY,,CRANSTON,RI,02921-1240
Safeway Oil Change & Automotive Services,TEK,1398,19711820,1052,,3,,MARY,Morin,39 LOOMIS ST,,CRANSTON,RI,02920-2112
Safeway Oil Change & Automotive Services,TEK,1398,19703163,1052,,3,,Jacob,Heiden,32 CROWS NEST LN UNIT 3,,DANBURY,CT,06810-7152
Safeway Oil Change & Automotive Services,TEK,1398,19706323,1052,,3,,Kyle,Fitton,38 MILL ST,,JOHNSTON,RI,02919-6263
Safeway Oil Change & Automotive Services,TEK,1398,19716210,1052,,03,,Gillian,Murphy,223 KNIGHT AVE,,ATTLEBORO,MA,02703-7240
Safeway Oil Change & Automotive Services,TEK,1398,19702313,1052,,3,,Massiel,Almond,120 VALLETTE ST,,CRANSTON,RI,02920-6224
Safeway Oil Change & Automotive Services,TEK,1398,19702096,1052,,3,,Jennifer,Zapotocky,45 OLD PHENIX AVE,,CRANSTON,RI,02921-1139
Safeway Oil Change & Automotive Services,TEK,1398,19717020,1052,,3,,Lekecia,Cox,66 CORINTH ST,,PROVIDENCE,RI,02907-2006
Safeway Oil Change & Automotive Services,TEK,1398,19717101,1052,,3,,Paula,Gruttadauria,183 HILLARD AVE,,WARWICK,RI,02886-3037
Safeway Oil Change & Automotive Services,TEK,1398,19704181,1052,,3,,Johnathon,Pine,349 WAYLAND AVE,,PROVIDENCE,RI,02906-4531
Safeway Oil Change & Automotive Services,TEK,1398,19700152,1052,,3,,Michael,Bowry,84 ROWE DR,,CRANSTON,RI,02921-1617
Safeway Oil Change & Automotive Services,TEK,1398,19703143,1052,,3,,HANNAH,BUCKNER,24 CREST CIR,,SMITHFIELD,RI,02917-4044
Safeway Oil Change & Automotive Services,TEK,1398,19702815,1052,,3,,Richard,Saccoccio,60 LENOX RD,,CRANSTON,RI,02920-6020
Safeway Oil Change & Automotive Services,TEK,1398,19716248,1052,,3,,Jacob,Goldman,188 OLD COUNTY RD,,SMITHFIELD,RI,02917-2931
Safeway Oil Change & Automotive Services,TEK,1398,19712312,1052,,3,,PAUL,BENTO,100 ELENA ST APT 315,,CRANSTON,RI,02920-4383
Safeway Oil Change & Automotive Services,TEK,1398,19708972,1052,,3,,Greg,Keough,205 AQUEDUCT RD,,CRANSTON,RI,02910-5336
Safeway Oil Change & Automotive Services,TEK,1398,19705917,1052,,3,,MICHAEL,GIANFRANCESCO,160 HINES FARM RD,,CRANSTON,RI,02921-1408
Safeway Oil Change & Automotive Services,TEK,1398,19714289,1052,,3,,CRYSTAL,ORTIZ,154 MERCER ST,,EAST PROVIDENCE,RI,02914-5345
Safeway Oil Change & Automotive Services,TEK,1398,19716637,1052,,03,,Stanisha,Wilcox,2033 ARROWHEAD DR APT 2B,,MERRILLVILLE,IN,46410-4980
Safeway Oil Change & Automotive Services,TEK,1398,19707529,1052,,03,,Jan,Charpentier,44 RICHMOND TOWNHOUSE RD,,WYOMING,RI,02898-1246
Safeway Oil Change & Automotive Services,TEK,1398,19713459,1052,,3,,Molly,Duggan,154 PENN ST,,PROVIDENCE,RI,02909-7557
Safeway Oil Change & Automotive Services,TEK,1398,19710590,1052,,3,,Andrew,Munyao,625 WILBUR AVE,,CRANSTON,RI,02921-1435
Safeway Oil Change & Automotive Services,TEK,1398,19709755,1052,,3,,Cheryl,Damiani,170 BARNDOOR LN,,CRANSTON,RI,02921-2900
Safeway Oil Change & Automotive Services,TEK,1398,19703749,1052,,3,,Joanne,Campominosi,67 SCOTLAND RD,,CRANSTON,RI,02920-4351
Safeway Oil Change & Automotive Services,TEK,1398,19717867,1052,,3,,Bicanca,Ramos,161 OPHELIA ST,,PROVIDENCE,RI,02909-5735
Safeway Oil Change & Automotive Services,TEK,1398,19707243,1052,,3,,Matthew,Saballa,2002 CRANSTON ST,,CRANSTON,RI,02920-3926
Safeway Oil Change & Automotive Services,TEK,1398,19705223,1052,,3,,Robert,Manning,1362 NARRAGANSETT BLVD,,CRANSTON,RI,02905-5119
Safeway Oil Change & Automotive Services,TEK,1398,19704959,1052,,3,,John,Machacz,720 PUTNAM PIKE APT 703,,GREENVILLE,RI,02828-1448
Safeway Oil Change & Automotive Services,TEK,1398,19706800,1052,,3,,Jacqueline,Stengel,45 COMMUNITY DR,,CRANSTON,RI,02905-1007
Safeway Oil Change & Automotive Services,TEK,1398,19711741,1052,,3,,Daniel,Perez,638 W FREDERICK ST APT 3,,STAUNTON,VA,24401-3178
Safeway Oil Change & Automotive Services,TEK,1398,19707051,1052,,3,,Sarah,Mcnerney,41 JENCKES ST APT 1,,PROVIDENCE,RI,02906-1466
Safeway Oil Change & Automotive Services,TEK,1398,19709933,1052,,3,,Joel,Mojica,228 WHITING ST,,CRANSTON,RI,02920-4028
Safeway Oil Change & Automotive Services,TEK,1398,19712886,1052,,3,,Julianna,Le,PO BOX 163,,UNCASVILLE,CT,06382-0163
Safeway Oil Change & Automotive Services,TEK,1398,19703793,1052,,3,,Robert,Richards,111 MORGAN ST,,CRANSTON,RI,02920-2213
Safeway Oil Change & Automotive Services,TEK,1398,19713813,1052,,3,,Rachel,Falco,76 LESLIE RD,,WARWICK,RI,02888-3419
Safeway Oil Change & Automotive Services,TEK,1398,19712255,1052,,3,,Robert,Klingensmith,68 CARRIE ANN DR,,CRANSTON,RI,02921-2706
Safeway Oil Change & Automotive Services,TEK,1398,19716408,1052,,3,,Alicia,Millman,1114 MAIN ST,,WEST WARWICK,RI,02893-3724
Safeway Oil Change & Automotive Services,TEK,1398,19717883,1052,,03,,Al,Ellis,56 STONE HEDGE LN,,BOLTON,CT,06043-7441
Safeway Oil Change & Automotive Services,TEK,1398,19701496,1052,,3,,Paul,Izzo,100 ELENA ST,,CRANSTON,RI,02920-4379
Safeway Oil Change & Automotive Services,TEK,1398,19703959,1052,,3,,Patrick,Mcnamara,108 ANTHONY ST # 1,,EAST PROVIDENCE,RI,02914-4447
Safeway Oil Change & Automotive Services,TEK,1398,19704938,1052,,3,,Nicole,Powrie,15 BELGIUM ST,,CRANSTON,RI,02920-6330
Safeway Oil Change & Automotive Services,TEK,1398,19710944,1052,,3,,Raymond,Walker,29 VALLEY VIEW DR,,CRANSTON,RI,02921-1037
Safeway Oil Change & Automotive Services,TEK,1398,19718101,1052,,3,,Zachary,Medina,28 OVERLAND AVE,,CRANSTON,RI,02910-3135
Safeway Oil Change & Automotive Services,TEK,1398,19702452,1052,,3,,CHRISTOPHER,ROUX,39 ESSEX ST,,CRANSTON,RI,02910-2709
Safeway Oil Change & Automotive Services,TEK,1398,19706415,1052,,3,,Anne,Rich,455 SCITUATE AVE,,CRANSTON,RI,02921-1841
Safeway Oil Change & Automotive Services,TEK,1398,19699796,1052,,3,,Katelyn,Hanegan,30 OAKLAWN AVE,,CRANSTON,RI,02920-9384
Safeway Oil Change & Automotive Services,TEK,1398,19710759,1052,,3,,Erin,DiIoril,9 CANNON ST,,CRANSTON,RI,02920-2411
Safeway Oil Change & Automotive Services,TEK,1398,19703570,1052,,3,,Dylan,Grant,82 PINEHURST AVE,,WARWICK,RI,02889-9225
Safeway Oil Change & Automotive Services,TEK,1398,19705114,1052,,3,,Giovanna,Boscia,1 COLDBROOK CT,,CRANSTON,RI,02920-3635
Safeway Oil Change & Automotive Services,TEK,1398,19705828,1052,,3,,Ranny,Lim,123 FAIRVIEW ST,,PROVIDENCE,RI,02908-3924
Safeway Oil Change & Automotive Services,TEK,1398,19718769,1052,,3,,Mike,Lucier,158 PINE ST,,WARWICK,RI,02888-3150
Safeway Oil Change & Automotive Services,TEK,1398,19715992,1052,,3,,Susanne,Accardo,235 MORGAN AVE APT 9,,JOHNSTON,RI,02919-6337
Safeway Oil Change & Automotive Services,TEK,1398,19707528,1052,,3,,Joseph,Ferretti,4 MIDWAY DR,,WEST WARWICK,RI,02893-1243
Safeway Oil Change & Automotive Services,TEK,1398,19714280,1052,,3,,George,Ryan,17 YOUNG LN,,JOHNSTON,RI,02919-4645
Safeway Oil Change & Automotive Services,TEK,1398,19708605,1052,,3,,Peter,Palumbo,15 EDEN CREST DR,,CRANSTON,RI,02920-8103
Safeway Oil Change & Automotive Services,TEK,1398,19715728,1052,,3,,Icson,Moreno,102 DIXON ST UNIT 9,,PROVIDENCE,RI,02907-3667
Safeway Oil Change & Automotive Services,TEK,1398,19708258,1052,,3,,Steve,Dibiasio,62 CLEAR VIEW DR,,CRANSTON,RI,02921-1311
Safeway Oil Change & Automotive Services,TEK,1398,19707147,1052,,3,,Amit,Godbole,26 HEWES ST # B,,CUMBERLAND,RI,02864-8009
Safeway Oil Change & Automotive Services,TEK,1398,19703850,1052,,3,,Mintae,Kim,260 S COBBLE HILL RD,,WARWICK,RI,02886-9333
Safeway Oil Change & Automotive Services,TEK,1398,19703110,1052,,3,,Deborah,Burlingame,585 TOURTELLOT HILL RD,,CHEPACHET,RI,02814-2131
Safeway Oil Change & Automotive Services,TEK,1398,19700237,1052,,3,,Kathleen,Moar,72 AUDUBON RD,,WARWICK,RI,02888-4602
Safeway Oil Change & Automotive Services,TEK,1398,19702105,1052,,3,,Bruce,Vaillancourt,85 OLD SPRING RD,,CRANSTON,RI,02920-3117
Safeway Oil Change & Automotive Services,TEK,1398,19710737,1052,,3,,ATTILIO,CARDONA,35 VINTON AVE,,CRANSTON,RI,02920-2801
Safeway Oil Change & Automotive Services,TEK,1398,19718486,1052,,3,,Kathy,Florio,66 VALENTE DR,,CRANSTON,RI,02920-2413
Safeway Oil Change & Automotive Services,TEK,1398,19718673,1052,,3,,Jaysen,Weatherbee,41 CANONCHET TRL,,CRANSTON,RI,02921-2518
Safeway Oil Change & Automotive Services,TEK,1398,19708849,1052,,3,,Kenneth,Ulewicz,1098 PONTIAC AVE REAR,,CRANSTON,RI,02920-7969
Safeway Oil Change & Automotive Services,TEK,1398,19716477,1052,,3,,Marianna,Omer,2 JESSICA LEE CT,,COVENTRY,RI,02816-8730
Safeway Oil Change & Automotive Services,TEK,1398,19705179,1052,,3,,Tom,Dail,7 KENDALL DR,,FOXBORO,MA,02035-3203
Safeway Oil Change & Automotive Services,TEK,1398,19700121,1052,,3,,Kate,Carlson,9750 PEACE WAY APT 1066,,LAS VEGAS,NV,89147-8263
Safeway Oil Change & Automotive Services,TEK,1398,19702613,1052,,3,,Nicole,Forsee,47 MORGAN AVE APT 19,,JOHNSTON,RI,02919-6763
Safeway Oil Change & Automotive Services,TEK,1398,19712457,1052,,3,,Leon,Attarian,14 WALKER ST,,CRANSTON,RI,02920-1719
Safeway Oil Change & Automotive Services,TEK,1398,19701879,1052,,3,,Alison,Phillips,7 GRAY COACH W,,CRANSTON,RI,02921-3452
Safeway Oil Change & Automotive Services,TEK,1398,19700991,1052,,3,,Richard,Bonvegna,25 NARRAGANSETT BLVD,,PORTSMOUTH,RI,02871-5807
Safeway Oil Change & Automotive Services,TEK,1398,19708655,1052,,3,,Edward,Sullivan,161 CURTIS ST,,CRANSTON,RI,02920-1823
Safeway Oil Change & Automotive Services,TEK,1398,19717721,1052,,3,,Andy,Terceira,75 SHERIDAN ST,,JOHNSTON,RI,02919-2719
Safeway Oil Change & Automotive Services,TEK,1398,19709679,1052,,3,,Neil,Bromley,606 SCITUATE AVE,,CRANSTON,RI,02921-1844
Safeway Oil Change & Automotive Services,TEK,1398,19715605,1052,,3,,Tom,Glasgow,11 W BLUEBIRD LN,,CRANSTON,RI,02921-3580
Safeway Oil Change & Automotive Services,TEK,1398,19703160,1052,,3,,COLLEEN,ODELL,65 MARLOW ST APT B,,CRANSTON,RI,02920-2114
Safeway Oil Change & Automotive Services,TEK,1398,19702872,1052,,3,,Holie,Dexter,26 RITA ST,,WEST WARWICK,RI,02893-4932
Safeway Oil Change & Automotive Services,TEK,1398,19701764,1052,,3,,Alex,Paglia,284 DANIELSON PIKE # 2,,NORTH SCITUATE,RI,02857-1901
Safeway Oil Change & Automotive Services,TEK,1398,19710778,1052,,3,,Michael,Ragosta,2244 CRANSTON ST,,CRANSTON,RI,02920-3808
Safeway Oil Change & Automotive Services,TEK,1398,19716859,1052,,3,,Russel,Johnson,106 BLACKSTONE BLVD APT 3,,PROVIDENCE,RI,02906-5452
Safeway Oil Change & Automotive Services,TEK,1398,19702454,1052,,3,,Jessica,Safford,50 SERREL SWEET RD,,JOHNSTON,RI,02919-2069
Safeway Oil Change & Automotive Services,TEK,1398,19709462,1052,,3,,Saverio,Giusti,109 HINES FARM RD,,CRANSTON,RI,02921-1409
Safeway Oil Change & Automotive Services,TEK,1398,19717940,1052,,3,,Richard,Green,1607 PHENIX AVE,,CRANSTON,RI,02921-1352
Safeway Oil Change & Automotive Services,TEK,1398,19700063,1052,,3,,MATTHEW,PHIPPS,56 SWEET FERN DR,,CRANSTON,RI,02921-1354
Safeway Oil Change & Automotive Services,TEK,1398,19707389,1052,,3,,Heather,Dellaposta,120 FLETCHER AVE,,CRANSTON,RI,02920-5348
Safeway Oil Change & Automotive Services,TEK,1398,19711827,1052,,3,,Kelly,Michalek,25 BEVERLY ST,,CRANSTON,RI,02920-2104
Safeway Oil Change & Automotive Services,TEK,1398,19706340,1052,,3,,David,Ho,211 LOCUST GLEN DR,,CRANSTON,RI,02921-1036
Safeway Oil Change & Automotive Services,TEK,1398,18606340,1052,,3,,heather,dellaposta,120 FLETCHER AVE,,CRANSTON,RI,02920-5348
Safeway Oil Change & Automotive Services,TEK,1398,18632722,1052,,3,,Lugo,Guillermo,40 HALL ST,,WEST WARWICK,RI,02893-4632
Safeway Oil Change & Automotive Services,TEK,1398,18628415,1052,,3,,barbara,gallagher,94 WHITING ST,,CRANSTON,RI,02920-4310
Safeway Oil Change & Automotive Services,TEK,1398,18575004,1052,,3,,dianne,Bogosian,21 RED HAWK DR,,CRANSTON,RI,02921-1528
Safeway Oil Change & Automotive Services,TEK,1398,19719714,1052,,3,,sou,kha,164 PHEASANT DR,,CRANSTON,RI,02920-1252
Safeway Oil Change & Automotive Services,TEK,1398,19962209,1052,,3,,kyle,cooper,788 ACADEMY AVE,,PROVIDENCE,RI,02908-1231
Safeway Oil Change & Automotive Services,TEK,1398,19710313,1052,,3,,Robert,Souza,4 JENNIFER CIR,,CRANSTON,RI,02921-1416
Safeway Oil Change & Automotive Services,TEK,1398,19714111,1052,,3,,Debra,Ricci,15 PERSHING ST,,CRANSTON,RI,02910-2609
Safeway Oil Change & Automotive Services,TEK,1398,20403958,1052,,3,,anthony,disano,325 WILLIAM HENRY RD,,SCITUATE,RI,02857-2042
Safeway Oil Change & Automotive Services,TEK,1398,21165680,1052,,3,,gabriella,balbi,45 SMITH ST,,LINCOLN,RI,02865-3529
Safeway Oil Change & Automotive Services,TEK,1398,19714267,1052,,3,,SAL,PISCIONE,235 MORGAN AVE APT 11,,JOHNSTON,RI,02919-6337
Safeway Oil Change & Automotive Services,TEK,1398,21450323,1052,,3,,Juilie,nardolillo,168 ACRES OF PINE RD,,COVENTRY,RI,02816-8955
Safeway Oil Change & Automotive Services,TEK,1398,22091222,1052,,3,,steven,manzi,218 GARDEN HILLS DR,,CRANSTON,RI,02920-3408
Safeway Oil Change & Automotive Services,TEK,1398,22209412,1052,,3,,kimberly,masterson,34 SAMUEL CT,,CRANSTON,RI,02920-2048
Safeway Oil Change & Automotive Services,TEK,1398,22675346,1052,,3,,sofia,tejeda,404 WELLINGTON AVE,,CRANSTON,RI,02910-2112
Safeway Oil Change & Automotive Services,TEK,1398,22792385,1052,,3,,Vinny,Cozzo,560 SOUTH RD,,EAST GREENWICH,RI,02818-1436
Safeway Oil Change & Automotive Services,TEK,1398,22845743,1052,,3,,Shana,Degagne,63 CALAMAN RD,,CRANSTON,RI,02910-4242
Safeway Oil Change & Automotive Services,TEK,1398,19711152,1052,,3,,Ben,Maimini,85 WOODLAND AVE,,CRANSTON,RI,02920-2124
Safeway Oil Change & Automotive Services,TEK,1398,23341155,1052,,3,,katie,Hamblett,36 FALCON LN,,CRANSTON,RI,02921-3568
Safeway Oil Change & Automotive Services,TEK,1398,19718299,1052,,3,,Nancy,Crudale,224 E VIEW AVE,,CRANSTON,RI,02920-4827
Safeway Oil Change & Automotive Services,TEK,1398,19716998,1052,,3,,Terri,Lovelace,111 OAKLAWN AVE APT 94,,CRANSTON,RI,02920-9392
Safeway Oil Change & Automotive Services,TEK,1398,19702178,1052,,3,,Chris,Dexter,26 RITA ST,,WEST WARWICK,RI,02893-4932
Safeway Oil Change & Automotive Services,TEK,1398,21003637,1052,,3,,greg,dicomitis,2105 CRANSTON ST,,CRANSTON,RI,02920-3955
Safeway Oil Change & Automotive Services,TEK,1398,19715861,1052,,3,,Patricia,Ricci,20 AMANDA CT,,CRANSTON,RI,02920-1506
Safeway Oil Change & Automotive Services,TEK,1398,19717702,1052,,3,,Jon,Richardson,125 BYFIELD ST APT 1,,PROVIDENCE,RI,02905-1517
Safeway Oil Change & Automotive Services,TEK,1398,19707467,1052,,3,,Erika,Santoro,155 CLARK AVE,,CRANSTON,RI,02920-2356
Safeway Oil Change & Automotive Services,TEK,1398,24711550,1052,,3,,Daniel,Foley,35 SILO DR,,CRANSTON,RI,02921-2909
Safeway Oil Change & Automotive Services,TEK,1398,19717771,1052,,3,,Jeff,George,903 PROVIDENCE PL,,PROVIDENCE,RI,02903-7000
Safeway Oil Change & Automotive Services,TEK,1398,26144686,1052,,3,,Joshua,potvin,51 CARDINAL RD,,CRANSTON,RI,02921-2817
Safeway Oil Change & Automotive Services,TEK,1398,26196275,1052,,3,,Krysta,calabro,109 GORDON ST,,CRANSTON,RI,02910-1417
Safeway Oil Change & Automotive Services,TEK,1398,19704756,1052,,3,,Rob,Klingensmith,68 CARRIE ANN DR,,CRANSTON,RI,02921-2706
Safeway Oil Change & Automotive Services,TEK,1398,26934078,1052,,3,,Anthony,Uriati,14 ROSE BUSH CIR,,CRANSTON,RI,02921-7508
Safeway Oil Change & Automotive Services,TEK,1398,26933243,1052,,3,,Meghan,Manusco,56 WILDWOOD DR,,CRANSTON,RI,02920-3330
Safeway Oil Change & Automotive Services,TEK,1398,19763744,1052,,3,,nick,forlini,103 RIDGEWAY RD,,CRANSTON,RI,02920-3139
Safeway Oil Change & Automotive Services,TEK,1398,19701624,1052,,3,,Alexis,Carbone,35 HIGH GATE RD,,CRANSTON,RI,02920-3712
Safeway Oil Change & Automotive Services,TEK,1398,27321635,1052,,3,,diego,barba,63 CRESCENT AVE,,CRANSTON,RI,02910-2427
Safeway Oil Change & Automotive Services,TEK,1398,19712173,1052,,3,,Dana,Albanese,200 MAYFIELD AVE APT G3,,CRANSTON,RI,02920-2951
Safeway Oil Change & Automotive Services,TEK,1398,28931581,1052,,3,,Gregory,Brennan,175 ALDRICH AVE,,WARWICK,RI,02889-6401
Safeway Oil Change & Automotive Services,TEK,1398,19716931,1052,,3,,SORAYA,CURI,7 SUSAN CIR,,JOHNSTON,RI,02919-6419
Safeway Oil Change & Automotive Services,TEK,1398,29665469,1052,,03,,Alexander,Kwarta,257 PHENIX AVE,,CRANSTON,RI,02920-4017
Safeway Oil Change & Automotive Services,TEK,1398,29979652,1052,,03,,Timothy,Moran,100 ELENA ST,,CRANSTON,RI,02920-4379
Safeway Oil Change & Automotive Services,TEK,1398,30286595,1052,,03,,Mike,Aceto,47 MORGAN AVE,,JOHNSTON,RI,02919-6762
Safeway Oil Change & Automotive Services,TEK,1398,26939786,1052,,3,,kevin,Williams,144 BRAYTON AVE,,CRANSTON,RI,02920-3333
Safeway Oil Change & Automotive Services,TEK,1398,19713861,1052,,3,,linda,madison,10 NAVY DR UNIT 103,,NORTH KINGSTOWN,RI,02852-7657
Safeway Oil Change & Automotive Services,TEK,1398,19705314,1052,,3,,diane,erler,30 ROBINLYN DR,,CRANSTON,RI,02921-2547
Safeway Oil Change & Automotive Services,TEK,1398,19707016,1052,,3,,NICOLE,MAROCCO,45 WEAVER ST,,CRANSTON,RI,02920-3216
Safeway Oil Change & Automotive Services,TEK,1398,31376343,1052,,03,,Elyse,Netto,19 LYNDON RD,,CRANSTON,RI,02905-2628
Safeway Oil Change & Automotive Services,TEK,1398,19713429,1052,,03,,John,Lawrence,123 BUNGY RD,,NORTH SCITUATE,RI,02857-1005
Safeway Oil Change & Automotive Services,TEK,1398,32095697,1052,,03,,john,zinanni,8 ZANFAGNA ST,,JOHNSTON,RI,02919-6232
Safeway Oil Change & Automotive Services,TEK,1398,19713638,1052,,03,,Marcus,Stephenson,479 ATWOOD AVE,,CRANSTON,RI,02920-5316
Safeway Oil Change & Automotive Services,TEK,1398,19705998,1052,,3,,Paul,Eacuello,16 BELLEVUE DR,,CRANSTON,RI,02920-4004
Safeway Oil Change & Automotive Services,TEK,1398,32680118,1052,,03,,Marianne,Desimone,88 HYDE ST,,CRANSTON,RI,02920-6317
Safeway Oil Change & Automotive Services,TEK,1398,19703490,1052,,3,,Russel,DiDonato,424 CENTRAL AVE,,JOHNSTON,RI,02919-4710
Safeway Oil Change & Automotive Services,TEK,1398,19706947,1052,,3,,THERESA,MITCHELL,25 MOUNT VIEW DR,,CRANSTON,RI,02920-3221
Safeway Oil Change & Automotive Services,TEK,1398,19712280,1052,,3,,John,Micheletti,75 POCASSET ST,,JOHNSTON,RI,02919-6900
Safeway Oil Change & Automotive Services,TEK,1398,19704498,1052,,3,,Jennifer,Scungio,74 ARGYLE ST,,CRANSTON,RI,02920-7247
Safeway Oil Change & Automotive Services,TEK,1398,33249285,1052,,03,,Fabyola,Antoine,114 MERINO ST,,PROVIDENCE,RI,02909-5216
Safeway Oil Change & Automotive Services,TEK,1398,19702555,1052,,03,,Ryan,Pennington,21 REDWOOD DR,,CRANSTON,RI,02920-5914
Safeway Oil Change & Automotive Services,TEK,1398,33554172,1052,,03,,Claire,Cunha,4106 MULHEARN DR,,COVENTRY,RI,02816-4490
Safeway Oil Change & Automotive Services,TEK,1398,19702351,1052,,3,,Mario,Flores,1635 CRANSTON ST,,CRANSTON,RI,02920-5069
Safeway Oil Change & Automotive Services,TEK,1398,19700495,1052,,3,,Dayne,Wahl,69 FLETCHER AVE,,CRANSTON,RI,02920-5331
Safeway Oil Change & Automotive Services,TEK,1398,19706261,1052,,3,,Geovanny,Montilla,55 SAWYER ST,,PROVIDENCE,RI,02907-3729
Safeway Oil Change & Automotive Services,TEK,1398,19995900,1052,,3,,john,lodico,186 MOUNTAIN LAUREL DR,,CRANSTON,RI,02920-3420
Safeway Oil Change & Automotive Services,TEK,1398,34978922,1052,,03,,Micheal,Donofrio,109 ARGYLE ST,,CRANSTON,RI,02920-6934
Safeway Oil Change & Automotive Services,TEK,1398,35309097,1052,,03,,Diane,Aunchman,5 QUINLAN CT,,WARWICK,RI,02886-1822
Safeway Oil Change & Automotive Services,TEK,1398,19702977,1052,,3,,Conor,Obrien,58 MEREDITH DR,,CRANSTON,RI,02920-4634
Safeway Oil Change & Automotive Services,TEK,1398,19705462,1052,,3,,Paula,Bolig,101 JULIA WAY,,JOHNSTON,RI,02919-1519
Safeway Oil Change & Automotive Services,TEK,1398,35352154,1052,,03,,Joseph,ferro,205 JORDAN AVE,,CRANSTON,RI,02910-2541
Safeway Oil Change & Automotive Services,TEK,1398,19706905,1052,,3,,LYNN,FORLINI,103 RIDGEWAY RD,,CRANSTON,RI,02920-3139
Safeway Oil Change & Automotive Services,TEK,1398,19716041,1052,,03,,Timothy,Chauvin,4 HIGH MEADOW CT,,CRANSTON,RI,02921-1440
Safeway Oil Change & Automotive Services,TEK,1398,18563389,1052,,3,,JOHN,SANTURRI,6305 SCITUATE VISTA DR,,CRANSTON,RI,02921-1731
Safeway Oil Change & Automotive Services,TEK,1398,19706393,1052,,3,,Scott,Duhamel,155 COLONIAL AVE,,CRANSTON,RI,02910-4650
Safeway Oil Change & Automotive Services,TEK,1398,19715092,1052,,3,,CAROLYN,MONTI,1603 PLAINFIELD PIKE APT D1,,JOHNSTON,RI,02919-6282
Safeway Oil Change & Automotive Services,TEK,1398,19702558,1052,,3,,Anthony,Brockmiller,37 TARTAGLIA ST,,JOHNSTON,RI,02919-5929
Safeway Oil Change & Automotive Services,TEK,1398,32916342,1052,,03,,Micheal,Mcisaac,75 INDEPENDENCE WAY,,CRANSTON,RI,02921-2036
Safeway Oil Change & Automotive Services,TEK,1398,19717212,1052,,3,,Deneil,Badgett,118 CHAD BROWN ST,,PROVIDENCE,RI,02908-3648
Safeway Oil Change & Automotive Services,TEK,1398,19718794,1052,,3,,CONNER,OBRIEN,58 MEREDITH DR,,CRANSTON,RI,02920-4634
Safeway Oil Change & Automotive Services,TEK,1398,19709246,1052,,3,,Henry,McGinity,302 MOUNTAINDALE RD,,SMITHFIELD,RI,02917-2208
Safeway Oil Change & Automotive Services,TEK,1398,18634413,1052,,3,,tom,glasgow,11 W BLUEBIRD LN,,CRANSTON,RI,02921-3580
Safeway Oil Change & Automotive Services,TEK,1398,19706767,1052,,3,,Lauren,Billingsley,60 DEXTER ST,,PAWTUCKET,RI,02860-1992
Safeway Oil Change & Automotive Services,TEK,1398,20365736,1052,,3,,Rosa,Lopez,36 VERVENA ST,,CRANSTON,RI,02920-4140
Safeway Oil Change & Automotive Services,TEK,1398,19703703,1052,,03,,Jason,Kilsey,42 PARK AVE,,WARWICK,RI,02889-5218
