Shop Name,Software,SID,CID,WSID,WCID,MBdayMo,TBdayMo,First,Last,Address,Address2,City,St,Zip
Safeway Oil Change & Automotive Services,TEK,1398,19701131,1052,,,9,Nitesh,Singh,75 INDEPENDENCE WAY APT 50104,,CRANSTON,RI,02921-2055
Safeway Oil Change & Automotive Services,TEK,1398,19703693,1052,,,9,Victoria,Lynn,27 GREEN ST,,CUMBERLAND,RI,02864-3414
Safeway Oil Change & Automotive Services,TEK,1398,19713177,1052,,,9,RYAN,HULL,15 CALEF ST,,JOHNSTON,RI,02919-6731
Safeway Oil Change & Automotive Services,TEK,1398,19712170,1052,,,3,Mike,Meier,75 INDEPENDENCE WAY,,CRANSTON,RI,02921-2036
Safeway Oil Change & Automotive Services,TEK,1398,19708205,1052,,,3,JOSEPH,TAORMINA,75 INDEPENDENCE WAY,,CRANSTON,RI,02921-2036
Safeway Oil Change & Automotive Services,TEK,1398,19702687,1052,,,9,KELLI,SPINNEY,75 INDEPENDENCE WAY,,CRANSTON,RI,02921-2036
Safeway Oil Change & Automotive Services,TEK,1398,19702610,1052,,,3,MAX,KRIEGER,133 MOORE ST,,PROVIDENCE,RI,02907-1504
Safeway Oil Change & Automotive Services,TEK,1398,19711643,1052,,,3,MARIO,RIUZ,13583 SW 43RD CIR,,OCALA,FL,34473-2098
Safeway Oil Change & Automotive Services,TEK,1398,19705063,1052,,,3,SCOTT,REZENDES,473 ATWOOD AVE,,CRANSTON,RI,02920-5316
Safeway Oil Change & Automotive Services,TEK,1398,19711133,1052,,,3,Leslie,Lai,44 DALBY ST,,NEWTON,MA,02458-1031
Safeway Oil Change & Automotive Services,TEK,1398,19715726,1052,,,9,Thomas,Cameron,5 WESTERN HILLS LN APT,,CRANSTON,RI,02921-1747
Safeway Oil Change & Automotive Services,TEK,1398,19700640,1052,,,9,JOHN,TACO,151 LATEN KNIGHT RD,,CRANSTON,RI,02921-3216
Safeway Oil Change & Automotive Services,TEK,1398,19714762,1052,,,9,Mike,Harrison,42 CAVALRY ST,,CRANSTON,RI,02920-5163
Safeway Oil Change & Automotive Services,TEK,1398,19713433,1052,,,3,Rachel,Almedia,92 RHODE ISLAND ST,,CRANSTON,RI,02920-5046
Safeway Oil Change & Automotive Services,TEK,1398,19713624,1052,,,9,Jackie,Deminno,22 RANDALL ST,,CRANSTON,RI,02920-5024
Safeway Oil Change & Automotive Services,TEK,1398,19709841,1052,,,3,AL,MEDICE,18 JENNA CT,,SCITUATE,RI,02857-1732
Safeway Oil Change & Automotive Services,TEK,1398,19716840,1052,,,3,Orkhan,Rzayev,165 HAROLD ST,,PROVIDENCE,RI,02908-4711
Safeway Oil Change & Automotive Services,TEK,1398,19711415,1052,,,3,Jessica,Porreca,19 WOONASQUATUCKET AVE,,NORTH PROVIDENCE,RI,02911-7113
Safeway Oil Change & Automotive Services,TEK,1398,19706954,1052,,,9,Fred,Marinucci,472 FARMINGTON AVE,,CRANSTON,RI,02920-7708
Safeway Oil Change & Automotive Services,TEK,1398,19702526,1052,,,3,ZHANG,FUWEI,4161 BOWNE ST 1ST,,FLUSHING,NY,11355-2778
Safeway Oil Change & Automotive Services,TEK,1398,19713186,1052,,,9,GARY,PIERCE,338 KILLINGLY ST,,PROVIDENCE,RI,02909-5926
Safeway Oil Change & Automotive Services,TEK,1398,19705718,1052,,,9,Isaias,Avila,321 HARBORSIDE BLVD,,PROVIDENCE,RI,02905-5202
Safeway Oil Change & Automotive Services,TEK,1398,19701867,1052,,,3,Jacqulyn,Cardoza,268 PARKVIEW DR,,PAWTUCKET,RI,02861-3962
Safeway Oil Change & Automotive Services,TEK,1398,19705176,1052,,,3,Ri,Insulation,15 ABBI LN,,HOPE,RI,02831-1551
Safeway Oil Change & Automotive Services,TEK,1398,19715593,1052,,,3,GLENN,STEHLIK,6 ABBOTT RUN VALLEY RD,,CUMBERLAND,RI,02864-3291
Safeway Oil Change & Automotive Services,TEK,1398,19717743,1052,,,9,Matthew,Davis,2400 S COUNTY TRL # 41,,EAST GREENWICH,RI,02818-1577
Safeway Oil Change & Automotive Services,TEK,1398,19718776,1052,,,9,Vincent,Maurice,1 CRESTWOOD DR,,JOHNSTON,RI,02919-4609
Safeway Oil Change & Automotive Services,TEK,1398,19707870,1052,,,3,Ghulam,Ahmed,21 VIOLET ST 2ND,,PROVIDENCE,RI,02908-4825
Safeway Oil Change & Automotive Services,TEK,1398,19699750,1052,,,9,Joshua,Mccarthy,201 S CLARENDON ST,,CRANSTON,RI,02910-2927
Safeway Oil Change & Automotive Services,TEK,1398,19705568,1052,,,3,MORYA,LLC,1000 CHAPEL VIEW BLVD STE 1058,,CRANSTON,RI,02920-3065
Safeway Oil Change & Automotive Services,TEK,1398,19706365,1052,,,9,Steve,Knuddy,420 WELLINGTON AVE APT 2A,,CRANSTON,RI,02910-2159
Safeway Oil Change & Automotive Services,TEK,1398,19712117,1052,,,3,Fang,Yang,65 TRAYMORE ST,,CRANSTON,RI,02920-4370
Safeway Oil Change & Automotive Services,TEK,1398,19708234,1052,,,9,RI,HYDRO,420 ATWOOD AVE,,CRANSTON,RI,02920-4321
Safeway Oil Change & Automotive Services,TEK,1398,19702240,1052,,,9,Kazem,Kamran,15 NW PARK AVE APT 616,,PORTLAND,OR,97209-4172
Safeway Oil Change & Automotive Services,TEK,1398,19718037,1052,,,3,Sakeena,Tarpley,26 ANGELL AVE,,JOHNSTON,RI,02919-1407
Safeway Oil Change & Automotive Services,TEK,1398,19706236,1052,,,3,Luis,Ursua,75 S UNION ST,,PAWTUCKET,RI,02860-3978
Safeway Oil Change & Automotive Services,TEK,1398,19709832,1052,,,3,Austin,Maxam,13 VERMONT ST APT 2,,JOHNSTON,RI,02919-0015
Safeway Oil Change & Automotive Services,TEK,1398,19706979,1052,,,3,Seth,Lowe,26 THOMAS OLNEY CMN,,PROVIDENCE,RI,02904-2871
Safeway Oil Change & Automotive Services,TEK,1398,19706454,1052,,,3,Mason,Ashegh,29 SYCAMORE DR,,CRANSTON,RI,02921-1014
Safeway Oil Change & Automotive Services,TEK,1398,19702466,1052,,,9,Shiyu,Liu,50 PARK ROW W APT 215,,PROVIDENCE,RI,02903-1144
Safeway Oil Change & Automotive Services,TEK,1398,19701923,1052,,,3,Benxing,Huang,137 OHIO AVE,,PROVIDENCE,RI,02905-4303
Safeway Oil Change & Automotive Services,TEK,1398,19715171,1052,,,9,Blue Brooks,oleary,159 BROOK ST,,PROVIDENCE,RI,02906-1036
Safeway Oil Change & Automotive Services,TEK,1398,19704805,1052,,,9,Fernando,Ventura,16 WISDOM AVE APT 1,,PROVIDENCE,RI,02908-4534
Safeway Oil Change & Automotive Services,TEK,1398,19702667,1052,,,3,Carlos,Soares,7 DEER RUN TRL,,JOHNSTON,RI,02919-1007
Safeway Oil Change & Automotive Services,TEK,1398,19700249,1052,,,3,Kyle,Schaffer,2700 COMD OLIVER HAZARD PERRY HWY,,WAKEFIELD,RI,02879-3957
Safeway Oil Change & Automotive Services,TEK,1398,19702608,1052,,,9,Sarah,Manley,4 WINSTON WAY,,JOHNSTON,RI,02919-1518
Safeway Oil Change & Automotive Services,TEK,1398,19701403,1052,,,9,Rafael,Irizarry,49 CONSTITUTION ST APT 1,,PROVIDENCE,RI,02907-4213
Safeway Oil Change & Automotive Services,TEK,1398,19702418,1052,,,9,Milagros,Gerig,365 SIMMONSVILLE AVE APT 2207,,JOHNSTON,RI,02919-6075
Safeway Oil Change & Automotive Services,TEK,1398,19702227,1052,,,3,Tammy,Szlashta,33 VERMONT ST,,CRANSTON,RI,02920-5130
Safeway Oil Change & Automotive Services,TEK,1398,19702011,1052,,,9,Todd,Provenzano,618 MAIN ST UNIT 3214,,COVENTRY,RI,02816-7891
Safeway Oil Change & Automotive Services,TEK,1398,19707823,1052,,,9,Yufang,Yang,84 RUTLAND ST,,CRANSTON,RI,02920-4825
Safeway Oil Change & Automotive Services,TEK,1398,19709036,1052,,,3,Yeriel,Buren,32 HILLWOOD ST UNIT 2,,CRANSTON,RI,02920-7654
Safeway Oil Change & Automotive Services,TEK,1398,19714171,1052,,,9,Jason,Greaves,40 GRAND ST,,PROVIDENCE,RI,02907-3010
Safeway Oil Change & Automotive Services,TEK,1398,19716071,1052,,,3,Raquan,Nathaniel,386 PRAIRIE AVE,,PROVIDENCE,RI,02905-2121
Safeway Oil Change & Automotive Services,TEK,1398,19709253,1052,,,9,Mike,Guatieri,36 ALBERT ST,,PAWTUCKET,RI,02861-2402
Safeway Oil Change & Automotive Services,TEK,1398,18571665,1052,,,9,BRENDA,BALFOUR,143 HOFFMAN AVE,,CRANSTON,RI,02920-4534
Safeway Oil Change & Automotive Services,TEK,1398,18858880,1052,,,3,walter,cook,166 BEACH AVE,,WARWICK,RI,02889-3900
Safeway Oil Change & Automotive Services,TEK,1398,19329575,1052,,,3,Julissa,Gomez,245 W 107TH ST,,NEW YORK,NY,10025-3049
Safeway Oil Change & Automotive Services,TEK,1398,19506907,1052,,,3,zhejia,dong,1 POINT ST,,PROVIDENCE,RI,02903-4773
Safeway Oil Change & Automotive Services,TEK,1398,19687192,1052,,,9,johanna,gonzalez,90 RAND ST,,CENTRAL FALLS,RI,02863-2705
Safeway Oil Change & Automotive Services,TEK,1398,19765045,1052,,,3,bret,forsdale,16 CONNELLY HILL RD,,HOPKINTON,MA,01748-2581
Safeway Oil Change & Automotive Services,TEK,1398,19699716,1052,,,3,Richard,Ferruccio,216 HARRISVILLE MAIN ST,,HARRISVILLE,RI,02830-1450
Safeway Oil Change & Automotive Services,TEK,1398,20400748,1052,,,9,addis,tessema,110 VILLAGE AVE,,CRANSTON,RI,02920-4329
Safeway Oil Change & Automotive Services,TEK,1398,19708383,1052,,,3,KEVIN,VEADER,11 CLEVELAND AVE,,CRANSTON,RI,02920-6703
Safeway Oil Change & Automotive Services,TEK,1398,19714580,1052,,,9,John,Leach,28 CLEMENCE ST,,CRANSTON,RI,02920-2530
Safeway Oil Change & Automotive Services,TEK,1398,19710543,1052,,,3,ALAN,CAMPO,200 CANNON ST,,CRANSTON,RI,02920-2246
Safeway Oil Change & Automotive Services,TEK,1398,22840721,1052,,,9,Loveiei,Paglingayen,176 GRAND AVE,,CRANSTON,RI,02905-3910
Safeway Oil Change & Automotive Services,TEK,1398,22892954,1052,,,9,abishek,singh,15 ROYAL AVE,,CRANSTON,RI,02920-2438
Safeway Oil Change & Automotive Services,TEK,1398,24137947,1052,,,3,Madalyn,Hauge,100 ELENA ST,,CRANSTON,RI,02920-4379
Safeway Oil Change & Automotive Services,TEK,1398,26920182,1052,,,3,Quang,Son pham,100 ELENA ST APT 281,,CRANSTON,RI,02920-4379
Safeway Oil Change & Automotive Services,TEK,1398,27302787,1052,,,3,Brittney,Lobo,100 N MAIN ST,,PROVIDENCE,RI,02903-1325
Safeway Oil Change & Automotive Services,TEK,1398,27531723,1052,,,3,Brian,Perez,35 MAPLEWOOD AVE,,CRANSTON,RI,02920-7022
Safeway Oil Change & Automotive Services,TEK,1398,19714581,1052,,,9,Robert,Spatola,98 HINES FARM RD,,CRANSTON,RI,02921-1407
Safeway Oil Change & Automotive Services,TEK,1398,29648181,1052,,,3,Chantelle,Cornejo,1755 CRANSTON ST,,CRANSTON,RI,02920-4903
Safeway Oil Change & Automotive Services,TEK,1398,30094596,1052,,,3,Alexis,Ortiz,37 ELM ST,,JOHNSTON,RI,02919-4415
Safeway Oil Change & Automotive Services,TEK,1398,19707918,1052,,,9,Lencho,Amente,4 WESTERN HILLS LN,,CRANSTON,RI,02921-1744
Safeway Oil Change & Automotive Services,TEK,1398,19706999,1052,,,3,Jorge,Perez,50 KNIGHT ST,,CRANSTON,RI,02920-5022
Safeway Oil Change & Automotive Services,TEK,1398,30634188,1052,,,9,Nichalos,madsem,7 PENNY LN,,CRANSTON,RI,02921-1919
Safeway Oil Change & Automotive Services,TEK,1398,30630248,1052,,,9,Douglas,Rickert,50 SPRAGUE ST,,PROVIDENCE,RI,02907-2577
Safeway Oil Change & Automotive Services,TEK,1398,31367464,1052,,,9,Ashley,Landry,79 UNION ST,,LINCOLN,RI,02865-1926
Safeway Oil Change & Automotive Services,TEK,1398,31519538,1052,,,9,Dante,Hernandez,31 CEDAR POND DR,,WARWICK,RI,02886-6642
Safeway Oil Change & Automotive Services,TEK,1398,32643232,1052,,,9,Hanna,Portman,19 WALSH AVE,,NORTH SMITHFIELD,RI,02896-7312
Safeway Oil Change & Automotive Services,TEK,1398,32650792,1052,,,9,Karina,Peixoto,52 MYRTLE ST,,PAWTUCKET,RI,02860-3081
Safeway Oil Change & Automotive Services,TEK,1398,19687504,1052,,,9,gloribi,pastor,551 DEXTER ST,,PROVIDENCE,RI,02907-2912
Safeway Oil Change & Automotive Services,TEK,1398,18566319,1052,,,3,Enoch,Sowah,819 DOUGLAS AVE,,PROVIDENCE,RI,02908-1536
Safeway Oil Change & Automotive Services,TEK,1398,19713176,1052,,,9,BRUCE,PERRY,1621 SMITH ST,,NORTH PROVIDENCE,RI,02911-2648
Safeway Oil Change & Automotive Services,TEK,1398,33514999,1052,,,9,Sixcia,Devine,1432 NARRAGANSETT BLVD,,CRANSTON,RI,02905-5126
Safeway Oil Change & Automotive Services,TEK,1398,33532227,1052,,,9,Austin,Brennan,124 OAKLAND AVE,,CRANSTON,RI,02910-4550
Safeway Oil Change & Automotive Services,TEK,1398,34331810,1052,,,9,Victoria,mitchell,100 ELENA ST,,CRANSTON,RI,02920-4379
Safeway Oil Change & Automotive Services,TEK,1398,34714591,1052,,,3,Aida,Rodruigez,11 DART ST,,CRANSTON,RI,02920-2100
Safeway Oil Change & Automotive Services,TEK,1398,34948232,1052,,,3,Andrew,Mitchell,100 ELENA ST APT 416,,CRANSTON,RI,02920-4385
Safeway Oil Change & Automotive Services,TEK,1398,35336316,1052,,,3,Desiree,Ford,75 POCASSET ST,,JOHNSTON,RI,02919-6900
Safeway Oil Change & Automotive Services,TEK,1398,35600805,1052,,,9,Christina,Soule,550 W SHORE RD,,WARWICK,RI,02889-1346
Safeway Oil Change & Automotive Services,TEK,1398,35835394,1052,,,3,Yobany,ramirez,36 CROWNINSHIELD ST,,PROVIDENCE,RI,02909-5208
Safeway Oil Change & Automotive Services,TEK,1398,35907630,1052,,,3,Alyssa,Acevedo,164 FRONT ST,,WOONSOCKET,RI,02895-4695
Safeway Oil Change & Automotive Services,TEK,1398,36011163,1052,,,3,jack,hagopian,652 LA SALA,,NORTH PORT,FL,34287-2548
Safeway Oil Change & Automotive Services,TEK,1398,36080099,1052,,,3,John,Duffy,53 PORT CIR,,WARWICK,RI,02889-6536
Safeway Oil Change & Automotive Services,TEK,1398,34743789,1052,,,3,Nathan,Stinehour,30 OAKLAWN AVE APT 110,,CRANSTON,RI,02920-9313
Safeway Oil Change & Automotive Services,TEK,1398,36069490,1052,,,9,Paulina,Faiola,4 JOHNSON AVE,,JOHNSTON,RI,02919-1421
Safeway Oil Change & Automotive Services,TEK,1398,36350704,1052,,,9,Alfonso,Rosario,470 MESHANTICUT VALLEY PKWY,,CRANSTON,RI,02920-5655
Safeway Oil Change & Automotive Services,TEK,1398,36572892,1052,,,9,Timothy,Chmura,1 EVANS WAY,,CRANSTON,RI,02920-3612
Safeway Oil Change & Automotive Services,TEK,1398,36625276,1052,,,3,Joseph,Almonte,2 JAMES A POTTER RD,,NORTH SCITUATE,RI,02857-1530
Safeway Oil Change & Automotive Services,TEK,1398,36658926,1052,,,3,William,Douglass,11 CHAPIN AVE,,PROVIDENCE,RI,02909-1721
Safeway Oil Change & Automotive Services,TEK,1398,19713725,1052,,,3,Chris,Harrington,58 CINDY LN,,CRANSTON,RI,02921-3321
Safeway Oil Change & Automotive Services,TEK,1398,36781911,1052,,,9,Jenny,Poeung,75 PERSHING ST,,CRANSTON,RI,02910-2611
Safeway Oil Change & Automotive Services,TEK,1398,36803906,1052,,,3,Shaimaa,Bader,95 WILDFLOWER DR,,CRANSTON,RI,02921-2327
