Shop Name,Software,SID,CID,WSID,WCID,MBdayMo,TBdayMo,First,Last,Address,Address2,City,St,Zip
Epoch Automotive,TEK,888,10575897,1053,,,3,David,Bloom,334 AUSTIN DR,,FAIRLESS HILLS,PA,19030-2217
Epoch Automotive,TEK,888,12930050,1053,,,9,Kayla,Billman,1039 OLD ELK NECK RD,,ELKTON,MD,21921-7558
Epoch Automotive,TEK,888,15446683,1053,,,9,Dan,Thompson,28 STEEPLECHASE DR,,DOYLESTOWN,PA,18901-5702
Epoch Automotive,TEK,888,16510864,1053,,,9,Somi,Kim,443 FERN ST,,PHILADELPHIA,PA,19120-1813
Epoch Automotive,TEK,888,16739542,1053,,,9,Susan,Carey,471 ALMSHOUSE RD,,DOYLESTOWN,PA,18901-2610
Epoch Automotive,TEK,888,4636432,1053,,,3,Dino,Johnson,41 WINDSOR PASS,,HORSHAM,PA,19044-2032
Epoch Automotive,TEK,888,6798615,1053,,,3,Allie,Truelove,451 LONELY COTTAGE RD,,UPPER BLACK EDDY,PA,18972-9343
Epoch Automotive,TEK,888,13324333,1053,,,3,AJ,Grace,213 N CONGRESS ST,,NEWTOWN,PA,18940-2004
Epoch Automotive,TEK,888,35889790,1053,,,9,Mary,Dischinger,29 BUCK RD,,WARRINGTON,PA,18976-1003
Epoch Automotive,TEK,888,36246652,1053,,,3,Nate,Baughman,3244 BROOKSIDE DR,,FURLONG,PA,18925-1222
