Shop Name,Software,SID,CID,WSID,WCID,MBdayMo,TBdayMo,First,Last,Address,Address2,City,St,Zip
Epoch Automotive,TEK,888,6050760,1053,,09,,Barbara,Hecht,1990 STEWART DR,,HATFIELD,PA,19440-2242
Epoch Automotive,TEK,888,7981325,1053,,09,,Kelsey,Kervatt,1700 STREET RD APT P9,,WARRINGTON,PA,18976-2527
Epoch Automotive,TEK,888,8483569,1053,,09,,Criss,Alfonso,95 DOLINGTON RD,,YARDLEY,PA,19067-2700
Epoch Automotive,TEK,888,6050765,1053,,09,,Avery,Hamilton,2116 N LINE ST,,LANSDALE,PA,19446-1005
Epoch Automotive,TEK,888,9664110,1053,,09,,Dawn,Doheny,4546 SUMMERHILL DR,,DOYLESTOWN,PA,18902-8802
Epoch Automotive,TEK,888,12825228,1053,,09,,John,Buccella,3515 DIXON AVE,,BRISTOL,PA,19007-2519
Epoch Automotive,TEK,888,15980989,1053,,09,,Rich,Wenskoski,21 SUNSET DR,,OTTSVILLE,PA,18942-9714
Epoch Automotive,TEK,888,16149299,1053,,09,,Terri,Costa,3 RUHL DR,,PERKASIE,PA,18944-4141
Epoch Automotive,TEK,888,17284442,1053,,09,,Ray,Barber,303 W STATE ST APT 308,,DOYLESTOWN,PA,18901-3552
Epoch Automotive,TEK,888,18633385,1053,,09,,Donnava,Wint,2091 BUCKINGHAMSHIRE RD,,FURLONG,PA,18925-1464
Epoch Automotive,TEK,888,18606197,1053,,09,,Sarah,Kuethe,4534 SPRUCE ST APT F2,,PHILADELPHIA,PA,19139-4553
Epoch Automotive,TEK,888,10888142,1053,,09,,Rodney,Hinds,1539 ROTHLEY AVE,,WILLOW GROVE,PA,19090-4819
Epoch Automotive,TEK,888,20668319,1053,,09,,Mike,Beaver,114 E STATE ST,,DOYLESTOWN,PA,18901-4313
Epoch Automotive,TEK,888,13448089,1053,,09,,Patrick,Cathcart,41 WINDSOR PASS,,HORSHAM,PA,19044-2032
Epoch Automotive,TEK,888,22488167,1053,,09,,Evan,Wolkin,180 BUTTERCUP BLVD,,WARRINGTON,PA,18976-1656
Epoch Automotive,TEK,888,10569244,1053,,09,,Kelley,Noftsger,4521 OLD OAK RD,,DOYLESTOWN,PA,18902-9666
Epoch Automotive,TEK,888,11838109,1053,,09,,Kim,Leatherman,5713 VILLAGE LN,,DOYLESTOWN,PA,18902-1376
Epoch Automotive,TEK,888,8644587,1053,,09,,David,Neill,64 PARK AVE,,CHALFONT,PA,18914-2923
Epoch Automotive,TEK,888,4215036,1053,,09,,Rich,Stewart,255 COLONIAL HERITAGE PARK,,DOYLESTOWN,PA,18901-5851
Epoch Automotive,TEK,888,13332007,1053,,09,,Melissa,Cornick,3665 E SWAMP RD,,DOYLESTOWN,PA,18902-5440
Epoch Automotive,TEK,888,5584420,1053,,09,,Phil,Ehlinger,2087 TURK RD,,DOYLESTOWN,PA,18901-2813
Epoch Automotive,TEK,888,8371233,1053,,09,,Dom,Clendaniel,2205 LISA DR,,WARRINGTON,PA,18976-1831
Epoch Automotive,TEK,888,5563517,1053,,09,,Rob,Leone,58 HEATHER RD,,SOUTHAMPTON,PA,18966-1110
Epoch Automotive,TEK,888,6476959,1053,,09,,Logan,Stoner,29 DAVIDS WAY,,WARRINGTON,PA,18976-1005
Epoch Automotive,TEK,888,18326482,1053,,09,,Aidan,Carr,29 HARVEY AVE,,DOYLESTOWN,PA,18901-3622
Epoch Automotive,TEK,888,7986278,1053,,09,,Lewis,Graham,5016 GAYMAN RD,,DOYLESTOWN,PA,18902-9010
Epoch Automotive,TEK,888,20753406,1053,,09,,Devin,Block,406 LAWN AVE,,SELLERSVILLE,PA,18960-2104
Epoch Automotive,TEK,888,17043530,1053,,09,,Brown,Alex,211 WASHINGTON ST,,DOYLESTOWN,PA,18901-4029
Epoch Automotive,TEK,888,5927048,1053,,09,,Bill,Snyder,2635 SPRINGHILL CIR,,FURLONG,PA,18925-1155
Epoch Automotive,TEK,888,11388391,1053,,09,,Peyton,Brown,128 HARVEY AVE,,DOYLESTOWN,PA,18901-3625
Epoch Automotive,TEK,888,11707952,1053,,09,,Keith,Kratzke,146 BISHOPS GATE LN,,DOYLESTOWN,PA,18901-2481
Epoch Automotive,TEK,888,5708092,1053,,09,,Henry,Saur,4191 ENDERS WAY,,DOYLESTOWN,PA,18902-5611
Epoch Automotive,TEK,888,11152364,1053,,09,,Melissa,Hefner,4713 FROST LN,,DOYLESTOWN,PA,18902-6529
Epoch Automotive,TEK,888,11569738,1053,,09,,Alyssa,Agati,47 DUANE RD,,DOYLESTOWN,PA,18901-2801
Epoch Automotive,TEK,888,9230825,1053,,09,,Tony,Grycewicz,373 BIRDSONG WAY,,DOYLESTOWN,PA,18901-4895
