Shop Name,Software,SID,CID,WSID,WCID,MBdayMo,TBdayMo,First,Last,Address,Address2,City,St,Zip
Epoch Automotive,TEK,888,4641529,1053,,03,,Greg,Savage,260 E DAVIS ST APT 1432,,MCKINNEY,TX,75069-4577
Epoch Automotive,TEK,888,5484278,1053,,03,,Cristina,Dematteo,102 BRIDGEWATER CT,,CHALFONT,PA,18914-2919
Epoch Automotive,TEK,888,6248337,1053,,03,,Danielle,Joyner,679 KNOWLES AVE,,SOUTHAMPTON,PA,18966-4167
Epoch Automotive,TEK,888,7733176,1053,,03,,Philip,Ozaroff,27 MILLSTONE DR,,NEWTOWN,PA,18940-1258
Epoch Automotive,TEK,888,9106763,1053,,03,,Matt,Duncan,759 N CHUBB DR,,DOYLESTOWN,PA,18901-4545
Epoch Automotive,TEK,888,5704846,1053,,03,,Michael,Mizenko,741 SAINT DAVIDS AVE,,WARMINSTER,PA,18974-2512
Epoch Automotive,TEK,888,8961187,1053,,03,,Greg,Ford,2746 SPRING MEADOW DR,,WARRINGTON,PA,18976-2085
Epoch Automotive,TEK,888,12142831,1053,,03,,Jo,Treadwell,615 S 27TH ST,,EASTON,PA,18045-5217
Epoch Automotive,TEK,888,12151096,1053,,03,,Sandra,Shupp,31 STONETOWN RD,,BIRDSBORO,PA,19508-9443
Epoch Automotive,TEK,888,13455158,1053,,03,,Andrew,Conolly,913 LANSDALE AVE,,LANSDALE,PA,19446-1619
Epoch Automotive,TEK,888,14066744,1053,,03,,Robert,Vazquez,1712 WOODBINE ST,,RIDGEWOOD,NY,11385-3683
Epoch Automotive,TEK,888,17610306,1053,,03,,Lou,Bodine,297 NORTH ST,,DOYLESTOWN,PA,18901-3809
Epoch Automotive,TEK,888,18614699,1053,,03,,Jeff,Mcquaite,82 PEARL DR,,DOYLESTOWN,PA,18901-3351
Epoch Automotive,TEK,888,19331774,1053,,03,,Tom,Romspert,5265 GEDDES WAY,,PIPERSVILLE,PA,18947-1142
Epoch Automotive,TEK,888,11558808,1053,,03,,Bill,Grunmeier,52 WOODSIDE AVE,,CHALFONT,PA,18914-2431
Epoch Automotive,TEK,888,22805384,1053,,03,,David,Ottenschot,3455 STREET RD APT CLA4,,BENSALEM,PA,19020-1542
Epoch Automotive,TEK,888,6380015,1053,,03,,James,Park,2100 N LINE ST APT C304,,LANSDALE,PA,19446-1049
Epoch Automotive,TEK,888,10875120,1053,,03,,Alexandra,Ponente,5475 RINKER CIR,,DOYLESTOWN,PA,18902-9075
Epoch Automotive,TEK,888,27102983,1053,,03,,Ashton,Luffred,355 NORTH ST,,DOYLESTOWN,PA,18901-3864
Epoch Automotive,TEK,888,28908500,1053,,03,,Jordan,Metz,127 E OAKLAND AVE,,DOYLESTOWN,PA,18901-4610
Epoch Automotive,TEK,888,22844413,1053,,03,,Phil,Daly,196 HARVEY AVE,,DOYLESTOWN,PA,18901-3656
Epoch Automotive,TEK,888,9663300,1053,,03,,Sean,Edinger,4963 CABIN RUN RD,,PIPERSVILLE,PA,18947-1058
Epoch Automotive,TEK,888,29663990,1053,,03,,Paul,Perlstein,4013 SMOKE RD,,DOYLESTOWN,PA,18902-1536
Epoch Automotive,TEK,888,20007933,1053,,03,,Terrence,Courtney,8041 MANSFIELD AVE,,PHILADELPHIA,PA,19150-3526
Epoch Automotive,TEK,888,7818113,1053,,03,,Kris,Ernst,4870 HARRISON RD,,DOYLESTOWN,PA,18902-9018
Epoch Automotive,TEK,888,18607114,1053,,03,,Daniel,Gomba,673 SPRING VALLEY RD,,DOYLESTOWN,PA,18901-3257
Epoch Automotive,TEK,888,11700805,1053,,03,,Patricia,Quinn,217 VICTORIA CT,,DOYLESTOWN,PA,18901-6407
Epoch Automotive,TEK,888,17038892,1053,,03,,Mark,Cole,46 INDEPENDENCE CT,,PERKASIE,PA,18944-1637
Epoch Automotive,TEK,888,6052715,1053,,03,,Michael,Ports,401 LINDEN AVE,,DOYLESTOWN,PA,18901-4409
Epoch Automotive,TEK,888,34001753,1053,,03,,Peter,Quigley,403 PINE RUN RD,,DOYLESTOWN,PA,18901-2321
Epoch Automotive,TEK,888,8480823,1053,,03,,Tom,Zaneski,1330 RED OAK DR,,CHALFONT,PA,18914-3474
Epoch Automotive,TEK,888,34202279,1053,,03,,Deanna,Podstawa,45 SYCAMORE WAY,,DOYLESTOWN,PA,18901-2212
Epoch Automotive,TEK,888,34911245,1053,,03,,Diane,Rosenberger,3682 W LONG LN,,DOYLESTOWN,PA,18902-1292
Epoch Automotive,TEK,888,10580840,1053,,03,,Mike,Jesiolowski,403 S MAIN ST UNIT 201,,DOYLESTOWN,PA,18901-4869
Epoch Automotive,TEK,888,4422239,1053,,03,,Kathleen,Barden,111 ALMONT RD,,SELLERSVILLE,PA,18960-1301
Epoch Automotive,TEK,888,5559609,1053,,03,,Kelley,Tracy,81 COTTAGE ST,,DOYLESTOWN,PA,18901-4460
Epoch Automotive,TEK,888,7116102,1053,,03,,Rick,Millham,28 JOHN DYER WAY,,DOYLESTOWN,PA,18902-9615
Epoch Automotive,TEK,888,7531739,1053,,03,,Fred,Poritsky,23 JUNIPER DR,,RICHBORO,PA,18954-1625
Epoch Automotive,TEK,888,11435894,1053,,03,,Paul,McCrorey,5 COVENANT CT,,DOYLESTOWN,PA,18902-9241
Epoch Automotive,TEK,888,8371429,1053,,03,,Jeff,King,53 JOHN DYER WAY,,DOYLESTOWN,PA,18902-9607
