WSID,Shopname,Software,BDaycounts,HDaycounts,TDaycounts
1013,B&L Whitehouse Auto Service,PRO,182,186,26
1014,Toledo Auto Care,PRO,274,230,45
1015,Toledo Auto Care - Monroe,PRO,189,185,213
1016,AG Automotive,PRO,136,126,70
1017,Sours Automotive,PRO,139,125,61
1018,Highline Car Care,PRO,240,196,165
1019,West Street Service Center,SWA,143,134,78
1020,Absolute Auto Repair,SWA,126,124,60
1021,Absolute Auto Repair,SWA,424,413,175
1022,ZAHNTECH AUTOMOTIVE SVC,SWA,182,213,181
1023,Aero Auto Repair,TEK,438,389,304
1024,Aero Auto Repair Vista ,TEK,202,169,102
1025,Aero Auto Repair San Carlos ,TEK,350,378,141
1026,California Autohaus ,TEK,146,128,46
1027,"O'Bryan Automotive Repair, LLC",TEK,163,143,78
1028,O'Bryan Automotive Repair #2 LLC,TEK,112,114,92
1029,Matt's Automotive Service Center,TEK,118,134,35
1030,Matt's Automotive Service Center,TEK,113,133,77
1031,Matt's Automotive Service Center ,TEK,228,215,191
1032,Matt's Automotive Service Center ,TEK,103,119,62
1033,Matt's Automotive Service Center,TEK,89,114,78
1034,Matt's Automotive & Collision Center,TEK,84,64,34
1035,Matt's Automotive Service Center,TEK,276,322,98
1036,Matt's Automotive Service Center,TEK,25,25,56
1037,Matt's Automotive Service Center,TEK,104,104,49
1038,Matt's Automotive Service Center,TEK,88,87,44
1039,Doc Motor Works inc.,TEK,304,301,101
1040,Geneva Foreign & Sports,TEK,318,318,127
1041,Advanced Automotive Performance,TEK,145,163,60
1042,Obsidian Motors and Repair,TEK,2,1,4
1043,John's Auto Care,TEK,95,70,65
1044,Bennett's Automotive,TEK,291,284,111
1045,Sneller Tire Auto & Diesel Repair,TEK,255,221,86
1046,Titan Auto Tech,TEK,29,30,7
1047,Off Campus Auto Repair LLC,TEK,201,187,139
1048,"Alternative Auto Care, Inc",TEK,142,138,61
1049,TOS Auto Repair,TEK,240,226,96
1050,Elysian Auto Service llc,TEK,92,71,25
1051,East Rock Auto Repair,TEK,149,149,172
1052,SafeWay Oil Change & Automotive Services,TEK,229,243,125
1053,Epoch Automotive,TEK,35,40,12
1054,Complete Car Care Encinitas #ARD222-342,TEK,612,592,484
