Shop Id,Shop Name,Software,Type of Card,Counts
1013,B&L Whitehouse Auto Service,PRO,BDayList 9,178
1013,B&L Whitehouse Auto Service,PRO,HDayList 9,177
1013,B&L Whitehouse Auto Service,PRO,THDayList 9,20
1014,Toledo Auto Care,PRO,BDayList 9,264
1014,Toledo Auto Care,PRO,HDayList 9,222
1014,Toledo Auto Care,PRO,THDayList 9,42
1015,Toledo Auto Care - Monroe,PRO,BDayList 9,186
1015,Toledo Auto Care - Monroe,PRO,HDayList 9,179
1015,Toledo Auto Care - Monroe,PRO,THDayList 9,204
1016,AG Automotive,PRO,THDayList 9,60
1016,AG Automotive,PRO,HDayList 9,123
1016,AG Automotive,PRO,BDayList 9,134
1017,Sours Automotive,PRO,BDayList 9,129
1017,Sours Automotive,PRO,HDayList 9,122
1017,Sours Automotive,PRO,THDayList 9,53
1018,Highline Car Care,PRO,HDayList 9,190
1018,Highline Car Care,PRO,BDayList 9,232
1018,Highline Car Care,PRO,THDayList 9,130
1019,West St. Service Center,SWA,HDayList 9,133
1019,West St. Service Center,SWA,BDayList 9,140
1019,West St. Service Center,SWA,THDayList 9,44
1020,Absolute Auto Repair Center - Shirley 2955,SWA,HDayList 9,123
1020,Absolute Auto Repair Center - Shirley 2955,SWA,BDayList 9,122
1020,Absolute Auto Repair Center - Shirley 2955,SWA,THDayList 9,41
1021,Absolute Auto Repair Center - Fitchburg 2954,SWA,HDayList 9,405
1021,Absolute Auto Repair Center - Fitchburg 2954,SWA,BDayList 9,411
1021,Absolute Auto Repair Center - Fitchburg 2954,SWA,THDayList 9,139
1022,ZahnTech Automotive,SWA,BDayList 9,179
1022,ZahnTech Automotive,SWA,HDayList 9,208
1022,ZahnTech Automotive,SWA,THDayList 9,150
1023,Aero Auto Repair,TEK,THDayList 9,265
1023,Aero Auto Repair,TEK,HDayList 9,376
1023,Aero Auto Repair,TEK,BDayList 9,430
1024,Aero Auto Repair,TEK,HDayList 9,166
1024,Aero Auto Repair,TEK,BDayList 9,198
1024,Aero Auto Repair,TEK,THDayList 9,96
1025,Aero Auto Repair San Carlos,TEK,BDayList 9,335
1025,Aero Auto Repair San Carlos,TEK,HDayList 9,362
1025,Aero Auto Repair San Carlos,TEK,THDayList 9,112
1026,California Autohaus,TEK,BDayList 9,144
1026,California Autohaus,TEK,THDayList 9,40
1026,California Autohaus,TEK,HDayList 9,124
1027,O'Bryan Auto Repair,TEK,HDayList 9,135
1027,O'Bryan Auto Repair,TEK,BDayList 9,160
1027,O'Bryan Auto Repair,TEK,THDayList 9,53
1028,O'Bryan Auto Repair - Pitt,TEK,THDayList 9,81
1028,O'Bryan Auto Repair - Pitt,TEK,BDayList 9,109
1028,O'Bryan Auto Repair - Pitt,TEK,HDayList 9,106
1029,Matt's Automotive Service Center Pine City,TEK,HDayList 9,123
1029,Matt's Automotive Service Center Pine City,TEK,BDayList 9,109
1029,Matt's Automotive Service Center Pine City,TEK,THDayList 9,24
1030,Matt's Automotive Service Center NOMO,TEK,THDayList 9,66
1030,Matt's Automotive Service Center NOMO,TEK,HDayList 9,129
1030,Matt's Automotive Service Center NOMO,TEK,BDayList 9,109
1031,Matt's Automotive Service Center Fargo,TEK,BDayList 9,216
1031,Matt's Automotive Service Center Fargo,TEK,HDayList 9,202
1031,Matt's Automotive Service Center Fargo,TEK,THDayList 9,168
1032,Matt's Automotive Service Center SOMO,TEK,HDayList 9,112
1032,Matt's Automotive Service Center SOMO,TEK,BDayList 9,95
1032,Matt's Automotive Service Center SOMO,TEK,THDayList 9,55
1033,Matt's Automotive Service Center S Fago,TEK,BDayList 9,86
1033,Matt's Automotive Service Center S Fago,TEK,HDayList 9,109
1033,Matt's Automotive Service Center S Fago,TEK,THDayList 9,64
1034,Matt's Automotive & Collision Center Collision,TEK,HDayList 9,62
1034,Matt's Automotive & Collision Center Collision,TEK,BDayList 9,81
1034,Matt's Automotive & Collision Center Collision,TEK,THDayList 9,29
1035,Matt's Automotive Service Center Bloomington,TEK,HDayList 9,313
1035,Matt's Automotive Service Center Bloomington,TEK,BDayList 9,268
1035,Matt's Automotive Service Center Bloomington,TEK,THDayList 9,78
1036,Matt's Automotive Service Center Columbia Heights,TEK,THDayList 9,35
1036,Matt's Automotive Service Center Columbia Heights,TEK,HDayList 9,23
1036,Matt's Automotive Service Center Columbia Heights,TEK,BDayList 9,23
1037,Matt's Automotive Service Center Willmar,TEK,HDayList 9,97
1037,Matt's Automotive Service Center Willmar,TEK,BDayList 9,95
1037,Matt's Automotive Service Center Willmar,TEK,THDayList 9,35
1038,Matt's Automotive Service Center North Branch,TEK,HDayList 9,87
1038,Matt's Automotive Service Center North Branch,TEK,BDayList 9,87
1038,Matt's Automotive Service Center North Branch,TEK,THDayList 9,38
1039,Doc Motor Works inc.,TEK,HDayList 9,291
1039,Doc Motor Works inc.,TEK,BDayList 9,297
1039,Doc Motor Works inc.,TEK,THDayList 9,78
1040,Geneva Foreign & Sports,TEK,HDayList 9,297
1040,Geneva Foreign & Sports,TEK,BDayList 9,299
1040,Geneva Foreign & Sports,TEK,THDayList 9,95
1041,Advanced Automotive Performance,TEK,HDayList 9,157
1041,Advanced Automotive Performance,TEK,BDayList 9,134
1041,Advanced Automotive Performance,TEK,THDayList 9,47
1042,Obsidian Motors and Repair,TEK,THDayList 9,4
1042,Obsidian Motors and Repair,TEK,BDayList 9,2
1042,Obsidian Motors and Repair,TEK,HDayList 9,1
1043,John's Auto Care,TEK,HDayList 9,68
1043,John's Auto Care,TEK,THDayList 9,58
1043,John's Auto Care,TEK,BDayList 9,92
1044,Bennett's Automotive,TEK,HDayList 9,270
1044,Bennett's Automotive,TEK,BDayList 9,280
1044,Bennett's Automotive,TEK,THDayList 9,95
1045,Sneller Tire Auto & Diesel Repair,TEK,HDayList 9,195
1045,Sneller Tire Auto & Diesel Repair,TEK,BDayList 9,218
1045,Sneller Tire Auto & Diesel Repair,TEK,THDayList 9,72
1046,Titan Auto Tech,TEK,HDayList 9,27
1046,Titan Auto Tech,TEK,THDayList 9,7
1046,Titan Auto Tech,TEK,BDayList 9,27
1047,Off Campus Auto Repair LLC,TEK,BDayList 9,195
1047,Off Campus Auto Repair LLC,TEK,HDayList 9,184
1047,Off Campus Auto Repair LLC,TEK,THDayList 9,116
1048,Alternative Auto Care,TEK,BDayList 9,135
1048,Alternative Auto Care,TEK,HDayList 9,133
1048,Alternative Auto Care,TEK,THDayList 9,50
1049,TOS Auto Repair,TEK,HDayList 9,221
1049,TOS Auto Repair,TEK,BDayList 9,232
1049,TOS Auto Repair,TEK,THDayList 9,81
1050,Elysian Auto Service,TEK,BDayList 9,88
1050,Elysian Auto Service,TEK,HDayList 9,68
1050,Elysian Auto Service,TEK,THDayList 9,21
1051,East Rock Auto Repair,TEK,HDayList 9,145
1051,East Rock Auto Repair,TEK,BDayList 9,149
1051,East Rock Auto Repair,TEK,THDayList 9,152
1052,Safeway Oil Change & Automotive Services,TEK,THDayList 9,106
1052,Safeway Oil Change & Automotive Services,TEK,BDayList 9,223
1052,Safeway Oil Change & Automotive Services,TEK,HDayList 9,233
1053,Epoch Automotive,TEK,HDayList 9,40
1053,Epoch Automotive,TEK,BDayList 9,35
1053,Epoch Automotive,TEK,THDayList 9,10
1054,Complete Car Care Encinitas,TEK,BDayList 9,600
1054,Complete Car Care Encinitas,TEK,THDayList 9,352
1054,Complete Car Care Encinitas,TEK,HDayList 9,579
